ID_Scula,Tip_Scula,Model_Scula,Turatie_RPM,Avans_mm_min,Adancime_Aschiere_mm,Debit_Lichid_racire_L_min,Temperatura_C,Vibratii_mm_s,Uzura_procent,Zgomot_dB,Material_Prelucrat,Tip_Operatie,ID_Lot,Scula_Defecta,Tip_Defect
197,Freza,FREZA HSS Ø8 2F,5617,774.51,2.51,9.6,103.33,3.38,18.0,64.6,Otel,Frezare,129,1,Supraincalzire
360,Burghiu,CARBIDE DRILL Ø12,3191,718.4,2.97,16.35,44.78,1.21,17.9,63.52,Inox,Gaurire,214,0,Niciunul
272,Burghiu,HSS DRILL Ø6,2903,577.17,2.87,6.23,59.52,0.73,1.3,72.52,Inox,Gaurire,104,0,Niciunul
112,Tarod,TAROD M10 ISO2,5882,303.9,0.42,17.69,51.63,9.4,46.9,62.33,Otel,Filetare,41,1,Vibratii
13,Burghiu,CARBIDE DRILL Ø12,5927,1136.65,2.8,12.75,62.37,1.36,4.6,63.08,Otel,Gaurire,261,0,Niciunul
52,Placuta amovibila,WNMG080408,5106,504.66,0.88,18.26,87.88,1.11,74.0,67.28,Aluminiu,Strunjire,28,1,Uzura excesiva
452,Placuta amovibila,WNMG080408,4074,696.64,2.89,8.08,83.62,2.32,33.4,60.76,Otel,Strunjire,17,1,Niciunul
594,Freza,FREZA HSS Ø8 2F,4902,650.68,0.51,19.53,44.91,1.3,19.0,64.98,Otel,Frezare,479,0,Niciunul
72,Placuta amovibila,CNMG120408,2718,505.26,2.67,10.91,70.18,10.4,47.8,73.26,Aluminiu,Strunjire,213,1,Vibratii
60,Tarod,TAROD M10 ISO2,5247,769.17,2.12,12.66,59.27,11.98,42.6,65.89,Inox,Filetare,297,1,Vibratii
456,Tarod,TAROD M10 ISO2,5719,599.33,2.78,16.15,91.27,2.72,34.9,68.44,Aluminiu,Filetare,262,1,Supraincalzire
561,Placuta amovibila,WNMG080408,4466,1103.39,2.11,19.45,60.41,7.77,47.9,72.38,Inox,Strunjire,51,1,Vibratii
297,Placuta amovibila,WNMG080408,2423,305.44,0.36,17.94,96.2,2.99,13.1,74.3,Aluminiu,Strunjire,110,1,Supraincalzire
326,Freza,FREZA CARBURA Ø10 4F,2333,899.67,2.17,7.94,66.26,3.09,31.6,63.6,Otel,Frezare,106,1,Vibratii
249,Freza,FREZA CARBURA Ø10 4F,2552,1033.35,2.94,16.2,109.5,2.96,27.5,72.02,Inox,Frezare,54,1,Supraincalzire
572,Burghiu,HSS DRILL Ø6,4216,458.71,2.89,11.83,81.24,3.53,69.0,71.63,Otel,Gaurire,172,1,Uzura excesiva
8,Burghiu,CARBIDE DRILL Ø12,5854,723.47,1.33,6.48,69.94,5.91,56.9,67.32,Otel,Gaurire,104,1,Vibratii
70,Tarod,TAROD M10 ISO2,4581,817.53,0.58,14.93,52.12,1.41,16.4,63.43,Inox,Filetare,398,0,Niciunul
565,Freza,FREZA CARBURA Ø10 4F,3188,454.37,2.79,18.8,64.57,1.07,76.4,71.41,Aluminiu,Frezare,293,1,Uzura excesiva
42,Freza,FREZA CARBURA Ø10 4F,3898,541.59,1.6,15.96,84.41,1.55,59.2,62.31,Inox,Frezare,230,1,Uzura excesiva
120,Freza,FREZA CARBURA Ø10 4F,1685,336.43,1.85,18.85,43.5,1.5,19.4,63.66,Inox,Frezare,193,0,Niciunul
584,Burghiu,CARBIDE DRILL Ø12,4402,541.07,0.3,6.09,97.97,1.63,13.9,74.82,Otel,Gaurire,207,1,Supraincalzire
197,Burghiu,CARBIDE DRILL Ø12,5476,355.71,0.16,11.78,87.07,4.53,38.9,67.32,Inox,Gaurire,247,1,Vibratii
293,Placuta amovibila,WNMG080408,4201,727.07,0.71,14.04,59.44,0.9,15.8,71.3,Aluminiu,Strunjire,465,0,Niciunul
533,Placuta amovibila,WNMG080408,5899,527.19,1.65,16.41,58.74,1.47,18.4,60.41,Otel,Strunjire,7,0,Niciunul
129,Placuta amovibila,CNMG120408,4879,230.17,0.67,12.09,73.19,1.17,71.5,73.04,Otel,Strunjire,412,1,Uzura excesiva
478,Burghiu,CARBIDE DRILL Ø12,5369,809.42,1.75,12.15,36.29,1.5,10.4,66.46,Inox,Gaurire,235,0,Niciunul
280,Tarod,TAROD M10 ISO2,2690,395.05,2.79,7.69,68.6,1.75,2.0,73.2,Otel,Filetare,117,0,Niciunul
534,Burghiu,HSS DRILL Ø6,5101,992.26,0.52,19.66,83.46,3.57,21.3,66.68,Inox,Gaurire,158,1,Supraincalzire
163,Burghiu,CARBIDE DRILL Ø12,2038,767.4,1.43,13.92,48.02,1.51,0.6,69.22,Otel,Gaurire,229,0,Niciunul
214,Placuta amovibila,CNMG120408,5450,1194.86,0.41,13.16,54.75,1.43,11.9,66.61,Inox,Strunjire,314,0,Niciunul
518,Freza,FREZA HSS Ø8 2F,2006,488.11,2.75,7.74,79.63,4.53,47.5,71.63,Aluminiu,Frezare,94,1,Vibratii
128,Burghiu,CARBIDE DRILL Ø12,2941,1038.07,1.63,16.59,61.12,1.06,15.6,65.56,Otel,Gaurire,373,0,Niciunul
85,Tarod,TAROD M10 ISO2,4512,586.9,0.43,17.55,50.33,1.92,17.3,72.27,Aluminiu,Filetare,411,0,Niciunul
244,Burghiu,HSS DRILL Ø6,2353,888.71,1.89,8.7,56.8,2.43,53.6,66.33,Otel,Gaurire,478,1,Uzura excesiva
83,Freza,FREZA CARBURA Ø10 4F,5595,1167.22,1.46,5.48,84.45,2.24,53.4,63.11,Otel,Frezare,243,1,Uzura excesiva
338,Freza,FREZA HSS Ø8 2F,4871,911.59,2.93,13.76,35.91,1.13,6.3,66.01,Inox,Frezare,54,0,Niciunul
318,Burghiu,HSS DRILL Ø6,5683,1062.69,2.05,10.44,82.01,4.99,36.7,70.08,Aluminiu,Gaurire,395,1,Vibratii
149,Burghiu,HSS DRILL Ø6,4072,231.88,1.65,6.36,60.74,1.0,16.9,61.58,Otel,Gaurire,113,0,Niciunul
526,Placuta amovibila,WNMG080408,3130,852.15,2.23,10.62,39.33,0.68,10.9,60.73,Aluminiu,Strunjire,79,0,Niciunul
398,Burghiu,CARBIDE DRILL Ø12,4300,599.89,2.18,18.51,90.14,3.62,14.3,71.06,Aluminiu,Gaurire,299,1,Supraincalzire
538,Freza,FREZA CARBURA Ø10 4F,1675,777.21,2.44,11.07,63.97,1.55,8.4,61.61,Otel,Frezare,45,0,Niciunul
312,Burghiu,CARBIDE DRILL Ø12,4919,1165.09,1.44,10.47,98.93,1.51,26.8,60.36,Aluminiu,Gaurire,494,1,Supraincalzire
171,Burghiu,CARBIDE DRILL Ø12,5749,617.44,2.96,16.77,41.34,0.77,10.5,61.77,Otel,Gaurire,381,0,Niciunul
553,Freza,FREZA HSS Ø8 2F,5398,711.75,0.52,6.22,63.05,0.84,12.4,66.03,Aluminiu,Frezare,179,0,Niciunul
348,Tarod,TAROD M10 ISO2,1974,470.77,2.02,18.56,61.3,1.78,3.0,66.31,Inox,Filetare,431,0,Niciunul
95,Tarod,TAROD M10 ISO2,3758,473.56,1.78,17.79,58.59,2.02,72.1,63.07,Otel,Filetare,107,1,Uzura excesiva
54,Burghiu,HSS DRILL Ø6,4778,513.57,2.88,19.12,102.62,3.5,37.4,60.92,Inox,Gaurire,128,1,Supraincalzire
256,Placuta amovibila,CNMG120408,1664,514.89,0.13,6.02,67.03,1.47,18.5,63.25,Aluminiu,Strunjire,479,0,Niciunul
124,Placuta amovibila,CNMG120408,2706,218.33,1.62,13.14,79.87,9.78,30.8,69.94,Inox,Strunjire,37,1,Vibratii
165,Placuta amovibila,WNMG080408,3697,1189.42,2.82,7.4,45.67,1.12,7.2,73.26,Aluminiu,Strunjire,156,0,Niciunul
208,Tarod,TAROD M10 ISO2,5358,866.57,1.42,18.79,62.18,1.57,11.0,60.83,Aluminiu,Filetare,405,0,Niciunul
59,Freza,FREZA HSS Ø8 2F,2694,394.1,0.72,8.4,116.7,2.24,22.7,73.08,Otel,Frezare,312,1,Supraincalzire
177,Freza,FREZA HSS Ø8 2F,2794,390.2,2.1,15.35,64.52,0.61,14.4,62.91,Inox,Frezare,245,0,Niciunul
64,Burghiu,HSS DRILL Ø6,3128,804.65,2.68,12.31,82.15,11.6,33.2,63.15,Aluminiu,Gaurire,233,1,Niciunul
255,Freza,FREZA HSS Ø8 2F,4422,529.33,1.26,16.04,52.85,0.57,8.2,64.97,Aluminiu,Frezare,450,0,Niciunul
136,Burghiu,CARBIDE DRILL Ø12,2798,1044.35,1.07,11.56,101.04,1.02,12.9,71.67,Otel,Gaurire,138,1,Supraincalzire
89,Freza,FREZA CARBURA Ø10 4F,4735,527.83,1.75,12.4,98.24,2.82,31.7,61.8,Inox,Frezare,190,1,Supraincalzire
565,Placuta amovibila,WNMG080408,2534,286.31,1.76,16.97,81.0,0.94,17.3,60.28,Otel,Strunjire,469,1,Niciunul
461,Burghiu,HSS DRILL Ø6,2078,1072.66,2.06,14.03,39.0,1.07,4.3,70.45,Otel,Gaurire,428,0,Niciunul
343,Placuta amovibila,CNMG120408,4593,624.13,2.66,6.3,36.13,1.96,7.8,64.47,Inox,Strunjire,409,0,Niciunul
168,Placuta amovibila,WNMG080408,2257,1016.34,2.28,13.9,44.56,0.66,9.7,72.18,Aluminiu,Strunjire,128,0,Niciunul
130,Freza,FREZA HSS Ø8 2F,4854,804.71,0.11,15.13,69.42,0.99,11.5,64.51,Otel,Frezare,85,0,Niciunul
282,Freza,FREZA HSS Ø8 2F,3949,1125.04,2.38,7.59,67.12,0.53,18.8,60.86,Aluminiu,Frezare,60,0,Niciunul
461,Freza,FREZA HSS Ø8 2F,4813,610.52,1.54,10.54,58.89,1.87,18.3,64.89,Otel,Frezare,355,0,Niciunul
572,Freza,FREZA HSS Ø8 2F,5716,1066.57,1.02,12.08,80.87,10.05,25.8,73.6,Aluminiu,Frezare,468,1,Vibratii
546,Placuta amovibila,CNMG120408,3540,1053.76,2.09,10.02,57.19,1.04,16.4,71.94,Otel,Strunjire,200,0,Niciunul
424,Burghiu,HSS DRILL Ø6,3255,1125.34,0.19,17.64,117.44,1.26,38.4,61.91,Aluminiu,Gaurire,347,1,Supraincalzire
153,Placuta amovibila,WNMG080408,2229,699.46,1.54,14.73,59.79,9.1,52.8,74.35,Otel,Strunjire,108,1,Vibratii
360,Placuta amovibila,CNMG120408,5551,451.49,2.18,12.6,53.88,4.36,72.0,73.49,Otel,Strunjire,275,1,Uzura excesiva
370,Placuta amovibila,CNMG120408,1509,874.46,0.63,5.56,58.37,0.95,11.3,63.11,Otel,Strunjire,478,0,Niciunul
42,Placuta amovibila,CNMG120408,2149,216.9,0.86,17.52,49.79,0.96,8.9,67.45,Otel,Strunjire,36,0,Niciunul
155,Tarod,TAROD M10 ISO2,5696,528.84,1.37,18.52,87.5,3.3,75.0,62.38,Aluminiu,Filetare,211,1,Uzura excesiva
353,Burghiu,HSS DRILL Ø6,5337,1058.7,1.62,7.61,70.07,5.99,24.7,68.92,Otel,Gaurire,442,1,Niciunul
588,Freza,FREZA HSS Ø8 2F,4866,992.06,0.68,14.9,49.57,1.28,16.6,61.62,Otel,Frezare,487,0,Niciunul
62,Burghiu,HSS DRILL Ø6,4048,925.29,2.36,7.13,44.5,0.89,12.1,64.76,Otel,Gaurire,408,0,Niciunul
77,Freza,FREZA HSS Ø8 2F,1618,642.41,0.1,15.84,47.51,1.79,11.3,64.96,Aluminiu,Frezare,77,0,Niciunul
272,Placuta amovibila,WNMG080408,4967,996.54,0.43,6.42,60.62,1.78,2.4,68.88,Otel,Strunjire,500,0,Niciunul
548,Freza,FREZA HSS Ø8 2F,1548,319.23,2.9,12.95,75.95,2.54,77.0,61.49,Otel,Frezare,94,1,Niciunul
471,Freza,FREZA CARBURA Ø10 4F,1908,774.09,2.51,19.93,57.15,0.83,3.7,70.81,Aluminiu,Frezare,46,0,Niciunul
106,Placuta amovibila,WNMG080408,3982,585.58,1.66,15.48,65.85,0.94,13.8,66.76,Otel,Strunjire,441,0,Niciunul
432,Freza,FREZA HSS Ø8 2F,5964,905.67,0.11,18.63,50.91,4.69,40.8,66.63,Inox,Frezare,106,1,Uzura excesiva
308,Placuta amovibila,CNMG120408,4182,403.33,1.13,16.5,62.52,0.98,7.6,65.86,Aluminiu,Strunjire,163,0,Niciunul
587,Placuta amovibila,WNMG080408,5246,591.3,0.25,12.71,63.77,0.86,16.0,71.68,Aluminiu,Strunjire,152,0,Niciunul
67,Tarod,TAROD M10 ISO2,5348,1052.85,2.74,19.55,55.93,3.23,65.6,61.67,Inox,Filetare,462,1,Uzura excesiva
117,Burghiu,HSS DRILL Ø6,3458,969.26,0.2,14.73,64.81,0.7,11.4,74.13,Aluminiu,Gaurire,22,0,Niciunul
481,Burghiu,CARBIDE DRILL Ø12,2683,779.68,0.78,13.93,69.53,1.37,9.7,63.96,Otel,Gaurire,265,0,Niciunul
185,Freza,FREZA CARBURA Ø10 4F,3467,1142.73,1.73,15.5,83.37,4.79,54.6,74.29,Inox,Frezare,416,1,Uzura excesiva
273,Freza,FREZA CARBURA Ø10 4F,2896,1191.29,1.87,12.21,38.31,0.95,1.2,64.78,Inox,Frezare,74,0,Niciunul
210,Burghiu,CARBIDE DRILL Ø12,2636,690.09,0.47,18.84,110.89,2.73,27.5,67.52,Otel,Gaurire,338,1,Supraincalzire
474,Burghiu,HSS DRILL Ø6,4702,1102.66,0.16,12.93,38.64,0.55,7.9,67.15,Aluminiu,Gaurire,495,0,Niciunul
475,Placuta amovibila,CNMG120408,4860,579.13,1.0,13.09,99.69,1.05,26.4,72.54,Inox,Strunjire,23,1,Supraincalzire
254,Freza,FREZA CARBURA Ø10 4F,2376,393.86,2.76,8.52,36.04,1.72,11.1,65.44,Otel,Frezare,201,0,Niciunul
51,Burghiu,HSS DRILL Ø6,4299,1053.83,1.73,6.66,111.72,2.81,39.9,62.36,Otel,Gaurire,339,1,Niciunul
437,Burghiu,HSS DRILL Ø6,4931,945.5,0.54,5.83,64.29,4.34,65.5,63.98,Aluminiu,Gaurire,289,1,Uzura excesiva
550,Placuta amovibila,CNMG120408,3486,394.18,1.58,15.48,53.37,1.32,2.5,66.16,Otel,Strunjire,493,0,Niciunul
276,Placuta amovibila,CNMG120408,5070,744.35,1.29,11.52,81.42,4.58,53.7,66.75,Aluminiu,Strunjire,192,1,Uzura excesiva
36,Tarod,TAROD M10 ISO2,5996,235.28,2.95,5.78,61.72,8.96,31.4,68.75,Aluminiu,Filetare,63,1,Vibratii
241,Placuta amovibila,WNMG080408,5155,258.85,0.82,15.43,55.51,1.94,6.8,71.51,Otel,Strunjire,87,0,Niciunul
204,Freza,FREZA CARBURA Ø10 4F,4686,495.64,1.89,17.45,81.75,1.66,53.1,71.14,Aluminiu,Frezare,461,1,Uzura excesiva
527,Placuta amovibila,CNMG120408,4940,1007.98,0.3,10.05,65.4,0.92,17.5,60.52,Inox,Strunjire,131,0,Niciunul
95,Burghiu,HSS DRILL Ø6,2584,835.24,1.37,18.82,96.96,3.07,36.4,61.17,Aluminiu,Gaurire,488,1,Supraincalzire
192,Placuta amovibila,WNMG080408,2633,421.67,2.17,18.44,76.61,3.35,58.2,63.55,Aluminiu,Strunjire,384,1,Uzura excesiva
482,Placuta amovibila,CNMG120408,2639,586.05,1.53,18.86,46.94,1.22,18.8,60.54,Aluminiu,Strunjire,208,0,Niciunul
247,Burghiu,CARBIDE DRILL Ø12,2991,262.19,1.13,9.73,47.74,1.54,11.4,69.42,Inox,Gaurire,278,0,Niciunul
221,Placuta amovibila,CNMG120408,2127,452.32,0.77,15.11,62.55,1.49,18.7,65.02,Otel,Strunjire,270,0,Niciunul
297,Placuta amovibila,CNMG120408,3159,1024.01,1.9,7.86,93.7,0.72,34.9,65.55,Inox,Strunjire,16,1,Supraincalzire
185,Placuta amovibila,CNMG120408,5720,552.83,2.88,10.79,46.3,1.48,5.3,60.49,Otel,Strunjire,330,0,Niciunul
365,Placuta amovibila,CNMG120408,4096,1029.38,2.54,8.53,45.92,0.63,6.7,70.5,Inox,Strunjire,121,0,Niciunul
375,Tarod,TAROD M10 ISO2,2275,896.65,0.57,15.89,62.76,1.52,4.0,72.63,Inox,Filetare,231,0,Niciunul
319,Placuta amovibila,WNMG080408,4547,637.44,0.25,6.69,54.51,5.94,25.8,68.45,Aluminiu,Strunjire,202,1,Vibratii
356,Placuta amovibila,WNMG080408,4413,1121.31,2.35,14.33,68.62,4.36,78.2,65.02,Inox,Strunjire,153,1,Niciunul
18,Burghiu,HSS DRILL Ø6,3444,316.04,2.93,12.82,49.7,1.27,16.9,68.52,Inox,Gaurire,128,0,Niciunul
416,Freza,FREZA CARBURA Ø10 4F,4216,777.04,2.19,18.24,41.7,0.85,5.0,62.9,Otel,Frezare,190,0,Niciunul
15,Burghiu,HSS DRILL Ø6,3902,346.07,0.41,16.44,84.15,1.15,30.1,67.18,Inox,Gaurire,8,1,Supraincalzire
444,Tarod,TAROD M10 ISO2,2693,760.81,0.75,10.79,69.31,1.06,15.6,72.64,Inox,Filetare,426,0,Niciunul
175,Freza,FREZA HSS Ø8 2F,2911,744.9,1.61,10.66,43.49,0.91,19.4,61.52,Otel,Frezare,10,0,Niciunul
322,Freza,FREZA CARBURA Ø10 4F,5063,836.97,1.67,16.62,59.39,7.66,49.4,68.64,Aluminiu,Frezare,128,1,Vibratii
9,Freza,FREZA HSS Ø8 2F,4536,930.29,2.74,15.06,50.1,1.6,0.5,66.36,Otel,Frezare,478,0,Niciunul
282,Tarod,TAROD M10 ISO2,5041,829.81,2.04,14.88,37.85,0.86,4.3,69.54,Inox,Filetare,434,0,Niciunul
96,Tarod,TAROD M10 ISO2,5769,279.0,0.83,7.84,47.87,0.6,9.5,62.18,Inox,Filetare,263,0,Niciunul
410,Burghiu,CARBIDE DRILL Ø12,5522,1197.12,0.26,6.06,55.43,0.94,8.8,70.58,Aluminiu,Gaurire,406,0,Niciunul
454,Placuta amovibila,CNMG120408,3719,1134.16,1.33,19.77,101.31,1.07,13.4,61.49,Otel,Strunjire,169,1,Supraincalzire
75,Placuta amovibila,CNMG120408,2334,1164.01,2.68,16.28,91.09,2.79,21.7,64.4,Otel,Strunjire,392,1,Supraincalzire
338,Freza,FREZA CARBURA Ø10 4F,3595,965.54,0.98,10.38,35.71,1.73,10.5,69.01,Inox,Frezare,44,0,Niciunul
65,Freza,FREZA HSS Ø8 2F,4035,729.0,2.1,18.25,84.94,10.71,41.5,62.27,Inox,Frezare,242,1,Vibratii
40,Freza,FREZA CARBURA Ø10 4F,1840,623.07,2.22,15.51,76.26,8.07,46.9,63.95,Inox,Frezare,234,1,Vibratii
405,Burghiu,HSS DRILL Ø6,3902,801.39,1.79,12.91,35.67,0.9,11.5,67.65,Otel,Gaurire,378,0,Niciunul
149,Freza,FREZA HSS Ø8 2F,1866,539.09,2.04,5.02,86.83,1.1,22.4,73.45,Otel,Frezare,123,1,Supraincalzire
64,Placuta amovibila,CNMG120408,3231,375.43,0.82,11.7,50.25,0.53,3.2,65.59,Aluminiu,Strunjire,80,0,Niciunul
351,Tarod,TAROD M10 ISO2,2402,872.33,1.11,15.74,53.62,1.37,3.1,70.37,Inox,Filetare,92,0,Niciunul
457,Freza,FREZA CARBURA Ø10 4F,2779,237.58,1.29,17.52,115.98,3.11,29.5,68.42,Inox,Frezare,27,1,Niciunul
372,Tarod,TAROD M10 ISO2,4620,465.03,2.91,14.52,86.34,11.16,51.3,66.33,Inox,Filetare,165,1,Vibratii
586,Placuta amovibila,WNMG080408,2673,886.22,2.41,17.64,50.81,11.95,21.6,64.66,Otel,Strunjire,49,1,Vibratii
418,Freza,FREZA CARBURA Ø10 4F,4729,523.88,1.27,6.27,48.21,1.46,0.2,68.64,Inox,Frezare,325,0,Niciunul
26,Placuta amovibila,CNMG120408,5538,467.59,2.56,16.16,51.7,9.81,39.0,72.24,Aluminiu,Strunjire,148,1,Vibratii
189,Freza,FREZA CARBURA Ø10 4F,1970,560.84,2.9,19.72,39.01,1.88,12.7,73.24,Aluminiu,Frezare,9,0,Niciunul
358,Freza,FREZA HSS Ø8 2F,1543,423.14,0.93,6.15,96.91,3.31,36.6,72.03,Aluminiu,Frezare,31,1,Supraincalzire
118,Tarod,TAROD M10 ISO2,2461,581.19,1.13,18.66,52.33,3.93,50.6,69.72,Aluminiu,Filetare,29,1,Niciunul
519,Freza,FREZA HSS Ø8 2F,4273,633.62,0.27,6.53,96.73,1.25,36.5,71.29,Aluminiu,Frezare,61,1,Supraincalzire
11,Burghiu,CARBIDE DRILL Ø12,3460,1148.96,1.13,18.24,84.48,6.95,56.6,60.5,Inox,Gaurire,292,1,Vibratii
504,Burghiu,CARBIDE DRILL Ø12,2175,1070.12,2.57,5.47,62.82,1.6,46.1,70.85,Aluminiu,Gaurire,372,1,Uzura excesiva
132,Freza,FREZA CARBURA Ø10 4F,5623,585.08,1.7,15.78,55.17,0.6,8.1,74.28,Aluminiu,Frezare,83,0,Niciunul
497,Tarod,TAROD M10 ISO2,3346,294.67,1.39,18.36,64.1,1.18,77.5,69.43,Inox,Filetare,115,1,Uzura excesiva
228,Freza,FREZA CARBURA Ø10 4F,4140,1014.58,1.52,11.39,77.05,2.05,52.0,65.57,Otel,Frezare,337,1,Uzura excesiva
401,Placuta amovibila,WNMG080408,2869,884.14,1.37,11.9,71.99,1.85,44.2,60.07,Otel,Strunjire,338,1,Uzura excesiva
16,Burghiu,HSS DRILL Ø6,4376,1010.23,2.51,6.18,62.84,1.11,13.5,60.65,Otel,Gaurire,433,0,Niciunul
346,Freza,FREZA CARBURA Ø10 4F,5321,411.73,2.0,17.3,37.52,1.66,16.5,72.5,Aluminiu,Frezare,156,0,Niciunul
469,Placuta amovibila,WNMG080408,3838,579.79,1.04,17.26,79.7,5.19,43.1,63.63,Aluminiu,Strunjire,218,1,Vibratii
27,Burghiu,HSS DRILL Ø6,1732,1015.16,1.77,17.05,61.27,1.98,3.5,65.07,Otel,Gaurire,212,0,Niciunul
410,Tarod,TAROD M10 ISO2,5346,890.53,1.13,6.74,85.15,3.73,39.9,72.04,Aluminiu,Filetare,199,1,Supraincalzire
569,Burghiu,HSS DRILL Ø6,5854,622.92,1.98,12.82,58.47,10.84,30.6,61.88,Aluminiu,Gaurire,426,1,Vibratii
81,Burghiu,CARBIDE DRILL Ø12,5549,428.7,0.96,9.4,57.57,2.59,77.9,74.36,Aluminiu,Gaurire,493,1,Uzura excesiva
538,Burghiu,CARBIDE DRILL Ø12,3920,1070.44,1.04,16.99,49.25,0.71,13.6,62.85,Aluminiu,Gaurire,97,0,Niciunul
583,Freza,FREZA HSS Ø8 2F,5533,598.93,0.6,6.66,97.93,0.98,32.8,74.27,Otel,Frezare,3,1,Supraincalzire
129,Tarod,TAROD M10 ISO2,4957,990.11,1.97,11.33,37.88,1.41,7.3,72.02,Aluminiu,Filetare,442,0,Niciunul
131,Burghiu,HSS DRILL Ø6,2782,1002.89,0.17,6.72,59.45,0.85,4.6,72.51,Inox,Gaurire,379,0,Niciunul
210,Placuta amovibila,WNMG080408,3240,837.06,2.55,6.2,59.33,1.85,5.8,69.69,Inox,Strunjire,6,0,Niciunul
418,Freza,FREZA HSS Ø8 2F,4265,741.0,1.47,18.35,40.72,1.6,9.4,64.76,Aluminiu,Frezare,78,0,Niciunul
155,Freza,FREZA HSS Ø8 2F,1558,408.17,1.26,9.49,68.89,1.85,4.4,65.43,Aluminiu,Frezare,272,0,Niciunul
32,Freza,FREZA HSS Ø8 2F,5311,425.38,0.31,5.13,61.26,1.15,3.3,63.37,Otel,Frezare,406,0,Niciunul
496,Tarod,TAROD M10 ISO2,4975,620.92,2.59,19.02,52.89,0.53,3.6,66.66,Aluminiu,Filetare,444,0,Niciunul
443,Burghiu,HSS DRILL Ø6,2805,405.39,1.8,16.11,81.61,5.92,59.3,73.28,Inox,Gaurire,16,1,Vibratii
545,Burghiu,CARBIDE DRILL Ø12,3524,427.55,2.12,14.94,49.58,1.13,0.1,63.05,Otel,Gaurire,35,0,Niciunul
414,Placuta amovibila,CNMG120408,4908,1149.91,0.53,5.84,89.26,1.16,24.0,68.78,Otel,Strunjire,18,1,Supraincalzire
191,Tarod,TAROD M10 ISO2,4859,533.16,1.17,13.12,86.79,3.31,62.9,63.52,Aluminiu,Filetare,47,1,Uzura excesiva
19,Freza,FREZA HSS Ø8 2F,3179,892.81,1.1,9.04,80.77,3.15,79.3,70.1,Otel,Frezare,231,1,Uzura excesiva
426,Tarod,TAROD M10 ISO2,4794,590.53,0.51,9.35,40.87,0.91,1.4,70.53,Inox,Filetare,345,0,Niciunul
404,Freza,FREZA HSS Ø8 2F,2811,248.45,1.51,9.96,114.92,1.03,37.9,70.55,Aluminiu,Frezare,474,1,Supraincalzire
340,Freza,FREZA HSS Ø8 2F,2190,1020.45,2.37,16.42,78.56,4.81,60.1,61.85,Inox,Frezare,63,1,Uzura excesiva
51,Tarod,TAROD M10 ISO2,2322,657.02,1.92,7.51,39.45,1.13,18.3,73.66,Aluminiu,Filetare,268,0,Niciunul
96,Placuta amovibila,CNMG120408,2472,975.84,2.53,6.31,44.13,1.34,5.9,66.11,Inox,Strunjire,359,0,Niciunul
488,Freza,FREZA HSS Ø8 2F,2608,872.5,2.45,16.48,87.58,1.06,12.7,66.44,Inox,Frezare,296,1,Supraincalzire
502,Tarod,TAROD M10 ISO2,2315,663.11,1.98,8.0,80.52,2.84,10.1,66.79,Aluminiu,Filetare,120,1,Supraincalzire
207,Placuta amovibila,CNMG120408,4324,338.69,0.68,18.43,49.35,1.1,0.6,62.19,Inox,Strunjire,40,0,Niciunul
431,Placuta amovibila,CNMG120408,2044,1167.0,2.39,17.28,57.19,0.69,16.1,72.64,Inox,Strunjire,46,0,Niciunul
449,Freza,FREZA HSS Ø8 2F,1858,358.54,0.45,6.59,42.7,1.59,14.9,69.38,Inox,Frezare,339,0,Niciunul
324,Freza,FREZA CARBURA Ø10 4F,3607,1160.38,2.83,7.92,86.7,2.39,13.7,69.02,Inox,Frezare,342,1,Supraincalzire
47,Placuta amovibila,CNMG120408,3109,617.11,0.36,13.07,63.31,9.38,48.5,74.93,Aluminiu,Strunjire,111,1,Vibratii
160,Freza,FREZA HSS Ø8 2F,2694,253.88,1.28,8.08,57.22,1.41,9.2,61.88,Aluminiu,Frezare,313,0,Niciunul
259,Tarod,TAROD M10 ISO2,1908,350.61,1.14,17.65,68.05,4.98,31.2,70.14,Otel,Filetare,8,1,Vibratii
185,Burghiu,CARBIDE DRILL Ø12,3684,838.23,2.1,14.72,66.97,4.4,36.9,62.42,Otel,Gaurire,233,1,Vibratii
431,Burghiu,HSS DRILL Ø6,4969,871.46,2.56,6.75,67.02,1.99,0.5,66.29,Aluminiu,Gaurire,187,0,Niciunul
207,Tarod,TAROD M10 ISO2,3055,625.0,0.12,13.37,99.1,0.59,20.8,70.79,Otel,Filetare,133,1,Supraincalzire
338,Burghiu,CARBIDE DRILL Ø12,2325,476.75,1.82,9.19,63.48,2.71,64.0,66.81,Otel,Gaurire,460,1,Uzura excesiva
3,Burghiu,CARBIDE DRILL Ø12,3814,608.29,0.31,9.35,54.74,0.77,19.0,67.31,Aluminiu,Gaurire,360,0,Niciunul
143,Placuta amovibila,CNMG120408,4880,816.77,0.99,11.07,94.88,1.75,31.5,71.16,Otel,Strunjire,57,1,Supraincalzire
352,Freza,FREZA HSS Ø8 2F,1790,420.86,2.42,19.13,77.49,5.9,52.4,63.45,Otel,Frezare,90,1,Vibratii
591,Freza,FREZA CARBURA Ø10 4F,1920,665.79,1.01,8.15,47.83,0.8,11.5,73.89,Otel,Frezare,444,0,Niciunul
411,Tarod,TAROD M10 ISO2,4246,596.07,2.74,10.41,63.99,9.04,59.8,71.29,Otel,Filetare,168,1,Vibratii
61,Tarod,TAROD M10 ISO2,4003,214.26,0.41,7.25,50.24,1.42,52.5,61.2,Otel,Filetare,100,1,Uzura excesiva
324,Placuta amovibila,WNMG080408,1839,513.23,1.82,16.02,54.58,9.66,44.4,60.73,Aluminiu,Strunjire,407,1,Vibratii
275,Freza,FREZA CARBURA Ø10 4F,2448,1027.43,1.84,5.81,50.32,11.73,59.2,68.22,Inox,Frezare,155,1,Vibratii
200,Placuta amovibila,CNMG120408,4109,1179.61,0.83,5.45,53.43,1.74,7.9,63.47,Otel,Strunjire,238,0,Niciunul
254,Burghiu,HSS DRILL Ø6,3883,688.64,2.31,16.8,54.06,0.76,13.3,73.12,Aluminiu,Gaurire,97,0,Niciunul
398,Tarod,TAROD M10 ISO2,4843,1015.9,2.6,9.83,58.15,0.78,3.8,69.75,Aluminiu,Filetare,313,0,Niciunul
99,Burghiu,CARBIDE DRILL Ø12,3139,388.96,2.43,15.84,68.03,1.83,3.1,68.58,Otel,Gaurire,361,0,Niciunul
376,Tarod,TAROD M10 ISO2,2062,1011.57,2.61,15.72,108.88,2.8,25.3,74.17,Inox,Filetare,214,1,Supraincalzire
351,Burghiu,CARBIDE DRILL Ø12,3688,232.82,1.68,6.88,52.34,2.51,79.6,73.27,Inox,Gaurire,34,1,Uzura excesiva
595,Freza,FREZA CARBURA Ø10 4F,3578,1136.01,0.98,15.21,49.41,0.88,6.4,63.83,Otel,Frezare,370,0,Niciunul
584,Tarod,TAROD M10 ISO2,2624,768.77,0.92,15.88,44.75,0.62,12.3,68.61,Otel,Filetare,193,0,Niciunul
196,Freza,FREZA HSS Ø8 2F,4587,1045.86,2.04,10.21,87.21,3.3,58.4,63.37,Aluminiu,Frezare,399,1,Vibratii
378,Freza,FREZA CARBURA Ø10 4F,2088,788.54,1.17,15.4,119.75,1.77,27.0,61.48,Inox,Frezare,63,1,Supraincalzire
194,Freza,FREZA HSS Ø8 2F,5995,917.53,2.02,13.28,47.22,1.85,14.7,67.96,Inox,Frezare,493,0,Niciunul
359,Freza,FREZA HSS Ø8 2F,4033,705.03,2.79,19.09,114.53,2.9,30.2,61.25,Inox,Frezare,369,1,Supraincalzire
187,Freza,FREZA HSS Ø8 2F,4344,347.16,1.89,8.86,56.36,1.38,9.6,68.17,Aluminiu,Frezare,342,0,Niciunul
208,Burghiu,HSS DRILL Ø6,4693,1019.16,2.88,17.59,46.61,0.67,8.7,64.06,Inox,Gaurire,158,0,Niciunul
553,Placuta amovibila,WNMG080408,1832,1147.25,2.87,6.28,61.75,1.42,3.1,71.76,Inox,Strunjire,65,0,Niciunul
48,Tarod,TAROD M10 ISO2,4802,632.48,0.16,7.66,103.62,0.53,24.2,61.32,Otel,Filetare,325,1,Supraincalzire
343,Placuta amovibila,WNMG080408,3893,904.15,2.03,17.48,51.77,2.89,58.0,64.47,Aluminiu,Strunjire,428,1,Uzura excesiva
223,Burghiu,HSS DRILL Ø6,5391,976.64,1.74,19.89,77.25,11.44,22.9,74.25,Inox,Gaurire,347,1,Vibratii
172,Burghiu,CARBIDE DRILL Ø12,3566,601.42,0.21,6.2,35.36,1.98,13.4,63.86,Otel,Gaurire,484,0,Niciunul
369,Freza,FREZA CARBURA Ø10 4F,2637,230.56,2.24,14.31,55.24,1.91,3.3,73.39,Inox,Frezare,370,0,Niciunul
98,Burghiu,HSS DRILL Ø6,4719,1002.7,0.21,10.39,54.31,0.97,11.2,60.59,Inox,Gaurire,116,0,Niciunul
587,Freza,FREZA CARBURA Ø10 4F,2250,511.39,0.68,18.12,51.59,4.89,57.8,72.16,Otel,Frezare,258,1,Uzura excesiva
586,Tarod,TAROD M10 ISO2,4018,476.03,2.31,10.45,77.38,3.39,63.1,73.36,Inox,Filetare,471,1,Uzura excesiva
502,Placuta amovibila,CNMG120408,5996,1046.81,2.57,16.46,81.29,2.1,53.8,74.74,Otel,Strunjire,343,1,Uzura excesiva
154,Freza,FREZA CARBURA Ø10 4F,5460,1112.03,1.53,15.47,70.0,3.4,52.6,66.85,Aluminiu,Frezare,336,1,Uzura excesiva
17,Tarod,TAROD M10 ISO2,3661,1022.58,2.92,11.33,40.87,1.96,16.6,71.3,Otel,Filetare,85,0,Niciunul
326,Burghiu,CARBIDE DRILL Ø12,4119,1186.64,1.02,18.06,35.36,0.75,0.9,65.15,Aluminiu,Gaurire,194,0,Niciunul
292,Placuta amovibila,WNMG080408,1618,981.66,2.3,19.82,56.36,0.69,2.0,72.63,Inox,Strunjire,355,0,Niciunul
52,Tarod,TAROD M10 ISO2,5010,859.58,2.66,7.6,61.87,1.77,4.8,68.01,Otel,Filetare,496,0,Niciunul
457,Burghiu,CARBIDE DRILL Ø12,5580,337.1,2.43,15.85,58.77,4.52,45.9,60.89,Inox,Gaurire,395,1,Vibratii
342,Freza,FREZA CARBURA Ø10 4F,1702,533.21,0.74,16.93,56.46,1.61,17.9,60.03,Inox,Frezare,450,0,Niciunul
12,Burghiu,HSS DRILL Ø6,5995,412.29,2.78,7.05,58.74,0.97,8.8,74.32,Inox,Gaurire,330,0,Niciunul
78,Freza,FREZA CARBURA Ø10 4F,3718,1136.86,2.3,9.79,66.76,3.31,64.2,72.02,Aluminiu,Frezare,8,1,Uzura excesiva
165,Burghiu,CARBIDE DRILL Ø12,5617,561.09,1.19,13.47,118.39,1.88,23.5,71.57,Aluminiu,Gaurire,293,1,Supraincalzire
292,Burghiu,HSS DRILL Ø6,2746,849.95,2.58,12.51,42.34,1.05,3.6,61.62,Otel,Gaurire,355,0,Niciunul
544,Freza,FREZA CARBURA Ø10 4F,3677,832.8,0.36,12.66,81.02,4.72,44.8,62.71,Otel,Frezare,108,1,Vibratii
208,Freza,FREZA CARBURA Ø10 4F,5847,953.16,1.24,18.81,49.47,1.94,1.3,62.64,Aluminiu,Frezare,358,0,Niciunul
339,Burghiu,CARBIDE DRILL Ø12,5746,1171.28,0.11,13.0,59.98,1.5,8.6,62.19,Inox,Gaurire,107,0,Niciunul
444,Burghiu,HSS DRILL Ø6,1874,1058.44,1.71,16.41,93.82,1.81,10.6,73.09,Aluminiu,Gaurire,15,1,Supraincalzire
137,Freza,FREZA CARBURA Ø10 4F,4376,560.47,0.67,12.0,67.55,2.11,42.2,66.12,Aluminiu,Frezare,482,1,Uzura excesiva
116,Placuta amovibila,WNMG080408,4774,874.1,2.12,6.91,55.7,0.64,2.4,72.62,Inox,Strunjire,300,0,Niciunul
434,Tarod,TAROD M10 ISO2,5964,600.11,1.05,19.69,65.17,1.33,16.9,72.9,Aluminiu,Filetare,28,0,Niciunul
245,Placuta amovibila,CNMG120408,2647,1109.71,0.63,15.07,40.49,1.05,11.3,60.09,Otel,Strunjire,98,0,Niciunul
353,Placuta amovibila,CNMG120408,3768,640.54,1.5,16.13,61.54,0.79,19.6,72.65,Inox,Strunjire,328,0,Niciunul
498,Tarod,TAROD M10 ISO2,2147,913.09,2.38,12.46,50.36,1.55,5.1,72.32,Aluminiu,Filetare,328,0,Niciunul
465,Burghiu,CARBIDE DRILL Ø12,5386,966.33,0.8,17.93,44.43,1.32,3.5,74.76,Aluminiu,Gaurire,155,0,Niciunul
520,Tarod,TAROD M10 ISO2,2616,340.84,2.24,13.93,55.62,4.95,61.7,67.97,Inox,Filetare,290,1,Uzura excesiva
328,Burghiu,CARBIDE DRILL Ø12,3649,734.12,0.8,18.14,61.13,0.82,9.6,63.73,Aluminiu,Gaurire,85,0,Niciunul
175,Placuta amovibila,WNMG080408,4258,664.53,2.67,6.4,37.65,0.91,16.7,65.69,Otel,Strunjire,69,0,Niciunul
397,Placuta amovibila,WNMG080408,3363,596.81,2.06,7.23,57.51,6.59,30.0,69.2,Otel,Strunjire,20,1,Vibratii
524,Tarod,TAROD M10 ISO2,3990,733.85,2.82,15.39,70.73,11.64,22.0,70.04,Aluminiu,Filetare,72,1,Vibratii
508,Tarod,TAROD M10 ISO2,3189,821.54,0.64,19.67,57.96,0.66,7.8,64.58,Aluminiu,Filetare,72,0,Niciunul
315,Placuta amovibila,CNMG120408,5094,658.82,0.75,8.18,40.42,1.71,15.4,63.25,Inox,Strunjire,317,0,Niciunul
120,Placuta amovibila,CNMG120408,4436,784.57,1.86,10.99,89.07,2.93,37.1,61.38,Aluminiu,Strunjire,344,1,Supraincalzire
328,Freza,FREZA CARBURA Ø10 4F,1683,775.27,2.38,17.33,64.52,1.7,17.9,64.81,Aluminiu,Frezare,453,0,Niciunul
503,Placuta amovibila,CNMG120408,5352,886.5,0.55,12.63,38.38,1.57,4.5,62.26,Inox,Strunjire,376,0,Niciunul
164,Tarod,TAROD M10 ISO2,3495,1122.5,0.32,13.92,50.56,9.8,33.0,64.52,Aluminiu,Filetare,366,1,Vibratii
465,Freza,FREZA HSS Ø8 2F,5132,564.9,0.9,19.58,48.51,1.31,15.6,73.16,Inox,Frezare,413,0,Niciunul
8,Tarod,TAROD M10 ISO2,4635,407.18,0.15,16.24,79.06,11.05,57.0,72.15,Aluminiu,Filetare,48,1,Vibratii
252,Burghiu,CARBIDE DRILL Ø12,2230,761.66,1.09,17.97,103.8,1.73,13.2,69.47,Aluminiu,Gaurire,115,1,Supraincalzire
492,Placuta amovibila,WNMG080408,3264,512.17,1.76,17.49,58.17,1.69,7.1,61.58,Otel,Strunjire,339,0,Niciunul
159,Freza,FREZA CARBURA Ø10 4F,1910,565.19,0.48,9.96,48.62,1.28,14.3,63.2,Inox,Frezare,82,0,Niciunul
106,Tarod,TAROD M10 ISO2,2045,1144.4,1.67,18.61,50.76,1.74,6.2,71.99,Inox,Filetare,241,0,Niciunul
122,Freza,FREZA CARBURA Ø10 4F,2274,1083.65,1.65,19.21,69.15,2.68,58.0,63.05,Inox,Frezare,339,1,Uzura excesiva
559,Burghiu,CARBIDE DRILL Ø12,5119,258.98,1.97,12.78,63.15,2.9,72.0,74.32,Inox,Gaurire,238,1,Uzura excesiva
506,Freza,FREZA HSS Ø8 2F,2921,232.78,2.49,16.32,36.58,1.73,13.2,60.98,Aluminiu,Frezare,482,0,Niciunul
72,Freza,FREZA HSS Ø8 2F,2685,658.52,0.89,12.01,107.14,1.18,24.9,71.18,Inox,Frezare,315,1,Supraincalzire
357,Freza,FREZA HSS Ø8 2F,4526,265.44,0.32,13.5,56.54,5.73,40.9,67.8,Otel,Frezare,46,1,Niciunul
558,Placuta amovibila,WNMG080408,5082,1102.6,1.81,10.13,53.27,1.01,5.4,63.11,Otel,Strunjire,100,0,Niciunul
291,Burghiu,HSS DRILL Ø6,4296,756.47,2.86,14.85,49.25,0.58,11.7,65.17,Otel,Gaurire,47,0,Niciunul
42,Burghiu,HSS DRILL Ø6,3353,422.98,1.62,12.1,40.21,1.25,19.1,72.54,Inox,Gaurire,180,0,Niciunul
74,Burghiu,HSS DRILL Ø6,5298,918.81,1.1,11.34,64.13,1.31,15.1,74.06,Otel,Gaurire,358,0,Niciunul
255,Freza,FREZA CARBURA Ø10 4F,3493,421.42,0.99,9.19,54.49,0.67,3.9,64.94,Otel,Frezare,109,0,Niciunul
329,Tarod,TAROD M10 ISO2,5035,994.46,1.35,14.75,96.52,2.68,39.6,69.34,Inox,Filetare,311,1,Supraincalzire
92,Placuta amovibila,WNMG080408,4912,1098.54,1.85,8.76,35.46,1.57,3.8,64.23,Inox,Strunjire,38,0,Niciunul
363,Placuta amovibila,WNMG080408,3933,764.56,1.68,6.47,98.87,1.17,18.8,73.68,Aluminiu,Strunjire,109,1,Supraincalzire
242,Tarod,TAROD M10 ISO2,5554,267.99,0.62,16.12,84.5,4.04,59.2,61.11,Aluminiu,Filetare,251,1,Vibratii
94,Placuta amovibila,WNMG080408,5715,282.4,2.6,7.26,40.4,0.58,15.1,66.02,Otel,Strunjire,76,0,Niciunul
145,Placuta amovibila,CNMG120408,5586,1137.21,0.47,6.39,59.54,1.89,19.1,73.3,Inox,Strunjire,316,0,Niciunul
40,Burghiu,CARBIDE DRILL Ø12,2713,949.6,0.44,12.82,54.74,8.13,22.8,73.0,Aluminiu,Gaurire,433,1,Vibratii
193,Burghiu,HSS DRILL Ø6,1706,850.69,1.06,11.71,58.12,1.38,0.9,67.65,Aluminiu,Gaurire,170,0,Niciunul
236,Burghiu,HSS DRILL Ø6,4817,454.95,2.36,5.06,92.06,3.9,39.1,65.92,Otel,Gaurire,5,1,Supraincalzire
226,Placuta amovibila,WNMG080408,2899,265.7,1.12,6.62,76.92,2.24,62.7,68.97,Otel,Strunjire,74,1,Uzura excesiva
514,Burghiu,CARBIDE DRILL Ø12,5185,658.21,0.86,13.65,71.57,5.54,52.9,68.97,Inox,Gaurire,13,1,Vibratii
596,Burghiu,HSS DRILL Ø6,1691,828.8,1.46,5.23,37.94,0.65,19.4,67.57,Otel,Gaurire,395,0,Niciunul
347,Tarod,TAROD M10 ISO2,1573,613.38,1.9,9.06,89.17,3.02,52.5,65.95,Otel,Filetare,288,1,Uzura excesiva
532,Placuta amovibila,WNMG080408,1706,883.4,2.08,15.57,54.4,1.89,11.3,70.55,Inox,Strunjire,60,0,Niciunul
502,Freza,FREZA HSS Ø8 2F,3187,984.29,1.2,12.21,48.14,1.12,13.4,64.94,Otel,Frezare,102,0,Niciunul
481,Burghiu,HSS DRILL Ø6,2121,927.12,2.1,9.47,45.1,1.43,12.3,65.7,Otel,Gaurire,67,0,Niciunul
404,Placuta amovibila,WNMG080408,5777,950.44,2.38,15.95,55.84,0.93,16.3,72.68,Aluminiu,Strunjire,350,0,Niciunul
342,Placuta amovibila,CNMG120408,5246,254.68,1.79,10.07,35.09,1.93,13.4,65.33,Otel,Strunjire,481,0,Niciunul
182,Placuta amovibila,WNMG080408,1555,345.6,2.93,8.37,61.82,0.98,15.7,73.36,Otel,Strunjire,304,0,Niciunul
92,Burghiu,HSS DRILL Ø6,2789,904.04,1.29,14.4,44.19,1.68,15.0,63.1,Inox,Gaurire,62,0,Niciunul
145,Placuta amovibila,WNMG080408,2878,728.6,1.79,18.66,78.02,9.08,21.7,71.84,Inox,Strunjire,364,1,Niciunul
318,Tarod,TAROD M10 ISO2,3935,223.8,2.45,8.14,60.24,1.32,2.9,74.02,Otel,Filetare,383,0,Niciunul
176,Tarod,TAROD M10 ISO2,3047,904.05,0.61,11.22,62.05,1.79,79.4,63.18,Otel,Filetare,69,1,Uzura excesiva
22,Placuta amovibila,CNMG120408,4858,593.3,2.97,18.74,38.87,1.7,10.6,71.24,Aluminiu,Strunjire,233,0,Niciunul
591,Placuta amovibila,CNMG120408,5113,627.98,2.31,9.54,43.45,1.17,11.5,73.88,Otel,Strunjire,11,0,Niciunul
52,Placuta amovibila,CNMG120408,2976,1147.86,2.49,17.06,61.94,0.91,1.5,74.17,Aluminiu,Strunjire,336,0,Niciunul
510,Freza,FREZA HSS Ø8 2F,2283,493.46,1.16,10.6,57.21,1.55,6.2,73.21,Inox,Frezare,215,0,Niciunul
269,Placuta amovibila,WNMG080408,4272,1150.02,2.29,15.23,64.7,3.18,77.1,67.88,Inox,Strunjire,113,1,Uzura excesiva
288,Tarod,TAROD M10 ISO2,2476,800.05,2.28,12.83,56.75,0.53,4.6,60.31,Otel,Filetare,453,0,Niciunul
184,Freza,FREZA HSS Ø8 2F,2692,663.72,0.49,13.99,57.4,0.57,6.5,69.01,Inox,Frezare,260,0,Niciunul
131,Freza,FREZA CARBURA Ø10 4F,2939,385.83,1.02,17.24,68.7,6.83,39.7,70.74,Otel,Frezare,311,1,Vibratii
539,Tarod,TAROD M10 ISO2,3643,859.24,0.92,16.17,78.91,6.2,40.7,61.64,Aluminiu,Filetare,120,1,Vibratii
61,Placuta amovibila,CNMG120408,5748,867.58,2.06,11.22,66.0,4.93,25.7,63.39,Otel,Strunjire,333,1,Vibratii
447,Freza,FREZA HSS Ø8 2F,4200,1058.33,1.48,18.6,76.43,5.84,59.0,73.14,Aluminiu,Frezare,103,1,Niciunul
430,Burghiu,HSS DRILL Ø6,2780,232.2,2.58,19.95,62.47,0.93,5.9,66.12,Otel,Gaurire,358,0,Niciunul
172,Tarod,TAROD M10 ISO2,1564,995.13,0.42,18.35,71.22,3.99,68.9,61.88,Otel,Filetare,76,1,Uzura excesiva
551,Tarod,TAROD M10 ISO2,3191,426.89,1.52,8.52,58.45,10.72,57.6,68.15,Otel,Filetare,462,1,Vibratii
286,Tarod,TAROD M10 ISO2,5527,388.13,0.64,8.08,50.04,2.44,60.1,63.56,Aluminiu,Filetare,481,1,Uzura excesiva
338,Placuta amovibila,CNMG120408,1537,1195.33,0.18,10.6,56.96,1.89,16.6,71.7,Inox,Strunjire,393,0,Niciunul
459,Placuta amovibila,WNMG080408,3131,366.85,1.42,17.51,58.47,11.37,45.9,67.86,Otel,Strunjire,486,1,Vibratii
467,Freza,FREZA HSS Ø8 2F,4166,419.95,0.57,10.13,55.0,2.68,40.9,74.47,Inox,Frezare,108,1,Uzura excesiva
422,Freza,FREZA CARBURA Ø10 4F,5233,1028.4,1.7,12.13,56.94,1.21,12.8,73.42,Inox,Frezare,158,0,Niciunul
523,Placuta amovibila,WNMG080408,5910,1117.94,0.58,8.19,56.96,0.97,3.9,73.69,Inox,Strunjire,122,0,Niciunul
311,Placuta amovibila,WNMG080408,4557,710.62,1.06,14.89,108.1,0.77,30.0,61.37,Inox,Strunjire,318,1,Supraincalzire
481,Placuta amovibila,CNMG120408,3989,777.4,0.9,18.34,72.42,9.93,56.9,61.35,Aluminiu,Strunjire,470,1,Vibratii
399,Burghiu,HSS DRILL Ø6,4646,1050.98,0.75,8.05,79.1,9.42,46.4,71.76,Otel,Gaurire,399,1,Vibratii
516,Burghiu,HSS DRILL Ø6,3954,379.3,0.95,6.62,74.7,2.51,42.3,70.61,Inox,Gaurire,135,1,Uzura excesiva
90,Tarod,TAROD M10 ISO2,1701,506.38,0.16,6.73,61.39,1.09,11.1,70.77,Inox,Filetare,429,0,Niciunul
542,Freza,FREZA CARBURA Ø10 4F,5251,944.0,2.18,9.37,56.42,3.52,50.0,72.8,Aluminiu,Frezare,29,1,Uzura excesiva
198,Burghiu,CARBIDE DRILL Ø12,4653,812.17,1.39,9.58,67.31,0.54,3.4,65.71,Otel,Gaurire,185,0,Niciunul
22,Placuta amovibila,WNMG080408,3420,518.51,2.25,15.8,66.2,1.31,61.8,69.13,Inox,Strunjire,337,1,Niciunul
585,Freza,FREZA CARBURA Ø10 4F,5944,415.35,2.39,13.91,60.8,1.97,16.7,64.06,Otel,Frezare,320,0,Niciunul
590,Placuta amovibila,WNMG080408,4110,209.75,2.16,7.14,107.71,3.49,35.1,71.35,Aluminiu,Strunjire,319,1,Supraincalzire
419,Burghiu,CARBIDE DRILL Ø12,4510,510.17,2.58,15.63,53.02,1.8,2.0,60.27,Aluminiu,Gaurire,419,0,Niciunul
72,Freza,FREZA CARBURA Ø10 4F,3906,925.95,2.97,16.99,89.46,4.27,61.4,68.62,Aluminiu,Frezare,192,1,Uzura excesiva
408,Placuta amovibila,CNMG120408,3457,1056.79,2.19,12.51,52.78,2.81,47.0,60.09,Aluminiu,Strunjire,151,1,Uzura excesiva
241,Burghiu,HSS DRILL Ø6,2695,1153.15,0.53,18.09,104.46,2.32,18.9,62.08,Otel,Gaurire,28,1,Supraincalzire
109,Placuta amovibila,WNMG080408,3781,220.47,0.23,7.71,68.76,2.2,65.4,61.66,Inox,Strunjire,381,1,Uzura excesiva
473,Placuta amovibila,CNMG120408,2776,746.96,2.25,11.11,74.37,7.85,33.1,63.17,Inox,Strunjire,107,1,Vibratii
418,Burghiu,HSS DRILL Ø6,5918,653.76,2.89,6.71,80.45,1.98,20.2,65.27,Aluminiu,Gaurire,275,1,Supraincalzire
399,Tarod,TAROD M10 ISO2,4056,226.73,2.06,18.23,67.13,2.69,70.8,74.53,Aluminiu,Filetare,383,1,Uzura excesiva
41,Burghiu,CARBIDE DRILL Ø12,4635,1128.61,1.0,19.68,86.76,3.08,29.1,62.71,Otel,Gaurire,491,1,Supraincalzire
49,Burghiu,CARBIDE DRILL Ø12,3810,260.21,2.96,7.86,83.55,0.64,20.6,63.39,Inox,Gaurire,485,1,Supraincalzire
270,Burghiu,HSS DRILL Ø6,5810,875.31,1.12,16.33,66.7,1.06,13.7,73.3,Inox,Gaurire,172,0,Niciunul
363,Burghiu,HSS DRILL Ø6,3096,775.03,1.52,9.94,64.19,1.59,13.3,60.31,Aluminiu,Gaurire,461,0,Niciunul
346,Burghiu,CARBIDE DRILL Ø12,4929,378.47,1.59,17.6,38.63,1.62,0.7,64.74,Otel,Gaurire,131,0,Niciunul
305,Burghiu,HSS DRILL Ø6,3775,948.2,2.05,12.27,62.43,4.75,34.1,74.22,Aluminiu,Gaurire,229,1,Vibratii
49,Placuta amovibila,CNMG120408,2178,899.17,1.91,11.36,55.89,1.19,18.0,72.59,Aluminiu,Strunjire,492,0,Niciunul
25,Placuta amovibila,CNMG120408,2622,603.94,2.6,18.7,60.25,0.78,12.0,64.6,Aluminiu,Strunjire,144,0,Niciunul
285,Placuta amovibila,CNMG120408,4223,389.7,1.27,12.53,36.13,0.81,14.9,62.09,Aluminiu,Strunjire,346,0,Niciunul
281,Burghiu,CARBIDE DRILL Ø12,5220,1080.33,1.49,17.12,103.89,2.93,19.2,74.34,Aluminiu,Gaurire,444,1,Supraincalzire
317,Freza,FREZA CARBURA Ø10 4F,2234,695.65,2.02,11.4,50.09,1.09,18.3,70.54,Inox,Frezare,219,0,Niciunul
109,Burghiu,CARBIDE DRILL Ø12,4418,772.03,2.13,19.28,51.23,1.04,19.7,71.21,Inox,Gaurire,142,0,Niciunul
399,Placuta amovibila,CNMG120408,5671,1129.13,1.98,17.4,64.12,6.53,47.3,64.04,Aluminiu,Strunjire,223,1,Niciunul
175,Freza,FREZA CARBURA Ø10 4F,5064,822.64,1.81,15.18,69.1,1.79,15.9,62.36,Inox,Frezare,443,0,Niciunul
162,Burghiu,CARBIDE DRILL Ø12,4278,323.91,2.53,10.18,69.69,0.85,18.8,61.76,Inox,Gaurire,16,0,Niciunul
81,Placuta amovibila,WNMG080408,5234,921.87,1.93,14.67,53.31,4.12,75.2,70.96,Otel,Strunjire,500,1,Uzura excesiva
571,Freza,FREZA CARBURA Ø10 4F,3608,484.12,1.52,19.2,69.92,3.13,49.3,70.23,Aluminiu,Frezare,224,1,Vibratii
82,Freza,FREZA CARBURA Ø10 4F,5531,901.11,0.87,10.65,44.98,1.6,2.7,61.83,Otel,Frezare,75,0,Niciunul
447,Tarod,TAROD M10 ISO2,5902,660.83,1.16,16.86,52.18,1.46,13.5,69.14,Otel,Filetare,28,0,Niciunul
85,Placuta amovibila,WNMG080408,4315,1012.05,1.96,18.99,56.8,2.52,78.1,70.76,Aluminiu,Strunjire,95,1,Uzura excesiva
281,Placuta amovibila,CNMG120408,5720,382.16,2.52,16.2,69.04,1.71,5.2,72.89,Otel,Strunjire,244,0,Niciunul
564,Burghiu,CARBIDE DRILL Ø12,3576,913.45,2.12,19.56,68.86,1.07,18.5,64.09,Otel,Gaurire,307,0,Niciunul
337,Burghiu,HSS DRILL Ø6,1515,388.18,2.03,18.81,63.41,0.95,6.7,62.58,Inox,Gaurire,425,0,Niciunul
193,Freza,FREZA HSS Ø8 2F,5005,404.06,2.27,18.54,57.89,0.51,4.2,72.41,Aluminiu,Frezare,402,0,Niciunul
514,Tarod,TAROD M10 ISO2,5298,918.28,2.62,11.05,81.93,2.91,24.3,69.76,Inox,Filetare,123,1,Niciunul
585,Placuta amovibila,WNMG080408,5358,1009.96,2.09,15.76,73.12,4.95,67.8,71.74,Inox,Strunjire,94,1,Uzura excesiva
595,Burghiu,CARBIDE DRILL Ø12,5336,252.11,1.85,10.44,57.34,11.1,28.6,72.25,Otel,Gaurire,218,1,Vibratii
58,Burghiu,CARBIDE DRILL Ø12,5825,524.96,2.42,15.46,111.8,3.56,27.9,65.25,Otel,Gaurire,439,1,Supraincalzire
121,Freza,FREZA HSS Ø8 2F,3420,862.06,2.26,15.31,77.88,3.07,40.7,67.26,Otel,Frezare,3,1,Vibratii
386,Burghiu,CARBIDE DRILL Ø12,2744,446.1,0.39,11.53,55.28,1.69,13.1,72.88,Otel,Gaurire,42,0,Niciunul
333,Freza,FREZA HSS Ø8 2F,4854,617.14,0.55,16.29,41.78,1.06,0.5,63.86,Aluminiu,Frezare,340,0,Niciunul
512,Freza,FREZA CARBURA Ø10 4F,3382,480.45,0.76,14.32,57.57,1.77,10.7,68.63,Aluminiu,Frezare,223,0,Niciunul
248,Tarod,TAROD M10 ISO2,5716,976.6,0.49,13.88,41.34,1.9,0.8,63.47,Otel,Filetare,45,0,Niciunul
420,Placuta amovibila,CNMG120408,3733,590.47,0.4,18.64,60.67,1.15,10.3,71.61,Aluminiu,Strunjire,139,0,Niciunul
72,Placuta amovibila,WNMG080408,1556,1127.4,2.29,10.7,81.93,3.76,53.1,61.76,Aluminiu,Strunjire,273,1,Uzura excesiva
462,Placuta amovibila,WNMG080408,5661,881.1,2.1,9.88,87.13,3.98,60.7,64.16,Aluminiu,Strunjire,203,1,Uzura excesiva
206,Burghiu,CARBIDE DRILL Ø12,1769,1010.95,0.55,15.33,59.83,1.26,44.8,69.8,Inox,Gaurire,295,1,Uzura excesiva
101,Placuta amovibila,WNMG080408,4722,1162.41,1.82,19.98,80.55,6.93,56.3,70.77,Inox,Strunjire,276,1,Vibratii
308,Freza,FREZA HSS Ø8 2F,2108,283.18,2.9,7.27,37.19,0.66,19.2,60.59,Aluminiu,Frezare,485,0,Niciunul
486,Burghiu,CARBIDE DRILL Ø12,5748,214.11,0.53,5.76,85.55,9.19,40.5,69.94,Otel,Gaurire,365,1,Vibratii
441,Freza,FREZA HSS Ø8 2F,5361,709.71,2.92,11.14,66.04,11.6,35.7,73.34,Otel,Frezare,142,1,Vibratii
155,Burghiu,CARBIDE DRILL Ø12,4028,1128.85,1.69,19.85,62.39,2.93,73.8,64.82,Otel,Gaurire,57,1,Uzura excesiva
529,Freza,FREZA HSS Ø8 2F,5649,968.47,1.67,11.05,48.89,1.96,12.6,67.37,Aluminiu,Frezare,453,0,Niciunul
597,Placuta amovibila,CNMG120408,5312,1145.61,2.71,9.46,82.18,1.14,47.0,71.32,Inox,Strunjire,480,1,Uzura excesiva
388,Burghiu,CARBIDE DRILL Ø12,5936,1060.28,1.59,8.14,58.82,1.62,61.7,66.27,Inox,Gaurire,120,1,Uzura excesiva
341,Freza,FREZA CARBURA Ø10 4F,2192,1036.13,1.23,9.05,81.43,6.42,49.2,66.92,Inox,Frezare,50,1,Vibratii
394,Tarod,TAROD M10 ISO2,3250,438.41,2.25,6.9,43.5,0.8,11.1,63.08,Otel,Filetare,182,0,Niciunul
182,Placuta amovibila,CNMG120408,5295,845.17,2.51,16.37,43.36,1.08,18.4,64.72,Otel,Strunjire,405,0,Niciunul
569,Freza,FREZA HSS Ø8 2F,1523,970.87,2.0,11.97,84.19,3.56,21.6,67.8,Otel,Frezare,116,1,Supraincalzire
503,Freza,FREZA CARBURA Ø10 4F,3923,1034.6,2.71,7.41,44.81,0.89,15.0,75.0,Aluminiu,Frezare,7,0,Niciunul
215,Burghiu,CARBIDE DRILL Ø12,3851,242.67,2.87,6.55,63.58,4.87,69.1,73.67,Otel,Gaurire,273,1,Uzura excesiva
445,Freza,FREZA CARBURA Ø10 4F,5192,1194.85,1.78,8.63,50.26,1.71,1.6,65.05,Inox,Frezare,484,0,Niciunul
234,Burghiu,CARBIDE DRILL Ø12,5274,1083.85,1.15,16.26,45.23,0.63,4.9,70.59,Inox,Gaurire,80,0,Niciunul
33,Freza,FREZA HSS Ø8 2F,5067,397.63,0.4,19.91,58.96,1.78,71.8,73.85,Aluminiu,Frezare,329,1,Niciunul
216,Freza,FREZA HSS Ø8 2F,5099,1091.13,0.63,6.12,61.09,1.23,8.4,60.43,Inox,Frezare,93,0,Niciunul
439,Freza,FREZA HSS Ø8 2F,5384,451.09,1.89,5.95,60.3,3.73,79.8,67.21,Otel,Frezare,216,1,Uzura excesiva
391,Placuta amovibila,CNMG120408,1879,511.01,0.78,12.74,51.55,3.71,37.9,67.08,Otel,Strunjire,438,1,Vibratii
2,Burghiu,CARBIDE DRILL Ø12,3238,1061.87,0.62,18.23,65.81,1.99,7.9,65.48,Otel,Gaurire,104,0,Niciunul
74,Burghiu,CARBIDE DRILL Ø12,5218,639.43,1.27,19.5,59.19,1.18,11.8,72.58,Otel,Gaurire,485,0,Niciunul
494,Freza,FREZA CARBURA Ø10 4F,3471,549.3,1.55,14.53,103.08,0.86,35.5,66.96,Inox,Frezare,432,1,Niciunul
267,Placuta amovibila,WNMG080408,5577,1132.71,1.15,6.48,68.61,1.74,19.5,74.99,Aluminiu,Strunjire,437,0,Niciunul
350,Freza,FREZA CARBURA Ø10 4F,3903,1084.91,1.56,9.1,63.64,0.82,19.9,69.22,Inox,Frezare,163,0,Niciunul
235,Placuta amovibila,WNMG080408,2258,1184.16,0.75,18.11,88.68,10.45,54.9,72.95,Inox,Strunjire,329,1,Vibratii
332,Placuta amovibila,WNMG080408,5127,662.2,2.48,15.76,62.01,1.35,0.5,66.08,Inox,Strunjire,144,0,Niciunul
254,Freza,FREZA HSS Ø8 2F,4163,711.55,2.83,7.33,116.49,3.22,15.1,72.65,Otel,Frezare,58,1,Supraincalzire
221,Placuta amovibila,WNMG080408,5919,881.29,1.35,9.26,83.58,0.89,18.2,61.6,Inox,Strunjire,416,1,Supraincalzire
413,Placuta amovibila,WNMG080408,3131,532.52,1.47,11.25,66.17,1.43,15.8,71.86,Inox,Strunjire,437,0,Niciunul
20,Burghiu,CARBIDE DRILL Ø12,5871,903.17,1.11,17.66,62.36,1.23,8.3,73.56,Inox,Gaurire,301,0,Niciunul
100,Placuta amovibila,CNMG120408,3704,493.09,1.04,10.39,61.51,0.74,8.8,68.54,Aluminiu,Strunjire,293,0,Niciunul
326,Placuta amovibila,WNMG080408,5263,657.23,1.42,10.05,55.89,0.65,12.8,61.64,Aluminiu,Strunjire,306,0,Niciunul
242,Burghiu,HSS DRILL Ø6,3262,878.53,1.96,10.12,55.61,1.79,13.9,64.8,Inox,Gaurire,443,0,Niciunul
152,Freza,FREZA HSS Ø8 2F,3918,879.24,1.58,14.06,76.13,8.04,34.0,67.94,Inox,Frezare,175,1,Vibratii
214,Burghiu,CARBIDE DRILL Ø12,4526,998.74,0.68,5.46,55.15,1.16,10.4,61.38,Inox,Gaurire,393,0,Niciunul
235,Burghiu,HSS DRILL Ø6,5037,201.5,1.01,15.73,68.16,1.53,15.7,66.11,Inox,Gaurire,126,0,Niciunul
85,Burghiu,CARBIDE DRILL Ø12,2338,940.41,0.75,7.89,52.91,2.05,55.7,72.83,Inox,Gaurire,151,1,Uzura excesiva
243,Freza,FREZA HSS Ø8 2F,3667,311.36,2.98,11.48,92.01,2.04,32.2,66.93,Aluminiu,Frezare,339,1,Supraincalzire
48,Burghiu,HSS DRILL Ø6,2364,263.37,1.06,8.78,41.97,1.15,5.0,63.97,Aluminiu,Gaurire,160,0,Niciunul
410,Placuta amovibila,WNMG080408,4662,298.1,0.59,7.16,81.28,3.25,75.9,72.61,Otel,Strunjire,191,1,Uzura excesiva
112,Freza,FREZA CARBURA Ø10 4F,2017,973.01,1.97,5.26,51.62,0.92,16.2,60.56,Inox,Frezare,266,0,Niciunul
94,Tarod,TAROD M10 ISO2,3448,282.67,0.2,9.29,46.01,1.4,15.1,72.47,Aluminiu,Filetare,159,0,Niciunul
426,Placuta amovibila,CNMG120408,3047,1065.28,0.72,19.21,44.67,1.56,5.8,66.61,Aluminiu,Strunjire,304,0,Niciunul
572,Placuta amovibila,WNMG080408,4757,949.38,0.45,9.33,48.84,1.83,1.9,62.48,Otel,Strunjire,403,0,Niciunul
216,Burghiu,CARBIDE DRILL Ø12,5420,489.05,0.53,15.97,107.75,0.81,37.2,66.87,Inox,Gaurire,306,1,Supraincalzire
528,Placuta amovibila,WNMG080408,5386,304.85,0.14,11.44,86.24,2.0,12.5,65.01,Inox,Strunjire,41,1,Niciunul
524,Burghiu,HSS DRILL Ø6,5676,673.53,1.46,8.83,38.53,0.53,13.0,61.04,Inox,Gaurire,449,0,Niciunul
382,Burghiu,CARBIDE DRILL Ø12,2617,723.52,2.92,9.97,57.06,1.55,11.3,63.76,Inox,Gaurire,35,0,Niciunul
224,Freza,FREZA CARBURA Ø10 4F,3000,842.51,0.71,10.28,63.96,8.76,24.7,68.56,Inox,Frezare,488,1,Vibratii
516,Freza,FREZA HSS Ø8 2F,4847,1174.81,0.42,16.24,114.8,2.22,14.3,60.96,Aluminiu,Frezare,241,1,Supraincalzire
131,Burghiu,CARBIDE DRILL Ø12,3352,1096.96,1.36,5.6,40.23,1.8,12.3,69.26,Inox,Gaurire,65,0,Niciunul
76,Freza,FREZA HSS Ø8 2F,4224,920.07,1.43,11.39,40.77,1.64,15.6,70.37,Aluminiu,Frezare,134,0,Niciunul
368,Freza,FREZA CARBURA Ø10 4F,1792,500.56,2.77,5.32,52.58,0.94,18.8,67.71,Aluminiu,Frezare,93,0,Niciunul
491,Freza,FREZA CARBURA Ø10 4F,2801,1177.66,2.82,18.98,50.05,3.95,78.1,61.24,Inox,Frezare,357,1,Uzura excesiva
211,Placuta amovibila,WNMG080408,4578,393.72,0.71,16.2,48.9,0.57,11.3,62.13,Inox,Strunjire,41,0,Niciunul
552,Freza,FREZA CARBURA Ø10 4F,2536,961.0,0.26,18.8,63.24,2.08,62.0,70.68,Otel,Frezare,26,1,Uzura excesiva
361,Burghiu,HSS DRILL Ø6,2554,878.95,2.42,7.89,119.81,0.81,32.9,71.68,Inox,Gaurire,23,1,Supraincalzire
402,Tarod,TAROD M10 ISO2,5308,1071.79,0.47,14.88,75.89,1.9,61.1,73.56,Aluminiu,Filetare,322,1,Uzura excesiva
294,Burghiu,CARBIDE DRILL Ø12,2986,651.88,2.32,19.11,45.54,1.0,9.0,63.89,Aluminiu,Gaurire,389,0,Niciunul
273,Placuta amovibila,CNMG120408,3081,1076.74,2.76,19.16,56.21,1.84,46.0,67.8,Inox,Strunjire,436,1,Uzura excesiva
188,Tarod,TAROD M10 ISO2,5956,601.89,2.83,5.02,65.02,4.29,55.8,73.3,Inox,Filetare,74,1,Uzura excesiva
194,Burghiu,HSS DRILL Ø6,3233,402.09,2.93,15.26,36.19,1.15,18.7,73.65,Otel,Gaurire,1,0,Niciunul
221,Tarod,TAROD M10 ISO2,2386,710.91,1.04,9.07,47.37,0.57,16.9,68.52,Aluminiu,Filetare,438,0,Niciunul
344,Tarod,TAROD M10 ISO2,5815,941.48,0.38,19.24,66.83,7.82,21.5,68.38,Aluminiu,Filetare,246,1,Vibratii
7,Burghiu,HSS DRILL Ø6,3402,923.21,2.23,10.91,86.35,3.56,27.6,62.21,Otel,Gaurire,134,1,Supraincalzire
59,Burghiu,HSS DRILL Ø6,1940,1054.57,1.7,7.65,35.47,1.1,11.8,64.61,Aluminiu,Gaurire,327,0,Niciunul
87,Burghiu,CARBIDE DRILL Ø12,2223,452.17,2.76,16.87,64.35,10.29,59.0,63.75,Otel,Gaurire,89,1,Vibratii
306,Freza,FREZA HSS Ø8 2F,4521,810.98,0.4,6.37,63.2,1.6,40.3,61.53,Otel,Frezare,162,1,Uzura excesiva
76,Placuta amovibila,CNMG120408,4176,1144.04,0.52,9.94,82.58,4.43,41.9,74.47,Inox,Strunjire,86,1,Vibratii
292,Freza,FREZA HSS Ø8 2F,4556,443.05,1.86,13.61,44.47,0.78,4.3,62.27,Inox,Frezare,173,0,Niciunul
491,Freza,FREZA HSS Ø8 2F,4819,483.08,1.6,14.36,39.31,0.84,18.4,64.22,Otel,Frezare,154,0,Niciunul
571,Burghiu,HSS DRILL Ø6,3512,783.41,0.63,18.64,77.58,11.09,27.3,74.92,Aluminiu,Gaurire,298,1,Vibratii
261,Freza,FREZA CARBURA Ø10 4F,2322,453.57,2.73,7.72,86.41,10.6,56.3,71.73,Inox,Frezare,196,1,Vibratii
523,Placuta amovibila,CNMG120408,3985,486.94,2.67,8.68,68.79,1.87,1.6,66.96,Aluminiu,Strunjire,480,0,Niciunul
86,Freza,FREZA HSS Ø8 2F,2141,237.86,1.93,16.55,68.5,1.62,5.3,73.65,Inox,Frezare,333,0,Niciunul
408,Tarod,TAROD M10 ISO2,3583,930.38,1.98,8.8,100.93,2.12,19.5,63.57,Otel,Filetare,63,1,Supraincalzire
573,Placuta amovibila,WNMG080408,3373,849.15,0.24,8.23,117.1,2.64,11.6,67.74,Otel,Strunjire,175,1,Supraincalzire
590,Burghiu,HSS DRILL Ø6,2433,824.83,1.77,18.09,62.36,7.55,24.2,71.37,Otel,Gaurire,353,1,Vibratii
288,Burghiu,CARBIDE DRILL Ø12,2563,326.35,1.77,5.57,63.86,0.64,19.5,60.19,Inox,Gaurire,89,0,Niciunul
164,Freza,FREZA HSS Ø8 2F,4757,446.08,2.81,14.85,58.15,8.52,53.2,73.03,Aluminiu,Frezare,469,1,Vibratii
97,Tarod,TAROD M10 ISO2,4501,1170.2,2.95,8.98,53.92,1.96,10.1,61.26,Aluminiu,Filetare,242,0,Niciunul
438,Freza,FREZA CARBURA Ø10 4F,3504,666.18,0.46,18.58,78.41,3.0,55.7,63.8,Inox,Frezare,299,1,Vibratii
312,Burghiu,HSS DRILL Ø6,2007,630.79,2.35,11.67,63.44,2.12,59.1,64.73,Otel,Gaurire,320,1,Uzura excesiva
472,Freza,FREZA HSS Ø8 2F,5180,485.41,2.26,7.38,42.23,1.55,3.0,64.02,Otel,Frezare,201,0,Niciunul
502,Placuta amovibila,WNMG080408,5025,640.51,1.2,10.65,85.98,5.28,45.4,67.94,Otel,Strunjire,280,1,Vibratii
576,Placuta amovibila,WNMG080408,4511,796.18,2.15,19.81,51.36,3.29,76.6,71.6,Inox,Strunjire,380,1,Uzura excesiva
26,Freza,FREZA CARBURA Ø10 4F,5395,1134.2,0.49,5.84,109.84,3.26,13.3,71.59,Otel,Frezare,300,1,Supraincalzire
264,Placuta amovibila,CNMG120408,4781,1163.59,2.06,17.4,100.9,1.39,26.2,74.47,Inox,Strunjire,117,1,Niciunul
542,Placuta amovibila,WNMG080408,5312,492.46,1.16,18.32,106.99,2.85,20.2,68.12,Aluminiu,Strunjire,295,1,Supraincalzire
197,Burghiu,HSS DRILL Ø6,5959,748.0,1.7,15.18,82.77,10.31,35.5,74.62,Otel,Gaurire,283,1,Vibratii
225,Placuta amovibila,WNMG080408,4950,971.48,0.18,8.04,61.75,1.15,15.9,69.41,Otel,Strunjire,237,0,Niciunul
109,Burghiu,HSS DRILL Ø6,2258,966.07,0.23,17.14,89.38,4.81,78.2,66.43,Otel,Gaurire,28,1,Niciunul
522,Tarod,TAROD M10 ISO2,3156,1060.3,2.49,9.35,71.11,2.35,62.1,69.52,Inox,Filetare,409,1,Uzura excesiva
349,Burghiu,CARBIDE DRILL Ø12,4298,491.75,1.64,8.56,62.43,7.05,32.6,71.97,Aluminiu,Gaurire,94,1,Vibratii
475,Burghiu,CARBIDE DRILL Ø12,5618,286.63,0.36,8.6,57.44,1.29,16.1,70.37,Otel,Gaurire,397,0,Niciunul
334,Freza,FREZA HSS Ø8 2F,3059,386.36,2.34,18.06,85.59,11.33,51.7,61.78,Aluminiu,Frezare,425,1,Niciunul
533,Freza,FREZA CARBURA Ø10 4F,5927,867.36,0.96,8.59,66.17,0.56,8.5,66.96,Otel,Frezare,248,0,Niciunul
93,Freza,FREZA HSS Ø8 2F,2256,209.78,2.65,10.93,62.63,1.75,5.2,69.42,Inox,Frezare,67,0,Niciunul
255,Placuta amovibila,CNMG120408,1724,588.71,2.13,18.87,52.0,0.88,1.4,60.62,Otel,Strunjire,427,0,Niciunul
564,Placuta amovibila,WNMG080408,5265,379.08,1.75,17.71,92.05,1.95,13.1,64.76,Aluminiu,Strunjire,288,1,Supraincalzire
349,Tarod,TAROD M10 ISO2,5994,309.29,1.16,5.28,52.75,1.84,10.3,71.1,Aluminiu,Filetare,365,0,Niciunul
345,Tarod,TAROD M10 ISO2,4446,866.26,2.01,19.55,114.81,2.95,28.9,60.54,Inox,Filetare,8,1,Supraincalzire
554,Placuta amovibila,WNMG080408,3781,420.32,2.3,16.25,39.89,0.99,4.8,67.13,Aluminiu,Strunjire,21,0,Niciunul
162,Tarod,TAROD M10 ISO2,3036,564.71,0.88,6.39,67.51,9.33,53.2,64.39,Aluminiu,Filetare,118,1,Vibratii
314,Freza,FREZA HSS Ø8 2F,1694,811.27,0.68,18.48,85.5,3.48,69.6,71.44,Otel,Frezare,15,1,Uzura excesiva
551,Placuta amovibila,WNMG080408,4951,261.19,0.88,13.21,45.78,0.99,8.5,72.02,Inox,Strunjire,182,0,Niciunul
65,Placuta amovibila,WNMG080408,4404,1036.87,1.18,6.93,69.56,0.91,14.5,74.52,Otel,Strunjire,437,0,Niciunul
451,Burghiu,CARBIDE DRILL Ø12,3481,763.35,2.66,13.33,42.41,1.33,7.2,74.67,Otel,Gaurire,95,0,Niciunul
249,Burghiu,HSS DRILL Ø6,3118,1115.56,1.41,7.57,54.3,1.11,2.1,68.51,Otel,Gaurire,28,0,Niciunul
270,Freza,FREZA HSS Ø8 2F,2443,807.01,0.89,10.96,38.97,1.83,1.6,72.01,Aluminiu,Frezare,471,0,Niciunul
105,Freza,FREZA CARBURA Ø10 4F,4918,679.35,0.68,14.58,47.32,1.85,1.2,73.61,Inox,Frezare,203,0,Niciunul
24,Burghiu,CARBIDE DRILL Ø12,2636,467.6,0.52,10.75,90.6,1.19,38.2,64.6,Inox,Gaurire,265,1,Supraincalzire
5,Tarod,TAROD M10 ISO2,3288,229.27,0.43,19.45,79.0,6.96,57.5,74.72,Aluminiu,Filetare,14,1,Vibratii
539,Burghiu,CARBIDE DRILL Ø12,1808,1002.9,0.95,5.83,80.27,1.83,34.9,61.07,Inox,Gaurire,95,1,Supraincalzire
292,Burghiu,CARBIDE DRILL Ø12,5708,250.7,1.1,17.73,102.53,3.03,33.9,65.01,Otel,Gaurire,378,1,Supraincalzire
207,Burghiu,CARBIDE DRILL Ø12,5702,477.02,2.14,13.06,68.29,1.47,17.5,60.27,Otel,Gaurire,470,0,Niciunul
103,Freza,FREZA CARBURA Ø10 4F,3280,847.09,2.91,17.78,42.37,1.76,3.5,65.65,Otel,Frezare,419,0,Niciunul
141,Freza,FREZA CARBURA Ø10 4F,2642,480.51,2.58,8.29,39.83,1.45,11.4,69.68,Aluminiu,Frezare,458,0,Niciunul
446,Placuta amovibila,CNMG120408,4624,872.88,2.61,5.61,43.31,1.56,17.0,71.47,Otel,Strunjire,69,0,Niciunul
561,Freza,FREZA CARBURA Ø10 4F,3581,1149.08,0.77,6.5,47.78,0.7,19.5,64.35,Aluminiu,Frezare,216,0,Niciunul
395,Burghiu,CARBIDE DRILL Ø12,5427,612.59,1.03,12.38,36.74,1.02,15.6,63.2,Inox,Gaurire,280,0,Niciunul
154,Placuta amovibila,CNMG120408,5334,397.04,1.29,16.28,114.22,3.63,15.8,64.3,Otel,Strunjire,247,1,Supraincalzire
351,Placuta amovibila,CNMG120408,4558,1114.34,2.24,10.78,54.63,3.8,47.1,74.51,Otel,Strunjire,34,1,Vibratii
508,Burghiu,HSS DRILL Ø6,3805,1181.74,0.23,10.1,65.43,1.96,4.7,69.96,Inox,Gaurire,19,0,Niciunul
582,Burghiu,HSS DRILL Ø6,2024,250.33,0.31,15.59,80.49,2.29,14.1,74.43,Inox,Gaurire,244,1,Supraincalzire
458,Burghiu,HSS DRILL Ø6,4899,369.17,2.54,18.17,48.71,0.67,8.4,70.11,Aluminiu,Gaurire,219,0,Niciunul
122,Burghiu,CARBIDE DRILL Ø12,5595,874.94,1.35,12.33,89.45,9.34,25.1,65.78,Inox,Gaurire,30,1,Vibratii
187,Placuta amovibila,CNMG120408,4748,843.33,0.58,19.49,70.71,10.79,37.4,72.4,Inox,Strunjire,174,1,Vibratii
173,Freza,FREZA HSS Ø8 2F,2192,546.7,1.49,15.52,39.12,0.65,3.6,72.08,Inox,Frezare,172,0,Niciunul
262,Burghiu,CARBIDE DRILL Ø12,4204,292.66,0.37,19.45,35.09,1.76,17.8,73.91,Aluminiu,Gaurire,146,0,Niciunul
529,Placuta amovibila,WNMG080408,5881,337.22,1.67,7.98,53.03,0.57,5.8,73.58,Inox,Strunjire,34,0,Niciunul
449,Placuta amovibila,CNMG120408,5818,498.05,1.35,18.84,62.28,6.38,25.4,72.59,Otel,Strunjire,123,1,Vibratii
453,Tarod,TAROD M10 ISO2,1915,937.27,1.95,5.18,73.86,4.95,70.4,61.61,Inox,Filetare,204,1,Uzura excesiva
340,Burghiu,CARBIDE DRILL Ø12,5276,751.85,2.59,9.97,53.62,0.51,14.1,64.77,Inox,Gaurire,21,0,Niciunul
357,Burghiu,HSS DRILL Ø6,3393,525.15,1.93,14.96,59.5,1.69,18.4,63.52,Otel,Gaurire,168,0,Niciunul
242,Burghiu,CARBIDE DRILL Ø12,4190,439.25,0.81,12.47,35.19,1.42,8.3,64.12,Aluminiu,Gaurire,121,0,Niciunul
51,Freza,FREZA HSS Ø8 2F,4524,482.63,2.19,11.3,49.18,1.82,13.5,61.38,Inox,Frezare,301,0,Niciunul
135,Placuta amovibila,CNMG120408,4793,591.77,1.41,12.47,69.5,0.59,10.9,63.67,Inox,Strunjire,342,0,Niciunul
336,Burghiu,HSS DRILL Ø6,4503,563.33,0.52,14.31,70.92,3.66,52.2,71.05,Otel,Gaurire,279,1,Uzura excesiva
173,Tarod,TAROD M10 ISO2,2518,855.03,0.28,13.52,64.87,0.83,1.8,68.84,Otel,Filetare,419,0,Niciunul
138,Burghiu,HSS DRILL Ø6,5269,710.05,1.04,9.71,51.59,0.91,17.6,68.13,Inox,Gaurire,273,0,Niciunul
326,Tarod,TAROD M10 ISO2,3136,733.34,0.67,16.56,45.49,0.77,18.7,65.19,Otel,Filetare,328,0,Niciunul
212,Placuta amovibila,WNMG080408,3782,489.29,0.68,18.14,77.12,2.48,69.8,66.06,Otel,Strunjire,93,1,Uzura excesiva
274,Freza,FREZA CARBURA Ø10 4F,3823,952.77,0.74,7.77,94.86,2.14,39.1,60.55,Inox,Frezare,61,1,Supraincalzire
262,Burghiu,HSS DRILL Ø6,1532,927.23,2.57,12.81,107.14,3.93,35.3,61.87,Otel,Gaurire,424,1,Supraincalzire
179,Burghiu,HSS DRILL Ø6,5429,549.66,0.54,8.3,72.27,3.53,79.0,71.52,Aluminiu,Gaurire,77,1,Uzura excesiva
278,Freza,FREZA CARBURA Ø10 4F,5414,800.83,1.43,13.91,56.76,1.13,3.3,68.73,Otel,Frezare,357,0,Niciunul
582,Placuta amovibila,CNMG120408,1750,732.54,1.0,7.3,64.81,0.51,4.7,67.92,Otel,Strunjire,408,0,Niciunul
275,Tarod,TAROD M10 ISO2,4985,699.71,2.55,8.31,45.66,0.82,19.2,68.0,Inox,Filetare,262,0,Niciunul
12,Placuta amovibila,WNMG080408,2011,769.48,0.18,10.01,81.96,5.4,58.7,63.41,Inox,Strunjire,251,1,Vibratii
179,Placuta amovibila,CNMG120408,4527,551.56,1.21,18.25,64.95,1.89,1.7,68.39,Inox,Strunjire,407,0,Niciunul
510,Burghiu,HSS DRILL Ø6,3920,432.39,1.46,9.37,96.71,1.89,13.4,69.94,Otel,Gaurire,400,1,Supraincalzire
237,Burghiu,CARBIDE DRILL Ø12,3561,658.15,2.55,12.5,35.66,1.05,5.7,71.39,Otel,Gaurire,204,0,Niciunul
78,Burghiu,CARBIDE DRILL Ø12,4166,1182.62,1.06,16.91,78.61,9.46,41.9,66.38,Aluminiu,Gaurire,209,1,Vibratii
548,Burghiu,CARBIDE DRILL Ø12,1966,296.77,0.78,7.64,57.87,1.26,7.9,70.81,Otel,Gaurire,46,0,Niciunul
183,Placuta amovibila,WNMG080408,2887,429.1,1.94,15.12,63.12,1.96,14.1,70.13,Inox,Strunjire,359,0,Niciunul
479,Freza,FREZA CARBURA Ø10 4F,4142,456.14,1.99,7.09,83.85,4.36,40.2,72.65,Inox,Frezare,406,1,Uzura excesiva
337,Freza,FREZA CARBURA Ø10 4F,3428,579.67,1.1,17.46,66.78,1.31,18.0,62.39,Otel,Frezare,250,0,Niciunul
419,Placuta amovibila,WNMG080408,4663,1077.35,2.29,16.74,45.14,0.88,2.8,74.81,Aluminiu,Strunjire,162,0,Niciunul
567,Burghiu,HSS DRILL Ø6,1549,672.68,1.64,8.21,45.17,1.95,17.9,63.18,Inox,Gaurire,350,0,Niciunul
274,Burghiu,HSS DRILL Ø6,2407,954.11,0.4,13.59,51.67,9.29,27.9,72.91,Aluminiu,Gaurire,494,1,Vibratii
507,Placuta amovibila,WNMG080408,4146,943.36,0.43,11.41,43.09,1.86,1.0,60.52,Otel,Strunjire,283,0,Niciunul
96,Burghiu,HSS DRILL Ø6,3814,946.29,0.99,13.46,83.88,3.28,55.4,68.4,Otel,Gaurire,417,1,Uzura excesiva
132,Freza,FREZA HSS Ø8 2F,1762,480.04,2.01,7.07,52.26,1.88,61.2,63.68,Aluminiu,Frezare,334,1,Uzura excesiva
202,Placuta amovibila,CNMG120408,3173,701.69,1.56,19.23,54.25,0.52,1.6,69.13,Aluminiu,Strunjire,93,0,Niciunul
239,Burghiu,CARBIDE DRILL Ø12,2688,750.53,0.79,5.19,93.83,0.72,35.6,65.78,Aluminiu,Gaurire,243,1,Supraincalzire
332,Burghiu,CARBIDE DRILL Ø12,1503,481.1,0.27,18.99,56.85,1.03,13.9,66.98,Otel,Gaurire,456,0,Niciunul
490,Burghiu,CARBIDE DRILL Ø12,5663,583.77,2.12,15.74,46.19,0.99,2.6,63.03,Otel,Gaurire,382,0,Niciunul
568,Burghiu,CARBIDE DRILL Ø12,3498,471.84,2.17,11.82,92.7,3.17,13.0,70.54,Inox,Gaurire,97,1,Supraincalzire
308,Placuta amovibila,WNMG080408,4122,222.64,0.45,18.29,61.88,2.15,68.7,61.06,Aluminiu,Strunjire,72,1,Uzura excesiva
151,Freza,FREZA CARBURA Ø10 4F,5318,846.2,2.32,6.82,77.7,3.9,72.8,72.07,Otel,Frezare,38,1,Uzura excesiva
480,Freza,FREZA HSS Ø8 2F,2992,1099.83,1.27,11.64,63.75,1.35,16.6,63.85,Otel,Frezare,249,0,Niciunul
201,Placuta amovibila,CNMG120408,2705,853.81,0.53,17.15,47.48,0.87,15.4,67.16,Otel,Strunjire,410,0,Niciunul
330,Placuta amovibila,WNMG080408,4767,749.63,1.01,5.89,100.23,1.27,22.8,64.3,Otel,Strunjire,203,1,Supraincalzire
553,Burghiu,CARBIDE DRILL Ø12,5535,1189.76,1.79,12.24,108.61,0.88,10.4,70.25,Inox,Gaurire,123,1,Supraincalzire
87,Placuta amovibila,CNMG120408,5410,388.3,1.35,13.01,63.3,1.62,65.5,63.17,Otel,Strunjire,370,1,Uzura excesiva
290,Tarod,TAROD M10 ISO2,4948,203.42,0.3,13.27,65.18,0.85,7.9,61.64,Aluminiu,Filetare,147,0,Niciunul
343,Tarod,TAROD M10 ISO2,4159,210.37,1.45,9.58,54.96,1.25,19.3,73.32,Otel,Filetare,268,0,Niciunul
178,Placuta amovibila,CNMG120408,3476,528.43,1.56,18.33,55.49,0.96,2.6,67.96,Inox,Strunjire,161,0,Niciunul
524,Freza,FREZA HSS Ø8 2F,4325,1186.27,0.41,19.52,68.46,1.57,13.5,71.03,Aluminiu,Frezare,300,0,Niciunul
146,Burghiu,HSS DRILL Ø6,3692,497.57,1.96,14.58,115.69,0.88,30.1,71.39,Aluminiu,Gaurire,364,1,Supraincalzire
427,Placuta amovibila,WNMG080408,4476,311.0,0.78,15.0,61.39,1.24,9.9,73.69,Inox,Strunjire,481,0,Niciunul
438,Tarod,TAROD M10 ISO2,3592,343.11,2.86,5.29,45.68,1.49,17.2,61.54,Aluminiu,Filetare,102,0,Niciunul
408,Placuta amovibila,WNMG080408,5499,603.03,1.84,15.16,57.32,11.66,33.4,65.48,Inox,Strunjire,291,1,Vibratii
522,Freza,FREZA CARBURA Ø10 4F,5107,288.11,0.13,12.23,43.58,1.45,11.5,68.04,Aluminiu,Frezare,358,0,Niciunul
548,Burghiu,HSS DRILL Ø6,4359,859.96,0.91,16.83,54.28,1.18,17.7,71.73,Otel,Gaurire,304,0,Niciunul
251,Placuta amovibila,CNMG120408,4491,659.16,1.07,15.84,79.02,7.84,26.5,65.58,Otel,Strunjire,189,1,Vibratii
580,Freza,FREZA HSS Ø8 2F,2954,407.61,1.32,11.27,70.12,5.0,53.6,62.22,Inox,Frezare,384,1,Uzura excesiva
256,Burghiu,CARBIDE DRILL Ø12,4180,960.55,1.06,7.33,61.37,0.89,7.2,63.74,Otel,Gaurire,216,0,Niciunul
367,Tarod,TAROD M10 ISO2,5263,576.04,0.45,16.04,63.34,0.73,2.9,74.11,Aluminiu,Filetare,394,0,Niciunul
37,Burghiu,CARBIDE DRILL Ø12,5962,1052.81,2.18,17.63,56.21,11.73,49.7,71.23,Aluminiu,Gaurire,472,1,Vibratii
513,Tarod,TAROD M10 ISO2,5550,381.81,0.48,12.55,62.73,1.02,14.7,64.04,Otel,Filetare,490,0,Niciunul
402,Placuta amovibila,CNMG120408,2214,817.34,0.34,9.12,57.21,0.64,13.0,73.96,Otel,Strunjire,499,0,Niciunul
128,Placuta amovibila,CNMG120408,4427,1049.76,1.7,11.55,67.49,0.77,18.3,68.33,Inox,Strunjire,267,0,Niciunul
354,Freza,FREZA HSS Ø8 2F,4649,1040.03,1.92,5.96,69.25,0.69,12.5,71.32,Aluminiu,Frezare,337,0,Niciunul
338,Burghiu,HSS DRILL Ø6,2097,1140.27,0.98,13.32,42.04,1.79,0.3,63.42,Otel,Gaurire,170,0,Niciunul
231,Burghiu,CARBIDE DRILL Ø12,2697,306.74,2.61,14.15,61.29,11.99,53.5,66.95,Aluminiu,Gaurire,464,1,Vibratii
542,Freza,FREZA HSS Ø8 2F,4836,388.05,2.02,18.4,58.88,3.22,30.5,68.53,Aluminiu,Frezare,234,1,Vibratii
162,Freza,FREZA HSS Ø8 2F,4960,625.8,2.85,17.84,103.35,1.86,14.1,67.07,Inox,Frezare,29,1,Supraincalzire
139,Placuta amovibila,WNMG080408,4481,959.17,0.79,6.9,41.15,1.89,3.2,74.59,Inox,Strunjire,297,0,Niciunul
10,Burghiu,HSS DRILL Ø6,5349,699.07,1.54,12.5,44.24,1.8,14.0,65.59,Aluminiu,Gaurire,97,0,Niciunul
511,Placuta amovibila,WNMG080408,4039,892.21,2.84,17.78,49.58,1.47,1.3,72.26,Inox,Strunjire,419,0,Niciunul
250,Tarod,TAROD M10 ISO2,3885,655.5,2.71,8.05,64.23,1.43,17.1,71.34,Aluminiu,Filetare,293,0,Niciunul
65,Tarod,TAROD M10 ISO2,5016,964.63,1.59,9.22,36.87,1.71,10.7,74.04,Aluminiu,Filetare,248,0,Niciunul
269,Burghiu,HSS DRILL Ø6,5347,896.44,1.73,15.87,48.46,1.62,19.7,70.93,Aluminiu,Gaurire,253,0,Niciunul
126,Tarod,TAROD M10 ISO2,1625,591.87,2.07,18.43,86.16,1.47,35.8,70.84,Aluminiu,Filetare,476,1,Supraincalzire
18,Tarod,TAROD M10 ISO2,3272,1181.85,1.57,6.49,57.02,9.74,53.3,65.89,Inox,Filetare,389,1,Vibratii
29,Burghiu,HSS DRILL Ø6,2017,390.6,1.24,9.29,51.06,1.45,11.2,60.26,Otel,Gaurire,39,0,Niciunul
572,Tarod,TAROD M10 ISO2,3448,519.39,1.22,17.22,49.99,1.33,9.3,69.83,Otel,Filetare,98,0,Niciunul
565,Burghiu,CARBIDE DRILL Ø12,1989,761.37,0.75,7.79,82.25,4.87,31.6,60.54,Aluminiu,Gaurire,67,1,Vibratii
269,Freza,FREZA CARBURA Ø10 4F,4212,1165.26,2.95,18.45,42.76,0.64,2.2,69.89,Aluminiu,Frezare,385,0,Niciunul
58,Freza,FREZA CARBURA Ø10 4F,5792,900.96,2.86,16.78,57.44,1.15,18.9,74.5,Inox,Frezare,350,0,Niciunul
568,Freza,FREZA CARBURA Ø10 4F,3987,854.22,2.29,8.31,110.28,1.26,35.8,63.71,Otel,Frezare,252,1,Supraincalzire
538,Freza,FREZA HSS Ø8 2F,4672,247.12,0.75,17.27,36.13,1.97,11.5,63.99,Inox,Frezare,85,0,Niciunul
596,Freza,FREZA CARBURA Ø10 4F,2142,805.77,0.22,6.76,69.75,4.57,36.4,72.45,Otel,Frezare,410,1,Vibratii
401,Burghiu,CARBIDE DRILL Ø12,4081,1033.25,1.27,13.96,60.42,0.71,3.8,70.22,Aluminiu,Gaurire,275,0,Niciunul
588,Burghiu,CARBIDE DRILL Ø12,2636,556.48,2.92,6.38,85.09,5.56,43.6,63.31,Aluminiu,Gaurire,427,1,Vibratii
510,Freza,FREZA CARBURA Ø10 4F,2365,957.49,0.27,18.98,67.52,4.39,51.4,74.81,Aluminiu,Frezare,415,1,Vibratii
273,Placuta amovibila,WNMG080408,4298,437.7,1.41,18.54,65.04,5.27,35.7,61.87,Inox,Strunjire,255,1,Niciunul
543,Burghiu,HSS DRILL Ø6,3846,703.43,0.45,15.34,112.44,2.32,29.3,74.92,Otel,Gaurire,335,1,Supraincalzire
293,Placuta amovibila,CNMG120408,4928,545.57,0.35,11.8,40.97,0.72,7.4,72.79,Inox,Strunjire,7,0,Niciunul
204,Placuta amovibila,WNMG080408,4030,507.65,2.76,19.55,85.82,0.68,39.6,67.53,Otel,Strunjire,427,1,Supraincalzire
139,Placuta amovibila,CNMG120408,5225,809.24,0.1,9.98,44.15,0.75,16.8,63.67,Otel,Strunjire,381,0,Niciunul
521,Burghiu,HSS DRILL Ø6,1800,627.01,1.7,12.24,44.2,1.53,19.1,72.39,Aluminiu,Gaurire,259,0,Niciunul
209,Burghiu,HSS DRILL Ø6,5540,1028.79,1.94,5.9,65.5,4.74,54.1,60.21,Inox,Gaurire,288,1,Vibratii
385,Burghiu,HSS DRILL Ø6,3787,782.68,1.43,8.77,35.18,0.95,10.0,69.77,Otel,Gaurire,273,0,Niciunul
419,Tarod,TAROD M10 ISO2,3870,1116.29,0.48,18.21,104.39,1.27,29.9,65.98,Aluminiu,Filetare,339,1,Supraincalzire
349,Placuta amovibila,CNMG120408,2932,488.03,1.39,13.75,94.46,3.89,12.6,72.71,Otel,Strunjire,6,1,Supraincalzire
13,Freza,FREZA HSS Ø8 2F,3991,428.73,0.13,9.7,99.91,1.88,35.3,60.57,Otel,Frezare,417,1,Supraincalzire
12,Tarod,TAROD M10 ISO2,5618,1013.56,2.57,11.67,86.08,2.92,55.0,60.92,Otel,Filetare,68,1,Uzura excesiva
61,Freza,FREZA HSS Ø8 2F,2813,617.61,1.84,16.61,48.99,0.67,1.4,66.96,Otel,Frezare,321,0,Niciunul
14,Burghiu,HSS DRILL Ø6,4789,1141.04,0.82,14.17,76.63,5.15,42.8,72.69,Inox,Gaurire,462,1,Vibratii
539,Freza,FREZA CARBURA Ø10 4F,4673,909.29,2.49,10.49,60.21,3.94,42.1,72.8,Otel,Frezare,142,1,Uzura excesiva
456,Placuta amovibila,WNMG080408,1721,283.27,0.7,8.71,81.51,1.99,53.9,60.88,Otel,Strunjire,2,1,Niciunul
287,Placuta amovibila,WNMG080408,2663,708.42,2.73,15.07,58.4,1.86,16.8,69.11,Otel,Strunjire,119,0,Niciunul
226,Placuta amovibila,CNMG120408,1881,575.63,0.76,17.19,81.29,5.42,55.7,71.77,Otel,Strunjire,431,1,Vibratii
295,Placuta amovibila,CNMG120408,3369,831.24,2.16,6.26,92.81,0.52,16.6,72.34,Inox,Strunjire,4,1,Supraincalzire
214,Freza,FREZA CARBURA Ø10 4F,4095,576.65,1.46,18.65,68.64,1.5,0.4,67.13,Otel,Frezare,164,0,Niciunul
204,Tarod,TAROD M10 ISO2,4387,961.29,0.96,19.81,65.54,1.66,12.2,64.38,Inox,Filetare,262,0,Niciunul
531,Freza,FREZA CARBURA Ø10 4F,5369,1165.27,2.56,13.92,39.75,1.88,15.2,71.78,Aluminiu,Frezare,121,0,Niciunul
527,Burghiu,CARBIDE DRILL Ø12,1921,489.06,0.54,6.12,64.69,0.69,5.6,74.2,Inox,Gaurire,152,0,Niciunul
148,Burghiu,HSS DRILL Ø6,3253,849.47,2.2,18.98,60.25,8.69,32.4,63.71,Otel,Gaurire,197,1,Vibratii
393,Freza,FREZA HSS Ø8 2F,5021,729.76,0.53,6.53,89.44,1.28,72.5,72.41,Otel,Frezare,85,1,Uzura excesiva
547,Burghiu,HSS DRILL Ø6,2463,1041.74,2.59,13.06,81.72,4.79,66.6,67.42,Aluminiu,Gaurire,172,1,Uzura excesiva
17,Placuta amovibila,WNMG080408,4200,818.19,1.11,9.01,54.74,0.97,8.5,66.53,Aluminiu,Strunjire,489,0,Niciunul
238,Freza,FREZA CARBURA Ø10 4F,3981,442.62,2.62,5.63,35.38,1.47,8.0,73.36,Aluminiu,Frezare,27,0,Niciunul
425,Freza,FREZA CARBURA Ø10 4F,1911,348.45,1.38,19.6,53.97,0.62,16.6,69.62,Inox,Frezare,354,0,Niciunul
504,Burghiu,HSS DRILL Ø6,4574,859.16,1.27,15.42,60.28,1.02,17.2,66.76,Inox,Gaurire,462,0,Niciunul
449,Burghiu,HSS DRILL Ø6,2102,951.26,1.4,5.98,60.35,1.28,10.1,64.26,Inox,Gaurire,269,0,Niciunul
560,Placuta amovibila,WNMG080408,4754,607.21,0.12,6.29,58.33,0.65,7.9,73.23,Aluminiu,Strunjire,457,0,Niciunul
171,Placuta amovibila,WNMG080408,3120,469.88,2.38,8.16,52.2,0.5,17.3,72.71,Otel,Strunjire,269,0,Niciunul
478,Freza,FREZA CARBURA Ø10 4F,5654,534.3,1.81,5.78,62.01,3.81,48.7,67.38,Inox,Frezare,462,1,Niciunul
427,Freza,FREZA CARBURA Ø10 4F,4146,775.49,2.12,5.86,87.25,3.58,34.3,63.57,Otel,Frezare,483,1,Vibratii
536,Tarod,TAROD M10 ISO2,1693,493.97,2.77,16.08,55.47,4.33,41.4,67.6,Otel,Filetare,103,1,Vibratii
260,Placuta amovibila,WNMG080408,1582,853.47,1.93,18.53,67.33,1.16,17.9,65.09,Aluminiu,Strunjire,413,0,Niciunul
27,Placuta amovibila,CNMG120408,4817,290.9,2.12,5.83,115.05,2.98,10.1,68.78,Inox,Strunjire,398,1,Supraincalzire
13,Burghiu,HSS DRILL Ø6,4206,1135.0,1.3,8.04,53.9,1.97,3.7,60.77,Otel,Gaurire,43,0,Niciunul
138,Freza,FREZA CARBURA Ø10 4F,5724,266.59,1.03,18.76,44.31,0.87,3.8,62.61,Aluminiu,Frezare,82,0,Niciunul
186,Burghiu,HSS DRILL Ø6,5697,295.65,1.68,8.41,53.45,0.91,14.3,67.55,Aluminiu,Gaurire,358,0,Niciunul
283,Tarod,TAROD M10 ISO2,3502,433.66,2.19,16.11,61.86,1.36,16.6,72.89,Otel,Filetare,34,0,Niciunul
532,Tarod,TAROD M10 ISO2,3597,957.88,1.03,12.11,86.78,1.08,13.3,71.25,Aluminiu,Filetare,429,1,Supraincalzire
233,Burghiu,HSS DRILL Ø6,5515,821.56,1.92,6.94,72.97,2.69,61.9,68.55,Otel,Gaurire,381,1,Uzura excesiva
181,Burghiu,HSS DRILL Ø6,5756,298.9,0.17,12.03,59.16,1.57,11.8,60.95,Aluminiu,Gaurire,6,0,Niciunul
436,Burghiu,HSS DRILL Ø6,3825,798.73,1.47,13.51,75.55,3.16,57.5,61.55,Inox,Gaurire,350,1,Uzura excesiva
501,Freza,FREZA CARBURA Ø10 4F,4914,632.69,1.44,17.13,69.6,6.89,29.4,73.73,Otel,Frezare,74,1,Vibratii
515,Placuta amovibila,CNMG120408,5634,425.25,2.29,11.86,44.92,0.85,16.5,64.73,Inox,Strunjire,129,0,Niciunul
54,Freza,FREZA HSS Ø8 2F,3222,622.77,0.48,17.52,89.77,5.63,49.2,61.02,Aluminiu,Frezare,234,1,Vibratii
527,Tarod,TAROD M10 ISO2,2770,414.72,0.58,7.55,50.5,1.31,14.5,70.79,Otel,Filetare,386,0,Niciunul
7,Burghiu,CARBIDE DRILL Ø12,4169,356.41,0.57,17.49,63.84,0.54,0.1,70.18,Aluminiu,Gaurire,58,0,Niciunul
389,Burghiu,CARBIDE DRILL Ø12,1715,358.12,2.01,17.8,60.84,4.22,71.7,63.23,Otel,Gaurire,291,1,Uzura excesiva
256,Burghiu,HSS DRILL Ø6,2346,676.64,1.4,14.78,112.08,3.69,13.3,63.13,Otel,Gaurire,435,1,Supraincalzire
536,Placuta amovibila,CNMG120408,4288,795.74,0.68,9.42,80.79,2.99,27.3,69.69,Otel,Strunjire,360,1,Supraincalzire
46,Tarod,TAROD M10 ISO2,4300,654.5,2.49,13.72,37.99,0.7,10.3,63.53,Aluminiu,Filetare,159,0,Niciunul
251,Placuta amovibila,WNMG080408,2004,328.78,2.07,11.73,50.67,4.63,58.7,72.81,Otel,Strunjire,128,1,Vibratii
461,Placuta amovibila,CNMG120408,3656,628.92,2.2,9.09,56.04,1.83,44.8,60.33,Inox,Strunjire,243,1,Uzura excesiva
567,Freza,FREZA HSS Ø8 2F,2903,783.36,2.16,16.92,49.15,1.2,8.4,70.75,Aluminiu,Frezare,305,0,Niciunul
188,Placuta amovibila,WNMG080408,4239,911.49,2.21,6.67,99.99,1.0,27.1,73.17,Aluminiu,Strunjire,102,1,Supraincalzire
299,Freza,FREZA HSS Ø8 2F,3712,1177.57,0.98,15.06,52.86,3.43,65.5,71.05,Otel,Frezare,85,1,Uzura excesiva
559,Placuta amovibila,CNMG120408,4200,449.82,0.41,5.5,111.34,3.77,17.3,73.86,Aluminiu,Strunjire,90,1,Supraincalzire
592,Freza,FREZA HSS Ø8 2F,5637,674.22,1.67,14.57,36.16,1.53,9.8,60.42,Aluminiu,Frezare,426,0,Niciunul
104,Burghiu,HSS DRILL Ø6,2938,614.54,1.71,18.02,59.29,0.72,3.0,60.43,Inox,Gaurire,80,0,Niciunul
476,Freza,FREZA CARBURA Ø10 4F,1650,1131.2,0.81,16.6,48.93,1.46,3.0,71.45,Inox,Frezare,208,0,Niciunul
402,Freza,FREZA CARBURA Ø10 4F,5608,337.09,2.02,16.21,93.08,2.49,12.6,72.25,Inox,Frezare,484,1,Supraincalzire
314,Burghiu,CARBIDE DRILL Ø12,5436,552.8,0.25,10.29,62.4,0.83,14.4,67.81,Otel,Gaurire,495,0,Niciunul
285,Placuta amovibila,WNMG080408,2809,739.48,1.97,11.9,88.33,3.8,62.2,64.85,Aluminiu,Strunjire,483,1,Uzura excesiva
384,Burghiu,HSS DRILL Ø6,5660,695.08,2.53,15.39,49.76,0.9,12.5,65.44,Otel,Gaurire,63,0,Niciunul
88,Freza,FREZA HSS Ø8 2F,1832,685.97,1.4,7.84,60.24,4.8,55.4,72.35,Inox,Frezare,331,1,Niciunul
534,Placuta amovibila,WNMG080408,3952,336.93,0.71,10.49,74.1,3.22,22.3,73.65,Inox,Strunjire,163,1,Vibratii
418,Burghiu,CARBIDE DRILL Ø12,3789,725.23,1.89,8.65,64.62,10.2,33.7,70.48,Aluminiu,Gaurire,95,1,Vibratii
211,Placuta amovibila,CNMG120408,3114,294.62,2.97,19.9,62.8,6.43,53.7,64.23,Inox,Strunjire,219,1,Vibratii
466,Burghiu,CARBIDE DRILL Ø12,3430,236.71,1.45,6.24,89.41,5.32,51.9,72.38,Inox,Gaurire,40,1,Vibratii
591,Placuta amovibila,WNMG080408,3355,461.37,1.0,17.71,36.54,1.84,0.8,67.91,Otel,Strunjire,340,0,Niciunul
73,Freza,FREZA CARBURA Ø10 4F,3662,523.68,2.79,15.07,56.42,1.16,0.2,73.25,Aluminiu,Frezare,213,0,Niciunul
598,Freza,FREZA CARBURA Ø10 4F,1585,287.69,0.24,18.27,39.05,0.93,4.0,71.53,Inox,Frezare,399,0,Niciunul
133,Tarod,TAROD M10 ISO2,4069,586.67,2.74,6.66,96.37,3.51,20.2,62.91,Inox,Filetare,130,1,Supraincalzire
192,Freza,FREZA HSS Ø8 2F,5221,760.53,2.73,11.71,61.95,1.64,2.1,65.23,Inox,Frezare,279,0,Niciunul
400,Freza,FREZA CARBURA Ø10 4F,4955,931.88,1.28,6.64,52.47,1.36,5.0,70.04,Inox,Frezare,283,0,Niciunul
586,Burghiu,CARBIDE DRILL Ø12,5441,820.45,0.97,18.41,71.45,7.4,41.3,68.02,Inox,Gaurire,329,1,Vibratii
551,Freza,FREZA CARBURA Ø10 4F,3052,502.14,1.09,8.52,85.6,0.6,34.2,66.08,Aluminiu,Frezare,487,1,Supraincalzire
84,Placuta amovibila,CNMG120408,4867,257.6,1.99,19.05,89.64,3.8,59.6,65.83,Otel,Strunjire,87,1,Niciunul
232,Freza,FREZA CARBURA Ø10 4F,4300,307.55,2.58,12.83,71.04,7.4,38.9,74.23,Aluminiu,Frezare,241,1,Vibratii
170,Tarod,TAROD M10 ISO2,2557,251.47,2.7,11.4,91.82,3.96,30.4,74.89,Otel,Filetare,395,1,Supraincalzire
173,Burghiu,HSS DRILL Ø6,2319,581.19,0.69,7.08,61.54,1.02,15.0,61.31,Aluminiu,Gaurire,170,0,Niciunul
109,Tarod,TAROD M10 ISO2,2858,663.08,1.13,5.22,57.82,3.75,54.0,61.67,Inox,Filetare,120,1,Uzura excesiva
243,Burghiu,HSS DRILL Ø6,1692,373.13,0.92,12.86,66.25,1.07,8.4,63.05,Otel,Gaurire,333,0,Niciunul
420,Freza,FREZA CARBURA Ø10 4F,2167,947.63,1.03,18.33,63.38,9.99,21.8,68.98,Otel,Frezare,414,1,Vibratii
199,Freza,FREZA HSS Ø8 2F,1888,1054.06,1.63,11.6,52.23,1.67,51.1,62.19,Aluminiu,Frezare,355,1,Uzura excesiva
116,Freza,FREZA HSS Ø8 2F,1830,541.28,0.63,10.63,95.75,2.08,14.1,72.58,Otel,Frezare,463,1,Supraincalzire
576,Freza,FREZA CARBURA Ø10 4F,5372,880.49,0.26,12.9,57.0,1.98,8.5,62.24,Inox,Frezare,132,0,Niciunul
46,Placuta amovibila,CNMG120408,4109,570.52,1.76,16.71,66.78,3.31,22.4,69.71,Aluminiu,Strunjire,411,1,Vibratii
485,Placuta amovibila,CNMG120408,4000,402.05,2.74,16.15,53.05,1.11,15.2,71.61,Inox,Strunjire,391,0,Niciunul
282,Burghiu,CARBIDE DRILL Ø12,4809,697.24,1.45,15.99,87.29,2.74,18.5,66.43,Otel,Gaurire,64,1,Supraincalzire
557,Tarod,TAROD M10 ISO2,5966,441.63,0.84,18.1,63.83,1.57,4.2,73.05,Otel,Filetare,130,0,Niciunul
362,Placuta amovibila,CNMG120408,5547,659.3,1.59,15.52,112.89,3.54,12.2,65.78,Aluminiu,Strunjire,14,1,Supraincalzire
575,Freza,FREZA CARBURA Ø10 4F,3175,307.57,0.32,19.06,93.04,1.19,16.2,70.28,Aluminiu,Frezare,413,1,Supraincalzire
367,Freza,FREZA HSS Ø8 2F,5085,412.73,0.23,10.55,52.66,2.72,50.7,71.08,Otel,Frezare,315,1,Uzura excesiva
192,Tarod,TAROD M10 ISO2,3443,608.68,1.49,9.12,51.3,1.94,14.6,63.18,Inox,Filetare,463,0,Niciunul
574,Placuta amovibila,CNMG120408,1648,981.88,0.26,15.98,52.9,1.91,14.0,64.03,Inox,Strunjire,478,0,Niciunul
592,Burghiu,HSS DRILL Ø6,2715,421.69,2.52,13.5,66.3,1.97,6.7,70.85,Aluminiu,Gaurire,82,0,Niciunul
232,Tarod,TAROD M10 ISO2,1923,787.84,2.07,19.47,104.89,3.6,19.4,65.08,Aluminiu,Filetare,153,1,Supraincalzire
424,Placuta amovibila,WNMG080408,2370,293.61,1.73,8.62,82.47,1.76,38.6,71.68,Inox,Strunjire,119,1,Supraincalzire
493,Freza,FREZA HSS Ø8 2F,3881,637.08,0.28,6.31,36.66,1.27,12.6,74.24,Otel,Frezare,284,0,Niciunul
214,Tarod,TAROD M10 ISO2,3072,411.31,1.77,9.78,81.81,2.11,63.2,74.83,Aluminiu,Filetare,443,1,Uzura excesiva
512,Placuta amovibila,CNMG120408,5442,1151.88,2.8,19.58,86.59,2.64,21.3,66.21,Aluminiu,Strunjire,91,1,Supraincalzire
199,Placuta amovibila,CNMG120408,5702,581.8,1.61,18.56,54.17,1.55,19.6,69.68,Aluminiu,Strunjire,493,0,Niciunul
230,Freza,FREZA HSS Ø8 2F,1831,1136.81,1.06,6.83,51.09,9.06,25.4,64.98,Otel,Frezare,134,1,Vibratii
271,Tarod,TAROD M10 ISO2,3208,628.73,1.68,10.83,95.57,2.23,28.4,61.23,Aluminiu,Filetare,465,1,Supraincalzire
406,Freza,FREZA HSS Ø8 2F,3729,864.73,0.67,16.75,41.25,1.07,17.4,73.22,Otel,Frezare,111,0,Niciunul
585,Burghiu,HSS DRILL Ø6,3522,980.07,2.65,15.0,69.83,1.67,15.0,61.38,Inox,Gaurire,183,0,Niciunul
230,Placuta amovibila,WNMG080408,2631,924.26,0.85,11.79,56.41,1.6,8.5,66.37,Otel,Strunjire,235,0,Niciunul
599,Freza,FREZA HSS Ø8 2F,4907,859.67,1.36,9.68,63.45,1.24,18.7,63.07,Otel,Frezare,24,0,Niciunul
8,Freza,FREZA CARBURA Ø10 4F,5057,1163.4,1.84,14.87,75.0,4.45,54.9,72.11,Inox,Frezare,150,1,Uzura excesiva
531,Placuta amovibila,CNMG120408,4265,291.96,0.63,6.32,50.91,1.32,18.2,60.14,Inox,Strunjire,447,0,Niciunul
70,Placuta amovibila,CNMG120408,2997,1113.46,0.64,5.75,40.39,1.61,14.1,63.1,Aluminiu,Strunjire,325,0,Niciunul
417,Freza,FREZA HSS Ø8 2F,5272,259.67,1.15,19.13,52.32,1.64,1.1,69.4,Aluminiu,Frezare,258,0,Niciunul
536,Burghiu,HSS DRILL Ø6,2153,843.4,1.48,13.19,74.33,3.32,67.5,68.04,Aluminiu,Gaurire,34,1,Uzura excesiva
33,Placuta amovibila,WNMG080408,2402,558.02,1.45,15.36,55.44,9.02,26.6,74.43,Inox,Strunjire,401,1,Vibratii
549,Freza,FREZA HSS Ø8 2F,2311,1002.18,2.16,16.22,48.09,0.64,7.4,69.23,Otel,Frezare,399,0,Niciunul
243,Tarod,TAROD M10 ISO2,1885,576.3,1.38,19.21,47.01,1.11,1.9,65.08,Inox,Filetare,177,0,Niciunul
170,Placuta amovibila,WNMG080408,5293,926.14,2.92,5.94,62.76,1.56,13.6,70.26,Otel,Strunjire,258,0,Niciunul
430,Freza,FREZA CARBURA Ø10 4F,3527,1058.48,1.77,11.78,84.33,1.1,61.7,62.32,Aluminiu,Frezare,407,1,Uzura excesiva
600,Burghiu,CARBIDE DRILL Ø12,2286,1041.32,1.36,15.6,53.07,5.31,51.6,61.45,Aluminiu,Gaurire,391,1,Vibratii
120,Burghiu,HSS DRILL Ø6,3596,685.14,2.14,18.39,47.83,0.51,17.4,62.98,Inox,Gaurire,341,0,Niciunul
386,Burghiu,HSS DRILL Ø6,5633,645.26,2.8,17.73,99.32,3.24,35.4,68.48,Aluminiu,Gaurire,107,1,Supraincalzire
457,Freza,FREZA HSS Ø8 2F,4360,370.23,1.0,7.03,35.83,1.31,0.4,60.26,Inox,Frezare,405,0,Niciunul
74,Tarod,TAROD M10 ISO2,5747,593.68,1.54,15.01,67.3,2.08,54.6,62.34,Inox,Filetare,388,1,Uzura excesiva
9,Burghiu,CARBIDE DRILL Ø12,2065,446.56,1.86,14.71,71.56,7.22,42.0,68.48,Otel,Gaurire,381,1,Vibratii
404,Burghiu,CARBIDE DRILL Ø12,4795,513.69,1.38,10.82,78.86,2.69,72.0,63.63,Aluminiu,Gaurire,33,1,Uzura excesiva
78,Placuta amovibila,WNMG080408,3525,821.0,2.82,18.93,55.48,0.88,5.1,68.67,Otel,Strunjire,191,0,Niciunul
416,Freza,FREZA HSS Ø8 2F,5562,1129.42,2.13,18.58,72.65,4.15,78.2,62.81,Otel,Frezare,478,1,Uzura excesiva
107,Tarod,TAROD M10 ISO2,5449,475.07,2.1,5.77,62.69,4.64,73.9,72.39,Inox,Filetare,374,1,Uzura excesiva
555,Freza,FREZA CARBURA Ø10 4F,5119,983.3,2.85,8.67,56.43,4.86,60.2,64.76,Otel,Frezare,160,1,Uzura excesiva
301,Placuta amovibila,CNMG120408,5182,536.23,2.4,12.25,82.13,2.87,15.2,74.16,Inox,Strunjire,243,1,Supraincalzire
156,Placuta amovibila,CNMG120408,5629,509.66,0.16,17.87,52.52,1.5,2.1,66.56,Aluminiu,Strunjire,300,0,Niciunul
479,Placuta amovibila,CNMG120408,3843,758.75,2.01,10.92,71.91,10.06,28.3,68.58,Aluminiu,Strunjire,336,1,Vibratii
317,Burghiu,CARBIDE DRILL Ø12,5163,653.86,2.77,8.98,35.12,0.95,8.7,70.7,Inox,Gaurire,31,0,Niciunul
68,Burghiu,CARBIDE DRILL Ø12,5000,537.38,1.85,19.05,105.84,2.38,33.7,64.48,Aluminiu,Gaurire,266,1,Supraincalzire
262,Placuta amovibila,CNMG120408,2186,717.95,1.05,8.95,79.87,1.91,72.9,63.41,Inox,Strunjire,425,1,Niciunul
229,Burghiu,CARBIDE DRILL Ø12,4672,663.23,2.14,15.55,66.95,3.45,42.7,73.26,Otel,Gaurire,436,1,Niciunul
583,Placuta amovibila,CNMG120408,2252,347.98,1.85,15.4,76.85,6.99,48.1,66.6,Aluminiu,Strunjire,272,1,Vibratii
41,Freza,FREZA CARBURA Ø10 4F,1901,899.11,1.35,19.79,94.91,2.17,16.8,60.65,Inox,Frezare,360,1,Supraincalzire
276,Freza,FREZA CARBURA Ø10 4F,2075,685.73,2.87,8.94,65.44,0.72,17.4,73.81,Aluminiu,Frezare,416,0,Niciunul
165,Burghiu,HSS DRILL Ø6,3542,870.35,2.6,19.77,81.56,3.43,42.7,63.7,Otel,Gaurire,375,1,Niciunul
422,Burghiu,CARBIDE DRILL Ø12,2464,351.83,2.4,17.83,103.4,2.77,35.3,69.23,Otel,Gaurire,236,1,Supraincalzire
191,Placuta amovibila,CNMG120408,4758,948.74,0.27,11.68,110.94,3.41,21.7,63.45,Aluminiu,Strunjire,143,1,Supraincalzire
142,Placuta amovibila,CNMG120408,2372,870.53,0.54,16.07,67.63,10.61,40.6,63.96,Otel,Strunjire,290,1,Vibratii
511,Freza,FREZA CARBURA Ø10 4F,3904,473.06,1.95,9.64,68.52,1.88,41.9,66.24,Aluminiu,Frezare,345,1,Uzura excesiva
214,Burghiu,HSS DRILL Ø6,5760,668.97,1.73,19.65,44.25,1.99,3.3,62.59,Aluminiu,Gaurire,343,0,Niciunul
431,Freza,FREZA CARBURA Ø10 4F,4159,636.04,2.74,8.47,48.95,1.73,13.2,62.22,Aluminiu,Frezare,7,0,Niciunul
154,Burghiu,CARBIDE DRILL Ø12,5461,894.1,2.62,10.58,51.26,0.92,4.6,61.37,Otel,Gaurire,271,0,Niciunul
138,Burghiu,CARBIDE DRILL Ø12,2914,1050.44,1.85,9.13,111.46,3.16,22.7,61.05,Otel,Gaurire,182,1,Supraincalzire
403,Placuta amovibila,WNMG080408,5730,905.62,2.26,15.23,52.69,0.84,2.9,72.42,Aluminiu,Strunjire,105,0,Niciunul
557,Burghiu,HSS DRILL Ø6,2290,649.9,0.37,12.78,55.5,2.95,54.8,71.13,Otel,Gaurire,145,1,Uzura excesiva
114,Tarod,TAROD M10 ISO2,5320,569.63,1.59,18.97,85.51,0.93,29.6,69.11,Inox,Filetare,263,1,Supraincalzire
477,Freza,FREZA CARBURA Ø10 4F,1708,956.03,2.91,5.18,62.91,4.81,61.9,67.22,Otel,Frezare,122,1,Uzura excesiva
166,Freza,FREZA HSS Ø8 2F,4581,915.83,1.04,15.71,85.2,4.06,71.1,72.28,Otel,Frezare,345,1,Uzura excesiva
218,Placuta amovibila,WNMG080408,5948,463.58,0.61,14.83,81.98,2.35,70.3,70.05,Otel,Strunjire,217,1,Uzura excesiva
95,Placuta amovibila,WNMG080408,2023,860.27,1.49,8.2,91.73,2.73,19.6,74.74,Aluminiu,Strunjire,223,1,Supraincalzire
507,Freza,FREZA CARBURA Ø10 4F,4882,1118.65,2.59,13.53,45.4,1.81,10.8,70.43,Inox,Frezare,178,0,Niciunul
364,Tarod,TAROD M10 ISO2,3424,746.64,1.89,16.8,39.13,1.16,5.9,65.96,Aluminiu,Filetare,34,0,Niciunul
434,Burghiu,HSS DRILL Ø6,4596,779.69,1.09,7.95,84.52,9.44,33.2,64.4,Aluminiu,Gaurire,383,1,Vibratii
339,Placuta amovibila,WNMG080408,4017,735.77,2.63,18.68,39.09,1.23,8.7,60.9,Aluminiu,Strunjire,180,0,Niciunul
479,Burghiu,HSS DRILL Ø6,3644,632.85,1.54,8.68,84.49,1.55,76.3,68.55,Inox,Gaurire,390,1,Uzura excesiva
389,Freza,FREZA CARBURA Ø10 4F,3311,584.11,0.62,11.35,57.61,1.96,17.9,64.54,Aluminiu,Frezare,20,0,Niciunul
266,Placuta amovibila,CNMG120408,4385,463.69,2.19,14.76,67.4,1.71,43.8,68.17,Otel,Strunjire,204,1,Uzura excesiva
255,Burghiu,HSS DRILL Ø6,4490,722.8,2.7,9.19,50.38,1.23,10.0,61.35,Aluminiu,Gaurire,447,0,Niciunul
39,Freza,FREZA CARBURA Ø10 4F,2083,1130.25,2.74,19.88,48.22,1.97,7.9,62.61,Otel,Frezare,427,0,Niciunul
167,Freza,FREZA HSS Ø8 2F,4150,530.03,1.31,14.48,115.32,0.79,10.2,68.54,Aluminiu,Frezare,423,1,Supraincalzire
145,Freza,FREZA CARBURA Ø10 4F,5661,716.12,0.85,15.73,47.18,1.84,13.4,72.23,Inox,Frezare,461,0,Niciunul
181,Freza,FREZA CARBURA Ø10 4F,2716,231.15,1.24,15.07,63.23,1.2,12.5,68.84,Inox,Frezare,496,0,Niciunul
179,Freza,FREZA CARBURA Ø10 4F,3480,577.63,2.41,7.6,105.33,2.35,22.3,74.27,Otel,Frezare,181,1,Supraincalzire
26,Burghiu,HSS DRILL Ø6,1972,358.87,2.17,5.52,63.19,7.2,57.9,69.03,Aluminiu,Gaurire,354,1,Vibratii
215,Freza,FREZA CARBURA Ø10 4F,3786,234.66,2.34,12.42,66.28,1.91,17.0,74.3,Inox,Frezare,7,0,Niciunul
68,Freza,FREZA HSS Ø8 2F,4662,888.82,0.74,8.15,58.6,1.58,16.5,69.38,Aluminiu,Frezare,362,0,Niciunul
505,Placuta amovibila,CNMG120408,1831,897.14,2.07,14.32,52.9,3.55,66.8,65.01,Aluminiu,Strunjire,231,1,Uzura excesiva
229,Burghiu,HSS DRILL Ø6,4767,702.37,1.53,10.22,60.62,1.66,67.3,63.63,Aluminiu,Gaurire,25,1,Uzura excesiva
391,Burghiu,CARBIDE DRILL Ø12,4625,876.86,2.77,16.34,66.67,1.5,12.7,62.22,Inox,Gaurire,184,0,Niciunul
76,Burghiu,HSS DRILL Ø6,4000,812.73,1.03,16.68,101.53,1.41,36.4,65.15,Otel,Gaurire,177,1,Niciunul
329,Freza,FREZA CARBURA Ø10 4F,5035,431.96,1.06,6.76,113.8,0.97,13.7,74.76,Aluminiu,Frezare,143,1,Supraincalzire
170,Placuta amovibila,CNMG120408,5240,687.09,1.82,6.35,36.21,0.56,11.8,73.29,Inox,Strunjire,140,0,Niciunul
363,Placuta amovibila,CNMG120408,5842,1193.1,2.59,5.64,116.83,2.45,18.4,61.4,Inox,Strunjire,365,1,Supraincalzire
271,Freza,FREZA CARBURA Ø10 4F,5671,1013.47,2.22,8.47,46.66,1.16,4.1,62.06,Inox,Frezare,486,0,Niciunul
455,Tarod,TAROD M10 ISO2,2884,517.56,0.4,15.07,49.57,0.59,13.0,72.59,Aluminiu,Filetare,237,0,Niciunul
220,Freza,FREZA HSS Ø8 2F,4681,732.59,0.57,18.46,86.88,10.7,36.0,72.13,Inox,Frezare,401,1,Vibratii
150,Tarod,TAROD M10 ISO2,3474,747.69,2.22,9.09,92.59,3.83,33.6,74.35,Otel,Filetare,422,1,Supraincalzire
173,Placuta amovibila,CNMG120408,2314,298.14,2.24,9.78,56.8,1.04,53.3,60.73,Inox,Strunjire,398,1,Uzura excesiva
259,Burghiu,HSS DRILL Ø6,4549,1166.95,2.68,18.09,59.83,1.66,74.1,70.17,Otel,Gaurire,334,1,Uzura excesiva
226,Freza,FREZA CARBURA Ø10 4F,2950,807.93,2.91,12.11,106.52,2.3,10.9,69.99,Inox,Frezare,433,1,Supraincalzire
544,Tarod,TAROD M10 ISO2,2071,431.78,0.18,6.3,57.45,1.1,18.0,74.31,Inox,Filetare,462,0,Niciunul
163,Freza,FREZA CARBURA Ø10 4F,3710,1044.22,1.65,16.18,53.04,1.2,1.6,65.67,Otel,Frezare,207,0,Niciunul
159,Burghiu,HSS DRILL Ø6,4754,1198.36,1.17,13.18,48.02,0.65,8.8,67.63,Otel,Gaurire,262,0,Niciunul
186,Placuta amovibila,CNMG120408,4978,306.81,0.56,5.82,67.53,1.52,9.8,72.41,Otel,Strunjire,233,0,Niciunul
429,Freza,FREZA CARBURA Ø10 4F,2084,524.87,1.28,15.62,55.63,7.63,56.1,72.03,Aluminiu,Frezare,294,1,Vibratii
179,Placuta amovibila,WNMG080408,2187,452.8,0.95,18.22,59.2,3.67,61.7,67.38,Otel,Strunjire,428,1,Uzura excesiva
211,Tarod,TAROD M10 ISO2,3112,434.8,0.3,19.28,37.99,1.92,10.8,72.88,Aluminiu,Filetare,360,0,Niciunul
205,Burghiu,CARBIDE DRILL Ø12,3748,701.75,0.65,18.86,66.28,3.57,20.3,65.58,Inox,Gaurire,336,1,Niciunul
448,Placuta amovibila,CNMG120408,4822,754.68,1.38,12.12,36.46,1.34,6.3,71.75,Otel,Strunjire,80,0,Niciunul
237,Placuta amovibila,CNMG120408,5093,561.77,0.42,10.14,63.13,1.22,16.2,69.31,Inox,Strunjire,403,0,Niciunul
336,Placuta amovibila,CNMG120408,5966,793.75,1.73,16.92,70.38,9.02,54.0,62.75,Inox,Strunjire,458,1,Vibratii
463,Burghiu,CARBIDE DRILL Ø12,1702,356.68,2.48,11.52,104.17,2.14,13.2,72.98,Otel,Gaurire,107,1,Supraincalzire
53,Freza,FREZA HSS Ø8 2F,2678,1003.1,2.43,17.52,48.94,1.29,8.4,67.26,Aluminiu,Frezare,247,0,Niciunul
90,Placuta amovibila,WNMG080408,1924,673.59,2.26,6.53,106.09,0.95,23.9,60.69,Inox,Strunjire,15,1,Supraincalzire
333,Burghiu,HSS DRILL Ø6,4427,672.66,1.08,11.68,63.75,1.79,19.5,67.04,Aluminiu,Gaurire,51,0,Niciunul
16,Freza,FREZA HSS Ø8 2F,5408,351.31,2.47,18.39,82.11,4.02,45.3,62.62,Inox,Frezare,57,1,Uzura excesiva
536,Burghiu,CARBIDE DRILL Ø12,4101,709.63,1.51,15.9,43.72,0.56,0.0,61.98,Aluminiu,Gaurire,279,0,Niciunul
270,Placuta amovibila,WNMG080408,3222,1063.48,0.26,19.35,93.34,1.39,15.7,74.84,Inox,Strunjire,32,1,Supraincalzire
195,Burghiu,CARBIDE DRILL Ø12,5457,636.92,0.56,16.85,63.3,0.81,18.3,61.6,Otel,Gaurire,350,0,Niciunul
439,Placuta amovibila,WNMG080408,1787,945.47,1.69,6.55,82.7,5.66,43.8,69.43,Aluminiu,Strunjire,337,1,Vibratii
419,Burghiu,HSS DRILL Ø6,3425,422.15,2.28,16.71,63.88,0.79,11.4,70.18,Aluminiu,Gaurire,81,0,Niciunul
308,Tarod,TAROD M10 ISO2,3736,904.98,2.99,11.25,71.52,7.76,26.8,74.92,Otel,Filetare,237,1,Vibratii
299,Placuta amovibila,CNMG120408,3068,961.63,1.47,7.04,103.33,3.18,24.5,68.93,Aluminiu,Strunjire,208,1,Supraincalzire
59,Tarod,TAROD M10 ISO2,4866,769.04,1.65,17.45,78.58,7.35,59.7,63.1,Aluminiu,Filetare,341,1,Vibratii
458,Freza,FREZA CARBURA Ø10 4F,2304,1046.18,1.89,18.12,55.17,1.39,10.3,67.53,Otel,Frezare,51,0,Niciunul
352,Placuta amovibila,CNMG120408,2448,377.06,2.91,15.05,65.95,1.87,2.5,70.6,Aluminiu,Strunjire,256,0,Niciunul
495,Placuta amovibila,WNMG080408,1965,342.98,2.58,9.15,50.82,2.2,43.3,69.77,Inox,Strunjire,385,1,Uzura excesiva
206,Freza,FREZA CARBURA Ø10 4F,2535,665.39,1.97,12.93,58.84,2.63,52.6,64.22,Inox,Frezare,153,1,Uzura excesiva
425,Freza,FREZA HSS Ø8 2F,5150,1052.18,1.58,11.28,58.1,1.25,5.6,61.03,Otel,Frezare,246,0,Niciunul
165,Placuta amovibila,CNMG120408,5887,1139.03,0.52,15.08,56.06,1.79,19.4,69.8,Inox,Strunjire,165,0,Niciunul
519,Freza,FREZA CARBURA Ø10 4F,3317,354.48,2.28,10.97,67.42,4.15,40.7,65.41,Otel,Frezare,342,1,Vibratii
447,Burghiu,HSS DRILL Ø6,2116,902.82,0.7,17.61,59.13,1.58,44.1,68.1,Otel,Gaurire,308,1,Uzura excesiva
228,Placuta amovibila,WNMG080408,5934,340.23,2.85,12.39,115.68,0.91,39.0,69.55,Aluminiu,Strunjire,164,1,Supraincalzire
298,Burghiu,HSS DRILL Ø6,4863,1045.14,1.06,19.62,66.37,1.97,5.5,63.62,Otel,Gaurire,486,0,Niciunul
15,Burghiu,CARBIDE DRILL Ø12,2501,600.3,2.1,18.27,41.23,1.94,4.4,64.96,Inox,Gaurire,137,0,Niciunul
409,Tarod,TAROD M10 ISO2,4109,869.74,1.1,8.59,51.37,0.61,3.3,66.5,Aluminiu,Filetare,405,0,Niciunul
34,Burghiu,CARBIDE DRILL Ø12,2772,458.98,0.27,11.44,37.84,1.59,16.1,67.26,Otel,Gaurire,291,0,Niciunul
95,Freza,FREZA CARBURA Ø10 4F,2957,938.3,2.35,12.63,51.65,1.08,19.0,62.78,Inox,Frezare,341,0,Niciunul
577,Tarod,TAROD M10 ISO2,4427,926.26,2.57,14.47,89.8,1.08,71.2,67.65,Otel,Filetare,437,1,Uzura excesiva
129,Placuta amovibila,WNMG080408,3470,1091.56,1.84,9.45,59.19,1.32,12.6,71.51,Aluminiu,Strunjire,283,0,Niciunul
390,Burghiu,HSS DRILL Ø6,4087,973.33,1.44,12.24,45.31,0.81,10.1,67.61,Aluminiu,Gaurire,283,0,Niciunul
60,Placuta amovibila,CNMG120408,3533,1009.43,2.41,5.63,65.22,0.8,13.1,70.17,Otel,Strunjire,6,0,Niciunul
329,Burghiu,CARBIDE DRILL Ø12,2765,1003.12,1.79,18.44,61.15,1.31,15.1,68.52,Inox,Gaurire,369,0,Niciunul
386,Placuta amovibila,WNMG080408,4530,703.77,2.71,18.03,62.25,3.05,65.1,69.34,Inox,Strunjire,120,1,Uzura excesiva
41,Placuta amovibila,WNMG080408,3921,558.25,2.44,18.23,88.73,1.49,42.9,62.39,Inox,Strunjire,44,1,Uzura excesiva
567,Placuta amovibila,WNMG080408,4232,325.05,0.63,5.12,87.57,1.51,65.6,74.25,Aluminiu,Strunjire,154,1,Uzura excesiva
575,Freza,FREZA HSS Ø8 2F,2802,760.62,0.55,15.55,79.75,10.54,32.3,65.88,Otel,Frezare,336,1,Vibratii
391,Placuta amovibila,WNMG080408,2875,489.79,1.33,17.36,69.57,1.25,8.4,65.72,Otel,Strunjire,233,0,Niciunul
174,Freza,FREZA CARBURA Ø10 4F,5530,1033.96,0.37,6.35,53.22,11.71,50.9,65.7,Aluminiu,Frezare,140,1,Vibratii
17,Placuta amovibila,CNMG120408,3648,621.79,2.28,14.75,57.06,6.97,41.9,62.76,Aluminiu,Strunjire,348,1,Vibratii
438,Freza,FREZA HSS Ø8 2F,5422,301.87,1.97,18.72,46.03,1.81,14.9,64.65,Inox,Frezare,190,0,Niciunul
279,Tarod,TAROD M10 ISO2,4216,626.15,1.23,9.83,44.72,0.77,4.3,62.97,Inox,Filetare,35,0,Niciunul
256,Placuta amovibila,WNMG080408,5119,265.9,0.66,14.72,49.98,1.08,9.9,71.64,Inox,Strunjire,258,0,Niciunul
198,Tarod,TAROD M10 ISO2,5562,334.37,2.14,9.2,47.69,1.44,5.3,61.97,Aluminiu,Filetare,490,0,Niciunul
294,Placuta amovibila,CNMG120408,3228,667.79,1.71,7.1,61.89,1.1,13.4,73.27,Inox,Strunjire,238,0,Niciunul
237,Freza,FREZA HSS Ø8 2F,3212,213.51,1.71,11.89,64.31,1.38,11.3,66.53,Aluminiu,Frezare,366,0,Niciunul
27,Tarod,TAROD M10 ISO2,2190,257.5,2.42,9.41,59.19,0.69,19.4,61.47,Aluminiu,Filetare,129,0,Niciunul
265,Tarod,TAROD M10 ISO2,4261,766.61,2.22,9.64,59.25,1.25,75.1,73.41,Aluminiu,Filetare,171,1,Uzura excesiva
50,Freza,FREZA CARBURA Ø10 4F,1953,963.64,2.79,5.51,85.42,3.74,43.2,69.59,Inox,Frezare,135,1,Uzura excesiva
161,Burghiu,CARBIDE DRILL Ø12,1835,250.4,0.35,15.5,53.58,3.22,67.5,74.44,Inox,Gaurire,304,1,Uzura excesiva
257,Burghiu,CARBIDE DRILL Ø12,4372,456.58,0.17,18.38,74.77,4.02,35.1,62.48,Otel,Gaurire,187,1,Niciunul
317,Placuta amovibila,CNMG120408,4589,722.19,2.68,18.51,67.93,1.54,41.3,73.56,Inox,Strunjire,435,1,Uzura excesiva
318,Freza,FREZA CARBURA Ø10 4F,2395,753.62,1.07,18.59,98.22,1.25,26.9,68.62,Otel,Frezare,500,1,Supraincalzire
294,Tarod,TAROD M10 ISO2,1918,840.68,2.36,14.97,58.13,8.55,41.0,73.79,Inox,Filetare,25,1,Vibratii
53,Burghiu,HSS DRILL Ø6,1925,645.63,1.53,7.03,59.8,8.15,28.7,69.33,Aluminiu,Gaurire,187,1,Vibratii
306,Placuta amovibila,WNMG080408,2754,364.71,2.62,15.4,103.68,1.9,37.3,66.37,Inox,Strunjire,245,1,Supraincalzire
521,Tarod,TAROD M10 ISO2,4793,968.66,1.5,17.95,51.89,0.55,10.1,71.63,Aluminiu,Filetare,300,0,Niciunul
105,Placuta amovibila,CNMG120408,4777,927.39,0.48,5.31,58.69,1.61,15.4,62.99,Otel,Strunjire,363,0,Niciunul
566,Burghiu,HSS DRILL Ø6,4121,390.2,0.31,18.19,44.15,1.76,0.3,64.46,Aluminiu,Gaurire,133,0,Niciunul
87,Placuta amovibila,WNMG080408,5910,841.05,1.02,19.13,63.47,1.14,1.7,70.95,Otel,Strunjire,400,0,Niciunul
119,Placuta amovibila,CNMG120408,5264,939.55,0.14,6.19,57.94,1.44,13.7,63.85,Inox,Strunjire,21,0,Niciunul
328,Burghiu,HSS DRILL Ø6,5914,481.83,2.52,6.44,58.57,0.91,2.5,73.24,Otel,Gaurire,434,0,Niciunul
395,Placuta amovibila,CNMG120408,2339,797.07,1.26,16.83,81.6,2.72,35.0,68.73,Inox,Strunjire,461,1,Supraincalzire
236,Placuta amovibila,CNMG120408,4970,541.72,1.93,13.96,45.66,1.74,9.1,73.12,Inox,Strunjire,212,0,Niciunul
305,Placuta amovibila,CNMG120408,5900,1058.6,0.67,6.07,75.34,2.19,54.4,60.33,Aluminiu,Strunjire,340,1,Uzura excesiva
6,Placuta amovibila,CNMG120408,5311,977.69,0.77,12.7,51.57,0.77,15.4,64.18,Aluminiu,Strunjire,380,0,Niciunul
216,Placuta amovibila,CNMG120408,2688,760.72,2.69,14.88,63.53,0.5,1.1,67.64,Otel,Strunjire,137,0,Niciunul
142,Freza,FREZA HSS Ø8 2F,5603,997.28,2.12,11.85,55.0,1.94,7.0,64.92,Aluminiu,Frezare,51,0,Niciunul
109,Placuta amovibila,CNMG120408,4941,1174.04,0.88,18.83,96.09,3.81,25.7,74.04,Inox,Strunjire,35,1,Supraincalzire
591,Freza,FREZA HSS Ø8 2F,4131,617.27,0.11,11.83,62.22,1.61,7.8,61.69,Inox,Frezare,175,0,Niciunul
94,Burghiu,CARBIDE DRILL Ø12,5881,679.35,1.41,13.27,107.23,3.04,27.4,71.52,Aluminiu,Gaurire,254,1,Supraincalzire
327,Freza,FREZA HSS Ø8 2F,4478,620.62,1.34,17.63,54.68,1.37,14.8,74.03,Inox,Frezare,421,0,Niciunul
389,Placuta amovibila,WNMG080408,4775,590.78,0.55,12.34,51.48,3.07,67.3,72.8,Aluminiu,Strunjire,405,1,Uzura excesiva
25,Burghiu,CARBIDE DRILL Ø12,1680,765.12,0.26,11.28,87.52,6.62,39.5,66.55,Aluminiu,Gaurire,164,1,Niciunul
373,Burghiu,CARBIDE DRILL Ø12,4840,688.19,1.39,12.03,68.92,6.9,45.9,68.94,Inox,Gaurire,4,1,Vibratii
23,Placuta amovibila,CNMG120408,2961,465.17,0.89,11.8,35.03,0.62,19.2,73.61,Otel,Strunjire,335,0,Niciunul
478,Tarod,TAROD M10 ISO2,4314,968.4,0.84,19.14,37.14,1.94,6.9,73.65,Inox,Filetare,467,0,Niciunul
144,Placuta amovibila,CNMG120408,3760,679.58,2.11,19.24,56.59,0.92,5.8,62.68,Aluminiu,Strunjire,249,0,Niciunul
194,Tarod,TAROD M10 ISO2,4699,416.11,1.48,16.18,81.4,2.48,14.0,63.35,Aluminiu,Filetare,104,1,Supraincalzire
288,Placuta amovibila,CNMG120408,5193,767.36,0.27,13.54,62.26,1.0,2.6,69.34,Otel,Strunjire,455,0,Niciunul
597,Placuta amovibila,WNMG080408,2650,1127.51,2.47,10.11,77.95,3.54,28.6,69.55,Inox,Strunjire,223,1,Vibratii
190,Burghiu,HSS DRILL Ø6,3742,1128.97,0.8,19.14,63.1,11.67,59.1,69.65,Otel,Gaurire,338,1,Vibratii
263,Burghiu,CARBIDE DRILL Ø12,3767,1046.42,0.44,5.85,44.72,1.49,19.0,69.18,Aluminiu,Gaurire,221,0,Niciunul
337,Tarod,TAROD M10 ISO2,5273,559.71,2.44,9.82,48.89,1.53,7.3,68.29,Inox,Filetare,405,0,Niciunul
307,Placuta amovibila,CNMG120408,2627,677.24,1.56,14.72,112.99,1.17,30.7,61.89,Aluminiu,Strunjire,98,1,Niciunul
97,Freza,FREZA HSS Ø8 2F,2313,826.65,2.26,15.88,68.61,0.64,16.0,72.43,Inox,Frezare,37,0,Niciunul
500,Burghiu,CARBIDE DRILL Ø12,5898,369.81,2.5,15.94,70.53,5.89,26.6,65.32,Inox,Gaurire,366,1,Vibratii
466,Tarod,TAROD M10 ISO2,4298,586.52,1.82,8.37,35.99,1.34,19.7,69.42,Otel,Filetare,447,0,Niciunul
464,Tarod,TAROD M10 ISO2,1843,223.85,2.56,18.62,90.76,3.09,31.0,69.3,Aluminiu,Filetare,218,1,Supraincalzire
329,Freza,FREZA HSS Ø8 2F,5233,230.37,2.49,9.06,44.56,1.93,10.2,64.47,Aluminiu,Frezare,192,0,Niciunul
423,Tarod,TAROD M10 ISO2,5829,859.28,2.95,16.06,54.68,2.38,72.1,62.62,Otel,Filetare,391,1,Uzura excesiva
312,Tarod,TAROD M10 ISO2,2549,1107.77,2.2,9.42,54.92,2.96,50.4,70.67,Otel,Filetare,87,1,Uzura excesiva
471,Tarod,TAROD M10 ISO2,3765,996.64,0.26,8.16,91.89,3.41,10.4,61.86,Otel,Filetare,467,1,Supraincalzire
263,Placuta amovibila,CNMG120408,4170,1099.01,0.31,19.0,63.97,9.38,40.5,65.71,Aluminiu,Strunjire,44,1,Vibratii
15,Tarod,TAROD M10 ISO2,2102,361.55,2.96,6.68,36.28,0.92,6.2,64.75,Inox,Filetare,178,0,Niciunul
68,Tarod,TAROD M10 ISO2,2728,351.11,2.62,7.21,78.42,3.16,65.8,61.09,Inox,Filetare,129,1,Niciunul
431,Placuta amovibila,WNMG080408,5912,940.69,1.48,16.83,115.43,2.71,25.7,61.14,Inox,Strunjire,456,1,Supraincalzire
107,Placuta amovibila,WNMG080408,2413,529.54,2.27,7.83,77.7,1.98,62.4,66.75,Inox,Strunjire,457,1,Uzura excesiva
413,Burghiu,HSS DRILL Ø6,5561,1115.28,1.64,15.43,88.62,3.63,28.9,60.55,Inox,Gaurire,137,1,Supraincalzire
513,Burghiu,CARBIDE DRILL Ø12,2429,288.23,0.77,9.78,55.62,1.62,9.3,62.35,Otel,Gaurire,410,0,Niciunul
164,Placuta amovibila,CNMG120408,3916,424.39,2.13,16.78,55.23,0.88,15.4,65.65,Otel,Strunjire,439,0,Niciunul
304,Burghiu,CARBIDE DRILL Ø12,3760,866.75,1.41,7.49,93.22,2.85,33.8,69.64,Aluminiu,Gaurire,222,1,Supraincalzire
7,Placuta amovibila,WNMG080408,5624,693.48,2.88,8.2,87.77,3.51,25.6,68.13,Inox,Strunjire,63,1,Niciunul
70,Burghiu,CARBIDE DRILL Ø12,5400,958.53,2.63,13.87,71.85,1.32,52.5,61.03,Inox,Gaurire,129,1,Niciunul
118,Freza,FREZA CARBURA Ø10 4F,4135,1137.74,2.97,13.69,35.79,1.43,17.8,72.26,Otel,Frezare,260,0,Niciunul
32,Burghiu,CARBIDE DRILL Ø12,4380,429.48,1.81,7.71,87.41,3.38,22.0,64.48,Inox,Gaurire,447,1,Supraincalzire
10,Burghiu,CARBIDE DRILL Ø12,5866,225.89,1.23,8.16,89.96,4.62,24.4,61.76,Inox,Gaurire,115,1,Vibratii
434,Placuta amovibila,CNMG120408,2060,1040.86,2.26,16.23,88.57,7.65,38.7,60.56,Otel,Strunjire,405,1,Vibratii
22,Tarod,TAROD M10 ISO2,4605,1190.9,0.52,12.74,66.66,1.28,75.1,70.41,Otel,Filetare,149,1,Uzura excesiva
576,Tarod,TAROD M10 ISO2,4747,224.21,1.04,15.76,51.25,1.03,10.7,68.47,Aluminiu,Filetare,439,0,Niciunul
525,Burghiu,HSS DRILL Ø6,4626,467.27,1.57,15.4,44.1,0.72,3.1,71.65,Inox,Gaurire,262,0,Niciunul
336,Freza,FREZA CARBURA Ø10 4F,3244,983.41,1.53,15.04,67.13,1.43,5.1,68.31,Aluminiu,Frezare,384,0,Niciunul
178,Tarod,TAROD M10 ISO2,5573,639.22,1.09,5.56,67.46,4.0,73.8,67.54,Aluminiu,Filetare,366,1,Uzura excesiva
441,Placuta amovibila,CNMG120408,4683,919.89,2.9,14.7,37.88,1.43,16.7,64.91,Otel,Strunjire,349,0,Niciunul
577,Freza,FREZA HSS Ø8 2F,2366,369.0,0.54,10.47,88.53,2.95,23.7,65.44,Otel,Frezare,79,1,Supraincalzire
536,Freza,FREZA HSS Ø8 2F,5311,818.88,1.96,16.13,117.91,3.26,10.3,74.99,Aluminiu,Frezare,108,1,Supraincalzire
201,Freza,FREZA CARBURA Ø10 4F,1679,669.4,1.89,18.57,87.42,3.14,36.4,63.39,Aluminiu,Frezare,143,1,Niciunul
491,Burghiu,CARBIDE DRILL Ø12,4219,864.1,0.24,8.52,36.29,1.73,17.6,67.38,Inox,Gaurire,89,0,Niciunul
361,Freza,FREZA HSS Ø8 2F,4913,1104.77,1.79,16.26,53.66,0.52,16.1,71.21,Otel,Frezare,497,0,Niciunul
427,Tarod,TAROD M10 ISO2,2820,1102.74,1.8,15.62,35.15,1.72,1.1,65.1,Otel,Filetare,307,0,Niciunul
49,Burghiu,HSS DRILL Ø6,3852,642.85,0.58,17.55,57.3,2.23,57.9,64.63,Otel,Gaurire,451,1,Uzura excesiva
372,Freza,FREZA HSS Ø8 2F,2621,549.94,0.9,12.42,85.84,2.16,24.5,63.2,Aluminiu,Frezare,142,1,Supraincalzire
503,Tarod,TAROD M10 ISO2,5487,635.72,0.83,11.46,70.15,8.49,48.5,67.93,Aluminiu,Filetare,259,1,Vibratii
200,Tarod,TAROD M10 ISO2,5706,1121.41,0.92,6.91,76.02,11.83,45.1,71.72,Inox,Filetare,479,1,Vibratii
248,Burghiu,HSS DRILL Ø6,5390,595.74,1.86,19.95,71.21,3.24,53.5,64.1,Aluminiu,Gaurire,217,1,Vibratii
494,Placuta amovibila,WNMG080408,3044,827.74,2.16,9.11,72.82,10.66,24.4,64.24,Inox,Strunjire,256,1,Vibratii
294,Placuta amovibila,WNMG080408,3669,583.28,0.37,5.45,104.15,0.88,19.5,70.57,Otel,Strunjire,126,1,Supraincalzire
66,Placuta amovibila,CNMG120408,3121,823.27,0.42,11.63,52.21,0.68,3.7,65.94,Otel,Strunjire,281,0,Niciunul
377,Placuta amovibila,WNMG080408,2985,611.52,2.12,15.89,78.99,3.18,54.0,72.66,Aluminiu,Strunjire,118,1,Niciunul
60,Freza,FREZA HSS Ø8 2F,3481,862.01,0.43,11.46,50.84,1.94,5.5,73.98,Aluminiu,Frezare,310,0,Niciunul
63,Placuta amovibila,WNMG080408,4228,853.45,0.48,6.35,61.82,5.66,26.0,72.02,Inox,Strunjire,100,1,Vibratii
370,Burghiu,HSS DRILL Ø6,2766,548.93,1.34,10.64,55.73,1.75,0.9,63.42,Otel,Gaurire,431,0,Niciunul
388,Tarod,TAROD M10 ISO2,1975,970.11,1.47,11.91,98.09,1.56,22.4,68.67,Otel,Filetare,229,1,Niciunul
179,Freza,FREZA HSS Ø8 2F,1749,438.22,2.03,10.4,88.82,2.0,78.0,68.39,Otel,Frezare,226,1,Uzura excesiva
212,Tarod,TAROD M10 ISO2,2021,534.37,0.86,12.67,51.32,1.53,17.6,68.25,Inox,Filetare,263,0,Niciunul
147,Tarod,TAROD M10 ISO2,3957,377.82,0.89,18.94,51.26,4.23,47.3,66.92,Aluminiu,Filetare,89,1,Niciunul
134,Burghiu,CARBIDE DRILL Ø12,3344,390.87,0.52,6.06,42.63,0.76,3.0,69.82,Aluminiu,Gaurire,235,0,Niciunul
346,Placuta amovibila,CNMG120408,3797,1110.61,1.63,19.89,46.98,1.48,20.0,65.46,Otel,Strunjire,393,0,Niciunul
505,Tarod,TAROD M10 ISO2,2003,538.52,1.85,5.74,79.68,3.16,50.3,70.03,Aluminiu,Filetare,426,1,Uzura excesiva
144,Freza,FREZA CARBURA Ø10 4F,3531,1187.76,1.76,10.56,40.33,1.24,5.1,72.82,Otel,Frezare,335,0,Niciunul
492,Burghiu,HSS DRILL Ø6,4984,930.91,2.77,15.79,59.34,4.47,46.6,74.22,Inox,Gaurire,142,1,Uzura excesiva
171,Burghiu,HSS DRILL Ø6,5397,1120.63,2.37,15.17,55.23,1.45,7.7,66.08,Aluminiu,Gaurire,342,0,Niciunul
438,Placuta amovibila,CNMG120408,5883,384.06,2.66,7.3,82.6,10.16,35.3,69.44,Aluminiu,Strunjire,69,1,Vibratii
296,Burghiu,HSS DRILL Ø6,1991,544.11,2.18,15.04,66.13,4.6,48.6,64.26,Otel,Gaurire,100,1,Vibratii
443,Freza,FREZA HSS Ø8 2F,5485,619.58,1.75,6.91,66.54,4.93,60.6,60.57,Otel,Frezare,101,1,Uzura excesiva
589,Placuta amovibila,WNMG080408,2891,736.39,1.94,10.19,40.57,1.88,11.9,65.1,Inox,Strunjire,399,0,Niciunul
340,Burghiu,HSS DRILL Ø6,3036,1102.35,1.1,7.58,38.99,1.02,15.8,72.73,Aluminiu,Gaurire,370,0,Niciunul
218,Burghiu,CARBIDE DRILL Ø12,3086,697.79,2.23,8.6,35.71,1.46,11.3,65.55,Inox,Gaurire,352,0,Niciunul
550,Burghiu,CARBIDE DRILL Ø12,4958,1050.57,0.31,19.54,65.72,0.61,9.6,68.03,Otel,Gaurire,366,0,Niciunul
374,Freza,FREZA CARBURA Ø10 4F,4463,852.36,2.62,15.37,86.19,2.34,33.2,66.12,Inox,Frezare,197,1,Supraincalzire
371,Placuta amovibila,CNMG120408,4753,813.86,1.6,5.88,56.94,0.5,8.0,68.26,Aluminiu,Strunjire,235,0,Niciunul
111,Tarod,TAROD M10 ISO2,1609,1037.41,0.52,16.32,65.58,10.04,45.8,63.45,Otel,Filetare,56,1,Vibratii
257,Tarod,TAROD M10 ISO2,3415,248.27,1.96,18.52,105.36,2.93,15.0,64.5,Aluminiu,Filetare,240,1,Supraincalzire
67,Freza,FREZA HSS Ø8 2F,2770,737.33,1.55,14.45,73.47,1.22,53.7,64.66,Otel,Frezare,13,1,Uzura excesiva
11,Burghiu,HSS DRILL Ø6,2732,558.72,0.22,6.09,50.37,0.93,2.2,69.27,Aluminiu,Gaurire,457,0,Niciunul
324,Burghiu,HSS DRILL Ø6,4864,473.21,1.23,7.51,68.46,1.54,15.1,65.32,Inox,Gaurire,423,0,Niciunul
431,Freza,FREZA HSS Ø8 2F,3296,244.31,1.3,16.23,50.51,4.07,47.7,65.06,Inox,Frezare,229,1,Vibratii
555,Placuta amovibila,WNMG080408,4852,631.07,2.62,7.71,107.93,3.06,29.9,65.63,Aluminiu,Strunjire,492,1,Supraincalzire
406,Tarod,TAROD M10 ISO2,1710,396.92,0.37,6.91,44.59,1.67,4.8,74.2,Inox,Filetare,10,0,Niciunul
510,Placuta amovibila,WNMG080408,2578,281.97,0.69,16.97,59.12,6.68,47.9,61.89,Aluminiu,Strunjire,4,1,Vibratii
69,Freza,FREZA HSS Ø8 2F,4074,779.62,0.68,10.41,82.52,4.29,79.4,70.96,Aluminiu,Frezare,482,1,Uzura excesiva
480,Tarod,TAROD M10 ISO2,4825,894.33,2.52,5.12,65.89,1.56,2.1,72.83,Aluminiu,Filetare,202,0,Niciunul
275,Placuta amovibila,CNMG120408,1985,914.42,2.71,10.85,87.8,4.52,78.1,63.64,Otel,Strunjire,4,1,Uzura excesiva
468,Freza,FREZA HSS Ø8 2F,5885,335.21,0.84,15.82,65.07,1.23,0.1,62.01,Aluminiu,Frezare,36,0,Niciunul
54,Freza,FREZA CARBURA Ø10 4F,3446,246.06,1.47,13.89,55.03,0.71,10.8,72.19,Aluminiu,Frezare,326,0,Niciunul
265,Placuta amovibila,WNMG080408,5525,639.45,0.21,13.36,110.64,2.28,27.9,71.94,Otel,Strunjire,213,1,Supraincalzire
553,Freza,FREZA CARBURA Ø10 4F,1920,344.15,0.74,17.28,38.9,1.45,15.6,65.66,Aluminiu,Frezare,359,0,Niciunul
134,Freza,FREZA HSS Ø8 2F,4036,650.55,2.96,6.1,52.0,0.52,13.3,64.66,Aluminiu,Frezare,204,0,Niciunul
137,Burghiu,HSS DRILL Ø6,5417,1165.77,2.78,15.99,60.21,0.61,8.8,71.31,Aluminiu,Gaurire,24,0,Niciunul
530,Freza,FREZA CARBURA Ø10 4F,5377,831.86,0.38,7.08,69.91,4.2,47.7,64.56,Inox,Frezare,442,1,Uzura excesiva
253,Burghiu,CARBIDE DRILL Ø12,5802,843.33,0.69,18.96,60.62,7.86,30.0,67.39,Aluminiu,Gaurire,400,1,Vibratii
49,Tarod,TAROD M10 ISO2,2003,735.89,1.95,5.97,65.67,0.58,11.3,69.47,Aluminiu,Filetare,50,0,Niciunul
145,Burghiu,CARBIDE DRILL Ø12,2081,780.76,2.62,7.99,41.17,1.51,2.3,72.99,Aluminiu,Gaurire,148,0,Niciunul
377,Freza,FREZA HSS Ø8 2F,4354,313.04,0.64,5.22,43.09,1.16,9.7,71.84,Otel,Frezare,130,0,Niciunul
463,Tarod,TAROD M10 ISO2,4180,738.7,0.59,9.66,63.46,1.55,1.4,62.38,Otel,Filetare,231,0,Niciunul
30,Tarod,TAROD M10 ISO2,2353,1020.54,2.38,16.02,96.14,3.81,14.9,66.76,Otel,Filetare,221,1,Niciunul
284,Freza,FREZA HSS Ø8 2F,4381,461.22,0.49,19.4,59.37,0.75,4.0,71.47,Aluminiu,Frezare,96,0,Niciunul
169,Tarod,TAROD M10 ISO2,2380,407.55,2.22,6.78,62.67,5.87,36.3,63.46,Aluminiu,Filetare,489,1,Vibratii
402,Freza,FREZA HSS Ø8 2F,1785,963.27,0.54,7.53,83.4,9.7,38.1,72.73,Inox,Frezare,29,1,Vibratii
483,Freza,FREZA HSS Ø8 2F,3591,728.09,1.65,11.47,59.1,11.88,48.4,71.42,Inox,Frezare,254,1,Vibratii
256,Freza,FREZA CARBURA Ø10 4F,3370,626.55,1.49,11.08,51.62,1.13,4.5,70.18,Aluminiu,Frezare,258,0,Niciunul
173,Freza,FREZA CARBURA Ø10 4F,2427,443.39,3.0,12.35,47.57,1.46,16.5,69.56,Aluminiu,Frezare,177,0,Niciunul
275,Burghiu,HSS DRILL Ø6,3401,1069.73,2.5,16.47,54.69,1.63,19.4,60.23,Inox,Gaurire,347,0,Niciunul
60,Freza,FREZA CARBURA Ø10 4F,4403,347.86,1.61,6.0,60.43,2.01,75.7,66.58,Aluminiu,Frezare,51,1,Uzura excesiva
491,Tarod,TAROD M10 ISO2,4478,759.47,1.52,14.81,35.05,1.68,1.8,68.49,Otel,Filetare,462,0,Niciunul
29,Freza,FREZA CARBURA Ø10 4F,1517,302.73,0.16,7.9,39.51,1.68,13.6,69.56,Otel,Frezare,102,0,Niciunul
94,Placuta amovibila,CNMG120408,5976,432.57,0.74,13.89,74.23,4.11,65.8,71.45,Otel,Strunjire,365,1,Uzura excesiva
490,Tarod,TAROD M10 ISO2,2858,1092.66,2.44,10.84,50.04,3.53,45.0,60.76,Otel,Filetare,327,1,Niciunul
129,Burghiu,HSS DRILL Ø6,5484,660.95,1.56,8.37,46.46,1.78,4.7,61.47,Otel,Gaurire,365,0,Niciunul
381,Freza,FREZA CARBURA Ø10 4F,2890,268.07,0.92,10.5,57.9,1.24,13.7,70.7,Aluminiu,Frezare,56,0,Niciunul
367,Freza,FREZA CARBURA Ø10 4F,2442,217.59,1.61,11.96,82.68,4.71,79.7,72.24,Aluminiu,Frezare,334,1,Uzura excesiva
331,Placuta amovibila,CNMG120408,5417,1064.05,1.26,11.0,86.67,9.43,29.1,63.47,Inox,Strunjire,12,1,Vibratii
491,Burghiu,HSS DRILL Ø6,4516,517.85,2.06,7.51,48.92,0.54,16.1,70.39,Otel,Gaurire,254,0,Niciunul
140,Burghiu,HSS DRILL Ø6,5012,608.94,2.06,18.96,40.52,1.52,3.1,69.66,Inox,Gaurire,484,0,Niciunul
515,Burghiu,HSS DRILL Ø6,4061,398.91,2.04,7.38,51.33,1.24,12.6,71.83,Inox,Gaurire,212,0,Niciunul
188,Freza,FREZA HSS Ø8 2F,3375,833.39,0.26,14.62,56.81,1.21,13.3,64.89,Inox,Frezare,37,0,Niciunul
93,Freza,FREZA CARBURA Ø10 4F,4240,513.3,1.18,14.85,100.75,3.86,29.3,67.53,Otel,Frezare,492,1,Supraincalzire
189,Freza,FREZA HSS Ø8 2F,4570,1023.57,1.32,5.65,83.29,3.26,19.7,65.9,Otel,Frezare,38,1,Niciunul
500,Freza,FREZA HSS Ø8 2F,4209,1199.56,2.6,16.09,82.11,3.24,41.0,65.93,Otel,Frezare,154,1,Vibratii
430,Burghiu,CARBIDE DRILL Ø12,5145,959.39,0.54,17.27,67.3,3.88,52.2,64.98,Otel,Gaurire,41,1,Niciunul
520,Placuta amovibila,CNMG120408,4175,1093.29,0.94,11.46,107.51,3.88,14.2,74.9,Aluminiu,Strunjire,37,1,Supraincalzire
263,Freza,FREZA CARBURA Ø10 4F,2250,470.84,2.18,6.66,61.11,0.95,2.6,60.3,Aluminiu,Frezare,230,0,Niciunul
413,Freza,FREZA CARBURA Ø10 4F,2665,322.37,0.95,6.99,61.82,1.75,15.6,69.46,Otel,Frezare,160,0,Niciunul
4,Tarod,TAROD M10 ISO2,2085,1028.17,1.46,19.7,92.53,1.57,30.3,73.88,Aluminiu,Filetare,129,1,Supraincalzire
451,Placuta amovibila,CNMG120408,1712,317.91,0.66,15.32,82.93,2.92,45.2,68.38,Inox,Strunjire,408,1,Uzura excesiva
39,Freza,FREZA HSS Ø8 2F,3756,611.1,2.58,11.51,47.21,1.35,4.4,61.26,Otel,Frezare,469,0,Niciunul
405,Placuta amovibila,CNMG120408,4371,295.24,2.09,14.99,63.2,0.59,7.3,73.07,Otel,Strunjire,473,0,Niciunul
2,Tarod,TAROD M10 ISO2,3629,1191.63,1.23,17.42,65.19,1.65,17.2,62.0,Inox,Filetare,478,0,Niciunul
452,Burghiu,HSS DRILL Ø6,2336,942.53,1.33,17.36,84.12,2.5,67.9,67.62,Aluminiu,Gaurire,98,1,Uzura excesiva
535,Freza,FREZA HSS Ø8 2F,1539,279.33,0.7,12.47,66.98,1.06,12.6,62.09,Otel,Frezare,300,0,Niciunul
244,Placuta amovibila,WNMG080408,2518,426.34,1.92,16.28,88.06,11.66,58.6,68.66,Otel,Strunjire,278,1,Vibratii
20,Tarod,TAROD M10 ISO2,5146,561.39,2.55,19.26,112.82,0.96,22.8,72.98,Inox,Filetare,145,1,Supraincalzire
298,Burghiu,CARBIDE DRILL Ø12,3035,1048.6,1.1,11.11,98.22,3.68,38.4,68.47,Otel,Gaurire,99,1,Supraincalzire
246,Freza,FREZA HSS Ø8 2F,2544,1195.62,1.58,19.44,60.14,1.83,9.1,70.02,Aluminiu,Frezare,166,0,Niciunul
572,Burghiu,CARBIDE DRILL Ø12,4466,936.96,2.2,18.11,79.73,6.99,35.4,61.32,Inox,Gaurire,419,1,Niciunul
535,Placuta amovibila,CNMG120408,3864,693.88,0.86,7.86,49.84,0.97,3.8,66.8,Aluminiu,Strunjire,287,0,Niciunul
387,Burghiu,CARBIDE DRILL Ø12,3363,767.02,2.3,14.21,59.85,1.41,6.1,67.74,Inox,Gaurire,476,0,Niciunul
148,Placuta amovibila,WNMG080408,5330,753.73,2.03,9.3,69.78,0.78,6.7,61.7,Aluminiu,Strunjire,374,0,Niciunul
418,Tarod,TAROD M10 ISO2,4851,212.56,0.58,11.22,59.75,1.47,13.6,65.51,Aluminiu,Filetare,492,0,Niciunul
51,Placuta amovibila,CNMG120408,3042,907.37,0.93,12.93,47.99,1.61,18.7,71.71,Aluminiu,Strunjire,181,0,Niciunul
103,Burghiu,CARBIDE DRILL Ø12,5125,760.85,1.81,14.77,36.77,1.05,16.7,70.92,Inox,Gaurire,387,0,Niciunul
400,Burghiu,HSS DRILL Ø6,4723,713.87,1.74,5.49,65.09,1.85,7.2,61.79,Otel,Gaurire,293,0,Niciunul
21,Burghiu,CARBIDE DRILL Ø12,2103,954.31,2.68,9.37,59.12,1.99,6.5,63.12,Inox,Gaurire,143,0,Niciunul
83,Tarod,TAROD M10 ISO2,3663,465.72,0.88,7.94,43.89,1.43,18.2,70.05,Inox,Filetare,139,0,Niciunul
460,Burghiu,HSS DRILL Ø6,4880,665.13,2.21,15.65,39.16,1.26,14.8,62.86,Inox,Gaurire,469,0,Niciunul
278,Tarod,TAROD M10 ISO2,3659,667.31,1.49,15.67,118.16,2.06,34.3,64.8,Aluminiu,Filetare,24,1,Supraincalzire
259,Placuta amovibila,WNMG080408,3645,933.35,2.12,5.4,54.56,3.18,42.4,73.36,Inox,Strunjire,171,1,Vibratii
499,Burghiu,HSS DRILL Ø6,5387,1033.72,0.89,18.58,102.06,1.8,30.1,62.32,Aluminiu,Gaurire,301,1,Supraincalzire
490,Placuta amovibila,WNMG080408,3095,1038.45,1.04,14.2,65.09,1.08,5.4,69.03,Otel,Strunjire,92,0,Niciunul
592,Placuta amovibila,WNMG080408,4855,307.68,2.92,7.08,58.67,10.87,45.3,70.15,Inox,Strunjire,4,1,Vibratii
138,Tarod,TAROD M10 ISO2,1656,967.75,2.44,9.12,51.1,0.72,10.0,69.29,Aluminiu,Filetare,488,0,Niciunul
350,Burghiu,CARBIDE DRILL Ø12,4479,336.15,1.29,5.96,41.74,1.85,3.4,68.89,Aluminiu,Gaurire,93,0,Niciunul
61,Burghiu,CARBIDE DRILL Ø12,5138,783.92,0.48,13.54,71.73,4.57,43.6,68.76,Inox,Gaurire,310,1,Uzura excesiva
381,Tarod,TAROD M10 ISO2,4672,914.45,0.64,18.07,85.12,3.26,29.2,72.27,Otel,Filetare,378,1,Vibratii
320,Freza,FREZA HSS Ø8 2F,1761,589.4,2.17,5.83,60.72,11.71,58.7,63.03,Otel,Frezare,424,1,Vibratii
190,Tarod,TAROD M10 ISO2,1705,570.6,2.64,15.83,87.11,3.47,19.0,74.01,Otel,Filetare,415,1,Supraincalzire
127,Burghiu,CARBIDE DRILL Ø12,5949,900.18,2.47,11.69,111.38,2.59,25.7,66.13,Inox,Gaurire,169,1,Supraincalzire
313,Placuta amovibila,WNMG080408,2294,853.88,2.15,17.49,78.94,6.51,58.7,67.31,Aluminiu,Strunjire,192,1,Vibratii
9,Tarod,TAROD M10 ISO2,2767,1103.44,0.85,7.17,58.91,0.59,0.2,69.95,Aluminiu,Filetare,262,0,Niciunul
470,Placuta amovibila,WNMG080408,3833,1021.11,2.07,13.58,67.47,2.56,77.2,73.33,Inox,Strunjire,39,1,Uzura excesiva
141,Burghiu,CARBIDE DRILL Ø12,5601,400.5,2.23,17.37,62.05,1.22,12.1,71.08,Otel,Gaurire,492,0,Niciunul
59,Freza,FREZA CARBURA Ø10 4F,5668,776.08,0.86,9.16,44.64,1.85,12.7,62.43,Otel,Frezare,178,0,Niciunul
267,Freza,FREZA HSS Ø8 2F,3885,771.58,1.63,12.88,38.09,1.2,5.9,62.82,Otel,Frezare,206,0,Niciunul
153,Freza,FREZA HSS Ø8 2F,4628,940.48,0.99,7.81,44.95,1.1,15.9,65.37,Otel,Frezare,13,0,Niciunul
27,Freza,FREZA HSS Ø8 2F,5556,238.27,0.59,9.04,59.84,1.0,15.6,73.77,Inox,Frezare,197,0,Niciunul
573,Freza,FREZA HSS Ø8 2F,3503,960.63,1.83,18.51,65.08,1.88,16.5,69.85,Aluminiu,Frezare,124,0,Niciunul
14,Tarod,TAROD M10 ISO2,2482,496.53,2.63,14.58,90.24,3.18,22.4,66.22,Aluminiu,Filetare,452,1,Supraincalzire
395,Placuta amovibila,WNMG080408,5346,1121.48,1.16,15.82,51.06,1.13,5.0,66.83,Inox,Strunjire,494,0,Niciunul
374,Freza,FREZA HSS Ø8 2F,2609,868.16,2.36,17.13,68.91,4.71,56.5,73.52,Inox,Frezare,445,1,Vibratii
89,Placuta amovibila,CNMG120408,1869,1152.2,0.46,11.36,84.53,2.42,60.4,67.51,Otel,Strunjire,212,1,Uzura excesiva
568,Tarod,TAROD M10 ISO2,4977,459.14,0.16,6.51,60.77,1.74,5.6,73.75,Aluminiu,Filetare,494,0,Niciunul
378,Tarod,TAROD M10 ISO2,5553,704.2,0.8,18.37,46.27,0.75,1.3,64.03,Aluminiu,Filetare,156,0,Niciunul
203,Freza,FREZA CARBURA Ø10 4F,5344,757.5,1.76,7.84,69.17,0.64,16.8,67.67,Otel,Frezare,265,0,Niciunul
42,Placuta amovibila,WNMG080408,2893,537.04,2.13,14.77,59.0,8.99,28.8,69.19,Inox,Strunjire,134,1,Niciunul
205,Placuta amovibila,CNMG120408,5652,232.81,0.2,10.41,80.09,3.29,26.3,66.04,Aluminiu,Strunjire,79,1,Supraincalzire
533,Placuta amovibila,CNMG120408,2181,731.92,1.8,18.54,117.05,1.89,22.4,60.7,Inox,Strunjire,422,1,Supraincalzire
36,Freza,FREZA HSS Ø8 2F,3627,680.76,0.59,18.39,61.55,8.55,32.0,70.42,Aluminiu,Frezare,112,1,Niciunul
422,Tarod,TAROD M10 ISO2,5251,792.49,2.38,18.74,50.07,1.32,0.5,71.07,Inox,Filetare,248,0,Niciunul
269,Tarod,TAROD M10 ISO2,2197,841.84,0.79,6.63,54.02,1.92,1.0,68.53,Otel,Filetare,423,0,Niciunul
373,Burghiu,HSS DRILL Ø6,2546,691.22,0.88,8.58,86.84,3.04,28.5,69.55,Otel,Gaurire,260,1,Supraincalzire
130,Placuta amovibila,CNMG120408,2787,659.35,1.42,11.29,64.54,2.19,66.2,60.57,Inox,Strunjire,17,1,Uzura excesiva
439,Freza,FREZA CARBURA Ø10 4F,5663,921.59,2.31,7.19,93.17,3.01,19.9,68.61,Aluminiu,Frezare,237,1,Supraincalzire
403,Freza,FREZA HSS Ø8 2F,4607,1072.14,1.43,9.27,71.07,4.41,59.6,64.24,Otel,Frezare,354,1,Vibratii
223,Placuta amovibila,CNMG120408,4257,893.7,2.45,16.38,36.4,1.66,14.3,70.75,Otel,Strunjire,500,0,Niciunul
358,Freza,FREZA CARBURA Ø10 4F,2246,1015.76,2.02,11.33,110.74,3.93,30.9,65.52,Aluminiu,Frezare,465,1,Supraincalzire
204,Burghiu,CARBIDE DRILL Ø12,2786,269.44,2.01,9.67,66.84,10.74,51.0,63.88,Inox,Gaurire,15,1,Vibratii
169,Burghiu,HSS DRILL Ø6,5603,1192.51,0.88,7.82,52.36,0.52,18.8,64.49,Inox,Gaurire,207,0,Niciunul
470,Burghiu,HSS DRILL Ø6,1926,512.52,1.36,17.84,39.12,1.6,16.4,62.85,Otel,Gaurire,2,0,Niciunul
571,Burghiu,CARBIDE DRILL Ø12,1625,853.45,0.38,7.63,57.97,1.35,14.1,68.42,Aluminiu,Gaurire,434,0,Niciunul
44,Placuta amovibila,CNMG120408,3811,417.85,0.54,16.03,103.74,1.47,33.3,70.2,Aluminiu,Strunjire,17,1,Supraincalzire
182,Tarod,TAROD M10 ISO2,2163,361.6,2.46,9.31,43.65,0.65,13.3,62.13,Aluminiu,Filetare,97,0,Niciunul
246,Placuta amovibila,WNMG080408,2625,451.51,1.35,14.46,60.51,0.75,7.0,69.77,Inox,Strunjire,498,0,Niciunul
325,Burghiu,CARBIDE DRILL Ø12,3511,469.8,0.96,7.79,70.4,4.27,80.0,60.12,Inox,Gaurire,107,1,Uzura excesiva
259,Burghiu,CARBIDE DRILL Ø12,4277,480.8,2.74,15.57,57.75,1.23,12.8,69.79,Aluminiu,Gaurire,108,0,Niciunul
16,Burghiu,CARBIDE DRILL Ø12,5660,943.87,1.59,17.8,76.75,1.49,48.5,72.59,Inox,Gaurire,114,1,Uzura excesiva
366,Placuta amovibila,WNMG080408,3694,547.53,2.84,11.38,78.56,1.97,49.8,61.74,Otel,Strunjire,486,1,Uzura excesiva
144,Tarod,TAROD M10 ISO2,2327,830.51,1.3,18.2,84.7,3.94,26.3,65.86,Aluminiu,Filetare,477,1,Vibratii
324,Freza,FREZA HSS Ø8 2F,1869,864.84,0.7,11.37,37.73,1.84,4.5,60.82,Inox,Frezare,288,0,Niciunul
257,Placuta amovibila,WNMG080408,3734,929.68,2.06,6.8,60.02,1.43,9.8,71.21,Inox,Strunjire,407,0,Niciunul
527,Freza,FREZA HSS Ø8 2F,1526,1187.0,1.52,16.53,38.78,1.48,0.2,65.26,Aluminiu,Frezare,302,0,Niciunul
29,Freza,FREZA HSS Ø8 2F,3780,259.61,1.68,8.89,53.11,3.58,77.5,61.62,Inox,Frezare,333,1,Uzura excesiva
377,Burghiu,HSS DRILL Ø6,5239,984.7,2.6,10.14,74.92,7.73,50.2,69.18,Aluminiu,Gaurire,406,1,Vibratii
360,Freza,FREZA CARBURA Ø10 4F,4630,1139.32,1.8,18.03,57.25,0.51,18.9,71.43,Inox,Frezare,195,0,Niciunul
442,Tarod,TAROD M10 ISO2,5355,872.62,2.71,8.44,52.14,1.55,66.5,69.31,Inox,Filetare,268,1,Uzura excesiva
509,Tarod,TAROD M10 ISO2,3447,479.82,0.52,9.17,60.14,1.91,3.0,67.76,Inox,Filetare,21,0,Niciunul
438,Burghiu,CARBIDE DRILL Ø12,3010,607.11,2.39,6.37,69.67,1.62,14.5,61.34,Aluminiu,Gaurire,256,0,Niciunul
440,Burghiu,CARBIDE DRILL Ø12,4553,396.27,1.48,17.88,61.97,0.63,4.9,64.46,Inox,Gaurire,213,0,Niciunul
288,Placuta amovibila,WNMG080408,3976,1034.13,1.88,16.34,37.53,0.72,0.2,67.47,Inox,Strunjire,102,0,Niciunul
461,Tarod,TAROD M10 ISO2,1804,368.43,1.34,19.85,66.17,1.83,14.6,66.11,Otel,Filetare,443,0,Niciunul
442,Placuta amovibila,CNMG120408,5559,843.93,0.9,11.03,51.67,1.65,3.4,72.8,Aluminiu,Strunjire,68,0,Niciunul
113,Burghiu,HSS DRILL Ø6,5929,517.28,2.57,7.97,47.33,0.54,11.7,67.24,Inox,Gaurire,210,0,Niciunul
359,Tarod,TAROD M10 ISO2,2410,695.9,0.11,5.28,64.98,1.0,5.6,66.07,Inox,Filetare,56,0,Niciunul
439,Burghiu,CARBIDE DRILL Ø12,2515,310.33,1.05,9.84,56.06,1.02,2.8,72.09,Inox,Gaurire,136,0,Niciunul
111,Freza,FREZA HSS Ø8 2F,5751,824.05,1.55,6.36,96.71,1.89,26.5,64.09,Otel,Frezare,456,1,Niciunul
87,Freza,FREZA CARBURA Ø10 4F,5008,736.16,0.31,13.65,41.24,1.39,19.2,71.05,Otel,Frezare,39,0,Niciunul
475,Freza,FREZA HSS Ø8 2F,3829,555.85,2.41,9.61,66.43,1.29,8.0,73.46,Otel,Frezare,314,0,Niciunul
542,Tarod,TAROD M10 ISO2,2284,681.15,1.24,7.52,56.03,2.0,18.8,65.94,Aluminiu,Filetare,159,0,Niciunul
310,Placuta amovibila,CNMG120408,5031,707.23,0.39,10.36,66.2,1.88,15.3,74.38,Inox,Strunjire,168,0,Niciunul
103,Freza,FREZA HSS Ø8 2F,3944,1133.99,1.52,5.46,63.25,0.96,12.7,68.14,Inox,Frezare,422,0,Niciunul
584,Placuta amovibila,CNMG120408,3654,357.29,1.11,11.44,90.9,1.16,28.3,61.3,Otel,Strunjire,316,1,Supraincalzire
174,Placuta amovibila,WNMG080408,4792,1014.37,1.88,14.76,93.13,2.09,29.0,71.78,Otel,Strunjire,9,1,Supraincalzire
533,Burghiu,CARBIDE DRILL Ø12,3409,764.65,1.24,9.44,60.81,0.65,19.5,70.96,Aluminiu,Gaurire,67,0,Niciunul
403,Burghiu,HSS DRILL Ø6,4425,268.49,0.26,13.02,61.58,0.86,19.5,63.55,Aluminiu,Gaurire,181,0,Niciunul
496,Placuta amovibila,WNMG080408,1921,561.53,2.23,6.96,51.31,0.82,15.6,71.93,Aluminiu,Strunjire,150,0,Niciunul
31,Burghiu,CARBIDE DRILL Ø12,5393,536.07,1.74,14.01,58.92,10.5,57.6,63.39,Otel,Gaurire,461,1,Vibratii
453,Placuta amovibila,WNMG080408,4986,890.13,2.03,14.29,63.62,9.78,32.0,60.52,Inox,Strunjire,66,1,Vibratii
125,Tarod,TAROD M10 ISO2,2144,408.81,2.13,12.99,55.65,1.89,18.1,66.38,Otel,Filetare,303,0,Niciunul
118,Burghiu,CARBIDE DRILL Ø12,5150,994.77,1.87,9.65,60.01,1.91,73.8,72.88,Inox,Gaurire,228,1,Uzura excesiva
224,Tarod,TAROD M10 ISO2,4987,1167.46,0.33,16.73,36.08,0.73,13.2,62.89,Inox,Filetare,389,0,Niciunul
149,Placuta amovibila,WNMG080408,2437,578.01,2.03,8.5,36.05,0.58,10.9,67.19,Inox,Strunjire,354,0,Niciunul
502,Burghiu,CARBIDE DRILL Ø12,2570,686.1,0.32,19.0,51.54,11.63,42.0,66.86,Otel,Gaurire,376,1,Vibratii
209,Freza,FREZA HSS Ø8 2F,2257,1091.21,2.96,14.39,63.29,1.66,15.5,62.27,Inox,Frezare,386,0,Niciunul
195,Freza,FREZA HSS Ø8 2F,3310,829.1,1.9,12.93,62.54,1.9,9.3,70.63,Inox,Frezare,409,0,Niciunul
429,Placuta amovibila,CNMG120408,5152,1009.81,0.58,10.25,65.06,1.11,12.4,65.85,Otel,Strunjire,485,0,Niciunul
13,Placuta amovibila,WNMG080408,1937,963.46,0.97,5.89,53.98,0.97,7.1,74.89,Aluminiu,Strunjire,149,0,Niciunul
345,Burghiu,HSS DRILL Ø6,4878,272.18,1.41,18.98,104.55,0.94,27.3,74.05,Inox,Gaurire,231,1,Supraincalzire
30,Freza,FREZA HSS Ø8 2F,2480,897.65,2.12,16.67,64.55,1.86,10.6,64.82,Aluminiu,Frezare,83,0,Niciunul
47,Placuta amovibila,WNMG080408,4357,767.63,2.65,18.96,56.82,5.13,55.8,65.08,Inox,Strunjire,488,1,Vibratii
493,Placuta amovibila,CNMG120408,4994,670.25,0.47,9.87,80.94,2.37,29.3,60.34,Otel,Strunjire,445,1,Niciunul
543,Tarod,TAROD M10 ISO2,4868,220.8,0.11,9.29,48.4,1.95,6.9,71.35,Otel,Filetare,464,0,Niciunul
74,Placuta amovibila,CNMG120408,1693,955.8,1.0,19.68,87.02,3.73,18.4,65.6,Otel,Strunjire,169,1,Supraincalzire
333,Placuta amovibila,CNMG120408,5159,545.92,0.65,15.99,82.32,0.6,17.9,64.36,Inox,Strunjire,289,1,Supraincalzire
500,Burghiu,HSS DRILL Ø6,3293,1138.51,1.92,7.95,80.09,1.55,19.2,72.1,Otel,Gaurire,99,1,Supraincalzire
439,Tarod,TAROD M10 ISO2,3398,945.56,1.47,14.79,116.07,2.0,28.5,74.39,Otel,Filetare,131,1,Supraincalzire
177,Freza,FREZA CARBURA Ø10 4F,5942,676.82,2.54,15.74,47.63,0.66,10.9,66.51,Aluminiu,Frezare,457,0,Niciunul
558,Freza,FREZA HSS Ø8 2F,4335,328.93,1.24,16.14,68.91,5.48,39.6,60.52,Otel,Frezare,313,1,Vibratii
568,Burghiu,HSS DRILL Ø6,1605,1031.79,0.6,12.93,119.65,2.37,36.5,69.98,Otel,Gaurire,129,1,Supraincalzire
512,Burghiu,CARBIDE DRILL Ø12,1685,1170.66,1.23,6.05,60.68,1.54,19.8,73.8,Inox,Gaurire,320,0,Niciunul
491,Placuta amovibila,CNMG120408,4192,536.63,2.21,13.28,45.94,1.16,19.0,66.97,Inox,Strunjire,183,0,Niciunul
399,Freza,FREZA HSS Ø8 2F,3728,949.69,1.03,17.11,43.23,0.89,16.4,60.38,Inox,Frezare,161,0,Niciunul
65,Burghiu,CARBIDE DRILL Ø12,2338,376.58,2.26,15.2,63.5,1.05,11.6,66.08,Aluminiu,Gaurire,264,0,Niciunul
220,Freza,FREZA CARBURA Ø10 4F,4967,1104.03,2.99,16.97,67.41,0.68,8.7,70.94,Inox,Frezare,89,0,Niciunul
199,Freza,FREZA CARBURA Ø10 4F,2141,299.76,1.77,7.72,93.83,1.66,30.8,74.02,Otel,Frezare,224,1,Supraincalzire
549,Placuta amovibila,WNMG080408,2028,1177.23,0.88,7.37,56.58,1.2,12.7,64.36,Aluminiu,Strunjire,24,0,Niciunul
350,Freza,FREZA HSS Ø8 2F,4418,650.08,1.36,16.31,61.99,1.17,9.9,64.55,Otel,Frezare,263,0,Niciunul
452,Tarod,TAROD M10 ISO2,5224,1056.57,2.79,15.09,84.08,9.58,30.9,69.88,Aluminiu,Filetare,345,1,Vibratii
143,Freza,FREZA HSS Ø8 2F,5169,285.22,0.9,8.51,63.8,1.93,7.9,67.8,Otel,Frezare,430,0,Niciunul
9,Burghiu,HSS DRILL Ø6,3640,682.33,0.59,18.12,48.98,0.83,6.8,74.44,Otel,Gaurire,344,0,Niciunul
450,Placuta amovibila,CNMG120408,1967,816.77,0.44,12.64,101.03,3.49,26.7,70.64,Inox,Strunjire,331,1,Niciunul
28,Burghiu,CARBIDE DRILL Ø12,4904,454.5,0.38,12.72,72.75,9.69,23.4,65.78,Aluminiu,Gaurire,404,1,Vibratii
58,Placuta amovibila,CNMG120408,3450,460.0,2.92,8.92,66.52,3.4,22.9,66.15,Otel,Strunjire,220,1,Niciunul
539,Placuta amovibila,CNMG120408,5132,1040.43,1.6,16.98,65.26,1.67,2.1,72.0,Aluminiu,Strunjire,53,0,Niciunul
100,Freza,FREZA HSS Ø8 2F,3357,291.24,0.88,11.22,46.14,1.96,8.7,72.58,Aluminiu,Frezare,182,0,Niciunul
379,Freza,FREZA CARBURA Ø10 4F,4553,1144.28,2.86,7.41,60.63,11.42,26.5,65.21,Otel,Frezare,276,1,Vibratii
89,Burghiu,HSS DRILL Ø6,1726,951.08,1.33,17.35,57.22,2.0,13.3,66.66,Otel,Gaurire,10,0,Niciunul
406,Burghiu,CARBIDE DRILL Ø12,4237,675.82,1.6,11.3,89.03,9.68,31.7,69.08,Inox,Gaurire,151,1,Vibratii
490,Freza,FREZA HSS Ø8 2F,3825,835.88,2.62,14.17,49.93,1.36,6.8,69.59,Otel,Frezare,103,0,Niciunul
437,Placuta amovibila,CNMG120408,3471,955.75,1.69,6.15,42.96,0.58,8.2,67.26,Aluminiu,Strunjire,265,0,Niciunul
210,Burghiu,HSS DRILL Ø6,1879,1014.3,0.35,17.34,52.06,4.87,61.4,60.28,Inox,Gaurire,256,1,Uzura excesiva
71,Burghiu,CARBIDE DRILL Ø12,4723,604.01,0.54,9.85,37.61,1.78,3.8,63.76,Aluminiu,Gaurire,430,0,Niciunul
438,Burghiu,HSS DRILL Ø6,5414,334.68,2.98,10.55,57.76,1.19,14.8,66.94,Inox,Gaurire,304,0,Niciunul
267,Freza,FREZA CARBURA Ø10 4F,4246,575.04,0.63,9.08,89.41,2.69,11.8,64.63,Aluminiu,Frezare,75,1,Supraincalzire
259,Freza,FREZA HSS Ø8 2F,5946,1057.46,2.39,6.54,51.51,1.94,2.4,67.9,Aluminiu,Frezare,169,0,Niciunul
560,Tarod,TAROD M10 ISO2,2557,733.58,2.22,10.02,53.46,1.71,3.6,67.67,Otel,Filetare,70,0,Niciunul
35,Placuta amovibila,CNMG120408,1567,490.54,0.25,14.3,99.06,1.84,27.9,71.28,Otel,Strunjire,235,1,Supraincalzire
356,Freza,FREZA HSS Ø8 2F,4994,911.95,2.3,16.59,74.81,3.27,50.2,64.41,Inox,Frezare,322,1,Uzura excesiva
368,Burghiu,HSS DRILL Ø6,4960,642.05,1.56,9.69,106.6,1.51,29.1,67.29,Aluminiu,Gaurire,443,1,Supraincalzire
435,Tarod,TAROD M10 ISO2,4004,1075.49,1.72,11.02,49.55,0.97,15.9,73.63,Aluminiu,Filetare,324,0,Niciunul
380,Freza,FREZA HSS Ø8 2F,5008,771.05,1.62,18.2,109.33,2.25,32.1,72.69,Inox,Frezare,404,1,Niciunul
154,Placuta amovibila,WNMG080408,3996,481.45,0.42,9.7,47.41,1.56,10.5,69.76,Aluminiu,Strunjire,362,0,Niciunul
556,Placuta amovibila,CNMG120408,1687,850.0,2.05,11.9,101.43,1.84,19.8,70.09,Aluminiu,Strunjire,220,1,Supraincalzire
273,Tarod,TAROD M10 ISO2,3343,870.01,2.7,10.24,49.99,1.55,15.9,60.31,Inox,Filetare,170,0,Niciunul
186,Freza,FREZA HSS Ø8 2F,5897,487.05,2.37,11.08,59.05,1.8,19.1,69.03,Inox,Frezare,242,0,Niciunul
261,Freza,FREZA HSS Ø8 2F,1908,961.61,2.33,19.72,38.62,1.85,9.9,68.91,Aluminiu,Frezare,335,0,Niciunul
478,Freza,FREZA HSS Ø8 2F,4702,833.76,0.32,14.92,57.19,0.79,11.4,65.59,Inox,Frezare,372,0,Niciunul
559,Freza,FREZA HSS Ø8 2F,5712,300.89,2.29,8.7,45.98,0.92,18.8,60.07,Aluminiu,Frezare,294,0,Niciunul
348,Freza,FREZA CARBURA Ø10 4F,3169,830.45,0.66,10.5,85.75,2.13,21.4,67.01,Inox,Frezare,473,1,Supraincalzire
593,Burghiu,HSS DRILL Ø6,2177,527.36,0.7,6.82,55.27,0.61,8.2,72.04,Aluminiu,Gaurire,388,0,Niciunul
501,Burghiu,CARBIDE DRILL Ø12,3845,697.97,2.14,17.51,98.77,1.14,29.4,69.22,Aluminiu,Gaurire,411,1,Supraincalzire
358,Placuta amovibila,CNMG120408,4364,221.87,2.62,16.62,106.84,0.65,16.3,60.58,Inox,Strunjire,353,1,Supraincalzire
479,Burghiu,CARBIDE DRILL Ø12,3089,984.82,0.61,12.13,78.34,3.52,45.0,67.8,Inox,Gaurire,89,1,Uzura excesiva
139,Burghiu,HSS DRILL Ø6,2339,740.12,0.5,14.57,69.79,9.07,40.7,64.89,Aluminiu,Gaurire,367,1,Vibratii
401,Freza,FREZA HSS Ø8 2F,3778,673.7,2.13,11.97,86.5,9.67,26.8,74.5,Inox,Frezare,245,1,Vibratii
387,Tarod,TAROD M10 ISO2,3541,633.4,2.19,5.95,52.56,1.16,11.4,65.87,Otel,Filetare,273,0,Niciunul
230,Burghiu,HSS DRILL Ø6,2861,833.76,0.26,14.97,52.69,1.25,4.0,64.52,Aluminiu,Gaurire,173,0,Niciunul
379,Burghiu,HSS DRILL Ø6,3402,638.86,1.22,6.23,48.65,0.58,10.6,64.37,Otel,Gaurire,208,0,Niciunul
574,Burghiu,HSS DRILL Ø6,4448,840.86,1.16,6.09,65.06,3.67,79.6,63.39,Inox,Gaurire,373,1,Uzura excesiva
396,Tarod,TAROD M10 ISO2,3675,388.88,2.21,10.14,77.18,8.73,27.6,73.53,Inox,Filetare,131,1,Vibratii
512,Freza,FREZA HSS Ø8 2F,3767,848.37,1.81,12.37,56.37,1.9,1.3,60.83,Inox,Frezare,338,0,Niciunul
272,Placuta amovibila,CNMG120408,1777,931.4,2.23,9.79,61.01,1.55,10.9,68.51,Inox,Strunjire,342,0,Niciunul
569,Placuta amovibila,WNMG080408,4936,571.53,2.56,10.44,68.04,0.99,18.2,70.14,Otel,Strunjire,308,0,Niciunul
571,Placuta amovibila,WNMG080408,2636,1083.86,2.89,12.03,47.49,1.37,6.7,70.16,Inox,Strunjire,29,0,Niciunul
529,Tarod,TAROD M10 ISO2,4077,617.75,2.48,11.46,118.98,1.14,27.5,70.12,Aluminiu,Filetare,183,1,Niciunul
252,Tarod,TAROD M10 ISO2,4966,758.93,1.56,18.35,86.67,2.77,36.1,70.41,Aluminiu,Filetare,289,1,Supraincalzire
152,Placuta amovibila,WNMG080408,2900,1023.19,0.48,5.59,73.77,5.82,27.4,61.83,Otel,Strunjire,255,1,Vibratii
11,Tarod,TAROD M10 ISO2,5338,504.69,1.38,11.91,42.59,1.79,4.5,66.34,Inox,Filetare,449,0,Niciunul
521,Placuta amovibila,WNMG080408,5260,1087.68,2.53,16.97,59.3,10.76,33.5,63.94,Aluminiu,Strunjire,461,1,Vibratii
351,Freza,FREZA HSS Ø8 2F,1900,810.25,2.83,7.01,53.44,0.83,6.6,60.91,Inox,Frezare,447,0,Niciunul
151,Freza,FREZA HSS Ø8 2F,4950,1091.95,1.32,18.61,86.3,5.1,31.1,67.87,Inox,Frezare,379,1,Vibratii
47,Freza,FREZA HSS Ø8 2F,4628,1111.35,1.92,6.02,93.01,0.65,37.7,61.82,Inox,Frezare,127,1,Niciunul
549,Placuta amovibila,CNMG120408,5761,1198.66,2.94,6.53,70.55,3.99,28.5,63.84,Otel,Strunjire,303,1,Vibratii
129,Freza,FREZA HSS Ø8 2F,1555,928.64,1.44,16.94,74.67,2.0,64.5,66.32,Aluminiu,Frezare,184,1,Niciunul
485,Burghiu,HSS DRILL Ø6,3979,757.37,0.34,9.9,63.13,0.73,3.8,67.47,Otel,Gaurire,321,0,Niciunul
65,Placuta amovibila,CNMG120408,5693,404.29,2.81,6.49,110.51,0.54,22.9,70.81,Inox,Strunjire,446,1,Supraincalzire
203,Tarod,TAROD M10 ISO2,2510,387.01,0.33,7.58,46.86,0.71,4.8,66.82,Aluminiu,Filetare,304,0,Niciunul
320,Placuta amovibila,CNMG120408,3599,328.66,0.66,10.17,79.23,7.92,25.2,67.14,Otel,Strunjire,1,1,Vibratii
426,Burghiu,HSS DRILL Ø6,3769,793.25,2.74,14.2,63.37,0.73,10.5,74.44,Otel,Gaurire,157,0,Niciunul
66,Placuta amovibila,WNMG080408,2673,411.02,2.29,11.28,109.73,3.32,37.0,66.79,Otel,Strunjire,265,1,Supraincalzire
592,Freza,FREZA CARBURA Ø10 4F,4909,438.24,0.21,13.24,82.84,3.48,70.0,66.84,Aluminiu,Frezare,405,1,Uzura excesiva
97,Placuta amovibila,CNMG120408,1666,694.25,0.49,13.95,103.59,3.4,38.8,61.7,Aluminiu,Strunjire,263,1,Supraincalzire
25,Freza,FREZA CARBURA Ø10 4F,4072,202.07,2.6,10.69,106.87,0.86,10.9,68.1,Otel,Frezare,211,1,Supraincalzire
600,Tarod,TAROD M10 ISO2,2700,602.19,2.14,7.27,105.03,0.99,14.0,70.09,Inox,Filetare,294,1,Niciunul
244,Freza,FREZA CARBURA Ø10 4F,2498,1160.46,2.94,10.74,56.04,1.53,15.0,74.68,Otel,Frezare,102,0,Niciunul
114,Placuta amovibila,WNMG080408,5373,800.85,1.97,12.56,42.04,1.21,17.3,66.22,Aluminiu,Strunjire,134,0,Niciunul
6,Tarod,TAROD M10 ISO2,5981,749.91,2.17,15.0,65.56,3.98,52.1,63.63,Inox,Filetare,27,1,Uzura excesiva
556,Placuta amovibila,WNMG080408,4540,599.79,2.89,11.37,72.19,10.23,28.1,71.23,Otel,Strunjire,88,1,Vibratii
89,Placuta amovibila,WNMG080408,2775,980.43,1.62,14.07,66.73,0.79,13.4,63.52,Otel,Strunjire,270,0,Niciunul
519,Burghiu,CARBIDE DRILL Ø12,5223,267.06,1.15,17.97,98.23,1.55,12.9,64.83,Aluminiu,Gaurire,272,1,Supraincalzire
294,Freza,FREZA HSS Ø8 2F,1555,292.68,0.44,17.63,49.79,1.38,16.1,60.78,Aluminiu,Frezare,139,0,Niciunul
117,Freza,FREZA HSS Ø8 2F,2095,794.48,2.95,17.55,76.37,1.07,63.2,68.59,Inox,Frezare,276,1,Uzura excesiva
183,Burghiu,HSS DRILL Ø6,1830,535.71,0.4,18.28,67.22,1.36,2.5,66.32,Aluminiu,Gaurire,378,0,Niciunul
574,Freza,FREZA HSS Ø8 2F,5197,1063.34,0.23,13.44,110.4,3.67,33.7,67.17,Aluminiu,Frezare,342,1,Supraincalzire
228,Freza,FREZA HSS Ø8 2F,5063,405.38,1.17,9.17,67.56,4.6,57.6,66.85,Aluminiu,Frezare,487,1,Vibratii
127,Placuta amovibila,CNMG120408,4874,432.18,1.62,13.39,62.23,1.15,12.4,73.14,Otel,Strunjire,235,0,Niciunul
175,Placuta amovibila,CNMG120408,5325,271.87,2.59,17.81,112.23,0.82,33.9,65.61,Otel,Strunjire,194,1,Supraincalzire
579,Freza,FREZA CARBURA Ø10 4F,3820,457.65,0.59,12.77,96.62,2.21,22.5,62.59,Inox,Frezare,233,1,Supraincalzire
55,Placuta amovibila,WNMG080408,3596,1143.83,0.51,14.15,54.74,1.32,13.3,61.0,Aluminiu,Strunjire,229,0,Niciunul
322,Freza,FREZA HSS Ø8 2F,3399,644.09,2.47,11.25,87.59,4.84,74.2,66.56,Otel,Frezare,462,1,Uzura excesiva
380,Placuta amovibila,WNMG080408,3790,337.99,2.62,13.22,41.45,1.91,9.3,65.98,Otel,Strunjire,216,0,Niciunul
13,Tarod,TAROD M10 ISO2,5540,1037.52,2.6,19.07,84.44,3.63,22.4,72.24,Inox,Filetare,272,1,Supraincalzire
453,Freza,FREZA CARBURA Ø10 4F,2867,1067.91,0.12,15.11,47.65,0.95,12.7,73.29,Inox,Frezare,459,0,Niciunul
227,Freza,FREZA CARBURA Ø10 4F,5118,914.15,1.38,6.91,41.82,1.29,17.1,68.91,Inox,Frezare,60,0,Niciunul
411,Burghiu,CARBIDE DRILL Ø12,1898,262.94,2.16,19.33,69.62,7.72,47.8,64.32,Aluminiu,Gaurire,45,1,Vibratii
497,Freza,FREZA HSS Ø8 2F,5638,236.28,0.29,6.49,41.8,1.69,2.1,63.96,Aluminiu,Frezare,240,0,Niciunul
26,Freza,FREZA HSS Ø8 2F,4828,1140.81,1.27,17.78,45.52,0.78,0.6,68.92,Otel,Frezare,18,0,Niciunul
302,Burghiu,CARBIDE DRILL Ø12,3908,548.38,0.25,19.02,63.66,1.42,16.6,64.93,Aluminiu,Gaurire,468,0,Niciunul
227,Burghiu,CARBIDE DRILL Ø12,4295,660.86,2.23,12.37,64.95,4.69,43.8,65.05,Inox,Gaurire,309,1,Uzura excesiva
492,Burghiu,CARBIDE DRILL Ø12,5897,1025.52,2.32,15.72,58.28,4.13,52.8,68.54,Inox,Gaurire,447,1,Uzura excesiva
123,Freza,FREZA HSS Ø8 2F,2699,276.3,0.97,19.47,60.89,1.88,11.8,73.84,Otel,Frezare,327,0,Niciunul
326,Placuta amovibila,CNMG120408,4426,463.59,0.63,13.72,62.2,1.51,11.3,67.27,Aluminiu,Strunjire,270,0,Niciunul
280,Placuta amovibila,WNMG080408,4747,699.22,2.41,19.61,54.53,2.0,18.6,72.53,Aluminiu,Strunjire,399,0,Niciunul
184,Burghiu,HSS DRILL Ø6,3508,529.43,1.04,15.97,38.14,1.04,16.4,69.83,Otel,Gaurire,486,0,Niciunul
106,Placuta amovibila,CNMG120408,2812,309.43,1.44,7.45,58.58,1.5,3.6,66.08,Aluminiu,Strunjire,479,0,Niciunul
8,Placuta amovibila,CNMG120408,4194,1028.88,2.38,11.6,74.1,5.93,59.7,62.75,Inox,Strunjire,286,1,Vibratii
195,Burghiu,HSS DRILL Ø6,2117,240.49,2.39,14.23,51.71,1.59,17.3,68.88,Inox,Gaurire,279,0,Niciunul
140,Freza,FREZA HSS Ø8 2F,4240,1055.52,2.92,9.07,48.95,1.73,15.1,69.78,Inox,Frezare,291,0,Niciunul
327,Freza,FREZA CARBURA Ø10 4F,3671,1073.73,1.0,8.18,99.5,0.64,17.2,63.92,Aluminiu,Frezare,493,1,Niciunul
12,Freza,FREZA HSS Ø8 2F,5404,351.45,1.52,11.34,100.07,3.33,32.6,68.32,Inox,Frezare,450,1,Supraincalzire
594,Burghiu,HSS DRILL Ø6,4496,554.62,1.41,5.31,80.5,5.18,27.1,67.06,Inox,Gaurire,341,1,Vibratii
157,Burghiu,HSS DRILL Ø6,4450,472.28,0.66,5.81,117.17,3.9,24.5,62.34,Inox,Gaurire,161,1,Supraincalzire
190,Placuta amovibila,CNMG120408,2695,886.51,0.66,5.38,61.86,0.6,12.2,63.87,Otel,Strunjire,149,0,Niciunul
414,Tarod,TAROD M10 ISO2,2931,1043.65,1.35,7.59,57.51,3.98,45.5,73.15,Otel,Filetare,128,1,Vibratii
176,Placuta amovibila,WNMG080408,4659,752.12,0.55,8.74,68.16,4.59,57.1,73.2,Aluminiu,Strunjire,246,1,Uzura excesiva
273,Burghiu,CARBIDE DRILL Ø12,2761,1024.94,1.62,9.07,90.52,0.54,12.5,66.11,Otel,Gaurire,321,1,Supraincalzire
3,Burghiu,HSS DRILL Ø6,3729,713.89,0.71,15.29,64.7,1.33,14.0,69.61,Inox,Gaurire,482,0,Niciunul
568,Placuta amovibila,CNMG120408,1714,552.97,2.34,11.49,35.2,0.63,7.0,61.72,Inox,Strunjire,342,0,Niciunul
593,Tarod,TAROD M10 ISO2,1515,240.1,2.22,11.35,46.91,1.05,1.7,70.22,Otel,Filetare,166,0,Niciunul
460,Placuta amovibila,CNMG120408,1801,509.99,0.74,11.66,94.02,0.91,38.4,70.37,Otel,Strunjire,9,1,Niciunul
222,Burghiu,CARBIDE DRILL Ø12,5941,1191.08,0.64,10.06,47.62,0.9,6.9,65.91,Aluminiu,Gaurire,372,0,Niciunul
301,Tarod,TAROD M10 ISO2,3834,648.45,2.76,10.66,86.11,1.99,54.3,61.57,Otel,Filetare,241,1,Uzura excesiva
105,Freza,FREZA HSS Ø8 2F,2856,376.16,1.25,11.52,64.96,0.51,11.4,72.15,Otel,Frezare,298,0,Niciunul
235,Tarod,TAROD M10 ISO2,2568,567.58,1.82,6.43,53.97,1.54,15.1,61.41,Inox,Filetare,338,0,Niciunul
423,Placuta amovibila,WNMG080408,1518,333.51,2.22,16.44,62.54,0.61,13.4,74.78,Aluminiu,Strunjire,101,0,Niciunul
93,Placuta amovibila,WNMG080408,1736,1007.51,0.82,16.33,60.37,9.45,26.7,68.16,Inox,Strunjire,62,1,Vibratii
35,Burghiu,HSS DRILL Ø6,3694,662.94,2.39,12.48,47.59,0.82,14.2,60.8,Otel,Gaurire,25,0,Niciunul
595,Burghiu,HSS DRILL Ø6,2714,466.36,0.42,10.88,41.33,0.59,11.3,61.37,Otel,Gaurire,131,0,Niciunul
408,Burghiu,CARBIDE DRILL Ø12,5568,731.64,1.23,7.57,50.1,0.91,18.3,68.28,Aluminiu,Gaurire,357,0,Niciunul
590,Tarod,TAROD M10 ISO2,2069,275.46,2.63,14.84,111.65,2.11,13.4,71.74,Otel,Filetare,272,1,Supraincalzire
566,Freza,FREZA HSS Ø8 2F,5314,838.1,1.03,11.45,69.65,1.52,9.5,71.53,Otel,Frezare,374,0,Niciunul
384,Burghiu,CARBIDE DRILL Ø12,1720,1074.06,2.55,9.93,58.96,1.07,4.8,63.53,Inox,Gaurire,237,0,Niciunul
172,Placuta amovibila,WNMG080408,2425,262.21,1.62,18.77,115.21,1.72,29.4,66.26,Otel,Strunjire,300,1,Supraincalzire
212,Freza,FREZA HSS Ø8 2F,5736,217.67,0.84,11.45,60.33,1.3,3.4,67.15,Otel,Frezare,259,0,Niciunul
136,Freza,FREZA CARBURA Ø10 4F,5771,787.23,1.1,12.52,46.62,1.95,10.8,74.71,Inox,Frezare,304,0,Niciunul
234,Freza,FREZA CARBURA Ø10 4F,5125,207.88,2.01,17.12,58.79,7.26,43.6,74.18,Otel,Frezare,308,1,Vibratii
30,Placuta amovibila,CNMG120408,3647,288.33,0.46,6.54,66.89,1.82,13.9,64.01,Inox,Strunjire,301,0,Niciunul
472,Placuta amovibila,WNMG080408,3774,385.58,2.63,13.05,49.13,1.37,11.0,63.68,Inox,Strunjire,185,0,Niciunul
468,Freza,FREZA CARBURA Ø10 4F,3934,995.4,0.69,10.81,60.57,7.69,42.1,70.97,Otel,Frezare,232,1,Vibratii
503,Placuta amovibila,WNMG080408,2008,563.77,2.07,14.96,65.06,0.51,13.3,64.46,Inox,Strunjire,340,0,Niciunul
132,Burghiu,HSS DRILL Ø6,2731,316.71,1.97,10.5,48.4,0.53,19.0,67.55,Otel,Gaurire,300,0,Niciunul
77,Placuta amovibila,WNMG080408,2188,504.64,2.49,17.37,68.09,1.64,15.8,61.87,Otel,Strunjire,380,0,Niciunul
18,Placuta amovibila,CNMG120408,3097,430.82,2.95,12.81,83.12,1.0,15.3,69.2,Aluminiu,Strunjire,79,1,Niciunul
468,Burghiu,HSS DRILL Ø6,5190,489.33,1.49,7.85,42.81,1.2,5.7,68.36,Aluminiu,Gaurire,151,0,Niciunul
284,Freza,FREZA CARBURA Ø10 4F,3360,209.22,2.83,8.41,60.48,6.97,51.0,60.84,Otel,Frezare,317,1,Vibratii
453,Burghiu,CARBIDE DRILL Ø12,2947,772.29,1.28,8.02,53.18,4.84,49.2,68.51,Inox,Gaurire,261,1,Uzura excesiva
69,Tarod,TAROD M10 ISO2,4211,736.77,0.13,16.59,108.26,0.74,17.7,66.05,Inox,Filetare,56,1,Supraincalzire
279,Burghiu,HSS DRILL Ø6,3204,576.25,2.88,14.77,85.48,1.5,25.6,70.37,Inox,Gaurire,189,1,Supraincalzire
205,Freza,FREZA HSS Ø8 2F,1954,660.87,1.87,13.73,53.99,1.64,0.6,63.33,Otel,Frezare,354,0,Niciunul
14,Freza,FREZA HSS Ø8 2F,2272,1057.14,0.39,17.25,97.7,2.31,13.4,66.73,Aluminiu,Frezare,383,1,Supraincalzire
355,Placuta amovibila,WNMG080408,4571,582.37,2.25,14.87,83.54,3.63,47.8,74.93,Inox,Strunjire,369,1,Uzura excesiva
376,Placuta amovibila,WNMG080408,3084,739.61,2.93,8.14,59.13,11.31,33.2,62.25,Otel,Strunjire,363,1,Vibratii
435,Burghiu,CARBIDE DRILL Ø12,1774,698.25,1.53,15.46,56.69,2.22,46.5,67.74,Otel,Gaurire,269,1,Uzura excesiva
225,Freza,FREZA HSS Ø8 2F,5171,921.07,0.62,8.46,89.94,2.53,17.3,61.13,Inox,Frezare,494,1,Supraincalzire
368,Tarod,TAROD M10 ISO2,2979,207.29,2.85,10.97,58.32,1.99,3.6,67.08,Inox,Filetare,338,0,Niciunul
270,Placuta amovibila,CNMG120408,2237,945.15,2.9,9.0,79.22,6.79,25.2,74.88,Aluminiu,Strunjire,142,1,Vibratii
24,Freza,FREZA HSS Ø8 2F,5276,580.55,2.13,9.23,88.84,1.03,12.5,62.24,Otel,Frezare,334,1,Supraincalzire
467,Burghiu,CARBIDE DRILL Ø12,4637,876.41,0.66,6.05,71.23,4.78,75.3,72.98,Aluminiu,Gaurire,344,1,Uzura excesiva
178,Placuta amovibila,WNMG080408,3858,860.74,0.51,17.5,54.31,1.69,14.2,67.45,Inox,Strunjire,365,0,Niciunul
108,Tarod,TAROD M10 ISO2,3655,1105.63,1.95,12.06,60.08,0.6,5.7,71.65,Aluminiu,Filetare,40,0,Niciunul
135,Freza,FREZA HSS Ø8 2F,2906,1046.5,2.79,5.59,61.19,1.47,16.2,69.23,Aluminiu,Frezare,456,0,Niciunul
131,Freza,FREZA HSS Ø8 2F,4970,561.38,2.13,18.69,60.78,1.83,4.6,72.44,Otel,Frezare,317,0,Niciunul
363,Freza,FREZA HSS Ø8 2F,3863,613.07,0.21,17.76,51.73,1.43,3.2,71.04,Inox,Frezare,120,0,Niciunul
298,Tarod,TAROD M10 ISO2,2667,674.92,2.92,16.73,38.69,0.57,15.4,66.58,Inox,Filetare,288,0,Niciunul
452,Freza,FREZA HSS Ø8 2F,2408,225.6,0.2,16.29,104.83,3.54,12.9,63.45,Inox,Frezare,35,1,Supraincalzire
398,Freza,FREZA HSS Ø8 2F,4319,1039.7,2.88,17.33,74.05,1.4,44.3,68.15,Aluminiu,Frezare,346,1,Uzura excesiva
123,Burghiu,CARBIDE DRILL Ø12,2874,471.33,0.55,14.03,77.85,7.98,27.5,70.97,Inox,Gaurire,127,1,Vibratii
597,Tarod,TAROD M10 ISO2,5866,248.06,2.61,10.0,36.95,1.99,19.5,60.33,Otel,Filetare,244,0,Niciunul
241,Freza,FREZA CARBURA Ø10 4F,4022,603.28,2.57,16.0,85.05,9.76,39.3,65.52,Inox,Frezare,29,1,Vibratii
289,Freza,FREZA HSS Ø8 2F,2313,1147.0,0.99,11.33,51.73,0.7,5.1,68.56,Inox,Frezare,396,0,Niciunul
98,Burghiu,CARBIDE DRILL Ø12,5596,221.86,0.2,7.17,86.8,1.48,70.5,69.38,Otel,Gaurire,112,1,Uzura excesiva
288,Freza,FREZA HSS Ø8 2F,3767,1179.28,1.54,8.68,88.13,3.6,17.1,62.7,Inox,Frezare,192,1,Supraincalzire
106,Freza,FREZA CARBURA Ø10 4F,2059,1117.36,2.33,17.09,65.47,1.52,16.8,60.08,Otel,Frezare,234,0,Niciunul
517,Burghiu,HSS DRILL Ø6,2519,473.33,1.79,5.89,98.81,1.3,18.5,70.66,Aluminiu,Gaurire,186,1,Supraincalzire
264,Freza,FREZA CARBURA Ø10 4F,5401,957.88,2.46,17.57,54.13,3.17,69.8,73.19,Aluminiu,Frezare,440,1,Uzura excesiva
573,Burghiu,HSS DRILL Ø6,4207,708.71,2.24,16.93,62.72,4.31,41.4,72.75,Aluminiu,Gaurire,234,1,Uzura excesiva
233,Placuta amovibila,CNMG120408,2275,1148.52,2.03,8.64,85.87,3.45,43.0,72.77,Aluminiu,Strunjire,351,1,Uzura excesiva
341,Placuta amovibila,WNMG080408,2722,330.1,0.33,9.17,72.88,2.51,79.9,63.15,Aluminiu,Strunjire,80,1,Uzura excesiva
594,Burghiu,CARBIDE DRILL Ø12,5316,865.29,1.58,13.98,64.47,4.12,65.4,66.23,Otel,Gaurire,183,1,Uzura excesiva
213,Placuta amovibila,WNMG080408,3097,370.37,2.54,14.59,80.46,3.84,63.9,69.17,Inox,Strunjire,179,1,Uzura excesiva
401,Burghiu,HSS DRILL Ø6,2130,858.42,0.56,16.19,41.16,2.0,11.9,61.46,Otel,Gaurire,111,0,Niciunul
474,Placuta amovibila,WNMG080408,3113,891.33,0.55,17.95,83.95,1.43,62.0,65.48,Inox,Strunjire,79,1,Uzura excesiva
311,Freza,FREZA HSS Ø8 2F,3189,699.1,2.74,8.92,47.44,0.94,14.5,72.52,Inox,Frezare,472,0,Niciunul
275,Placuta amovibila,WNMG080408,3037,476.81,1.52,9.53,60.04,1.45,8.3,69.5,Aluminiu,Strunjire,57,0,Niciunul
168,Burghiu,HSS DRILL Ø6,4297,941.23,1.1,9.37,59.22,6.46,44.5,66.44,Aluminiu,Gaurire,319,1,Niciunul
545,Placuta amovibila,CNMG120408,1882,300.73,2.18,6.45,113.68,3.31,26.0,62.8,Otel,Strunjire,461,1,Supraincalzire
570,Placuta amovibila,WNMG080408,2109,719.31,1.06,16.21,35.93,1.67,9.7,68.67,Inox,Strunjire,200,0,Niciunul
434,Burghiu,CARBIDE DRILL Ø12,1670,1063.45,0.75,11.83,41.12,1.94,13.1,73.33,Aluminiu,Gaurire,197,0,Niciunul
138,Freza,FREZA HSS Ø8 2F,3663,1151.5,0.2,6.27,41.28,1.55,0.7,62.41,Otel,Frezare,163,0,Niciunul
141,Placuta amovibila,CNMG120408,5016,733.02,1.96,9.1,83.22,2.7,33.7,70.4,Inox,Strunjire,236,1,Niciunul
132,Burghiu,CARBIDE DRILL Ø12,4375,350.58,0.93,7.97,64.33,1.63,19.8,61.03,Inox,Gaurire,11,0,Niciunul
178,Burghiu,CARBIDE DRILL Ø12,2891,401.72,1.78,6.23,59.45,1.53,13.1,70.42,Aluminiu,Gaurire,70,0,Niciunul
174,Freza,FREZA HSS Ø8 2F,2149,253.04,0.93,11.96,98.67,3.44,10.7,70.62,Aluminiu,Frezare,299,1,Niciunul
204,Freza,FREZA HSS Ø8 2F,5896,1058.72,0.49,7.48,78.08,4.57,47.6,60.46,Aluminiu,Frezare,353,1,Uzura excesiva
456,Freza,FREZA HSS Ø8 2F,5797,395.39,2.45,17.86,88.53,1.9,76.3,60.76,Otel,Frezare,43,1,Uzura excesiva
418,Placuta amovibila,WNMG080408,5890,1156.42,1.8,8.85,89.75,11.26,42.8,66.39,Inox,Strunjire,36,1,Vibratii
70,Burghiu,HSS DRILL Ø6,2782,501.3,1.15,7.92,61.22,1.4,8.3,65.51,Aluminiu,Gaurire,134,0,Niciunul
356,Freza,FREZA CARBURA Ø10 4F,5823,989.51,2.92,18.14,38.57,1.17,3.2,69.02,Aluminiu,Frezare,211,0,Niciunul
421,Placuta amovibila,CNMG120408,2496,942.76,0.42,11.62,58.45,4.45,66.8,72.38,Aluminiu,Strunjire,61,1,Uzura excesiva
508,Placuta amovibila,CNMG120408,3536,340.53,2.37,18.95,62.4,1.83,2.1,61.09,Aluminiu,Strunjire,398,0,Niciunul
547,Freza,FREZA CARBURA Ø10 4F,3457,634.3,1.95,16.08,82.72,3.73,16.9,68.19,Inox,Frezare,272,1,Supraincalzire
260,Freza,FREZA CARBURA Ø10 4F,4798,627.44,0.48,10.62,64.53,0.51,0.7,64.26,Aluminiu,Frezare,380,0,Niciunul
120,Burghiu,CARBIDE DRILL Ø12,4071,1060.64,2.16,5.86,50.09,0.93,8.5,73.07,Otel,Gaurire,238,0,Niciunul
501,Freza,FREZA HSS Ø8 2F,4949,742.86,1.75,10.69,57.97,1.76,5.9,72.64,Aluminiu,Frezare,370,0,Niciunul
494,Placuta amovibila,CNMG120408,5693,1084.34,0.17,10.9,51.54,1.84,10.8,68.87,Otel,Strunjire,427,0,Niciunul
57,Tarod,TAROD M10 ISO2,3137,1000.29,1.09,13.81,81.31,3.96,37.2,61.17,Inox,Filetare,413,1,Niciunul
330,Burghiu,CARBIDE DRILL Ø12,1886,405.68,2.41,7.55,64.19,1.94,1.2,68.05,Aluminiu,Gaurire,188,0,Niciunul
343,Burghiu,CARBIDE DRILL Ø12,4728,1137.94,1.92,10.28,69.92,8.98,58.4,72.59,Aluminiu,Gaurire,453,1,Vibratii
369,Placuta amovibila,WNMG080408,2346,1077.44,0.79,17.9,72.62,2.82,77.3,74.49,Aluminiu,Strunjire,300,1,Uzura excesiva
115,Tarod,TAROD M10 ISO2,2355,472.21,1.44,16.2,43.27,1.73,9.0,64.74,Otel,Filetare,412,0,Niciunul
507,Freza,FREZA HSS Ø8 2F,3967,590.56,2.98,7.52,54.97,4.89,74.0,72.9,Inox,Frezare,41,1,Uzura excesiva
129,Burghiu,CARBIDE DRILL Ø12,5960,460.17,1.45,5.98,71.68,10.54,21.1,73.49,Otel,Gaurire,290,1,Vibratii
384,Placuta amovibila,CNMG120408,4067,1083.3,1.23,8.8,84.56,2.99,18.8,73.75,Inox,Strunjire,418,1,Supraincalzire
304,Placuta amovibila,WNMG080408,3181,1113.44,1.57,6.34,47.51,0.88,4.3,70.62,Otel,Strunjire,445,0,Niciunul
357,Placuta amovibila,CNMG120408,3400,986.87,1.69,16.47,100.2,2.34,17.5,60.39,Otel,Strunjire,331,1,Supraincalzire
18,Freza,FREZA CARBURA Ø10 4F,5811,507.6,1.24,18.76,70.0,1.99,18.3,70.22,Aluminiu,Frezare,194,0,Niciunul
443,Burghiu,CARBIDE DRILL Ø12,5891,797.99,2.51,13.7,52.93,1.85,1.5,62.24,Inox,Gaurire,304,0,Niciunul
408,Freza,FREZA HSS Ø8 2F,4495,745.71,2.23,19.5,64.06,1.84,5.6,68.54,Aluminiu,Frezare,325,0,Niciunul
331,Freza,FREZA HSS Ø8 2F,3198,1146.1,2.31,18.36,87.94,1.21,19.7,63.02,Otel,Frezare,268,1,Supraincalzire
48,Burghiu,CARBIDE DRILL Ø12,2118,1129.62,2.92,13.98,62.64,2.01,43.7,62.22,Otel,Gaurire,231,1,Uzura excesiva
258,Placuta amovibila,WNMG080408,2448,522.22,0.3,10.44,51.83,4.66,73.0,74.83,Otel,Strunjire,415,1,Uzura excesiva
465,Freza,FREZA CARBURA Ø10 4F,3472,500.84,2.02,6.08,48.56,1.41,2.2,65.21,Inox,Frezare,332,0,Niciunul
327,Placuta amovibila,WNMG080408,1593,623.98,0.18,16.88,66.8,1.49,17.4,64.82,Otel,Strunjire,274,0,Niciunul
25,Freza,FREZA HSS Ø8 2F,4655,1158.5,0.28,17.21,51.05,4.3,50.5,63.63,Inox,Frezare,115,1,Uzura excesiva
31,Freza,FREZA CARBURA Ø10 4F,2962,1038.67,0.11,7.74,58.04,4.67,64.4,60.47,Inox,Frezare,417,1,Uzura excesiva
451,Freza,FREZA CARBURA Ø10 4F,4407,782.03,2.64,8.67,48.76,1.86,8.5,74.0,Otel,Frezare,270,0,Niciunul
306,Freza,FREZA CARBURA Ø10 4F,4964,328.43,0.66,12.48,68.15,10.51,23.1,71.28,Otel,Frezare,51,1,Vibratii
554,Burghiu,HSS DRILL Ø6,3871,975.33,2.56,5.62,36.95,1.82,12.9,72.52,Aluminiu,Gaurire,375,0,Niciunul
511,Burghiu,HSS DRILL Ø6,4796,206.74,1.82,11.87,69.69,1.19,50.1,65.7,Otel,Gaurire,411,1,Uzura excesiva
359,Freza,FREZA CARBURA Ø10 4F,2742,402.14,2.44,9.36,56.33,5.71,25.9,61.82,Otel,Frezare,374,1,Vibratii
313,Tarod,TAROD M10 ISO2,3656,793.96,2.41,9.96,53.97,4.79,48.4,68.24,Aluminiu,Filetare,449,1,Uzura excesiva
215,Placuta amovibila,CNMG120408,2633,251.81,2.85,9.55,39.09,1.95,10.3,65.45,Otel,Strunjire,11,0,Niciunul
405,Freza,FREZA CARBURA Ø10 4F,5306,389.21,1.09,15.83,69.39,0.86,6.9,71.88,Aluminiu,Frezare,286,0,Niciunul
260,Placuta amovibila,CNMG120408,3560,875.11,2.38,17.63,60.72,1.41,13.6,62.83,Aluminiu,Strunjire,141,0,Niciunul
408,Burghiu,HSS DRILL Ø6,3193,1004.57,1.61,10.51,108.59,2.26,10.8,62.08,Inox,Gaurire,186,1,Supraincalzire
140,Tarod,TAROD M10 ISO2,2891,391.93,0.96,15.62,62.25,1.68,18.2,71.7,Otel,Filetare,43,0,Niciunul
459,Burghiu,CARBIDE DRILL Ø12,1933,1047.8,2.34,6.52,54.36,5.05,21.7,62.22,Inox,Gaurire,483,1,Vibratii
39,Placuta amovibila,WNMG080408,3143,281.53,1.49,13.6,66.68,1.5,71.7,65.23,Aluminiu,Strunjire,139,1,Uzura excesiva
547,Tarod,TAROD M10 ISO2,5229,938.62,1.84,18.39,90.75,2.93,11.5,72.66,Aluminiu,Filetare,122,1,Supraincalzire
472,Burghiu,HSS DRILL Ø6,3840,695.35,1.66,15.41,61.3,4.36,72.7,72.0,Aluminiu,Gaurire,84,1,Uzura excesiva
156,Freza,FREZA CARBURA Ø10 4F,2784,895.3,0.74,5.32,69.69,0.79,14.8,70.14,Otel,Frezare,26,0,Niciunul
59,Burghiu,CARBIDE DRILL Ø12,2224,931.54,2.99,15.18,53.93,4.99,27.9,63.06,Inox,Gaurire,48,1,Vibratii
549,Burghiu,CARBIDE DRILL Ø12,4077,1145.16,0.53,8.53,48.64,1.78,14.2,70.25,Aluminiu,Gaurire,401,0,Niciunul
331,Burghiu,CARBIDE DRILL Ø12,5265,925.89,1.25,6.06,56.21,1.77,4.9,72.41,Inox,Gaurire,187,0,Niciunul
476,Burghiu,CARBIDE DRILL Ø12,1572,663.62,1.08,12.06,97.13,3.65,15.7,71.06,Otel,Gaurire,485,1,Supraincalzire
562,Burghiu,CARBIDE DRILL Ø12,3382,592.07,2.86,7.09,58.23,3.37,52.1,62.55,Aluminiu,Gaurire,333,1,Uzura excesiva
297,Freza,FREZA CARBURA Ø10 4F,2301,842.29,2.9,8.72,89.51,10.79,33.6,66.59,Inox,Frezare,224,1,Vibratii
566,Burghiu,CARBIDE DRILL Ø12,1994,858.15,0.94,8.32,51.0,1.7,17.9,74.78,Aluminiu,Gaurire,150,0,Niciunul
105,Burghiu,CARBIDE DRILL Ø12,5148,862.48,1.61,15.8,48.62,0.92,14.4,70.27,Aluminiu,Gaurire,433,0,Niciunul
583,Freza,FREZA CARBURA Ø10 4F,4275,1088.85,2.32,17.72,56.7,1.92,6.1,67.05,Otel,Frezare,40,0,Niciunul
153,Tarod,TAROD M10 ISO2,3321,1013.86,0.5,19.95,66.81,8.28,47.3,73.05,Inox,Filetare,29,1,Vibratii
515,Tarod,TAROD M10 ISO2,5362,656.75,0.92,19.06,37.16,1.45,10.7,62.32,Aluminiu,Filetare,211,0,Niciunul
222,Tarod,TAROD M10 ISO2,2637,551.07,0.46,15.71,53.17,1.28,77.8,62.95,Inox,Filetare,399,1,Uzura excesiva
148,Tarod,TAROD M10 ISO2,3598,212.68,1.45,13.42,80.06,1.84,21.2,60.66,Aluminiu,Filetare,13,1,Supraincalzire
225,Tarod,TAROD M10 ISO2,4678,241.16,2.97,15.99,83.27,7.21,53.3,70.04,Aluminiu,Filetare,242,1,Vibratii
451,Burghiu,HSS DRILL Ø6,5501,603.14,2.13,6.38,38.72,1.65,0.8,70.59,Aluminiu,Gaurire,164,0,Niciunul
414,Freza,FREZA CARBURA Ø10 4F,3806,202.43,2.1,6.03,70.24,3.13,49.7,67.57,Aluminiu,Frezare,127,1,Vibratii
266,Tarod,TAROD M10 ISO2,3774,1161.45,2.42,17.86,42.21,1.45,4.3,74.72,Otel,Filetare,88,0,Niciunul
581,Burghiu,HSS DRILL Ø6,5985,240.68,2.0,10.98,68.86,1.65,72.1,73.56,Aluminiu,Gaurire,84,1,Uzura excesiva
234,Burghiu,HSS DRILL Ø6,3333,457.92,0.33,14.45,83.75,1.51,29.3,72.9,Otel,Gaurire,74,1,Supraincalzire
20,Burghiu,HSS DRILL Ø6,5420,815.42,0.75,16.13,63.15,1.01,18.9,72.38,Inox,Gaurire,413,0,Niciunul
293,Burghiu,CARBIDE DRILL Ø12,2080,290.69,1.1,5.67,81.47,1.73,39.2,64.86,Inox,Gaurire,21,1,Supraincalzire
559,Freza,FREZA CARBURA Ø10 4F,4609,1010.49,0.29,6.15,82.15,11.8,32.2,72.24,Otel,Frezare,276,1,Vibratii
220,Placuta amovibila,WNMG080408,5698,483.81,0.36,9.64,59.51,9.51,41.9,70.55,Otel,Strunjire,354,1,Vibratii
24,Placuta amovibila,WNMG080408,4874,1002.05,1.47,9.41,68.35,1.82,3.2,61.78,Aluminiu,Strunjire,413,0,Niciunul
484,Placuta amovibila,CNMG120408,1759,1027.36,0.87,5.24,57.02,1.07,14.1,62.12,Inox,Strunjire,118,0,Niciunul
258,Burghiu,CARBIDE DRILL Ø12,4752,284.54,1.79,11.09,57.39,0.75,6.1,66.14,Inox,Gaurire,279,0,Niciunul
260,Burghiu,CARBIDE DRILL Ø12,1674,986.37,1.17,17.7,35.97,0.69,16.4,69.08,Aluminiu,Gaurire,181,0,Niciunul
552,Tarod,TAROD M10 ISO2,5822,652.83,1.2,16.44,82.68,1.17,17.1,64.66,Otel,Filetare,328,1,Supraincalzire
325,Placuta amovibila,CNMG120408,5217,743.39,0.4,19.23,55.82,1.78,4.6,62.59,Inox,Strunjire,274,0,Niciunul
325,Freza,FREZA CARBURA Ø10 4F,1793,1125.34,0.36,12.2,117.14,1.48,23.8,69.92,Otel,Frezare,183,1,Supraincalzire
451,Tarod,TAROD M10 ISO2,5882,696.52,2.22,12.79,45.32,1.87,4.0,62.86,Aluminiu,Filetare,293,0,Niciunul
55,Burghiu,CARBIDE DRILL Ø12,1682,889.55,2.31,7.05,80.54,2.02,29.1,72.26,Otel,Gaurire,107,1,Supraincalzire
36,Freza,FREZA CARBURA Ø10 4F,3043,343.22,1.8,16.35,63.1,4.16,45.2,64.84,Inox,Frezare,438,1,Uzura excesiva
238,Placuta amovibila,CNMG120408,3250,711.05,1.36,18.54,73.96,11.85,47.9,70.43,Aluminiu,Strunjire,380,1,Niciunul
154,Freza,FREZA HSS Ø8 2F,2230,263.45,1.87,18.31,69.76,1.05,12.6,68.49,Otel,Frezare,317,0,Niciunul
96,Freza,FREZA CARBURA Ø10 4F,2183,1149.01,0.88,8.42,65.53,1.24,12.4,72.73,Otel,Frezare,212,0,Niciunul
476,Burghiu,HSS DRILL Ø6,3920,764.7,0.96,9.92,77.72,1.67,79.1,74.66,Inox,Gaurire,400,1,Uzura excesiva
420,Freza,FREZA HSS Ø8 2F,3898,980.05,1.84,9.45,91.2,2.08,25.5,63.01,Inox,Frezare,275,1,Supraincalzire
248,Freza,FREZA HSS Ø8 2F,3687,795.1,2.92,5.89,58.26,1.88,18.0,71.53,Aluminiu,Frezare,315,0,Niciunul
561,Burghiu,CARBIDE DRILL Ø12,2995,859.55,2.3,13.41,81.27,3.13,14.6,60.27,Otel,Gaurire,38,1,Niciunul
280,Freza,FREZA CARBURA Ø10 4F,1808,800.4,1.45,9.94,54.14,1.24,17.4,60.7,Otel,Frezare,430,0,Niciunul
169,Placuta amovibila,CNMG120408,2912,1104.63,1.59,9.73,91.38,0.7,28.4,72.39,Inox,Strunjire,147,1,Supraincalzire
325,Tarod,TAROD M10 ISO2,2444,560.7,1.37,18.45,40.56,1.56,0.4,69.33,Aluminiu,Filetare,53,0,Niciunul
421,Burghiu,HSS DRILL Ø6,3470,707.61,2.83,11.44,75.41,5.3,52.5,60.5,Aluminiu,Gaurire,62,1,Vibratii
565,Tarod,TAROD M10 ISO2,3717,821.05,2.73,12.98,52.7,11.94,51.9,68.21,Aluminiu,Filetare,201,1,Vibratii
245,Tarod,TAROD M10 ISO2,2871,831.76,1.39,13.78,59.82,1.99,5.1,67.03,Aluminiu,Filetare,116,0,Niciunul
592,Placuta amovibila,CNMG120408,5947,1045.94,2.76,5.14,63.9,0.52,3.2,63.93,Inox,Strunjire,423,0,Niciunul
184,Placuta amovibila,WNMG080408,5104,692.8,0.49,5.71,43.14,1.39,10.5,74.34,Aluminiu,Strunjire,453,0,Niciunul
196,Freza,FREZA CARBURA Ø10 4F,4086,391.88,2.41,15.3,96.82,1.64,26.1,64.82,Inox,Frezare,218,1,Supraincalzire
234,Freza,FREZA HSS Ø8 2F,4276,964.62,0.14,18.68,62.59,1.28,7.8,72.63,Inox,Frezare,264,0,Niciunul
101,Freza,FREZA CARBURA Ø10 4F,2321,865.44,2.15,9.74,92.66,0.64,19.8,68.13,Aluminiu,Frezare,218,1,Supraincalzire
596,Placuta amovibila,WNMG080408,2647,784.84,0.23,11.91,73.31,11.82,45.2,66.13,Otel,Strunjire,331,1,Vibratii
84,Freza,FREZA CARBURA Ø10 4F,5076,686.48,1.74,18.65,117.64,1.12,23.2,60.08,Aluminiu,Frezare,462,1,Supraincalzire
412,Burghiu,CARBIDE DRILL Ø12,5450,217.16,0.28,10.61,54.42,9.19,21.7,72.82,Otel,Gaurire,40,1,Vibratii
207,Burghiu,HSS DRILL Ø6,4325,1003.94,2.19,9.32,85.31,2.17,64.4,70.72,Otel,Gaurire,55,1,Uzura excesiva
597,Burghiu,HSS DRILL Ø6,4294,369.19,1.54,13.75,75.31,4.83,53.8,73.79,Aluminiu,Gaurire,467,1,Uzura excesiva
501,Tarod,TAROD M10 ISO2,3122,1006.1,1.98,13.12,67.76,1.36,43.2,70.45,Otel,Filetare,433,1,Niciunul
176,Freza,FREZA CARBURA Ø10 4F,4461,930.7,1.41,17.75,43.7,1.44,4.3,70.63,Otel,Frezare,105,0,Niciunul
147,Burghiu,CARBIDE DRILL Ø12,1949,1163.47,1.43,9.39,87.14,8.93,38.5,68.09,Inox,Gaurire,121,1,Niciunul
537,Freza,FREZA HSS Ø8 2F,5328,356.28,1.94,15.48,61.61,1.7,18.3,65.02,Otel,Frezare,309,0,Niciunul
597,Burghiu,CARBIDE DRILL Ø12,5326,551.85,0.26,10.88,51.27,0.73,3.9,65.21,Aluminiu,Gaurire,491,0,Niciunul
599,Tarod,TAROD M10 ISO2,1628,911.23,2.27,13.31,89.81,8.21,50.2,65.51,Otel,Filetare,258,1,Vibratii
321,Placuta amovibila,CNMG120408,4161,256.22,0.81,17.81,63.78,0.87,17.1,66.83,Aluminiu,Strunjire,11,0,Niciunul
284,Burghiu,CARBIDE DRILL Ø12,5392,250.47,1.98,10.14,65.25,1.59,79.8,67.75,Inox,Gaurire,98,1,Uzura excesiva
336,Tarod,TAROD M10 ISO2,4612,829.33,0.65,9.36,71.08,1.32,48.0,62.64,Otel,Filetare,111,1,Niciunul
350,Burghiu,HSS DRILL Ø6,3226,450.68,2.44,5.29,46.99,0.74,15.5,72.19,Aluminiu,Gaurire,331,0,Niciunul
451,Freza,FREZA HSS Ø8 2F,4074,696.87,2.67,18.58,63.3,1.42,57.9,74.32,Inox,Frezare,472,1,Niciunul
22,Burghiu,HSS DRILL Ø6,2086,392.64,2.52,7.4,61.36,4.98,77.1,60.79,Inox,Gaurire,259,1,Uzura excesiva
456,Burghiu,CARBIDE DRILL Ø12,3706,1040.42,1.96,16.47,49.21,1.93,12.2,67.41,Inox,Gaurire,260,0,Niciunul
82,Burghiu,HSS DRILL Ø6,3604,1153.16,1.38,16.06,114.84,1.99,12.9,73.42,Aluminiu,Gaurire,247,1,Supraincalzire
442,Placuta amovibila,WNMG080408,5392,1129.13,2.24,19.99,45.91,1.14,6.9,63.65,Otel,Strunjire,164,0,Niciunul
599,Freza,FREZA CARBURA Ø10 4F,4962,399.38,0.48,19.34,53.39,1.05,67.1,61.92,Otel,Frezare,390,1,Uzura excesiva
38,Tarod,TAROD M10 ISO2,5270,456.24,2.66,8.9,82.03,0.5,19.3,70.17,Aluminiu,Filetare,452,1,Supraincalzire
549,Freza,FREZA CARBURA Ø10 4F,4913,568.83,2.66,14.73,41.79,1.12,8.9,62.4,Aluminiu,Frezare,359,0,Niciunul
352,Burghiu,CARBIDE DRILL Ø12,4630,690.46,0.6,14.2,69.53,0.72,5.6,69.86,Inox,Gaurire,292,0,Niciunul
495,Burghiu,HSS DRILL Ø6,4443,303.76,1.55,9.96,59.79,1.75,9.7,71.94,Inox,Gaurire,187,0,Niciunul
32,Tarod,TAROD M10 ISO2,2803,709.04,0.92,6.59,35.09,1.97,13.8,62.69,Aluminiu,Filetare,447,0,Niciunul
238,Freza,FREZA HSS Ø8 2F,2709,1186.24,2.56,11.37,82.38,3.74,16.9,61.8,Aluminiu,Frezare,277,1,Niciunul
506,Burghiu,CARBIDE DRILL Ø12,4069,454.02,2.02,15.12,36.74,1.48,8.3,65.0,Inox,Gaurire,5,0,Niciunul
413,Placuta amovibila,CNMG120408,3719,759.74,2.4,13.09,36.82,1.0,14.4,69.12,Otel,Strunjire,68,0,Niciunul
425,Placuta amovibila,CNMG120408,5384,1187.6,0.96,13.62,46.14,1.29,2.5,64.63,Inox,Strunjire,43,0,Niciunul
250,Placuta amovibila,CNMG120408,5128,845.54,1.55,15.92,48.94,0.83,6.7,72.2,Inox,Strunjire,309,0,Niciunul
267,Tarod,TAROD M10 ISO2,4440,705.92,0.2,8.56,84.3,9.53,53.5,71.53,Aluminiu,Filetare,334,1,Vibratii
120,Tarod,TAROD M10 ISO2,2945,397.77,1.2,11.94,52.43,1.83,1.8,61.05,Inox,Filetare,366,0,Niciunul
381,Freza,FREZA HSS Ø8 2F,4483,277.15,2.21,19.6,66.98,5.0,54.4,67.59,Otel,Frezare,9,1,Uzura excesiva
435,Burghiu,HSS DRILL Ø6,3615,905.08,2.46,17.87,54.79,2.6,76.4,62.97,Aluminiu,Gaurire,187,1,Uzura excesiva
69,Burghiu,HSS DRILL Ø6,4808,262.66,1.03,10.57,87.09,4.86,70.3,63.68,Otel,Gaurire,197,1,Niciunul
34,Placuta amovibila,CNMG120408,4262,851.04,2.49,17.95,62.07,11.66,50.5,71.19,Otel,Strunjire,61,1,Vibratii
83,Burghiu,HSS DRILL Ø6,4499,672.3,0.88,17.84,53.33,1.12,8.7,64.96,Otel,Gaurire,68,0,Niciunul
548,Freza,FREZA CARBURA Ø10 4F,2450,479.45,0.52,5.7,59.28,1.7,12.9,72.79,Otel,Frezare,251,0,Niciunul
412,Placuta amovibila,CNMG120408,4838,1195.0,2.0,10.45,66.54,0.91,18.5,66.17,Inox,Strunjire,285,0,Niciunul
443,Tarod,TAROD M10 ISO2,2495,638.98,0.54,6.3,93.11,1.91,38.6,67.1,Inox,Filetare,160,1,Supraincalzire
546,Placuta amovibila,WNMG080408,2986,1133.87,1.77,10.36,46.64,1.29,6.8,71.27,Inox,Strunjire,272,0,Niciunul
423,Freza,FREZA CARBURA Ø10 4F,5857,320.37,2.96,8.99,46.46,1.04,12.6,74.67,Aluminiu,Frezare,289,0,Niciunul
387,Burghiu,HSS DRILL Ø6,5237,415.54,1.29,5.5,69.21,1.19,14.0,71.33,Otel,Gaurire,59,0,Niciunul
483,Freza,FREZA CARBURA Ø10 4F,3308,554.66,2.94,17.2,51.6,1.4,7.4,71.48,Inox,Frezare,198,0,Niciunul
10,Freza,FREZA CARBURA Ø10 4F,1506,269.92,0.71,19.12,58.05,1.94,6.5,73.2,Inox,Frezare,113,0,Niciunul
266,Freza,FREZA CARBURA Ø10 4F,3814,892.76,1.11,12.78,110.45,2.84,37.5,73.78,Aluminiu,Frezare,494,1,Supraincalzire
452,Placuta amovibila,CNMG120408,3415,428.61,2.09,9.96,60.13,1.57,56.2,69.62,Inox,Strunjire,470,1,Uzura excesiva
450,Placuta amovibila,WNMG080408,1559,256.73,1.33,6.37,56.42,9.68,35.3,60.86,Aluminiu,Strunjire,403,1,Vibratii
193,Freza,FREZA CARBURA Ø10 4F,4479,504.26,0.73,17.26,39.25,0.93,3.7,63.74,Inox,Frezare,80,0,Niciunul
91,Freza,FREZA CARBURA Ø10 4F,5170,641.52,2.31,6.96,61.33,4.96,44.4,72.53,Inox,Frezare,428,1,Uzura excesiva
253,Burghiu,HSS DRILL Ø6,2801,479.88,1.77,11.7,119.23,1.42,27.4,68.56,Inox,Gaurire,340,1,Supraincalzire
541,Placuta amovibila,WNMG080408,3133,833.38,2.28,7.03,76.11,1.02,55.7,74.55,Aluminiu,Strunjire,195,1,Uzura excesiva
249,Tarod,TAROD M10 ISO2,4376,601.29,1.68,18.37,83.77,6.4,47.2,64.54,Aluminiu,Filetare,301,1,Vibratii
403,Freza,FREZA CARBURA Ø10 4F,5061,866.73,1.24,13.86,92.81,1.76,36.5,65.77,Aluminiu,Frezare,152,1,Supraincalzire
423,Burghiu,HSS DRILL Ø6,5726,304.24,2.72,7.47,44.78,1.28,0.9,63.24,Aluminiu,Gaurire,384,0,Niciunul
388,Freza,FREZA HSS Ø8 2F,1727,1072.07,2.91,12.09,107.52,3.21,13.2,63.28,Otel,Frezare,197,1,Niciunul
398,Placuta amovibila,CNMG120408,4596,624.36,2.15,8.95,70.0,7.86,53.4,63.82,Aluminiu,Strunjire,162,1,Vibratii
496,Freza,FREZA CARBURA Ø10 4F,3086,226.63,2.74,10.0,35.47,0.66,4.6,68.8,Otel,Frezare,267,0,Niciunul
357,Burghiu,CARBIDE DRILL Ø12,5746,242.48,0.27,10.78,64.37,0.72,11.4,74.8,Aluminiu,Gaurire,392,0,Niciunul
260,Burghiu,HSS DRILL Ø6,1702,506.46,1.77,12.86,119.17,0.75,17.2,61.96,Otel,Gaurire,273,1,Supraincalzire
147,Placuta amovibila,CNMG120408,2613,294.46,3.0,11.63,44.39,1.74,11.0,69.44,Inox,Strunjire,18,0,Niciunul
9,Placuta amovibila,CNMG120408,4111,529.03,2.77,6.96,38.78,0.67,1.7,69.67,Inox,Strunjire,495,0,Niciunul
181,Burghiu,CARBIDE DRILL Ø12,4312,1067.48,0.77,19.14,81.02,4.6,60.3,64.63,Otel,Gaurire,444,1,Uzura excesiva
428,Placuta amovibila,CNMG120408,5426,1130.11,0.55,18.9,51.3,1.92,11.4,74.24,Aluminiu,Strunjire,417,0,Niciunul
572,Placuta amovibila,CNMG120408,5740,223.35,1.23,8.07,65.65,8.1,54.0,70.59,Aluminiu,Strunjire,487,1,Vibratii
68,Placuta amovibila,CNMG120408,5519,553.6,1.18,6.84,59.51,0.85,17.1,61.0,Inox,Strunjire,333,0,Niciunul
509,Freza,FREZA HSS Ø8 2F,4583,974.69,0.93,15.83,43.86,1.23,19.7,68.89,Aluminiu,Frezare,55,0,Niciunul
468,Tarod,TAROD M10 ISO2,3327,399.62,1.44,11.7,84.71,11.27,27.8,66.17,Otel,Filetare,162,1,Vibratii
244,Placuta amovibila,CNMG120408,3568,205.83,1.32,11.4,44.73,1.53,14.4,62.32,Inox,Strunjire,68,0,Niciunul
323,Freza,FREZA HSS Ø8 2F,1522,694.17,0.21,14.08,69.6,3.17,56.2,72.33,Inox,Frezare,265,1,Niciunul
63,Tarod,TAROD M10 ISO2,2375,302.99,2.15,13.8,59.81,0.97,3.5,69.08,Otel,Filetare,44,0,Niciunul
385,Tarod,TAROD M10 ISO2,2111,1033.03,2.56,16.19,42.27,1.2,0.1,62.1,Otel,Filetare,430,0,Niciunul
597,Freza,FREZA CARBURA Ø10 4F,2025,1081.36,0.82,5.76,50.82,5.51,48.9,68.56,Aluminiu,Frezare,482,1,Vibratii
139,Freza,FREZA HSS Ø8 2F,4145,1084.84,1.57,15.16,103.39,1.84,23.2,68.83,Inox,Frezare,285,1,Niciunul
242,Placuta amovibila,WNMG080408,3114,452.0,0.7,16.42,35.49,1.12,13.2,66.95,Otel,Strunjire,293,0,Niciunul
468,Burghiu,CARBIDE DRILL Ø12,5567,404.46,2.3,12.2,65.1,9.75,41.6,69.09,Otel,Gaurire,381,1,Vibratii
140,Placuta amovibila,WNMG080408,5465,928.52,1.26,16.88,68.95,10.91,42.0,63.01,Aluminiu,Strunjire,253,1,Vibratii
400,Burghiu,CARBIDE DRILL Ø12,1953,905.68,1.96,13.35,49.86,1.7,2.1,60.41,Aluminiu,Gaurire,106,0,Niciunul
303,Freza,FREZA HSS Ø8 2F,5655,966.11,1.89,14.43,46.84,1.95,18.3,71.13,Inox,Frezare,320,0,Niciunul
462,Freza,FREZA HSS Ø8 2F,1715,551.56,2.18,16.41,104.83,0.73,10.3,66.4,Aluminiu,Frezare,288,1,Niciunul
362,Freza,FREZA CARBURA Ø10 4F,5284,946.2,0.95,8.02,59.32,4.26,42.5,73.31,Otel,Frezare,148,1,Vibratii
110,Tarod,TAROD M10 ISO2,4960,269.94,2.86,11.33,56.09,1.41,14.5,69.19,Inox,Filetare,394,0,Niciunul
244,Burghiu,CARBIDE DRILL Ø12,4148,669.68,1.67,17.08,39.68,1.87,11.5,63.85,Otel,Gaurire,190,0,Niciunul
521,Placuta amovibila,CNMG120408,3989,665.08,2.74,8.95,61.62,1.36,13.2,73.14,Inox,Strunjire,254,0,Niciunul
362,Placuta amovibila,WNMG080408,3504,354.22,1.47,13.77,102.96,3.37,35.1,68.17,Otel,Strunjire,458,1,Supraincalzire
127,Freza,FREZA HSS Ø8 2F,1578,303.4,1.85,17.23,54.28,0.8,6.8,66.5,Otel,Frezare,461,0,Niciunul
189,Burghiu,HSS DRILL Ø6,3331,1185.99,0.56,13.25,87.6,3.12,26.0,65.51,Inox,Gaurire,280,1,Niciunul
293,Freza,FREZA CARBURA Ø10 4F,1680,450.36,2.92,6.16,36.1,1.97,1.4,69.53,Otel,Frezare,214,0,Niciunul
498,Freza,FREZA HSS Ø8 2F,1589,634.65,1.93,10.81,79.81,7.28,32.7,65.39,Otel,Frezare,160,1,Vibratii
302,Placuta amovibila,CNMG120408,4856,858.2,1.75,9.66,74.26,3.1,46.2,60.62,Otel,Strunjire,19,1,Niciunul
111,Freza,FREZA CARBURA Ø10 4F,2428,236.05,1.55,16.66,61.17,5.45,57.7,64.88,Aluminiu,Frezare,450,1,Vibratii
247,Tarod,TAROD M10 ISO2,3632,486.17,0.26,6.51,53.24,1.47,18.0,61.93,Otel,Filetare,306,0,Niciunul
379,Burghiu,CARBIDE DRILL Ø12,3056,1160.98,2.99,11.24,73.38,6.08,20.5,63.8,Inox,Gaurire,463,1,Vibratii
211,Freza,FREZA CARBURA Ø10 4F,3801,782.1,1.9,6.99,83.3,2.27,52.5,60.13,Inox,Frezare,11,1,Uzura excesiva
235,Freza,FREZA HSS Ø8 2F,5560,321.63,1.15,18.63,60.93,8.49,22.4,74.48,Otel,Frezare,59,1,Vibratii
376,Burghiu,HSS DRILL Ø6,5934,373.18,0.89,6.04,87.36,10.18,25.3,73.6,Aluminiu,Gaurire,207,1,Vibratii
133,Burghiu,CARBIDE DRILL Ø12,2111,444.99,1.86,12.91,68.28,0.97,7.6,72.56,Aluminiu,Gaurire,121,0,Niciunul
436,Freza,FREZA HSS Ø8 2F,4278,328.98,2.8,15.02,52.85,1.16,8.9,60.95,Otel,Frezare,23,0,Niciunul
223,Burghiu,CARBIDE DRILL Ø12,5637,623.14,2.7,19.34,62.17,0.58,15.4,63.79,Aluminiu,Gaurire,228,0,Niciunul
427,Placuta amovibila,CNMG120408,3910,1164.78,1.27,16.28,60.8,1.83,9.4,62.1,Inox,Strunjire,332,0,Niciunul
593,Burghiu,CARBIDE DRILL Ø12,5075,637.42,0.71,11.22,50.32,1.53,10.9,71.24,Inox,Gaurire,91,0,Niciunul
349,Placuta amovibila,WNMG080408,4531,743.6,2.15,18.95,78.02,4.09,73.8,64.62,Otel,Strunjire,60,1,Uzura excesiva
191,Burghiu,HSS DRILL Ø6,2503,512.02,2.15,18.05,70.15,6.91,32.6,62.96,Aluminiu,Gaurire,3,1,Vibratii
561,Placuta amovibila,CNMG120408,5896,240.88,0.92,6.24,46.11,1.38,13.3,72.23,Aluminiu,Strunjire,307,0,Niciunul
265,Freza,FREZA CARBURA Ø10 4F,3176,305.28,1.93,17.98,74.56,5.92,23.8,65.29,Inox,Frezare,70,1,Niciunul
530,Placuta amovibila,WNMG080408,3682,805.38,0.18,17.0,40.25,1.5,10.5,61.21,Inox,Strunjire,20,0,Niciunul
193,Tarod,TAROD M10 ISO2,3123,252.2,0.87,16.36,57.65,1.77,14.4,65.49,Inox,Filetare,214,0,Niciunul
499,Tarod,TAROD M10 ISO2,4481,877.0,2.57,13.05,118.58,0.62,24.8,70.43,Aluminiu,Filetare,321,1,Supraincalzire
108,Freza,FREZA CARBURA Ø10 4F,1866,518.37,1.26,12.02,68.18,2.0,10.2,63.44,Otel,Frezare,443,0,Niciunul
496,Burghiu,CARBIDE DRILL Ø12,1766,261.58,0.37,15.16,53.4,1.69,11.3,62.34,Otel,Gaurire,293,0,Niciunul
227,Burghiu,HSS DRILL Ø6,5345,861.12,0.55,14.49,42.79,0.85,6.7,69.34,Inox,Gaurire,68,0,Niciunul
268,Freza,FREZA CARBURA Ø10 4F,3480,844.7,0.97,8.56,51.98,1.76,0.3,63.52,Aluminiu,Frezare,96,0,Niciunul
291,Placuta amovibila,CNMG120408,3177,948.5,1.09,12.63,35.55,1.2,10.1,62.94,Inox,Strunjire,232,0,Niciunul
366,Tarod,TAROD M10 ISO2,2138,1135.97,1.56,18.86,74.71,4.57,45.0,68.32,Aluminiu,Filetare,198,1,Uzura excesiva
534,Burghiu,CARBIDE DRILL Ø12,1610,843.97,2.31,16.82,38.33,1.1,13.8,71.51,Aluminiu,Gaurire,140,0,Niciunul
367,Burghiu,CARBIDE DRILL Ø12,1917,305.61,1.43,7.4,56.2,1.59,8.2,70.96,Inox,Gaurire,269,0,Niciunul
134,Burghiu,HSS DRILL Ø6,4664,549.78,2.31,17.38,67.89,1.12,19.1,63.5,Otel,Gaurire,80,0,Niciunul
337,Burghiu,CARBIDE DRILL Ø12,4888,261.56,2.77,9.04,51.6,0.91,14.6,65.06,Otel,Gaurire,388,0,Niciunul
495,Placuta amovibila,CNMG120408,4781,262.21,1.96,5.31,65.43,3.7,48.3,74.96,Aluminiu,Strunjire,373,1,Uzura excesiva
165,Freza,FREZA HSS Ø8 2F,2301,203.77,2.08,9.49,56.83,0.56,9.3,64.47,Otel,Frezare,91,0,Niciunul
208,Placuta amovibila,WNMG080408,5546,904.2,1.39,5.48,72.52,11.59,48.4,65.79,Aluminiu,Strunjire,292,1,Vibratii
500,Placuta amovibila,WNMG080408,5515,291.86,1.8,9.11,87.25,4.83,44.8,68.07,Inox,Strunjire,137,1,Uzura excesiva
71,Freza,FREZA HSS Ø8 2F,3269,1109.69,0.52,13.31,41.79,0.94,10.5,66.51,Inox,Frezare,78,0,Niciunul
358,Tarod,TAROD M10 ISO2,2849,790.67,1.84,8.09,100.4,3.17,30.7,65.02,Otel,Filetare,42,1,Supraincalzire
466,Placuta amovibila,CNMG120408,4948,526.89,2.63,10.55,70.38,6.44,55.3,74.53,Aluminiu,Strunjire,23,1,Vibratii
557,Placuta amovibila,WNMG080408,3814,988.48,1.63,8.24,103.32,0.54,20.4,72.35,Aluminiu,Strunjire,298,1,Supraincalzire
195,Placuta amovibila,CNMG120408,5993,402.5,2.11,12.22,107.13,3.18,33.9,69.11,Otel,Strunjire,219,1,Supraincalzire
329,Placuta amovibila,CNMG120408,2551,1136.91,0.8,18.61,68.59,1.29,3.2,60.7,Aluminiu,Strunjire,458,0,Niciunul
86,Tarod,TAROD M10 ISO2,3559,608.67,2.21,5.5,84.57,3.02,59.7,62.4,Otel,Filetare,464,1,Uzura excesiva
310,Freza,FREZA HSS Ø8 2F,5427,602.07,0.6,17.67,61.56,9.18,21.8,66.86,Aluminiu,Frezare,87,1,Niciunul
440,Burghiu,HSS DRILL Ø6,3224,667.65,0.67,18.07,76.98,3.16,46.5,64.28,Inox,Gaurire,39,1,Uzura excesiva
74,Freza,FREZA CARBURA Ø10 4F,4349,580.45,2.66,7.83,57.89,1.09,17.6,61.09,Otel,Frezare,24,0,Niciunul
185,Tarod,TAROD M10 ISO2,4934,315.98,2.68,5.18,54.58,1.63,5.3,66.03,Aluminiu,Filetare,280,0,Niciunul
463,Placuta amovibila,WNMG080408,4675,704.93,1.94,13.55,43.23,0.91,12.3,63.35,Inox,Strunjire,286,0,Niciunul
169,Freza,FREZA HSS Ø8 2F,4000,217.08,0.28,12.56,52.05,0.63,11.9,72.5,Otel,Frezare,116,0,Niciunul
424,Placuta amovibila,CNMG120408,3708,1165.28,1.71,5.27,56.11,3.12,74.6,69.03,Otel,Strunjire,312,1,Uzura excesiva
405,Tarod,TAROD M10 ISO2,5409,678.92,0.86,14.33,38.56,1.38,4.0,73.44,Inox,Filetare,250,0,Niciunul
122,Burghiu,HSS DRILL Ø6,3278,726.41,1.43,14.45,56.31,1.99,4.4,70.67,Otel,Gaurire,125,0,Niciunul
341,Burghiu,CARBIDE DRILL Ø12,4055,511.12,0.9,17.37,37.51,1.36,19.4,67.75,Inox,Gaurire,305,0,Niciunul
150,Placuta amovibila,CNMG120408,3950,1004.54,1.51,15.28,42.87,0.95,3.3,69.98,Inox,Strunjire,308,0,Niciunul
20,Placuta amovibila,WNMG080408,2184,1127.95,0.57,12.91,40.73,0.99,12.7,65.12,Otel,Strunjire,433,0,Niciunul
50,Tarod,TAROD M10 ISO2,3343,1125.93,0.83,16.12,59.87,6.05,31.4,62.88,Inox,Filetare,250,1,Vibratii
413,Burghiu,CARBIDE DRILL Ø12,3527,1021.75,0.36,14.69,99.45,3.92,18.3,67.91,Otel,Gaurire,482,1,Niciunul
28,Freza,FREZA CARBURA Ø10 4F,3973,571.51,1.78,7.65,82.56,3.67,32.3,66.78,Otel,Frezare,276,1,Supraincalzire
258,Placuta amovibila,CNMG120408,5037,981.21,0.85,12.68,103.09,1.82,22.6,65.31,Inox,Strunjire,270,1,Supraincalzire
315,Freza,FREZA CARBURA Ø10 4F,1630,1029.93,0.52,17.8,70.83,10.91,37.6,73.66,Inox,Frezare,271,1,Vibratii
476,Freza,FREZA HSS Ø8 2F,4254,582.27,2.23,12.43,80.87,1.69,48.5,65.39,Aluminiu,Frezare,19,1,Niciunul
327,Burghiu,HSS DRILL Ø6,4123,229.7,0.97,13.89,66.03,1.56,3.2,60.73,Aluminiu,Gaurire,42,0,Niciunul
231,Tarod,TAROD M10 ISO2,3464,1066.88,1.86,12.78,42.47,0.83,17.3,61.32,Otel,Filetare,212,0,Niciunul
401,Freza,FREZA CARBURA Ø10 4F,2972,367.06,1.11,17.83,55.87,1.54,4.8,62.0,Aluminiu,Frezare,31,0,Niciunul
317,Burghiu,HSS DRILL Ø6,4216,797.52,2.15,9.46,53.37,0.54,0.6,64.62,Inox,Gaurire,206,0,Niciunul
489,Placuta amovibila,WNMG080408,4713,561.31,0.21,12.9,57.27,11.78,22.5,66.15,Aluminiu,Strunjire,160,1,Vibratii
132,Placuta amovibila,WNMG080408,4652,679.34,1.11,19.99,56.74,0.94,8.1,72.91,Inox,Strunjire,139,0,Niciunul
355,Freza,FREZA CARBURA Ø10 4F,1995,716.48,0.46,13.17,91.49,2.03,27.8,66.12,Aluminiu,Frezare,333,1,Niciunul
422,Placuta amovibila,WNMG080408,3610,907.21,0.65,6.82,92.06,3.72,16.4,74.07,Inox,Strunjire,369,1,Supraincalzire
57,Burghiu,CARBIDE DRILL Ø12,3675,1159.38,0.29,13.36,49.6,1.23,19.8,60.26,Inox,Gaurire,53,0,Niciunul
499,Freza,FREZA CARBURA Ø10 4F,3469,840.72,0.91,13.7,106.4,1.53,10.8,61.86,Otel,Frezare,113,1,Supraincalzire
131,Placuta amovibila,WNMG080408,3072,995.01,1.18,8.85,38.15,0.5,12.4,61.46,Otel,Strunjire,365,0,Niciunul
543,Placuta amovibila,WNMG080408,5001,921.37,2.86,17.68,68.68,4.17,64.0,66.12,Otel,Strunjire,295,1,Uzura excesiva
35,Freza,FREZA CARBURA Ø10 4F,2925,225.69,2.22,13.69,62.34,1.55,8.4,71.69,Inox,Frezare,422,0,Niciunul
167,Burghiu,HSS DRILL Ø6,5247,309.47,2.81,10.68,90.58,1.31,25.1,62.35,Aluminiu,Gaurire,11,1,Supraincalzire
471,Placuta amovibila,CNMG120408,4041,801.15,2.66,19.95,40.16,1.29,18.5,65.09,Otel,Strunjire,374,0,Niciunul
118,Burghiu,HSS DRILL Ø6,2226,551.33,2.66,9.06,60.23,9.56,53.9,61.65,Inox,Gaurire,357,1,Vibratii
111,Placuta amovibila,CNMG120408,4756,689.52,2.15,16.33,65.2,0.73,3.2,74.72,Aluminiu,Strunjire,33,0,Niciunul
554,Freza,FREZA CARBURA Ø10 4F,5009,463.79,1.36,7.1,61.63,1.93,15.2,67.61,Inox,Frezare,159,0,Niciunul
380,Burghiu,HSS DRILL Ø6,1506,1122.57,0.3,19.71,80.89,1.67,12.9,60.33,Aluminiu,Gaurire,439,1,Supraincalzire
441,Tarod,TAROD M10 ISO2,2868,1126.93,2.37,11.91,59.95,0.99,14.0,62.82,Aluminiu,Filetare,276,0,Niciunul
290,Freza,FREZA HSS Ø8 2F,3859,235.78,0.52,13.11,50.46,1.8,58.3,60.34,Inox,Frezare,284,1,Uzura excesiva
528,Freza,FREZA HSS Ø8 2F,2736,354.09,2.82,11.29,65.21,1.85,6.6,66.28,Inox,Frezare,20,0,Niciunul
245,Freza,FREZA CARBURA Ø10 4F,5379,818.3,2.36,17.01,80.26,1.11,77.1,64.96,Aluminiu,Frezare,446,1,Uzura excesiva
134,Placuta amovibila,CNMG120408,3678,925.48,0.3,18.77,113.35,2.07,15.4,74.37,Aluminiu,Strunjire,238,1,Supraincalzire
321,Tarod,TAROD M10 ISO2,2272,1013.57,1.33,13.67,56.22,10.86,43.1,74.58,Otel,Filetare,468,1,Niciunul
130,Burghiu,CARBIDE DRILL Ø12,2580,471.43,2.06,17.22,52.6,1.81,12.5,61.46,Inox,Gaurire,343,0,Niciunul
177,Burghiu,HSS DRILL Ø6,4300,820.54,0.59,12.18,64.4,1.46,13.4,63.09,Otel,Gaurire,6,0,Niciunul
476,Tarod,TAROD M10 ISO2,2491,285.66,2.8,7.48,76.31,6.91,45.5,69.6,Inox,Filetare,432,1,Vibratii
185,Burghiu,HSS DRILL Ø6,1654,833.41,2.26,17.47,48.22,1.18,5.7,68.93,Inox,Gaurire,496,0,Niciunul
347,Freza,FREZA HSS Ø8 2F,4631,607.62,1.04,8.12,77.71,11.98,32.9,71.76,Aluminiu,Frezare,428,1,Vibratii
595,Placuta amovibila,WNMG080408,2814,303.54,2.35,8.29,80.58,3.82,57.8,69.94,Aluminiu,Strunjire,257,1,Uzura excesiva
337,Placuta amovibila,WNMG080408,5978,730.6,2.77,12.08,88.1,2.67,79.6,69.95,Aluminiu,Strunjire,371,1,Uzura excesiva
260,Tarod,TAROD M10 ISO2,4387,335.83,2.94,9.81,77.99,3.41,67.7,73.44,Otel,Filetare,432,1,Uzura excesiva
1,Freza,FREZA CARBURA Ø10 4F,4327,1125.68,1.3,16.27,54.23,1.37,11.1,67.89,Aluminiu,Frezare,131,0,Niciunul
67,Placuta amovibila,WNMG080408,2180,894.97,2.24,8.53,41.58,1.33,0.7,63.56,Aluminiu,Strunjire,425,0,Niciunul
305,Placuta amovibila,WNMG080408,5169,355.07,2.72,13.19,107.29,3.85,17.8,72.66,Inox,Strunjire,78,1,Niciunul
321,Placuta amovibila,WNMG080408,4855,511.85,0.3,8.09,61.17,1.76,4.7,73.74,Otel,Strunjire,26,0,Niciunul
291,Burghiu,CARBIDE DRILL Ø12,4330,890.08,2.78,10.1,65.51,10.3,43.5,62.06,Aluminiu,Gaurire,307,1,Vibratii
261,Burghiu,HSS DRILL Ø6,4129,629.17,2.37,18.95,59.0,4.25,52.4,67.31,Inox,Gaurire,343,1,Uzura excesiva
576,Freza,FREZA HSS Ø8 2F,2222,244.19,0.89,19.85,88.59,2.51,27.7,65.81,Aluminiu,Frezare,493,1,Supraincalzire
49,Freza,FREZA CARBURA Ø10 4F,3813,290.74,2.65,10.35,62.93,0.97,15.8,70.69,Inox,Frezare,51,0,Niciunul
391,Burghiu,HSS DRILL Ø6,3509,1118.66,2.03,18.66,41.77,0.74,10.1,63.78,Otel,Gaurire,356,0,Niciunul
60,Burghiu,CARBIDE DRILL Ø12,1988,652.57,2.62,12.03,111.7,2.74,32.3,74.77,Otel,Gaurire,74,1,Supraincalzire
467,Placuta amovibila,WNMG080408,2404,702.77,2.68,7.7,52.24,6.21,37.1,73.28,Aluminiu,Strunjire,341,1,Vibratii
375,Placuta amovibila,WNMG080408,2711,1109.09,2.29,16.53,65.53,1.32,15.9,63.05,Aluminiu,Strunjire,226,0,Niciunul
269,Freza,FREZA HSS Ø8 2F,4764,355.94,2.17,17.35,56.0,0.63,1.1,71.48,Aluminiu,Frezare,171,0,Niciunul
540,Freza,FREZA CARBURA Ø10 4F,5130,1080.12,2.36,5.47,52.31,1.1,14.5,72.3,Inox,Frezare,240,0,Niciunul
170,Burghiu,HSS DRILL Ø6,2798,1047.92,2.61,7.5,44.72,1.39,15.9,70.14,Inox,Gaurire,422,0,Niciunul
191,Placuta amovibila,WNMG080408,4896,846.01,0.45,15.52,50.76,4.14,46.1,67.9,Aluminiu,Strunjire,489,1,Uzura excesiva
93,Placuta amovibila,CNMG120408,1576,639.4,0.93,13.17,58.48,1.11,7.5,71.15,Aluminiu,Strunjire,59,0,Niciunul
445,Freza,FREZA HSS Ø8 2F,2445,624.19,2.28,10.67,77.12,4.47,59.0,61.69,Aluminiu,Frezare,281,1,Niciunul
56,Freza,FREZA CARBURA Ø10 4F,2917,742.64,1.56,14.83,85.63,1.2,13.9,70.65,Aluminiu,Frezare,190,1,Supraincalzire
300,Burghiu,CARBIDE DRILL Ø12,5238,307.79,0.65,7.59,81.4,2.53,17.6,64.15,Inox,Gaurire,402,1,Supraincalzire
56,Burghiu,CARBIDE DRILL Ø12,5864,479.24,1.81,18.79,99.45,1.4,37.6,67.29,Otel,Gaurire,217,1,Supraincalzire
445,Placuta amovibila,WNMG080408,2433,1143.14,2.51,16.97,87.01,11.67,22.9,66.73,Aluminiu,Strunjire,292,1,Vibratii
271,Placuta amovibila,WNMG080408,1594,1197.46,1.17,5.64,50.53,0.58,18.5,71.8,Aluminiu,Strunjire,309,0,Niciunul
316,Tarod,TAROD M10 ISO2,2988,630.81,2.06,15.0,36.04,1.74,12.7,69.45,Otel,Filetare,141,0,Niciunul
229,Freza,FREZA CARBURA Ø10 4F,5514,509.22,1.71,5.58,61.81,2.77,70.7,71.87,Otel,Frezare,124,1,Uzura excesiva
34,Freza,FREZA HSS Ø8 2F,3068,910.0,0.89,9.07,52.26,2.52,74.9,64.62,Otel,Frezare,251,1,Uzura excesiva
327,Burghiu,CARBIDE DRILL Ø12,2659,580.91,0.14,14.61,49.18,1.91,19.5,71.99,Inox,Gaurire,450,0,Niciunul
308,Burghiu,HSS DRILL Ø6,1771,288.86,0.57,13.49,54.82,1.37,8.9,61.54,Otel,Gaurire,420,0,Niciunul
524,Freza,FREZA CARBURA Ø10 4F,3909,540.03,2.16,7.65,115.49,1.72,30.4,71.75,Inox,Frezare,380,1,Supraincalzire
335,Burghiu,CARBIDE DRILL Ø12,5350,408.35,0.71,15.54,87.12,3.01,30.5,71.19,Otel,Gaurire,213,1,Supraincalzire
254,Placuta amovibila,WNMG080408,2497,390.79,0.72,10.51,51.35,2.5,66.1,61.49,Otel,Strunjire,432,1,Uzura excesiva
480,Burghiu,HSS DRILL Ø6,5566,1032.98,2.18,13.56,60.79,1.6,11.6,67.36,Otel,Gaurire,336,0,Niciunul
157,Freza,FREZA CARBURA Ø10 4F,3740,1089.74,0.56,15.92,68.88,8.04,21.4,69.71,Otel,Frezare,258,1,Vibratii
64,Freza,FREZA HSS Ø8 2F,2339,207.54,2.76,11.2,68.76,1.45,18.9,73.45,Otel,Frezare,107,0,Niciunul
560,Placuta amovibila,CNMG120408,5404,1052.98,0.18,12.16,67.83,1.48,9.9,63.61,Aluminiu,Strunjire,308,0,Niciunul
402,Burghiu,HSS DRILL Ø6,2451,1119.75,2.6,8.97,64.15,2.97,70.0,73.47,Inox,Gaurire,439,1,Uzura excesiva
517,Burghiu,CARBIDE DRILL Ø12,5603,1083.51,1.75,19.67,63.75,9.43,37.2,73.65,Aluminiu,Gaurire,428,1,Vibratii
133,Placuta amovibila,WNMG080408,4540,271.5,0.48,17.32,35.08,1.93,17.8,64.38,Inox,Strunjire,352,0,Niciunul
482,Tarod,TAROD M10 ISO2,4464,1087.87,2.42,12.47,117.44,2.35,14.9,61.56,Otel,Filetare,160,1,Supraincalzire
19,Placuta amovibila,CNMG120408,4732,532.25,0.5,19.3,51.02,1.04,66.1,71.1,Otel,Strunjire,380,1,Uzura excesiva
78,Burghiu,HSS DRILL Ø6,2196,1017.48,1.66,10.45,49.79,0.81,15.6,72.71,Otel,Gaurire,279,0,Niciunul
376,Freza,FREZA HSS Ø8 2F,3658,1029.32,1.01,6.12,45.13,1.76,10.5,67.4,Otel,Frezare,60,0,Niciunul
397,Burghiu,CARBIDE DRILL Ø12,4237,434.79,0.74,11.8,39.75,0.79,15.7,66.5,Otel,Gaurire,232,0,Niciunul
118,Freza,FREZA HSS Ø8 2F,2974,328.26,1.54,17.85,101.29,2.36,30.2,70.77,Aluminiu,Frezare,167,1,Supraincalzire
57,Placuta amovibila,CNMG120408,4826,1163.48,2.73,13.27,87.43,2.67,66.0,65.05,Otel,Strunjire,3,1,Uzura excesiva
67,Burghiu,HSS DRILL Ø6,4276,229.0,1.47,7.36,65.14,1.42,14.9,71.87,Inox,Gaurire,116,0,Niciunul
385,Placuta amovibila,CNMG120408,1544,842.75,0.56,10.25,39.15,1.75,6.4,69.87,Otel,Strunjire,62,0,Niciunul
143,Burghiu,HSS DRILL Ø6,2731,1193.28,2.28,6.11,77.63,1.52,79.8,74.94,Inox,Gaurire,226,1,Uzura excesiva
474,Tarod,TAROD M10 ISO2,3002,387.73,1.37,18.04,56.1,1.82,12.7,65.71,Aluminiu,Filetare,230,0,Niciunul
462,Freza,FREZA CARBURA Ø10 4F,4601,553.33,1.54,19.69,63.15,1.44,2.3,62.63,Aluminiu,Frezare,439,0,Niciunul
206,Burghiu,HSS DRILL Ø6,3325,852.16,1.99,11.13,62.72,0.8,9.7,63.96,Inox,Gaurire,369,0,Niciunul
578,Placuta amovibila,WNMG080408,2787,371.39,2.71,19.76,65.34,0.54,12.3,61.2,Inox,Strunjire,213,0,Niciunul
566,Tarod,TAROD M10 ISO2,5421,1102.51,1.42,17.36,43.46,1.9,17.7,74.59,Inox,Filetare,211,0,Niciunul
369,Tarod,TAROD M10 ISO2,3860,1130.39,2.53,7.92,39.03,0.58,11.3,73.62,Otel,Filetare,456,0,Niciunul
187,Burghiu,CARBIDE DRILL Ø12,2135,1071.9,1.43,11.28,50.12,8.83,27.5,68.18,Aluminiu,Gaurire,209,1,Vibratii
85,Freza,FREZA HSS Ø8 2F,4300,832.49,1.39,6.61,58.51,1.18,9.6,74.8,Otel,Frezare,241,0,Niciunul
498,Placuta amovibila,CNMG120408,5712,720.91,1.67,18.69,81.62,0.58,37.8,65.65,Otel,Strunjire,230,1,Niciunul
55,Burghiu,HSS DRILL Ø6,2276,878.48,1.04,9.39,104.52,1.88,20.7,61.84,Aluminiu,Gaurire,237,1,Supraincalzire
240,Burghiu,CARBIDE DRILL Ø12,3412,414.9,0.76,13.45,41.8,1.83,15.6,70.48,Aluminiu,Gaurire,189,0,Niciunul
69,Placuta amovibila,WNMG080408,5858,555.18,1.32,9.07,58.0,10.98,53.5,60.67,Otel,Strunjire,205,1,Vibratii
116,Burghiu,HSS DRILL Ø6,5413,228.22,2.59,9.07,71.26,2.55,58.8,67.32,Otel,Gaurire,448,1,Uzura excesiva
558,Burghiu,CARBIDE DRILL Ø12,1832,916.84,1.72,17.24,61.51,0.71,19.0,60.73,Aluminiu,Gaurire,176,0,Niciunul
122,Placuta amovibila,CNMG120408,2607,580.73,1.86,18.62,56.76,0.78,2.9,69.28,Inox,Strunjire,258,0,Niciunul
309,Freza,FREZA HSS Ø8 2F,5677,394.08,1.85,14.87,50.75,10.45,51.6,68.88,Inox,Frezare,339,1,Vibratii
487,Burghiu,CARBIDE DRILL Ø12,5627,1008.33,0.48,11.77,57.46,1.63,7.7,68.53,Otel,Gaurire,496,0,Niciunul
55,Freza,FREZA CARBURA Ø10 4F,2753,1116.98,1.83,7.95,44.44,1.83,18.9,73.94,Inox,Frezare,147,0,Niciunul
403,Burghiu,CARBIDE DRILL Ø12,3874,1123.33,1.72,12.4,54.76,1.75,15.5,68.47,Otel,Gaurire,341,0,Niciunul
161,Placuta amovibila,CNMG120408,2314,751.52,0.18,6.84,46.47,1.71,2.3,65.09,Aluminiu,Strunjire,370,0,Niciunul
285,Tarod,TAROD M10 ISO2,4574,706.82,2.18,7.37,45.51,1.13,2.8,70.66,Otel,Filetare,433,0,Niciunul
299,Burghiu,HSS DRILL Ø6,2382,1130.48,0.16,16.95,66.2,0.55,4.9,61.08,Aluminiu,Gaurire,418,0,Niciunul
306,Tarod,TAROD M10 ISO2,2719,274.6,0.97,12.59,64.87,1.54,65.3,66.2,Otel,Filetare,67,1,Uzura excesiva
182,Burghiu,CARBIDE DRILL Ø12,1914,761.2,2.61,6.19,81.46,1.92,27.4,72.05,Otel,Gaurire,300,1,Supraincalzire
412,Freza,FREZA HSS Ø8 2F,5100,478.51,1.93,14.88,90.83,2.07,35.2,66.16,Otel,Frezare,469,1,Supraincalzire
21,Placuta amovibila,WNMG080408,1562,933.06,1.46,8.56,38.68,0.8,9.0,63.73,Inox,Strunjire,85,0,Niciunul
203,Freza,FREZA HSS Ø8 2F,1970,910.15,0.32,5.63,40.86,1.32,0.6,60.93,Aluminiu,Frezare,443,0,Niciunul
437,Tarod,TAROD M10 ISO2,3688,471.18,0.72,12.85,108.86,2.34,16.9,60.05,Aluminiu,Filetare,215,1,Supraincalzire
6,Burghiu,HSS DRILL Ø6,5364,247.11,1.14,16.95,119.61,2.86,31.3,62.61,Aluminiu,Gaurire,155,1,Supraincalzire
97,Freza,FREZA CARBURA Ø10 4F,2379,581.37,1.88,14.57,66.35,0.77,12.3,66.5,Otel,Frezare,227,0,Niciunul
298,Placuta amovibila,WNMG080408,2096,576.9,2.48,5.34,86.44,1.23,15.4,60.53,Inox,Strunjire,268,1,Supraincalzire
568,Placuta amovibila,WNMG080408,2415,1026.81,1.25,19.71,78.07,1.36,68.3,70.93,Aluminiu,Strunjire,90,1,Uzura excesiva
433,Placuta amovibila,CNMG120408,5312,948.92,1.13,6.3,66.88,1.71,77.9,73.59,Otel,Strunjire,155,1,Uzura excesiva
514,Burghiu,HSS DRILL Ø6,4324,442.48,0.73,15.37,77.31,7.99,23.3,65.78,Otel,Gaurire,63,1,Vibratii
442,Burghiu,CARBIDE DRILL Ø12,4756,236.59,2.56,10.04,85.98,3.9,65.1,74.42,Inox,Gaurire,451,1,Uzura excesiva
91,Placuta amovibila,WNMG080408,1622,467.86,1.92,10.41,68.37,1.05,6.0,71.86,Inox,Strunjire,419,0,Niciunul
371,Freza,FREZA HSS Ø8 2F,3952,1084.36,2.97,16.15,47.71,0.65,12.8,64.65,Aluminiu,Frezare,343,0,Niciunul
447,Placuta amovibila,WNMG080408,2473,856.41,1.4,15.6,56.56,0.79,9.9,61.28,Aluminiu,Strunjire,499,0,Niciunul
429,Tarod,TAROD M10 ISO2,3229,457.72,1.72,19.73,52.81,2.27,59.6,73.06,Otel,Filetare,180,1,Uzura excesiva
515,Placuta amovibila,WNMG080408,3127,1059.78,0.98,19.44,51.97,2.97,46.2,63.88,Otel,Strunjire,76,1,Uzura excesiva
383,Freza,FREZA CARBURA Ø10 4F,1914,1077.12,0.92,7.19,61.24,3.99,35.6,65.3,Otel,Frezare,349,1,Vibratii
177,Placuta amovibila,CNMG120408,3657,549.0,1.2,17.6,52.95,1.68,16.6,62.38,Otel,Strunjire,315,0,Niciunul
207,Placuta amovibila,WNMG080408,4311,822.58,1.41,12.5,97.02,1.3,21.0,64.89,Inox,Strunjire,222,1,Supraincalzire
570,Freza,FREZA HSS Ø8 2F,3059,384.44,1.07,14.82,88.65,3.07,29.4,74.86,Aluminiu,Frezare,291,1,Vibratii
587,Freza,FREZA HSS Ø8 2F,5590,458.79,0.19,12.86,76.01,8.53,21.0,61.35,Aluminiu,Frezare,150,1,Vibratii
498,Placuta amovibila,WNMG080408,3450,990.94,1.16,12.3,65.6,1.23,11.1,60.45,Otel,Strunjire,67,0,Niciunul
223,Tarod,TAROD M10 ISO2,5741,917.22,1.01,19.2,38.84,1.72,13.8,72.56,Inox,Filetare,210,0,Niciunul
411,Placuta amovibila,WNMG080408,4345,984.01,2.35,11.36,53.09,0.68,8.3,69.34,Aluminiu,Strunjire,51,0,Niciunul
574,Freza,FREZA CARBURA Ø10 4F,5463,333.89,0.57,7.95,35.81,1.47,3.3,73.49,Aluminiu,Frezare,456,0,Niciunul
315,Tarod,TAROD M10 ISO2,2313,1152.07,0.12,17.91,80.24,1.05,32.5,62.38,Otel,Filetare,442,1,Supraincalzire
228,Tarod,TAROD M10 ISO2,1801,854.32,0.69,7.42,87.71,7.42,55.1,68.48,Otel,Filetare,241,1,Vibratii
254,Tarod,TAROD M10 ISO2,1692,258.01,1.02,11.17,60.49,1.09,7.9,68.0,Inox,Filetare,183,0,Niciunul
472,Burghiu,CARBIDE DRILL Ø12,4617,334.76,0.46,16.37,62.58,1.92,17.6,74.48,Otel,Gaurire,145,0,Niciunul
170,Freza,FREZA CARBURA Ø10 4F,5909,780.49,2.55,16.73,65.21,2.2,69.5,73.6,Aluminiu,Frezare,332,1,Uzura excesiva
347,Burghiu,HSS DRILL Ø6,1749,686.46,1.71,7.94,64.42,10.27,51.0,73.94,Aluminiu,Gaurire,388,1,Vibratii
364,Burghiu,CARBIDE DRILL Ø12,5583,1039.08,1.55,10.58,56.2,1.69,7.2,61.43,Aluminiu,Gaurire,379,0,Niciunul
407,Freza,FREZA CARBURA Ø10 4F,2831,585.05,0.1,9.29,37.62,1.67,18.7,60.81,Otel,Frezare,216,0,Niciunul
310,Burghiu,CARBIDE DRILL Ø12,3477,576.38,1.67,15.8,112.27,2.42,32.7,74.16,Aluminiu,Gaurire,352,1,Supraincalzire
112,Burghiu,HSS DRILL Ø6,5572,877.59,1.55,8.54,61.32,10.76,26.7,68.15,Inox,Gaurire,32,1,Vibratii
452,Burghiu,CARBIDE DRILL Ø12,3790,680.94,1.46,19.82,78.88,7.18,38.4,67.63,Otel,Gaurire,20,1,Vibratii
280,Burghiu,HSS DRILL Ø6,2831,858.68,1.5,13.17,58.01,6.53,54.7,67.09,Otel,Gaurire,90,1,Vibratii
393,Placuta amovibila,WNMG080408,5648,412.87,2.57,13.14,56.05,10.11,35.0,63.0,Inox,Strunjire,206,1,Vibratii
389,Tarod,TAROD M10 ISO2,3683,946.94,1.46,12.32,70.11,2.32,75.4,62.65,Aluminiu,Filetare,195,1,Uzura excesiva
114,Freza,FREZA CARBURA Ø10 4F,2527,821.29,1.87,5.58,56.84,1.04,0.1,72.67,Aluminiu,Frezare,195,0,Niciunul
313,Burghiu,HSS DRILL Ø6,3051,708.87,0.59,7.93,88.53,3.3,40.8,67.2,Aluminiu,Gaurire,38,1,Vibratii
74,Placuta amovibila,WNMG080408,1823,491.87,1.1,13.54,48.7,1.38,18.1,71.02,Aluminiu,Strunjire,233,0,Niciunul
193,Placuta amovibila,WNMG080408,3816,289.46,2.5,5.31,47.53,1.25,3.0,68.27,Aluminiu,Strunjire,124,0,Niciunul
42,Tarod,TAROD M10 ISO2,5756,362.83,2.22,19.39,48.18,1.13,17.3,68.49,Inox,Filetare,208,0,Niciunul
146,Placuta amovibila,WNMG080408,3287,732.35,1.12,9.32,75.94,3.09,62.7,62.9,Otel,Strunjire,158,1,Niciunul
429,Burghiu,CARBIDE DRILL Ø12,5358,984.96,0.38,10.6,57.81,1.94,13.4,65.36,Otel,Gaurire,137,0,Niciunul
161,Freza,FREZA HSS Ø8 2F,5159,696.12,0.45,18.77,116.25,3.86,18.9,64.51,Aluminiu,Frezare,67,1,Supraincalzire
278,Burghiu,CARBIDE DRILL Ø12,4237,966.34,1.34,5.16,52.42,3.94,54.7,62.06,Inox,Gaurire,216,1,Vibratii
267,Placuta amovibila,CNMG120408,1745,961.63,0.82,17.66,45.85,1.85,5.2,66.26,Otel,Strunjire,376,0,Niciunul
12,Placuta amovibila,CNMG120408,1887,275.73,2.43,10.95,43.06,1.95,2.6,60.97,Inox,Strunjire,330,0,Niciunul
22,Freza,FREZA CARBURA Ø10 4F,3137,981.68,2.72,9.87,62.31,1.24,13.8,64.61,Inox,Frezare,467,0,Niciunul
587,Burghiu,HSS DRILL Ø6,2326,237.95,2.27,18.08,88.92,11.33,49.7,70.47,Inox,Gaurire,30,1,Niciunul
486,Placuta amovibila,WNMG080408,2317,491.71,1.86,17.24,89.44,0.83,39.0,64.03,Aluminiu,Strunjire,320,1,Supraincalzire
89,Tarod,TAROD M10 ISO2,5118,1049.89,0.98,16.47,53.77,1.59,12.8,62.19,Aluminiu,Filetare,406,0,Niciunul
332,Freza,FREZA HSS Ø8 2F,2367,418.04,2.38,7.65,64.23,0.83,7.9,68.57,Aluminiu,Frezare,454,0,Niciunul
311,Freza,FREZA CARBURA Ø10 4F,5359,301.84,0.52,17.63,65.43,0.87,7.5,67.61,Otel,Frezare,297,0,Niciunul
519,Burghiu,HSS DRILL Ø6,4118,908.09,0.37,5.59,89.12,1.36,69.2,72.07,Aluminiu,Gaurire,148,1,Uzura excesiva
566,Placuta amovibila,CNMG120408,5331,556.94,0.47,6.26,75.65,4.04,55.8,71.83,Aluminiu,Strunjire,339,1,Vibratii
417,Placuta amovibila,CNMG120408,3885,670.75,0.84,12.36,41.18,1.61,15.3,63.41,Inox,Strunjire,233,0,Niciunul
176,Freza,FREZA HSS Ø8 2F,1868,217.1,2.95,9.49,86.55,4.52,52.3,72.76,Otel,Frezare,121,1,Uzura excesiva
262,Freza,FREZA HSS Ø8 2F,3940,498.88,0.27,9.55,116.24,1.57,35.3,67.45,Otel,Frezare,229,1,Supraincalzire
88,Placuta amovibila,CNMG120408,2110,422.2,1.4,17.5,61.6,4.6,47.6,72.91,Inox,Strunjire,231,1,Uzura excesiva
421,Freza,FREZA CARBURA Ø10 4F,2755,228.88,2.47,16.53,64.09,1.33,16.6,74.84,Aluminiu,Frezare,377,0,Niciunul
175,Burghiu,HSS DRILL Ø6,3225,1034.15,0.14,8.31,47.57,1.36,7.7,60.53,Aluminiu,Gaurire,281,0,Niciunul
157,Placuta amovibila,WNMG080408,1975,957.01,2.25,8.26,85.04,1.07,53.9,74.0,Inox,Strunjire,222,1,Uzura excesiva
235,Freza,FREZA CARBURA Ø10 4F,2116,455.54,1.41,18.81,109.13,1.25,18.2,70.56,Otel,Frezare,117,1,Supraincalzire
480,Burghiu,CARBIDE DRILL Ø12,2795,663.11,1.41,18.74,86.07,3.7,58.1,66.11,Aluminiu,Gaurire,89,1,Uzura excesiva
381,Burghiu,HSS DRILL Ø6,3193,878.2,2.37,19.56,49.04,1.62,15.1,74.91,Otel,Gaurire,418,0,Niciunul
432,Freza,FREZA CARBURA Ø10 4F,1638,780.16,0.41,10.81,108.58,3.42,36.6,60.05,Otel,Frezare,403,1,Supraincalzire
368,Freza,FREZA HSS Ø8 2F,5077,517.5,0.48,5.83,59.07,1.69,6.4,60.37,Otel,Frezare,267,0,Niciunul
489,Freza,FREZA CARBURA Ø10 4F,4698,486.65,2.78,7.11,58.71,2.15,50.8,72.85,Otel,Frezare,353,1,Uzura excesiva
489,Burghiu,HSS DRILL Ø6,4543,1121.17,2.12,7.68,80.94,3.8,54.4,64.8,Inox,Gaurire,337,1,Vibratii
407,Tarod,TAROD M10 ISO2,4271,488.83,2.2,14.94,54.47,2.03,41.5,63.24,Aluminiu,Filetare,271,1,Uzura excesiva
396,Placuta amovibila,CNMG120408,3706,250.27,1.83,17.85,68.5,0.77,1.4,71.99,Otel,Strunjire,284,0,Niciunul
112,Placuta amovibila,WNMG080408,2174,756.8,2.95,14.9,114.67,3.83,34.8,71.36,Otel,Strunjire,81,1,Supraincalzire
509,Burghiu,HSS DRILL Ø6,3474,961.26,0.59,17.62,54.16,1.27,12.1,63.88,Inox,Gaurire,138,0,Niciunul
390,Placuta amovibila,CNMG120408,2403,1034.07,2.88,9.26,64.67,0.63,7.2,74.91,Inox,Strunjire,72,0,Niciunul
188,Freza,FREZA CARBURA Ø10 4F,2824,937.41,0.29,12.4,65.06,1.18,6.5,62.95,Inox,Frezare,139,0,Niciunul
428,Tarod,TAROD M10 ISO2,3767,425.15,2.39,16.15,94.56,2.94,11.9,68.72,Inox,Filetare,439,1,Supraincalzire
128,Tarod,TAROD M10 ISO2,4613,1106.62,0.69,7.72,35.15,0.89,10.3,68.4,Inox,Filetare,121,0,Niciunul
171,Freza,FREZA CARBURA Ø10 4F,5267,563.38,2.2,10.61,41.62,1.34,15.6,74.44,Inox,Frezare,136,0,Niciunul
488,Burghiu,HSS DRILL Ø6,3266,606.63,1.98,19.54,84.39,1.05,55.6,66.07,Inox,Gaurire,334,1,Uzura excesiva
323,Placuta amovibila,CNMG120408,3577,224.9,2.14,6.29,49.33,1.28,5.3,72.97,Otel,Strunjire,290,0,Niciunul
488,Tarod,TAROD M10 ISO2,4608,559.66,0.96,17.38,35.75,1.58,15.5,60.2,Aluminiu,Filetare,330,0,Niciunul
375,Placuta amovibila,CNMG120408,4788,857.0,1.13,9.2,111.46,2.16,29.7,66.53,Inox,Strunjire,52,1,Supraincalzire
264,Placuta amovibila,WNMG080408,5395,608.59,1.76,15.76,97.78,1.71,37.7,65.06,Inox,Strunjire,453,1,Supraincalzire
365,Placuta amovibila,WNMG080408,3104,856.67,0.42,7.84,92.18,1.43,11.8,70.75,Aluminiu,Strunjire,7,1,Supraincalzire
5,Burghiu,CARBIDE DRILL Ø12,4095,1030.9,2.86,9.3,63.19,0.99,19.0,63.44,Inox,Gaurire,46,0,Niciunul
465,Tarod,TAROD M10 ISO2,3499,1165.44,1.91,6.02,103.37,0.74,13.0,68.9,Aluminiu,Filetare,472,1,Supraincalzire
243,Placuta amovibila,CNMG120408,2712,1161.73,0.82,8.62,42.65,0.96,13.6,65.83,Inox,Strunjire,278,0,Niciunul
198,Burghiu,HSS DRILL Ø6,5110,1028.53,2.47,14.58,46.39,1.98,9.9,65.21,Aluminiu,Gaurire,205,0,Niciunul
195,Placuta amovibila,WNMG080408,4424,476.37,0.25,18.35,79.04,1.66,53.7,61.52,Otel,Strunjire,455,1,Uzura excesiva
220,Burghiu,HSS DRILL Ø6,5149,382.06,1.05,18.07,36.64,1.95,7.3,65.5,Inox,Gaurire,147,0,Niciunul
116,Freza,FREZA CARBURA Ø10 4F,1718,739.33,0.88,14.97,66.37,1.29,16.6,67.31,Otel,Frezare,146,0,Niciunul
244,Tarod,TAROD M10 ISO2,5107,676.35,1.74,17.59,80.52,1.64,43.8,69.83,Inox,Filetare,323,1,Uzura excesiva
50,Burghiu,HSS DRILL Ø6,4559,964.03,2.75,6.97,59.63,1.9,11.1,63.83,Aluminiu,Gaurire,449,0,Niciunul
241,Tarod,TAROD M10 ISO2,5826,495.02,0.33,16.73,55.22,1.4,17.4,74.45,Aluminiu,Filetare,331,0,Niciunul
167,Placuta amovibila,WNMG080408,5909,745.47,2.89,7.55,73.24,3.18,61.9,66.76,Aluminiu,Strunjire,367,1,Niciunul
62,Placuta amovibila,CNMG120408,5314,1146.49,2.8,18.02,118.32,1.34,30.7,70.85,Otel,Strunjire,326,1,Supraincalzire
593,Placuta amovibila,CNMG120408,2757,859.84,1.39,18.81,47.35,1.74,10.5,61.01,Inox,Strunjire,16,0,Niciunul
351,Burghiu,HSS DRILL Ø6,3323,894.56,1.35,18.3,68.39,2.14,41.1,61.7,Otel,Gaurire,342,1,Uzura excesiva
137,Placuta amovibila,CNMG120408,5091,859.04,1.2,14.9,50.25,1.74,12.0,70.89,Otel,Strunjire,285,0,Niciunul
157,Burghiu,CARBIDE DRILL Ø12,3740,1127.64,2.65,16.39,80.79,2.6,52.5,63.75,Aluminiu,Gaurire,3,1,Uzura excesiva
221,Freza,FREZA CARBURA Ø10 4F,2172,1134.1,1.52,5.84,92.72,3.41,33.1,66.25,Aluminiu,Frezare,31,1,Supraincalzire
251,Freza,FREZA HSS Ø8 2F,5455,286.65,0.97,5.18,69.02,0.7,11.6,60.2,Aluminiu,Frezare,5,0,Niciunul
573,Burghiu,CARBIDE DRILL Ø12,5751,875.13,2.04,18.83,113.47,1.75,26.7,73.4,Otel,Gaurire,110,1,Supraincalzire
440,Freza,FREZA HSS Ø8 2F,3648,511.28,1.83,14.39,38.02,0.87,15.6,62.19,Otel,Frezare,140,0,Niciunul
201,Burghiu,HSS DRILL Ø6,1603,599.42,2.26,6.14,55.68,4.22,44.2,72.79,Otel,Gaurire,210,1,Vibratii
58,Freza,FREZA HSS Ø8 2F,2368,978.86,1.62,13.64,73.14,4.77,79.8,60.07,Otel,Frezare,167,1,Uzura excesiva
22,Freza,FREZA HSS Ø8 2F,4970,1116.34,0.46,9.88,46.46,1.7,5.3,74.18,Otel,Frezare,262,0,Niciunul
367,Placuta amovibila,CNMG120408,5062,414.71,1.31,18.28,66.79,0.74,7.3,64.57,Otel,Strunjire,144,0,Niciunul
57,Freza,FREZA CARBURA Ø10 4F,4949,337.17,2.65,8.27,115.8,1.69,19.4,74.27,Inox,Frezare,168,1,Supraincalzire
472,Tarod,TAROD M10 ISO2,3439,453.02,2.81,15.9,107.01,2.24,38.9,71.79,Aluminiu,Filetare,309,1,Supraincalzire
576,Burghiu,HSS DRILL Ø6,3000,311.9,0.22,14.95,54.89,0.87,2.6,74.38,Otel,Gaurire,482,0,Niciunul
294,Freza,FREZA CARBURA Ø10 4F,5479,634.5,1.16,12.31,81.75,7.76,37.1,69.58,Aluminiu,Frezare,71,1,Vibratii
87,Burghiu,HSS DRILL Ø6,2438,378.12,0.95,11.4,49.75,0.54,16.1,68.95,Inox,Gaurire,175,0,Niciunul
421,Placuta amovibila,WNMG080408,4331,1170.56,1.41,13.7,78.12,7.82,21.2,61.48,Inox,Strunjire,339,1,Vibratii
439,Placuta amovibila,CNMG120408,3321,1175.43,1.81,15.07,57.68,1.72,5.6,74.1,Otel,Strunjire,119,0,Niciunul
417,Freza,FREZA CARBURA Ø10 4F,5053,473.6,0.88,10.56,39.8,1.71,7.6,67.27,Otel,Frezare,498,0,Niciunul
174,Tarod,TAROD M10 ISO2,4674,299.36,0.73,12.31,47.74,1.71,2.1,70.08,Aluminiu,Filetare,167,0,Niciunul
278,Freza,FREZA HSS Ø8 2F,2758,1106.86,1.6,17.29,55.1,1.36,19.7,63.68,Aluminiu,Frezare,488,0,Niciunul
518,Burghiu,HSS DRILL Ø6,3013,879.24,1.8,17.81,69.32,1.29,1.3,64.37,Inox,Gaurire,385,0,Niciunul
291,Tarod,TAROD M10 ISO2,2315,356.49,2.81,19.92,84.13,3.03,29.6,63.38,Aluminiu,Filetare,127,1,Niciunul
561,Burghiu,HSS DRILL Ø6,4617,450.33,0.23,15.59,35.94,1.37,19.7,65.58,Aluminiu,Gaurire,449,0,Niciunul
252,Freza,FREZA HSS Ø8 2F,2788,254.4,2.55,18.0,68.18,1.75,16.3,73.57,Otel,Frezare,48,0,Niciunul
484,Tarod,TAROD M10 ISO2,2618,1043.75,1.63,17.64,64.2,11.61,29.1,69.32,Otel,Filetare,209,1,Vibratii
338,Placuta amovibila,WNMG080408,3673,710.52,0.59,11.86,53.16,0.72,12.6,63.87,Aluminiu,Strunjire,116,0,Niciunul
173,Burghiu,CARBIDE DRILL Ø12,2484,548.05,1.56,11.64,64.39,1.6,13.6,69.21,Aluminiu,Gaurire,456,0,Niciunul
160,Burghiu,CARBIDE DRILL Ø12,3476,909.11,0.47,7.74,58.07,1.65,15.5,70.69,Aluminiu,Gaurire,135,0,Niciunul
462,Tarod,TAROD M10 ISO2,4481,459.36,1.09,19.41,83.44,4.02,40.1,67.02,Aluminiu,Filetare,353,1,Uzura excesiva
227,Tarod,TAROD M10 ISO2,1929,825.01,0.32,16.71,105.05,0.82,35.3,71.35,Inox,Filetare,344,1,Supraincalzire
150,Freza,FREZA CARBURA Ø10 4F,3685,358.43,0.28,7.51,58.91,1.92,18.9,64.22,Aluminiu,Frezare,227,0,Niciunul
239,Placuta amovibila,WNMG080408,5518,538.33,1.34,10.44,58.37,4.82,64.6,62.87,Otel,Strunjire,54,1,Uzura excesiva
433,Tarod,TAROD M10 ISO2,3923,388.73,0.36,8.17,56.73,1.01,9.1,70.37,Aluminiu,Filetare,326,0,Niciunul
288,Freza,FREZA CARBURA Ø10 4F,3602,1132.01,1.05,17.98,55.97,1.81,19.1,67.21,Inox,Frezare,371,0,Niciunul
561,Freza,FREZA HSS Ø8 2F,5159,659.25,0.62,5.02,65.79,0.57,19.4,67.57,Otel,Frezare,258,0,Niciunul
209,Placuta amovibila,CNMG120408,3749,344.79,1.37,14.11,50.15,1.86,7.5,65.32,Inox,Strunjire,348,0,Niciunul
227,Freza,FREZA HSS Ø8 2F,5044,704.59,2.88,15.98,74.75,1.4,50.0,69.61,Aluminiu,Frezare,140,1,Uzura excesiva
231,Freza,FREZA HSS Ø8 2F,5937,1015.38,0.87,13.53,38.98,1.71,16.1,65.03,Otel,Frezare,297,0,Niciunul
559,Placuta amovibila,WNMG080408,2638,667.88,1.94,18.42,107.53,0.57,36.4,60.78,Aluminiu,Strunjire,267,1,Supraincalzire
82,Placuta amovibila,WNMG080408,4245,525.56,2.31,14.03,79.36,9.39,53.7,62.17,Otel,Strunjire,88,1,Vibratii
498,Burghiu,HSS DRILL Ø6,2945,522.19,0.33,14.67,88.93,3.22,37.4,71.76,Otel,Gaurire,15,1,Supraincalzire
140,Placuta amovibila,CNMG120408,2718,324.41,2.57,15.95,86.89,9.03,52.6,62.42,Otel,Strunjire,136,1,Vibratii
383,Freza,FREZA HSS Ø8 2F,2201,376.57,2.45,16.86,40.51,1.23,8.6,61.06,Aluminiu,Frezare,483,0,Niciunul
53,Placuta amovibila,WNMG080408,2396,1114.01,1.05,14.33,38.13,0.96,9.2,60.48,Aluminiu,Strunjire,129,0,Niciunul
463,Freza,FREZA CARBURA Ø10 4F,2189,239.52,2.23,5.64,42.92,0.96,19.0,74.85,Inox,Frezare,22,0,Niciunul
295,Burghiu,HSS DRILL Ø6,5482,557.08,0.18,9.63,72.65,3.23,57.8,69.21,Otel,Gaurire,300,1,Vibratii
43,Placuta amovibila,WNMG080408,5000,948.68,2.4,10.77,97.25,1.86,25.2,67.76,Aluminiu,Strunjire,359,1,Supraincalzire
241,Burghiu,CARBIDE DRILL Ø12,2690,590.18,0.89,5.9,88.71,1.18,45.7,65.61,Otel,Gaurire,72,1,Uzura excesiva
543,Freza,FREZA CARBURA Ø10 4F,2333,902.8,1.91,14.57,57.96,1.45,1.6,73.96,Inox,Frezare,132,0,Niciunul
91,Burghiu,HSS DRILL Ø6,5251,665.76,2.99,6.83,65.91,0.54,18.1,74.79,Aluminiu,Gaurire,175,0,Niciunul
492,Tarod,TAROD M10 ISO2,3051,1090.15,1.98,14.57,85.24,1.81,16.7,67.56,Aluminiu,Filetare,184,1,Niciunul
546,Tarod,TAROD M10 ISO2,5831,346.0,1.86,5.98,95.98,3.23,34.5,71.5,Otel,Filetare,410,1,Supraincalzire
364,Freza,FREZA CARBURA Ø10 4F,3717,773.73,2.68,6.89,95.98,1.19,26.7,69.79,Aluminiu,Frezare,47,1,Supraincalzire
379,Placuta amovibila,WNMG080408,5735,634.44,0.76,7.98,44.89,1.61,6.7,71.72,Aluminiu,Strunjire,489,0,Niciunul
90,Freza,FREZA CARBURA Ø10 4F,4946,1188.12,1.65,11.24,57.88,3.93,40.4,61.65,Inox,Frezare,119,1,Uzura excesiva
342,Freza,FREZA HSS Ø8 2F,1903,831.59,2.83,16.97,57.45,1.12,14.8,71.43,Otel,Frezare,85,0,Niciunul
190,Freza,FREZA CARBURA Ø10 4F,3581,513.41,1.08,6.38,58.46,0.76,8.7,71.25,Aluminiu,Frezare,169,0,Niciunul
45,Burghiu,HSS DRILL Ø6,4355,441.49,0.51,11.26,104.31,2.02,38.6,73.5,Aluminiu,Gaurire,241,1,Supraincalzire
268,Tarod,TAROD M10 ISO2,5883,291.94,0.17,13.51,51.87,1.1,2.4,62.73,Otel,Filetare,53,0,Niciunul
124,Freza,FREZA HSS Ø8 2F,4049,569.49,0.26,15.92,57.67,10.55,30.5,68.33,Aluminiu,Frezare,418,1,Vibratii
73,Placuta amovibila,CNMG120408,2028,224.46,1.84,17.63,72.72,1.18,49.3,61.06,Otel,Strunjire,337,1,Niciunul
70,Placuta amovibila,WNMG080408,1701,999.44,2.56,16.17,58.23,0.92,4.1,66.57,Aluminiu,Strunjire,308,0,Niciunul
387,Placuta amovibila,CNMG120408,2218,414.69,1.8,8.72,54.77,1.2,7.7,74.03,Aluminiu,Strunjire,43,0,Niciunul
292,Freza,FREZA CARBURA Ø10 4F,3506,341.55,2.07,8.87,36.47,0.94,8.1,68.68,Aluminiu,Frezare,249,0,Niciunul
492,Freza,FREZA CARBURA Ø10 4F,3448,599.15,1.71,12.25,39.79,1.88,9.7,64.03,Inox,Frezare,109,0,Niciunul
61,Placuta amovibila,WNMG080408,5940,545.32,0.91,13.22,64.3,1.19,12.6,68.1,Inox,Strunjire,462,0,Niciunul
274,Placuta amovibila,CNMG120408,1571,229.02,2.84,9.73,50.47,8.56,51.0,66.99,Otel,Strunjire,437,1,Vibratii
470,Burghiu,CARBIDE DRILL Ø12,3614,376.89,2.56,18.99,68.37,1.18,13.1,68.15,Inox,Gaurire,36,0,Niciunul
4,Freza,FREZA CARBURA Ø10 4F,2163,765.36,1.91,5.98,56.4,0.83,4.7,73.36,Aluminiu,Frezare,358,0,Niciunul
231,Freza,FREZA CARBURA Ø10 4F,4747,541.57,0.12,19.67,102.97,2.81,21.0,69.5,Aluminiu,Frezare,484,1,Supraincalzire
309,Freza,FREZA CARBURA Ø10 4F,1823,454.76,0.18,6.94,105.58,2.87,19.1,72.92,Aluminiu,Frezare,159,1,Supraincalzire
247,Placuta amovibila,CNMG120408,1878,734.35,0.15,19.37,60.39,1.96,17.8,74.6,Aluminiu,Strunjire,38,0,Niciunul
202,Freza,FREZA HSS Ø8 2F,3403,369.98,0.32,12.37,109.48,3.48,34.1,72.33,Aluminiu,Frezare,455,1,Supraincalzire
194,Burghiu,CARBIDE DRILL Ø12,1872,266.66,0.18,9.78,63.35,1.62,14.3,70.95,Aluminiu,Gaurire,240,0,Niciunul
486,Freza,FREZA HSS Ø8 2F,1570,259.07,2.66,9.83,47.7,1.22,1.8,68.42,Otel,Frezare,111,0,Niciunul
424,Tarod,TAROD M10 ISO2,3714,702.91,2.79,5.86,55.67,1.7,19.4,74.26,Aluminiu,Filetare,412,0,Niciunul
205,Tarod,TAROD M10 ISO2,3792,258.12,1.09,12.56,112.17,2.42,26.6,69.16,Otel,Filetare,135,1,Supraincalzire
405,Placuta amovibila,WNMG080408,3617,1194.89,2.4,16.17,59.58,4.32,58.8,72.72,Aluminiu,Strunjire,182,1,Uzura excesiva
533,Burghiu,HSS DRILL Ø6,3276,941.06,0.79,15.79,68.06,6.91,46.3,61.31,Aluminiu,Gaurire,273,1,Vibratii
171,Freza,FREZA HSS Ø8 2F,3863,618.13,2.57,9.83,58.67,1.6,12.4,63.03,Inox,Frezare,42,0,Niciunul
79,Tarod,TAROD M10 ISO2,4736,804.21,2.92,10.4,62.04,1.5,17.6,66.4,Otel,Filetare,431,0,Niciunul
31,Placuta amovibila,WNMG080408,3595,256.91,1.7,6.55,82.16,3.27,25.9,66.35,Aluminiu,Strunjire,251,1,Supraincalzire
583,Burghiu,CARBIDE DRILL Ø12,4313,881.71,1.01,9.4,116.19,3.15,12.6,72.43,Inox,Gaurire,284,1,Supraincalzire
307,Tarod,TAROD M10 ISO2,2872,288.31,0.57,10.93,81.27,3.16,41.8,69.39,Aluminiu,Filetare,31,1,Uzura excesiva
474,Burghiu,CARBIDE DRILL Ø12,3853,612.46,1.33,11.55,45.08,0.83,6.1,72.29,Inox,Gaurire,359,0,Niciunul
354,Burghiu,CARBIDE DRILL Ø12,3358,458.98,2.48,17.42,87.02,1.86,40.0,65.02,Aluminiu,Gaurire,306,1,Supraincalzire
441,Placuta amovibila,WNMG080408,4171,211.36,0.17,13.29,66.3,11.09,37.1,73.98,Aluminiu,Strunjire,131,1,Vibratii
404,Tarod,TAROD M10 ISO2,5127,1162.44,1.04,13.08,59.63,3.29,66.6,73.31,Inox,Filetare,490,1,Uzura excesiva
90,Burghiu,CARBIDE DRILL Ø12,5573,313.34,0.87,17.88,65.65,7.55,37.4,68.44,Aluminiu,Gaurire,254,1,Vibratii
399,Burghiu,CARBIDE DRILL Ø12,2568,554.03,1.86,8.88,87.07,11.87,22.9,69.17,Otel,Gaurire,222,1,Niciunul
115,Placuta amovibila,WNMG080408,2274,677.82,1.28,16.48,40.3,1.78,1.2,61.47,Aluminiu,Strunjire,441,0,Niciunul
88,Burghiu,CARBIDE DRILL Ø12,5060,809.45,2.04,13.55,72.8,11.01,38.5,73.04,Inox,Gaurire,347,1,Vibratii
166,Freza,FREZA CARBURA Ø10 4F,3065,423.16,2.18,14.69,52.22,10.15,38.2,64.95,Aluminiu,Frezare,187,1,Vibratii
122,Tarod,TAROD M10 ISO2,4428,810.09,1.43,19.71,118.61,0.82,10.8,63.62,Aluminiu,Filetare,422,1,Supraincalzire
401,Tarod,TAROD M10 ISO2,1546,1138.13,1.8,16.02,80.46,1.8,15.9,73.18,Aluminiu,Filetare,338,1,Supraincalzire
257,Freza,FREZA HSS Ø8 2F,3538,1086.4,2.55,18.74,42.97,1.84,18.2,67.16,Inox,Frezare,412,0,Niciunul
162,Freza,FREZA CARBURA Ø10 4F,3522,415.47,1.18,16.98,53.22,5.92,35.6,64.77,Otel,Frezare,380,1,Vibratii
581,Placuta amovibila,WNMG080408,4897,579.54,1.95,9.09,68.64,4.88,51.9,68.91,Inox,Strunjire,141,1,Uzura excesiva
540,Placuta amovibila,CNMG120408,1797,788.31,0.58,17.72,77.94,9.73,39.1,64.42,Inox,Strunjire,309,1,Niciunul
207,Freza,FREZA HSS Ø8 2F,3567,851.68,2.84,13.86,50.94,4.04,44.9,74.76,Otel,Frezare,426,1,Uzura excesiva
117,Placuta amovibila,CNMG120408,3655,951.45,2.59,19.25,102.87,1.28,31.3,71.02,Aluminiu,Strunjire,347,1,Supraincalzire
224,Placuta amovibila,WNMG080408,3996,907.09,1.54,19.68,38.12,1.87,15.7,73.62,Otel,Strunjire,459,0,Niciunul
417,Tarod,TAROD M10 ISO2,4265,989.24,0.32,14.95,81.0,3.6,10.8,72.09,Aluminiu,Filetare,76,1,Supraincalzire
256,Freza,FREZA HSS Ø8 2F,2546,1138.6,2.92,13.43,42.74,1.57,19.8,62.8,Inox,Frezare,227,0,Niciunul
12,Burghiu,CARBIDE DRILL Ø12,3493,685.24,2.38,10.1,68.02,0.85,17.9,68.78,Inox,Gaurire,156,0,Niciunul
248,Freza,FREZA CARBURA Ø10 4F,1577,317.22,2.1,6.58,49.41,1.32,18.5,62.59,Inox,Frezare,288,0,Niciunul
302,Placuta amovibila,WNMG080408,2375,741.52,2.18,16.89,40.6,0.68,1.5,73.43,Aluminiu,Strunjire,76,0,Niciunul
50,Placuta amovibila,CNMG120408,4396,476.86,0.53,19.64,80.5,2.51,34.0,72.7,Otel,Strunjire,319,1,Supraincalzire
202,Placuta amovibila,WNMG080408,1880,532.79,2.39,12.54,68.02,0.52,8.9,63.74,Aluminiu,Strunjire,308,0,Niciunul
583,Placuta amovibila,WNMG080408,4779,421.39,0.54,10.84,61.78,0.55,18.6,67.16,Inox,Strunjire,467,0,Niciunul
406,Placuta amovibila,WNMG080408,3550,216.02,0.67,8.16,80.56,2.3,17.5,73.09,Aluminiu,Strunjire,197,1,Supraincalzire
246,Placuta amovibila,CNMG120408,3675,406.96,1.07,7.12,54.69,0.63,0.4,73.37,Otel,Strunjire,450,0,Niciunul
425,Placuta amovibila,WNMG080408,3293,642.61,2.16,17.37,40.03,1.03,7.5,71.4,Otel,Strunjire,150,0,Niciunul
470,Freza,FREZA HSS Ø8 2F,4355,728.87,2.15,10.19,56.59,1.66,4.9,73.02,Otel,Frezare,354,0,Niciunul
469,Tarod,TAROD M10 ISO2,5735,437.66,1.5,17.23,88.09,4.58,43.3,64.81,Aluminiu,Filetare,202,1,Vibratii
77,Placuta amovibila,CNMG120408,5956,271.07,1.02,5.76,49.51,1.41,4.9,67.42,Inox,Strunjire,227,0,Niciunul
196,Placuta amovibila,WNMG080408,5260,900.56,0.67,13.6,51.76,9.32,57.0,73.98,Inox,Strunjire,430,1,Vibratii
10,Placuta amovibila,WNMG080408,3327,636.37,0.28,19.29,35.24,0.86,12.3,71.76,Otel,Strunjire,499,0,Niciunul
274,Placuta amovibila,WNMG080408,5569,1018.87,0.68,9.36,42.82,1.0,8.2,65.28,Otel,Strunjire,176,0,Niciunul
380,Tarod,TAROD M10 ISO2,5562,1034.26,1.66,6.31,88.73,3.36,38.8,69.4,Otel,Filetare,196,1,Niciunul
493,Freza,FREZA CARBURA Ø10 4F,5444,978.63,1.69,17.98,47.0,1.97,4.7,68.69,Otel,Frezare,95,0,Niciunul
67,Burghiu,CARBIDE DRILL Ø12,4783,1088.99,0.34,11.7,82.15,1.64,27.0,74.36,Otel,Gaurire,491,1,Supraincalzire
551,Freza,FREZA HSS Ø8 2F,3780,833.43,1.76,17.33,51.47,2.91,53.9,72.06,Otel,Frezare,7,1,Uzura excesiva
286,Placuta amovibila,CNMG120408,3239,464.31,2.14,12.0,75.09,9.8,40.0,72.29,Aluminiu,Strunjire,448,1,Vibratii
345,Placuta amovibila,WNMG080408,4965,1162.0,2.47,9.58,69.14,0.82,12.2,69.17,Inox,Strunjire,336,0,Niciunul
332,Tarod,TAROD M10 ISO2,3298,662.05,2.49,11.48,69.34,1.72,7.2,69.92,Otel,Filetare,299,0,Niciunul
415,Placuta amovibila,CNMG120408,2283,852.36,0.28,12.26,53.68,1.3,17.4,65.86,Inox,Strunjire,355,0,Niciunul
447,Freza,FREZA CARBURA Ø10 4F,5759,906.08,1.43,13.4,65.85,0.7,17.6,73.51,Otel,Frezare,484,0,Niciunul
256,Tarod,TAROD M10 ISO2,4428,595.62,2.27,18.74,56.23,3.17,71.8,64.24,Inox,Filetare,113,1,Uzura excesiva
286,Freza,FREZA CARBURA Ø10 4F,4395,971.34,1.2,18.89,69.52,1.74,10.9,68.22,Otel,Frezare,377,0,Niciunul
178,Freza,FREZA CARBURA Ø10 4F,2598,834.98,1.28,9.21,86.01,7.56,30.4,74.65,Aluminiu,Frezare,286,1,Vibratii
86,Freza,FREZA CARBURA Ø10 4F,3077,944.24,1.4,19.74,61.23,4.98,44.1,60.14,Otel,Frezare,15,1,Uzura excesiva
45,Freza,FREZA CARBURA Ø10 4F,5851,321.15,0.16,11.02,53.41,0.69,14.8,60.57,Otel,Frezare,271,0,Niciunul
480,Placuta amovibila,CNMG120408,2525,1122.86,1.64,12.14,115.87,1.4,30.4,69.25,Aluminiu,Strunjire,425,1,Supraincalzire
550,Tarod,TAROD M10 ISO2,5582,943.52,1.55,15.95,46.52,0.54,5.1,61.55,Otel,Filetare,76,0,Niciunul
219,Freza,FREZA CARBURA Ø10 4F,5432,918.71,0.84,6.84,85.26,2.43,12.5,60.28,Inox,Frezare,127,1,Supraincalzire
368,Placuta amovibila,CNMG120408,2233,1102.57,2.89,19.4,67.82,1.27,5.4,67.51,Aluminiu,Strunjire,469,0,Niciunul
228,Burghiu,HSS DRILL Ø6,4500,282.84,2.57,9.98,86.32,3.1,76.5,68.07,Aluminiu,Gaurire,433,1,Uzura excesiva
7,Freza,FREZA HSS Ø8 2F,4364,842.92,0.63,19.01,35.15,0.82,8.0,61.59,Aluminiu,Frezare,40,0,Niciunul
571,Tarod,TAROD M10 ISO2,3246,470.82,0.82,16.24,51.46,1.91,19.0,70.72,Otel,Filetare,305,0,Niciunul
393,Freza,FREZA CARBURA Ø10 4F,4008,450.67,1.74,13.48,102.39,2.67,16.1,60.21,Otel,Frezare,360,1,Niciunul
87,Tarod,TAROD M10 ISO2,3610,406.08,1.88,6.95,80.69,2.96,24.7,73.03,Otel,Filetare,134,1,Supraincalzire
380,Placuta amovibila,CNMG120408,5682,287.04,1.55,11.67,72.0,7.9,26.7,73.97,Inox,Strunjire,105,1,Vibratii
233,Placuta amovibila,WNMG080408,5432,673.85,1.82,8.94,66.87,6.16,33.7,61.68,Aluminiu,Strunjire,23,1,Vibratii
162,Placuta amovibila,CNMG120408,2245,580.76,1.06,8.87,40.85,1.64,14.9,74.45,Aluminiu,Strunjire,452,0,Niciunul
455,Placuta amovibila,CNMG120408,5111,376.38,0.6,14.61,44.96,0.75,12.4,67.8,Aluminiu,Strunjire,378,0,Niciunul
178,Freza,FREZA HSS Ø8 2F,3313,1100.34,0.46,6.56,51.99,1.62,8.6,69.25,Aluminiu,Frezare,158,0,Niciunul
34,Tarod,TAROD M10 ISO2,3644,1068.48,2.97,5.7,67.88,1.13,11.4,61.29,Aluminiu,Filetare,11,0,Niciunul
216,Placuta amovibila,WNMG080408,1736,848.52,1.74,15.91,68.38,4.9,49.1,66.73,Otel,Strunjire,175,1,Uzura excesiva
542,Burghiu,HSS DRILL Ø6,5911,773.4,2.01,6.4,41.86,0.56,6.8,66.18,Inox,Gaurire,445,0,Niciunul
318,Freza,FREZA HSS Ø8 2F,2105,803.99,2.02,5.26,89.47,1.45,67.1,67.66,Aluminiu,Frezare,186,1,Uzura excesiva
424,Freza,FREZA HSS Ø8 2F,4966,614.68,2.75,12.54,67.72,1.24,12.5,64.6,Inox,Frezare,242,0,Niciunul
293,Freza,FREZA HSS Ø8 2F,3243,427.85,0.47,9.29,36.72,1.33,2.1,70.36,Inox,Frezare,30,0,Niciunul
405,Burghiu,CARBIDE DRILL Ø12,4743,555.04,1.72,5.1,55.86,1.5,4.5,73.31,Inox,Gaurire,197,0,Niciunul
559,Tarod,TAROD M10 ISO2,2572,929.03,1.69,13.45,67.34,0.92,0.8,73.93,Otel,Filetare,184,0,Niciunul
394,Freza,FREZA HSS Ø8 2F,4571,785.83,1.77,19.01,67.47,1.75,18.9,72.45,Inox,Frezare,458,0,Niciunul
339,Placuta amovibila,CNMG120408,3527,813.59,0.42,5.9,49.38,1.47,9.7,64.74,Aluminiu,Strunjire,240,0,Niciunul
501,Placuta amovibila,WNMG080408,3344,789.45,0.55,13.67,111.03,1.43,38.2,67.4,Otel,Strunjire,396,1,Supraincalzire
589,Placuta amovibila,CNMG120408,3097,836.05,1.01,15.11,41.33,1.65,12.8,74.63,Inox,Strunjire,394,0,Niciunul
440,Tarod,TAROD M10 ISO2,2581,663.13,2.86,12.62,73.96,2.24,45.2,61.17,Aluminiu,Filetare,273,1,Uzura excesiva
441,Burghiu,CARBIDE DRILL Ø12,1940,1139.45,2.63,16.26,64.99,5.77,48.5,71.99,Inox,Gaurire,259,1,Vibratii
262,Freza,FREZA CARBURA Ø10 4F,5141,491.55,1.18,12.25,85.57,3.35,10.8,71.58,Inox,Frezare,113,1,Supraincalzire
339,Tarod,TAROD M10 ISO2,3054,443.0,2.94,10.26,63.57,1.79,5.0,61.96,Otel,Filetare,241,0,Niciunul
428,Placuta amovibila,WNMG080408,5035,970.58,2.46,13.54,74.65,9.93,46.7,65.23,Inox,Strunjire,97,1,Vibratii
555,Burghiu,CARBIDE DRILL Ø12,3655,504.77,1.11,5.13,74.05,1.42,40.8,61.8,Aluminiu,Gaurire,176,1,Uzura excesiva
233,Freza,FREZA HSS Ø8 2F,5034,1122.38,2.97,6.57,67.62,1.37,8.4,72.95,Inox,Frezare,335,0,Niciunul
65,Freza,FREZA CARBURA Ø10 4F,1736,644.38,1.29,12.33,106.06,3.52,37.0,61.69,Otel,Frezare,61,1,Supraincalzire
113,Placuta amovibila,CNMG120408,4005,441.39,2.82,9.02,39.31,0.98,15.9,73.72,Inox,Strunjire,106,0,Niciunul
210,Freza,FREZA HSS Ø8 2F,3958,981.93,1.75,10.38,56.92,3.2,60.7,71.78,Otel,Frezare,273,1,Uzura excesiva
147,Freza,FREZA CARBURA Ø10 4F,2183,896.9,0.57,6.92,118.32,1.79,16.7,72.01,Aluminiu,Frezare,149,1,Supraincalzire
227,Placuta amovibila,CNMG120408,2503,210.43,1.7,11.2,88.37,1.67,68.4,74.72,Inox,Strunjire,14,1,Uzura excesiva
28,Tarod,TAROD M10 ISO2,5830,1142.02,0.88,14.78,68.62,0.53,18.1,66.45,Inox,Filetare,113,0,Niciunul
556,Tarod,TAROD M10 ISO2,2253,1099.09,2.28,12.13,49.76,1.28,1.5,64.79,Otel,Filetare,397,0,Niciunul
410,Freza,FREZA CARBURA Ø10 4F,4002,1041.54,1.12,15.71,35.22,1.84,10.9,65.62,Inox,Frezare,249,0,Niciunul
415,Tarod,TAROD M10 ISO2,2034,430.32,2.96,16.36,78.41,3.27,76.3,60.61,Aluminiu,Filetare,265,1,Uzura excesiva
433,Burghiu,HSS DRILL Ø6,5495,1111.73,2.31,14.82,45.44,0.74,12.7,65.11,Aluminiu,Gaurire,97,0,Niciunul
454,Burghiu,CARBIDE DRILL Ø12,4720,801.53,1.51,10.46,56.67,0.93,5.2,70.96,Otel,Gaurire,87,0,Niciunul
142,Freza,FREZA CARBURA Ø10 4F,2776,987.77,1.5,18.35,35.3,1.87,14.5,73.63,Aluminiu,Frezare,418,0,Niciunul
31,Placuta amovibila,CNMG120408,4327,994.08,0.49,16.59,75.49,3.74,67.8,74.19,Otel,Strunjire,215,1,Niciunul
476,Placuta amovibila,WNMG080408,5992,1155.43,2.54,5.2,35.39,0.52,16.8,62.89,Inox,Strunjire,288,0,Niciunul
581,Freza,FREZA HSS Ø8 2F,4844,729.24,2.11,16.24,87.57,6.88,23.6,73.71,Otel,Frezare,465,1,Vibratii
240,Placuta amovibila,CNMG120408,3288,533.73,0.51,15.85,56.11,3.06,52.0,63.54,Inox,Strunjire,262,1,Niciunul
432,Placuta amovibila,WNMG080408,3967,417.47,2.9,8.85,109.92,3.57,23.5,72.32,Inox,Strunjire,50,1,Niciunul
190,Freza,FREZA HSS Ø8 2F,4336,721.83,2.05,14.37,60.07,1.39,5.5,60.47,Otel,Frezare,312,0,Niciunul
432,Burghiu,CARBIDE DRILL Ø12,4984,984.06,1.31,10.88,50.84,2.81,74.7,68.83,Otel,Gaurire,40,1,Uzura excesiva
551,Burghiu,HSS DRILL Ø6,1593,542.34,1.73,16.66,62.69,1.0,16.3,69.88,Otel,Gaurire,409,0,Niciunul
426,Freza,FREZA CARBURA Ø10 4F,2134,266.03,1.14,16.58,41.43,1.9,17.4,63.12,Otel,Frezare,407,0,Niciunul
64,Tarod,TAROD M10 ISO2,3069,878.8,2.36,19.69,54.83,1.07,2.5,70.36,Otel,Filetare,497,0,Niciunul
375,Burghiu,HSS DRILL Ø6,4252,451.64,0.78,6.82,61.69,0.79,19.1,71.81,Inox,Gaurire,110,0,Niciunul
290,Placuta amovibila,WNMG080408,4452,887.62,0.44,11.21,79.67,4.6,59.5,62.26,Aluminiu,Strunjire,275,1,Uzura excesiva
362,Burghiu,CARBIDE DRILL Ø12,4333,755.18,1.24,10.39,106.53,1.08,30.7,61.18,Aluminiu,Gaurire,438,1,Supraincalzire
434,Placuta amovibila,WNMG080408,1662,1028.91,0.42,15.24,58.82,0.63,6.9,66.5,Aluminiu,Strunjire,499,0,Niciunul
556,Freza,FREZA HSS Ø8 2F,4301,895.97,2.03,15.81,54.54,5.63,48.2,66.53,Aluminiu,Frezare,59,1,Vibratii
79,Freza,FREZA CARBURA Ø10 4F,3778,904.46,1.77,5.66,67.52,1.38,8.0,69.43,Otel,Frezare,158,0,Niciunul
281,Placuta amovibila,WNMG080408,3109,930.36,2.67,15.77,82.25,10.35,54.5,68.06,Otel,Strunjire,79,1,Vibratii
531,Burghiu,CARBIDE DRILL Ø12,2293,640.75,0.22,14.94,53.72,1.92,15.0,61.58,Otel,Gaurire,10,0,Niciunul
548,Tarod,TAROD M10 ISO2,2978,431.73,0.28,7.37,57.78,8.75,25.8,73.82,Inox,Filetare,32,1,Vibratii
435,Freza,FREZA CARBURA Ø10 4F,2854,677.47,2.23,7.7,79.29,8.99,48.3,64.84,Inox,Frezare,151,1,Niciunul
525,Placuta amovibila,WNMG080408,2070,341.2,0.85,13.97,37.87,1.05,17.0,70.24,Aluminiu,Strunjire,198,0,Niciunul
92,Placuta amovibila,CNMG120408,4206,1095.34,2.56,15.82,55.28,4.02,62.3,62.35,Aluminiu,Strunjire,38,1,Uzura excesiva
454,Placuta amovibila,WNMG080408,4294,218.56,2.59,9.55,98.44,1.79,23.5,63.09,Inox,Strunjire,6,1,Niciunul
383,Placuta amovibila,WNMG080408,4936,494.48,1.98,9.41,57.62,1.92,9.2,66.77,Inox,Strunjire,248,0,Niciunul
520,Burghiu,HSS DRILL Ø6,2524,912.08,0.66,10.83,37.23,1.56,15.9,64.46,Aluminiu,Gaurire,394,0,Niciunul
92,Burghiu,CARBIDE DRILL Ø12,5178,251.89,1.58,9.66,68.47,4.4,41.0,64.52,Aluminiu,Gaurire,477,1,Uzura excesiva
44,Tarod,TAROD M10 ISO2,3724,239.49,0.18,17.2,73.62,1.15,54.8,66.53,Aluminiu,Filetare,467,1,Uzura excesiva
254,Placuta amovibila,CNMG120408,5430,287.05,0.65,10.33,63.06,7.73,36.0,69.19,Aluminiu,Strunjire,351,1,Vibratii
83,Freza,FREZA HSS Ø8 2F,2292,842.34,0.68,5.1,57.65,1.0,46.6,72.12,Aluminiu,Frezare,60,1,Uzura excesiva
329,Burghiu,HSS DRILL Ø6,4220,876.86,0.64,6.73,38.91,0.57,0.2,74.32,Inox,Gaurire,84,0,Niciunul
96,Placuta amovibila,WNMG080408,3366,510.95,1.56,19.52,86.81,2.7,15.1,61.06,Otel,Strunjire,22,1,Supraincalzire
176,Burghiu,HSS DRILL Ø6,5514,909.56,2.94,13.95,58.29,0.71,17.0,62.43,Inox,Gaurire,149,0,Niciunul
122,Placuta amovibila,WNMG080408,4474,863.72,0.86,8.37,88.24,2.04,23.5,64.96,Otel,Strunjire,328,1,Supraincalzire
425,Burghiu,CARBIDE DRILL Ø12,2513,1055.24,0.94,5.29,90.92,3.51,25.2,64.21,Aluminiu,Gaurire,327,1,Supraincalzire
562,Placuta amovibila,WNMG080408,4706,296.35,0.66,6.59,68.15,1.59,14.0,63.78,Otel,Strunjire,189,0,Niciunul
310,Freza,FREZA CARBURA Ø10 4F,5420,724.35,0.24,14.93,89.11,3.66,43.1,66.17,Otel,Frezare,448,1,Vibratii
96,Freza,FREZA HSS Ø8 2F,2079,653.06,1.93,10.67,79.86,11.13,52.3,71.35,Aluminiu,Frezare,106,1,Niciunul
384,Freza,FREZA HSS Ø8 2F,2038,260.36,2.62,14.01,55.06,1.33,12.0,69.41,Otel,Frezare,494,0,Niciunul
156,Burghiu,HSS DRILL Ø6,3243,1188.97,2.16,8.28,48.86,0.72,5.1,74.86,Inox,Gaurire,175,0,Niciunul
267,Burghiu,CARBIDE DRILL Ø12,5320,940.27,1.08,19.46,93.05,1.43,18.8,68.55,Otel,Gaurire,414,1,Niciunul
103,Burghiu,HSS DRILL Ø6,2352,704.74,1.63,14.59,44.41,0.75,13.3,74.34,Otel,Gaurire,375,0,Niciunul
526,Burghiu,CARBIDE DRILL Ø12,2460,332.32,0.16,12.65,50.12,9.32,35.8,64.85,Inox,Gaurire,264,1,Vibratii
386,Tarod,TAROD M10 ISO2,2267,654.14,1.85,8.53,66.47,8.98,46.3,63.2,Aluminiu,Filetare,472,1,Vibratii
524,Placuta amovibila,WNMG080408,2297,917.18,1.95,9.99,65.24,11.44,40.4,70.17,Otel,Strunjire,302,1,Vibratii
504,Freza,FREZA HSS Ø8 2F,3784,378.93,2.87,8.83,69.34,3.49,65.9,67.39,Aluminiu,Frezare,404,1,Uzura excesiva
18,Burghiu,CARBIDE DRILL Ø12,3199,380.07,2.8,8.92,67.54,5.87,23.3,62.9,Aluminiu,Gaurire,30,1,Vibratii
564,Placuta amovibila,CNMG120408,5377,229.96,1.08,15.16,53.42,0.76,3.8,69.04,Otel,Strunjire,195,0,Niciunul
531,Burghiu,HSS DRILL Ø6,5438,427.93,0.36,19.95,61.94,10.66,50.4,63.27,Aluminiu,Gaurire,148,1,Vibratii
497,Burghiu,CARBIDE DRILL Ø12,5874,1110.77,0.53,17.6,38.34,0.76,5.8,60.14,Inox,Gaurire,350,0,Niciunul
296,Freza,FREZA HSS Ø8 2F,1954,755.54,2.19,10.33,112.45,3.32,25.8,65.03,Inox,Frezare,476,1,Supraincalzire
105,Tarod,TAROD M10 ISO2,2874,495.01,2.8,10.14,64.85,1.25,13.6,65.01,Inox,Filetare,42,0,Niciunul
279,Burghiu,CARBIDE DRILL Ø12,4498,636.01,0.29,8.23,40.31,1.43,0.1,71.95,Otel,Gaurire,58,0,Niciunul
548,Placuta amovibila,WNMG080408,5994,661.34,1.75,11.94,65.02,1.5,3.2,62.54,Inox,Strunjire,165,0,Niciunul
454,Burghiu,HSS DRILL Ø6,3344,520.21,1.33,11.81,53.42,2.6,77.6,73.85,Inox,Gaurire,166,1,Uzura excesiva
509,Placuta amovibila,CNMG120408,5556,999.58,1.39,13.75,51.97,1.32,3.4,71.56,Inox,Strunjire,159,0,Niciunul
493,Burghiu,HSS DRILL Ø6,3909,348.28,2.86,18.17,115.69,1.22,16.4,67.21,Inox,Gaurire,305,1,Supraincalzire
556,Burghiu,CARBIDE DRILL Ø12,1839,324.29,1.9,18.02,89.48,3.87,50.6,70.75,Inox,Gaurire,487,1,Vibratii
336,Placuta amovibila,WNMG080408,2675,578.95,1.1,6.11,53.64,1.4,10.6,64.4,Otel,Strunjire,352,0,Niciunul
82,Freza,FREZA HSS Ø8 2F,2503,754.6,1.7,6.55,51.73,3.6,50.5,74.41,Inox,Frezare,207,1,Uzura excesiva
580,Burghiu,HSS DRILL Ø6,4398,432.33,0.36,16.04,63.48,4.11,60.7,74.36,Inox,Gaurire,326,1,Uzura excesiva
521,Freza,FREZA CARBURA Ø10 4F,2271,1001.02,2.27,8.88,51.74,0.67,11.2,71.89,Otel,Frezare,344,0,Niciunul
533,Freza,FREZA HSS Ø8 2F,5240,752.46,1.2,14.37,62.95,1.15,15.1,61.63,Inox,Frezare,297,0,Niciunul
272,Burghiu,CARBIDE DRILL Ø12,3136,524.09,1.57,14.39,65.9,1.34,17.0,70.51,Otel,Gaurire,270,0,Niciunul
159,Freza,FREZA HSS Ø8 2F,4080,924.13,2.47,15.83,51.5,9.2,54.6,72.79,Aluminiu,Frezare,457,1,Vibratii
587,Placuta amovibila,CNMG120408,3874,379.0,1.12,9.09,73.24,9.22,27.5,60.72,Aluminiu,Strunjire,296,1,Vibratii
466,Burghiu,HSS DRILL Ø6,5191,1102.13,2.13,17.13,71.38,7.65,37.1,69.85,Aluminiu,Gaurire,488,1,Vibratii
249,Placuta amovibila,CNMG120408,3619,886.73,2.43,8.84,87.28,2.31,15.2,74.69,Aluminiu,Strunjire,294,1,Supraincalzire
421,Tarod,TAROD M10 ISO2,3933,261.68,0.81,19.48,38.93,1.11,0.1,68.79,Inox,Filetare,418,0,Niciunul
582,Freza,FREZA CARBURA Ø10 4F,2933,905.55,1.67,6.45,60.5,1.85,15.1,65.5,Inox,Frezare,456,0,Niciunul
164,Freza,FREZA CARBURA Ø10 4F,5731,963.72,1.96,15.96,92.3,2.99,13.1,70.5,Inox,Frezare,369,1,Supraincalzire
23,Tarod,TAROD M10 ISO2,5503,870.26,2.42,11.38,62.03,1.95,3.5,67.3,Otel,Filetare,442,0,Niciunul
526,Burghiu,HSS DRILL Ø6,5373,250.46,2.9,19.16,80.73,4.79,71.2,66.86,Aluminiu,Gaurire,491,1,Uzura excesiva
575,Placuta amovibila,WNMG080408,3809,863.58,2.59,19.0,41.68,1.79,12.3,63.5,Otel,Strunjire,369,0,Niciunul
218,Tarod,TAROD M10 ISO2,5388,450.96,0.31,9.06,80.09,3.07,44.2,68.65,Otel,Filetare,416,1,Uzura excesiva
419,Freza,FREZA CARBURA Ø10 4F,2371,882.73,0.32,19.93,40.74,1.84,0.4,66.92,Aluminiu,Frezare,308,0,Niciunul
356,Tarod,TAROD M10 ISO2,1580,1195.57,0.47,14.9,60.02,2.0,7.2,68.85,Aluminiu,Filetare,369,0,Niciunul
477,Freza,FREZA HSS Ø8 2F,3975,546.82,2.08,6.01,66.8,1.09,5.5,63.61,Otel,Frezare,439,0,Niciunul
64,Placuta amovibila,WNMG080408,3434,811.29,1.19,19.57,59.83,0.64,18.1,72.06,Otel,Strunjire,233,0,Niciunul
1,Burghiu,HSS DRILL Ø6,2579,941.21,2.2,17.13,108.56,0.85,14.7,74.1,Aluminiu,Gaurire,150,1,Supraincalzire
333,Freza,FREZA CARBURA Ø10 4F,3565,243.75,2.39,16.08,39.59,0.98,6.9,69.93,Aluminiu,Frezare,374,0,Niciunul
487,Burghiu,HSS DRILL Ø6,3613,461.67,1.88,13.87,74.67,1.99,51.6,70.37,Aluminiu,Gaurire,260,1,Uzura excesiva
307,Burghiu,CARBIDE DRILL Ø12,4974,822.28,1.54,16.25,39.37,1.69,16.8,70.93,Otel,Gaurire,133,0,Niciunul
125,Burghiu,CARBIDE DRILL Ø12,5743,806.77,1.64,9.55,66.23,6.14,44.5,65.85,Inox,Gaurire,211,1,Vibratii
594,Freza,FREZA CARBURA Ø10 4F,3381,1006.95,2.51,18.28,74.03,1.18,41.4,61.83,Otel,Frezare,53,1,Uzura excesiva
66,Burghiu,HSS DRILL Ø6,3741,208.55,2.1,14.39,37.05,0.86,18.6,61.75,Aluminiu,Gaurire,296,0,Niciunul
448,Tarod,TAROD M10 ISO2,4681,870.03,2.03,8.37,113.49,2.79,17.5,68.18,Aluminiu,Filetare,151,1,Supraincalzire
81,Burghiu,HSS DRILL Ø6,3256,525.3,0.93,5.85,66.56,0.82,1.2,70.23,Aluminiu,Gaurire,420,0,Niciunul
115,Burghiu,HSS DRILL Ø6,5166,763.91,2.39,12.48,80.76,7.18,38.2,62.28,Inox,Gaurire,396,1,Vibratii
200,Freza,FREZA HSS Ø8 2F,2213,872.16,2.09,8.66,57.83,2.87,54.0,69.88,Aluminiu,Frezare,438,1,Uzura excesiva
419,Freza,FREZA HSS Ø8 2F,4906,604.38,2.48,19.46,77.86,4.84,37.6,68.95,Otel,Frezare,336,1,Vibratii
145,Freza,FREZA HSS Ø8 2F,5140,795.21,2.34,10.68,61.26,5.5,55.8,70.75,Otel,Frezare,44,1,Vibratii
513,Freza,FREZA HSS Ø8 2F,4109,1102.93,0.43,16.28,69.69,1.19,19.7,61.82,Aluminiu,Frezare,21,0,Niciunul
532,Burghiu,HSS DRILL Ø6,3924,903.91,2.49,8.15,89.83,7.79,44.0,72.59,Aluminiu,Gaurire,475,1,Vibratii
457,Placuta amovibila,WNMG080408,4266,921.66,1.29,5.57,86.69,1.33,44.5,70.1,Inox,Strunjire,78,1,Uzura excesiva
416,Burghiu,HSS DRILL Ø6,4862,357.85,2.24,12.06,74.63,2.19,59.0,63.49,Otel,Gaurire,16,1,Uzura excesiva
15,Placuta amovibila,CNMG120408,5103,212.63,0.38,12.43,49.89,1.65,4.6,69.99,Inox,Strunjire,194,0,Niciunul
344,Freza,FREZA HSS Ø8 2F,4430,1147.61,0.36,18.04,69.02,1.23,11.3,70.6,Aluminiu,Frezare,133,0,Niciunul
377,Placuta amovibila,CNMG120408,2987,1070.87,2.06,6.25,44.34,0.64,0.2,61.19,Inox,Strunjire,500,0,Niciunul
243,Freza,FREZA CARBURA Ø10 4F,4055,431.22,1.67,19.97,65.67,1.45,1.5,71.26,Inox,Frezare,277,0,Niciunul
225,Burghiu,CARBIDE DRILL Ø12,4691,320.67,0.9,12.05,103.16,1.98,18.9,61.92,Aluminiu,Gaurire,496,1,Supraincalzire
539,Placuta amovibila,WNMG080408,2290,360.74,2.32,7.2,80.29,3.41,29.4,72.61,Inox,Strunjire,55,1,Supraincalzire
535,Burghiu,CARBIDE DRILL Ø12,5717,489.45,1.41,16.71,88.17,3.42,37.4,71.03,Otel,Gaurire,343,1,Vibratii
212,Burghiu,HSS DRILL Ø6,2029,631.4,2.11,9.48,66.68,1.0,14.0,70.41,Otel,Gaurire,441,0,Niciunul
148,Placuta amovibila,CNMG120408,4973,1082.5,1.73,6.42,65.02,2.81,43.8,68.25,Otel,Strunjire,115,1,Niciunul
41,Burghiu,HSS DRILL Ø6,2007,871.99,0.16,15.52,98.84,0.94,39.4,64.23,Inox,Gaurire,232,1,Supraincalzire
200,Burghiu,CARBIDE DRILL Ø12,4683,898.76,2.45,15.44,45.31,1.43,15.4,67.97,Aluminiu,Gaurire,30,0,Niciunul
437,Burghiu,CARBIDE DRILL Ø12,2114,803.36,2.58,16.97,52.96,1.94,5.5,70.67,Otel,Gaurire,71,0,Niciunul
584,Freza,FREZA HSS Ø8 2F,3529,833.99,1.14,8.46,67.78,3.83,26.7,66.7,Aluminiu,Frezare,237,1,Vibratii
21,Burghiu,HSS DRILL Ø6,2988,1118.51,1.79,9.74,45.07,1.96,5.3,61.89,Otel,Gaurire,456,0,Niciunul
479,Freza,FREZA HSS Ø8 2F,5250,698.69,2.37,8.09,67.51,2.07,76.1,67.83,Aluminiu,Frezare,44,1,Uzura excesiva
459,Burghiu,HSS DRILL Ø6,3010,1126.23,0.23,14.94,81.3,3.3,58.7,65.37,Aluminiu,Gaurire,179,1,Vibratii
123,Placuta amovibila,WNMG080408,4675,993.58,1.41,8.58,63.84,1.56,7.7,74.46,Otel,Strunjire,351,0,Niciunul
126,Placuta amovibila,CNMG120408,2779,332.78,1.17,16.38,62.43,1.33,48.5,65.3,Aluminiu,Strunjire,345,1,Uzura excesiva
172,Freza,FREZA HSS Ø8 2F,3974,587.87,1.53,12.95,39.97,1.23,7.3,70.04,Inox,Frezare,174,0,Niciunul
156,Tarod,TAROD M10 ISO2,3732,803.01,2.27,17.05,61.45,3.46,59.2,65.06,Aluminiu,Filetare,158,1,Uzura excesiva
328,Placuta amovibila,CNMG120408,5796,305.52,0.46,15.86,88.64,7.77,39.7,68.39,Aluminiu,Strunjire,65,1,Vibratii
409,Freza,FREZA CARBURA Ø10 4F,5875,685.46,0.83,10.26,57.77,2.01,55.3,72.97,Otel,Frezare,172,1,Uzura excesiva
278,Burghiu,HSS DRILL Ø6,1752,683.56,2.18,19.59,42.74,1.6,7.2,70.12,Inox,Gaurire,218,0,Niciunul
350,Tarod,TAROD M10 ISO2,3718,1134.48,2.2,13.13,59.2,4.29,46.9,66.88,Aluminiu,Filetare,328,1,Uzura excesiva
484,Burghiu,HSS DRILL Ø6,4758,820.86,1.84,15.41,41.95,1.01,7.7,63.09,Aluminiu,Gaurire,196,0,Niciunul
312,Placuta amovibila,WNMG080408,3884,967.6,2.12,8.25,43.53,1.21,8.3,60.16,Otel,Strunjire,342,0,Niciunul
309,Burghiu,CARBIDE DRILL Ø12,4400,695.82,1.29,9.88,56.66,0.54,12.0,71.04,Otel,Gaurire,56,0,Niciunul
102,Tarod,TAROD M10 ISO2,5689,312.26,0.33,5.72,71.26,3.36,76.8,70.14,Inox,Filetare,406,1,Uzura excesiva
152,Freza,FREZA CARBURA Ø10 4F,2719,1136.02,2.69,7.17,43.42,1.83,15.0,67.49,Otel,Frezare,311,0,Niciunul
168,Burghiu,CARBIDE DRILL Ø12,2692,208.6,2.81,18.64,74.21,8.6,39.7,63.61,Aluminiu,Gaurire,173,1,Vibratii
109,Freza,FREZA CARBURA Ø10 4F,2253,932.87,0.94,17.17,46.11,1.08,12.0,60.49,Inox,Frezare,39,0,Niciunul
262,Placuta amovibila,WNMG080408,4816,995.48,0.33,10.58,84.02,3.56,65.0,63.79,Inox,Strunjire,431,1,Niciunul
542,Placuta amovibila,CNMG120408,2740,908.8,0.16,17.78,65.39,1.02,11.8,64.62,Otel,Strunjire,400,0,Niciunul
139,Freza,FREZA CARBURA Ø10 4F,2766,1147.51,1.26,16.67,61.74,1.71,13.0,62.35,Aluminiu,Frezare,264,0,Niciunul
116,Placuta amovibila,CNMG120408,5198,717.97,0.18,17.65,50.17,1.25,49.9,71.04,Inox,Strunjire,95,1,Uzura excesiva
512,Burghiu,HSS DRILL Ø6,5333,1107.79,2.55,6.13,89.99,6.84,47.0,60.63,Aluminiu,Gaurire,217,1,Vibratii
563,Burghiu,HSS DRILL Ø6,3568,537.89,0.68,6.97,60.87,5.58,59.8,73.3,Inox,Gaurire,337,1,Vibratii
540,Burghiu,HSS DRILL Ø6,3135,845.1,2.57,10.76,41.98,1.8,0.7,68.52,Otel,Gaurire,66,0,Niciunul
273,Burghiu,HSS DRILL Ø6,2999,837.57,0.25,10.03,70.5,1.63,72.6,66.7,Otel,Gaurire,404,1,Uzura excesiva
239,Freza,FREZA CARBURA Ø10 4F,3060,986.95,1.84,14.43,74.66,10.75,20.3,62.23,Inox,Frezare,430,1,Vibratii
342,Burghiu,CARBIDE DRILL Ø12,5886,1154.69,0.64,11.01,56.86,1.61,8.8,62.66,Aluminiu,Gaurire,295,0,Niciunul
495,Freza,FREZA CARBURA Ø10 4F,1720,1123.53,2.48,17.08,68.02,3.13,53.3,71.66,Inox,Frezare,204,1,Niciunul
455,Freza,FREZA HSS Ø8 2F,3006,723.81,0.27,16.55,100.97,0.51,18.4,66.46,Otel,Frezare,86,1,Supraincalzire
423,Placuta amovibila,CNMG120408,4612,352.95,0.98,5.97,53.71,1.43,43.2,60.71,Inox,Strunjire,143,1,Uzura excesiva
322,Placuta amovibila,CNMG120408,4978,764.23,0.58,16.16,74.73,4.8,72.5,60.74,Otel,Strunjire,199,1,Uzura excesiva
458,Tarod,TAROD M10 ISO2,2723,771.59,0.73,7.03,56.72,5.51,20.4,68.73,Aluminiu,Filetare,355,1,Niciunul
84,Placuta amovibila,WNMG080408,2877,968.64,2.46,17.86,119.57,0.51,19.8,61.87,Aluminiu,Strunjire,411,1,Supraincalzire
413,Freza,FREZA HSS Ø8 2F,2399,364.52,0.87,10.34,49.76,0.81,5.9,60.52,Aluminiu,Frezare,489,0,Niciunul
533,Tarod,TAROD M10 ISO2,3745,1140.37,2.64,17.18,69.42,1.11,13.0,62.22,Inox,Filetare,70,0,Niciunul
201,Burghiu,CARBIDE DRILL Ø12,3328,375.42,2.13,15.76,36.17,0.87,1.7,72.05,Otel,Gaurire,464,0,Niciunul
464,Burghiu,HSS DRILL Ø6,1701,461.69,1.52,9.91,63.68,5.1,50.5,67.83,Otel,Gaurire,399,1,Vibratii
354,Freza,FREZA CARBURA Ø10 4F,5134,1186.56,0.65,19.09,71.22,2.74,55.5,68.47,Aluminiu,Frezare,461,1,Uzura excesiva
245,Placuta amovibila,WNMG080408,1628,1070.34,1.53,17.2,41.48,1.47,10.4,65.26,Otel,Strunjire,121,0,Niciunul
357,Freza,FREZA CARBURA Ø10 4F,2646,471.0,2.28,19.04,86.22,3.85,24.8,67.0,Otel,Frezare,438,1,Supraincalzire
234,Placuta amovibila,CNMG120408,5451,514.96,2.05,16.43,73.64,1.55,63.2,64.52,Otel,Strunjire,481,1,Uzura excesiva
557,Freza,FREZA HSS Ø8 2F,2950,469.09,0.98,17.6,66.3,1.18,12.0,70.97,Aluminiu,Frezare,274,0,Niciunul
591,Burghiu,HSS DRILL Ø6,2687,542.87,1.34,12.64,59.51,0.82,13.2,62.45,Aluminiu,Gaurire,238,0,Niciunul
284,Burghiu,HSS DRILL Ø6,4187,1067.37,2.46,19.32,65.18,1.94,18.5,71.34,Otel,Gaurire,372,0,Niciunul
80,Placuta amovibila,CNMG120408,3687,1123.33,2.48,19.79,48.67,0.64,6.6,64.64,Aluminiu,Strunjire,469,0,Niciunul
85,Freza,FREZA CARBURA Ø10 4F,2048,785.33,2.03,11.89,54.84,0.95,18.2,68.38,Otel,Frezare,142,0,Niciunul
206,Placuta amovibila,CNMG120408,5332,308.85,2.82,7.73,41.68,1.41,18.5,60.1,Aluminiu,Strunjire,79,0,Niciunul
429,Placuta amovibila,WNMG080408,2853,625.18,1.7,10.3,54.6,3.51,77.5,71.4,Otel,Strunjire,275,1,Uzura excesiva
5,Freza,FREZA HSS Ø8 2F,4973,576.13,1.1,12.91,84.42,3.24,43.6,65.67,Otel,Frezare,135,1,Uzura excesiva
314,Tarod,TAROD M10 ISO2,3188,1099.39,0.12,13.25,51.3,4.35,52.5,71.41,Inox,Filetare,4,1,Niciunul
126,Burghiu,CARBIDE DRILL Ø12,5282,534.12,2.94,11.14,62.66,4.88,41.6,68.88,Aluminiu,Gaurire,474,1,Niciunul
81,Freza,FREZA HSS Ø8 2F,3742,372.83,2.25,9.08,88.01,6.39,49.0,71.66,Inox,Frezare,450,1,Vibratii
393,Burghiu,CARBIDE DRILL Ø12,5769,671.57,1.36,13.44,36.45,0.79,16.0,66.64,Inox,Gaurire,302,0,Niciunul
407,Burghiu,HSS DRILL Ø6,2414,1111.71,1.86,7.65,87.64,1.35,70.6,66.33,Otel,Gaurire,346,1,Uzura excesiva
350,Placuta amovibila,WNMG080408,5075,213.48,2.37,10.6,59.95,1.61,16.3,67.25,Inox,Strunjire,291,0,Niciunul
321,Burghiu,CARBIDE DRILL Ø12,5112,553.69,0.21,8.94,93.14,2.47,32.3,67.9,Otel,Gaurire,354,1,Supraincalzire
599,Placuta amovibila,CNMG120408,5485,835.71,0.79,7.32,84.22,2.54,14.6,71.13,Otel,Strunjire,463,1,Supraincalzire
7,Tarod,TAROD M10 ISO2,3688,1096.78,2.0,13.44,57.92,6.26,46.9,70.96,Otel,Filetare,199,1,Vibratii
208,Placuta amovibila,CNMG120408,2017,501.92,1.46,5.91,116.63,2.36,19.0,73.14,Otel,Strunjire,201,1,Supraincalzire
270,Burghiu,CARBIDE DRILL Ø12,4570,203.86,2.55,6.94,40.62,1.18,6.4,60.67,Aluminiu,Gaurire,219,0,Niciunul
224,Freza,FREZA HSS Ø8 2F,2967,540.85,1.17,12.37,58.25,1.38,8.6,69.9,Inox,Frezare,209,0,Niciunul
8,Burghiu,HSS DRILL Ø6,5963,1105.98,2.95,17.24,80.24,1.37,55.4,60.01,Inox,Gaurire,282,1,Uzura excesiva
469,Freza,FREZA HSS Ø8 2F,2074,1082.48,1.23,17.03,65.86,1.22,16.7,73.57,Inox,Frezare,289,0,Niciunul
219,Freza,FREZA HSS Ø8 2F,5065,717.02,1.09,7.07,52.14,11.55,42.1,67.27,Aluminiu,Frezare,77,1,Vibratii
79,Placuta amovibila,CNMG120408,2100,1015.66,0.69,14.9,47.72,1.28,13.3,66.16,Otel,Strunjire,362,0,Niciunul
135,Burghiu,CARBIDE DRILL Ø12,3800,577.55,0.84,7.23,47.43,1.26,7.1,66.47,Aluminiu,Gaurire,69,0,Niciunul
7,Placuta amovibila,CNMG120408,3117,563.11,1.65,11.17,57.96,1.47,3.3,74.68,Otel,Strunjire,281,0,Niciunul
125,Freza,FREZA CARBURA Ø10 4F,1526,441.88,1.4,18.93,114.77,3.46,38.1,62.5,Aluminiu,Frezare,365,1,Supraincalzire
458,Burghiu,CARBIDE DRILL Ø12,4838,677.11,0.66,17.92,36.58,0.66,9.8,69.49,Otel,Gaurire,116,0,Niciunul
424,Freza,FREZA CARBURA Ø10 4F,3828,1100.16,0.6,13.16,67.95,0.8,3.0,69.35,Aluminiu,Frezare,218,0,Niciunul
396,Freza,FREZA CARBURA Ø10 4F,4614,615.37,0.2,15.67,41.92,1.24,20.0,68.16,Aluminiu,Frezare,363,0,Niciunul
123,Freza,FREZA CARBURA Ø10 4F,2527,939.08,0.15,12.22,94.3,1.34,11.6,69.87,Inox,Frezare,244,1,Supraincalzire
160,Placuta amovibila,WNMG080408,2133,918.66,2.13,7.53,81.85,4.42,46.3,67.61,Aluminiu,Strunjire,91,1,Niciunul
392,Freza,FREZA HSS Ø8 2F,4677,1119.75,2.58,13.15,51.44,2.39,61.8,61.4,Aluminiu,Frezare,345,1,Uzura excesiva
314,Placuta amovibila,CNMG120408,1941,1191.78,2.33,14.77,86.46,3.53,47.2,66.21,Aluminiu,Strunjire,389,1,Uzura excesiva
317,Freza,FREZA HSS Ø8 2F,1656,273.34,1.98,7.6,59.62,1.95,66.8,60.45,Inox,Frezare,443,1,Uzura excesiva
173,Placuta amovibila,WNMG080408,2463,546.51,0.29,10.68,51.06,1.2,56.1,61.37,Aluminiu,Strunjire,169,1,Uzura excesiva
231,Placuta amovibila,CNMG120408,3078,483.29,0.43,14.75,84.18,5.97,46.4,70.69,Aluminiu,Strunjire,436,1,Vibratii
469,Placuta amovibila,CNMG120408,5869,827.04,1.65,17.45,93.1,1.45,20.0,72.93,Inox,Strunjire,201,1,Supraincalzire
347,Burghiu,CARBIDE DRILL Ø12,3292,1105.87,1.67,15.61,59.9,0.96,9.4,71.03,Otel,Gaurire,327,0,Niciunul
370,Freza,FREZA HSS Ø8 2F,2483,1015.85,0.38,11.8,49.82,1.89,16.3,74.6,Otel,Frezare,273,0,Niciunul
78,Freza,FREZA HSS Ø8 2F,5099,767.62,0.85,19.11,58.62,1.87,2.4,67.05,Aluminiu,Frezare,28,0,Niciunul
217,Tarod,TAROD M10 ISO2,1829,1135.93,2.05,19.7,53.22,3.62,60.1,63.69,Otel,Filetare,194,1,Uzura excesiva
450,Burghiu,HSS DRILL Ø6,1825,1122.16,2.92,8.23,48.75,1.26,17.7,63.03,Inox,Gaurire,92,0,Niciunul
157,Freza,FREZA HSS Ø8 2F,3173,294.66,2.8,12.91,58.98,1.18,14.5,65.87,Inox,Frezare,176,0,Niciunul
394,Burghiu,HSS DRILL Ø6,2638,487.88,2.57,12.18,101.42,2.23,21.7,71.16,Inox,Gaurire,383,1,Supraincalzire
201,Freza,FREZA HSS Ø8 2F,4763,999.78,2.98,10.47,60.13,1.3,8.9,69.18,Aluminiu,Frezare,176,0,Niciunul
344,Burghiu,CARBIDE DRILL Ø12,5581,637.71,0.72,13.96,71.75,4.25,63.0,67.08,Inox,Gaurire,196,1,Uzura excesiva
537,Placuta amovibila,WNMG080408,2253,949.78,1.32,6.97,95.61,3.36,15.5,64.17,Otel,Strunjire,394,1,Supraincalzire
44,Freza,FREZA HSS Ø8 2F,3795,368.38,0.47,17.88,85.49,2.37,70.2,65.07,Aluminiu,Frezare,309,1,Niciunul
135,Freza,FREZA CARBURA Ø10 4F,4213,285.4,2.39,18.55,64.62,0.8,5.6,68.96,Otel,Frezare,280,0,Niciunul
30,Freza,FREZA CARBURA Ø10 4F,3174,1068.74,1.32,5.11,36.62,1.35,7.4,66.68,Aluminiu,Frezare,288,0,Niciunul
433,Freza,FREZA CARBURA Ø10 4F,3072,340.68,1.55,5.4,75.36,4.13,40.9,71.64,Otel,Frezare,173,1,Uzura excesiva
187,Burghiu,HSS DRILL Ø6,4340,1095.4,1.93,11.84,100.59,3.5,13.0,68.5,Otel,Gaurire,324,1,Supraincalzire
265,Placuta amovibila,CNMG120408,3144,888.85,0.54,6.06,68.22,1.11,6.4,61.96,Aluminiu,Strunjire,349,0,Niciunul
304,Burghiu,HSS DRILL Ø6,2432,629.45,2.19,9.99,112.15,2.71,36.4,60.23,Aluminiu,Gaurire,367,1,Supraincalzire
453,Burghiu,HSS DRILL Ø6,4112,274.31,0.48,5.16,80.33,4.18,29.2,64.62,Otel,Gaurire,197,1,Vibratii
386,Freza,FREZA HSS Ø8 2F,3575,1165.31,0.41,12.73,56.69,1.65,8.6,69.83,Inox,Frezare,199,0,Niciunul
54,Placuta amovibila,WNMG080408,4485,456.15,1.34,10.63,67.1,4.31,54.1,60.53,Aluminiu,Strunjire,497,1,Uzura excesiva
99,Freza,FREZA HSS Ø8 2F,1526,620.24,1.9,7.51,53.32,10.75,46.6,65.28,Otel,Frezare,170,1,Vibratii
278,Placuta amovibila,WNMG080408,2896,1085.82,0.74,5.63,88.59,10.68,36.3,63.43,Aluminiu,Strunjire,316,1,Niciunul
540,Placuta amovibila,WNMG080408,5195,994.46,2.15,19.19,63.28,1.32,16.9,66.74,Otel,Strunjire,21,0,Niciunul
318,Placuta amovibila,CNMG120408,3942,293.76,2.66,6.83,43.67,0.57,13.6,60.56,Otel,Strunjire,279,0,Niciunul
49,Placuta amovibila,WNMG080408,3099,1151.66,2.61,15.42,67.68,8.3,52.1,62.11,Inox,Strunjire,203,1,Vibratii
102,Placuta amovibila,WNMG080408,5995,920.72,0.93,13.17,87.18,5.52,57.9,63.42,Aluminiu,Strunjire,481,1,Vibratii
66,Freza,FREZA HSS Ø8 2F,4293,700.49,0.5,17.07,68.07,1.66,11.2,63.07,Inox,Frezare,160,0,Niciunul
530,Placuta amovibila,CNMG120408,1803,1128.75,0.46,15.1,84.01,3.38,68.5,66.41,Aluminiu,Strunjire,20,1,Uzura excesiva
292,Placuta amovibila,CNMG120408,5434,204.51,0.11,19.72,61.03,1.28,16.6,65.7,Inox,Strunjire,217,0,Niciunul
481,Placuta amovibila,WNMG080408,4527,324.94,1.15,15.42,61.38,6.2,37.5,63.12,Otel,Strunjire,252,1,Vibratii
376,Placuta amovibila,CNMG120408,2993,1176.33,2.92,10.51,59.06,11.55,25.6,73.19,Otel,Strunjire,40,1,Vibratii
357,Tarod,TAROD M10 ISO2,5582,208.24,1.21,11.08,55.71,1.42,19.6,71.73,Otel,Filetare,185,0,Niciunul
96,Burghiu,CARBIDE DRILL Ø12,4437,249.69,0.14,17.43,119.45,3.37,17.7,69.55,Aluminiu,Gaurire,185,1,Supraincalzire
145,Burghiu,HSS DRILL Ø6,4829,724.33,1.83,6.99,54.31,1.27,1.6,63.2,Aluminiu,Gaurire,132,0,Niciunul
300,Placuta amovibila,CNMG120408,3488,1123.36,0.71,19.16,71.18,4.51,51.1,63.93,Inox,Strunjire,306,1,Niciunul
82,Burghiu,CARBIDE DRILL Ø12,4435,499.71,1.04,16.73,75.44,9.98,25.1,63.04,Aluminiu,Gaurire,487,1,Niciunul
66,Freza,FREZA CARBURA Ø10 4F,5375,524.63,2.58,7.91,54.51,1.61,3.0,68.95,Otel,Frezare,306,0,Niciunul
436,Burghiu,CARBIDE DRILL Ø12,3803,674.74,3.0,9.84,85.93,10.2,22.7,61.68,Inox,Gaurire,309,1,Niciunul
423,Burghiu,CARBIDE DRILL Ø12,2728,412.76,1.19,6.08,105.7,2.47,22.4,70.73,Inox,Gaurire,299,1,Supraincalzire
54,Tarod,TAROD M10 ISO2,4058,458.77,1.38,12.62,76.88,10.38,36.5,64.83,Inox,Filetare,351,1,Vibratii
504,Tarod,TAROD M10 ISO2,4386,706.41,2.68,13.99,80.08,2.3,36.3,74.35,Otel,Filetare,262,1,Supraincalzire
513,Burghiu,HSS DRILL Ø6,3781,499.03,0.4,6.89,56.85,1.54,8.0,69.64,Otel,Gaurire,19,0,Niciunul
570,Burghiu,HSS DRILL Ø6,3695,578.34,0.86,11.25,43.81,1.31,16.9,62.73,Inox,Gaurire,290,0,Niciunul
311,Burghiu,CARBIDE DRILL Ø12,2757,827.14,2.85,6.82,83.79,4.97,78.4,64.49,Inox,Gaurire,205,1,Uzura excesiva
105,Burghiu,HSS DRILL Ø6,5235,418.94,2.94,18.53,60.18,0.59,5.8,61.35,Otel,Gaurire,349,0,Niciunul
519,Placuta amovibila,WNMG080408,3472,227.13,2.32,6.68,42.34,0.56,5.4,60.62,Inox,Strunjire,430,0,Niciunul
587,Tarod,TAROD M10 ISO2,2151,507.86,0.4,11.03,63.26,1.09,20.0,61.96,Otel,Filetare,194,0,Niciunul
311,Placuta amovibila,CNMG120408,5319,1185.51,2.44,17.06,73.25,5.4,44.3,70.5,Otel,Strunjire,65,1,Vibratii
428,Burghiu,CARBIDE DRILL Ø12,5522,1042.15,2.35,15.26,65.61,0.92,15.3,74.24,Inox,Gaurire,120,0,Niciunul
541,Freza,FREZA HSS Ø8 2F,4137,995.13,2.18,7.02,92.69,2.69,39.8,68.55,Aluminiu,Frezare,324,1,Supraincalzire
375,Freza,FREZA CARBURA Ø10 4F,3877,1168.99,1.88,17.7,40.1,1.9,14.8,65.88,Aluminiu,Frezare,369,0,Niciunul
265,Freza,FREZA HSS Ø8 2F,3337,322.88,1.83,7.81,69.54,5.87,50.1,69.98,Otel,Frezare,323,1,Vibratii
128,Freza,FREZA CARBURA Ø10 4F,4753,559.29,2.8,15.53,106.99,3.04,37.2,64.58,Otel,Frezare,476,1,Supraincalzire
335,Freza,FREZA HSS Ø8 2F,2215,1162.24,1.74,13.64,58.28,0.68,2.0,70.96,Aluminiu,Frezare,309,0,Niciunul
86,Burghiu,CARBIDE DRILL Ø12,5545,439.32,1.54,12.6,56.14,1.36,4.3,67.9,Aluminiu,Gaurire,363,0,Niciunul
388,Placuta amovibila,WNMG080408,5164,362.42,2.89,15.74,54.34,0.96,6.0,74.31,Otel,Strunjire,396,0,Niciunul
505,Burghiu,CARBIDE DRILL Ø12,4694,915.69,0.29,16.73,73.96,8.55,28.6,70.82,Otel,Gaurire,260,1,Niciunul
562,Freza,FREZA HSS Ø8 2F,3737,894.22,2.82,6.26,76.82,1.91,50.9,68.29,Aluminiu,Frezare,402,1,Uzura excesiva
217,Burghiu,HSS DRILL Ø6,4252,718.28,0.83,6.65,40.65,1.6,3.9,73.12,Otel,Gaurire,383,0,Niciunul
526,Freza,FREZA CARBURA Ø10 4F,3478,1073.49,2.5,6.4,89.93,10.61,23.8,67.22,Otel,Frezare,483,1,Vibratii
461,Freza,FREZA CARBURA Ø10 4F,3080,613.7,1.75,19.28,87.94,5.59,45.1,67.33,Otel,Frezare,286,1,Vibratii
475,Tarod,TAROD M10 ISO2,4377,347.43,2.92,13.35,49.64,2.0,0.3,68.02,Otel,Filetare,126,0,Niciunul
570,Placuta amovibila,CNMG120408,2314,1113.51,0.76,19.69,73.17,6.91,52.4,72.11,Inox,Strunjire,210,1,Vibratii
315,Placuta amovibila,WNMG080408,1761,534.91,1.46,11.53,62.38,4.18,35.5,67.09,Otel,Strunjire,130,1,Vibratii
212,Burghiu,CARBIDE DRILL Ø12,2742,930.04,0.3,14.7,54.86,1.06,19.0,73.08,Aluminiu,Gaurire,131,0,Niciunul
72,Burghiu,CARBIDE DRILL Ø12,3339,1009.35,0.16,5.81,52.07,1.17,17.7,71.68,Aluminiu,Gaurire,93,0,Niciunul
253,Tarod,TAROD M10 ISO2,5220,718.01,1.48,19.77,64.05,1.32,6.7,71.87,Aluminiu,Filetare,337,0,Niciunul
442,Burghiu,HSS DRILL Ø6,5090,310.81,2.97,13.38,64.43,1.5,8.1,71.89,Aluminiu,Gaurire,218,0,Niciunul
519,Tarod,TAROD M10 ISO2,1981,814.26,0.71,18.29,81.38,6.63,21.6,62.91,Otel,Filetare,155,1,Vibratii
253,Freza,FREZA HSS Ø8 2F,4286,531.01,0.75,19.42,77.47,11.23,38.3,70.15,Aluminiu,Frezare,254,1,Vibratii
411,Burghiu,HSS DRILL Ø6,3230,478.97,0.66,11.45,54.09,0.98,8.4,69.79,Aluminiu,Gaurire,329,0,Niciunul
177,Burghiu,CARBIDE DRILL Ø12,2161,790.71,0.81,15.17,84.39,2.39,62.5,60.52,Otel,Gaurire,293,1,Niciunul
137,Tarod,TAROD M10 ISO2,3305,1079.81,2.6,13.86,86.11,2.87,39.9,74.25,Inox,Filetare,55,1,Supraincalzire
569,Freza,FREZA CARBURA Ø10 4F,3442,568.88,1.33,13.44,44.99,1.43,14.9,60.22,Aluminiu,Frezare,216,0,Niciunul
119,Burghiu,HSS DRILL Ø6,4347,343.57,0.61,7.96,70.56,9.99,54.6,65.36,Inox,Gaurire,32,1,Vibratii
321,Burghiu,HSS DRILL Ø6,4406,907.72,1.7,15.24,60.68,1.25,19.6,72.16,Inox,Gaurire,77,0,Niciunul
600,Freza,FREZA HSS Ø8 2F,5356,775.91,1.74,16.11,42.57,1.8,19.8,74.37,Otel,Frezare,40,0,Niciunul
599,Burghiu,CARBIDE DRILL Ø12,2811,371.13,1.85,12.82,55.69,1.83,5.2,71.02,Otel,Gaurire,117,0,Niciunul
142,Burghiu,CARBIDE DRILL Ø12,4004,1160.87,2.56,18.17,54.83,4.21,48.8,65.63,Inox,Gaurire,135,1,Uzura excesiva
133,Placuta amovibila,CNMG120408,1621,405.9,0.17,17.28,56.49,0.97,14.1,67.71,Inox,Strunjire,233,0,Niciunul
182,Freza,FREZA HSS Ø8 2F,4219,219.41,2.57,16.19,56.97,3.26,52.8,60.83,Otel,Frezare,351,1,Uzura excesiva
485,Tarod,TAROD M10 ISO2,5927,808.36,0.88,17.24,55.59,4.24,75.4,62.82,Otel,Filetare,358,1,Uzura excesiva
25,Burghiu,HSS DRILL Ø6,2694,623.78,0.73,6.16,64.39,0.78,16.7,69.11,Inox,Gaurire,249,0,Niciunul
107,Burghiu,CARBIDE DRILL Ø12,3217,608.18,0.75,18.29,70.46,3.35,51.9,65.38,Aluminiu,Gaurire,292,1,Uzura excesiva
257,Burghiu,HSS DRILL Ø6,5613,844.3,2.06,13.07,52.62,2.09,64.1,61.76,Aluminiu,Gaurire,414,1,Uzura excesiva
91,Burghiu,CARBIDE DRILL Ø12,3345,883.02,1.92,6.45,69.46,1.44,14.5,68.84,Otel,Gaurire,420,0,Niciunul
366,Placuta amovibila,CNMG120408,2696,1162.51,0.18,14.2,51.15,3.92,77.9,72.93,Inox,Strunjire,28,1,Uzura excesiva
76,Freza,FREZA CARBURA Ø10 4F,3334,669.29,0.5,7.64,62.61,3.41,58.2,70.07,Inox,Frezare,255,1,Uzura excesiva
63,Burghiu,HSS DRILL Ø6,3792,483.78,1.29,10.46,70.22,6.32,21.6,64.92,Otel,Gaurire,88,1,Vibratii
37,Burghiu,HSS DRILL Ø6,2178,256.73,0.99,5.65,109.28,3.96,35.0,74.76,Inox,Gaurire,255,1,Niciunul
438,Placuta amovibila,WNMG080408,4073,563.82,2.43,6.37,65.24,1.9,17.0,64.17,Otel,Strunjire,279,0,Niciunul
10,Tarod,TAROD M10 ISO2,5280,223.93,1.52,14.78,44.55,0.52,16.0,72.11,Otel,Filetare,312,0,Niciunul
466,Freza,FREZA CARBURA Ø10 4F,5264,1056.32,2.62,10.98,114.85,3.28,39.1,73.63,Otel,Frezare,417,1,Supraincalzire
428,Freza,FREZA HSS Ø8 2F,1582,233.66,1.35,9.48,45.94,0.78,13.8,73.35,Otel,Frezare,49,0,Niciunul
119,Placuta amovibila,WNMG080408,2401,708.91,0.59,15.48,84.12,10.74,44.4,66.92,Inox,Strunjire,305,1,Vibratii
482,Burghiu,CARBIDE DRILL Ø12,4251,555.71,0.58,5.99,97.34,1.06,14.8,64.05,Inox,Gaurire,216,1,Supraincalzire
392,Burghiu,HSS DRILL Ø6,4531,866.0,1.96,14.12,39.91,1.37,4.4,68.96,Inox,Gaurire,361,0,Niciunul
188,Burghiu,HSS DRILL Ø6,5444,245.32,1.6,5.08,53.88,1.98,8.0,67.69,Otel,Gaurire,145,0,Niciunul
92,Freza,FREZA HSS Ø8 2F,2280,983.66,1.92,18.95,35.23,1.33,6.3,74.8,Otel,Frezare,273,0,Niciunul
388,Freza,FREZA CARBURA Ø10 4F,4390,349.99,2.72,12.02,60.09,0.55,3.6,68.31,Inox,Frezare,219,0,Niciunul
582,Freza,FREZA HSS Ø8 2F,2455,851.85,2.09,9.32,64.27,1.81,9.4,71.1,Otel,Frezare,276,0,Niciunul
294,Burghiu,HSS DRILL Ø6,5824,1083.45,1.62,14.54,68.9,1.95,65.0,67.69,Otel,Gaurire,186,1,Uzura excesiva
263,Tarod,TAROD M10 ISO2,5514,1189.12,0.48,10.78,62.97,2.85,43.0,65.69,Aluminiu,Filetare,421,1,Uzura excesiva
255,Tarod,TAROD M10 ISO2,3773,202.23,1.6,9.59,47.36,1.82,10.4,65.41,Otel,Filetare,66,0,Niciunul
346,Freza,FREZA HSS Ø8 2F,1679,818.35,1.28,12.43,52.87,0.81,5.8,66.61,Otel,Frezare,315,0,Niciunul
182,Burghiu,HSS DRILL Ø6,4634,627.8,1.08,19.8,38.6,1.24,3.3,61.05,Otel,Gaurire,427,0,Niciunul
155,Placuta amovibila,WNMG080408,3990,713.81,0.94,13.88,55.53,3.26,35.5,72.77,Aluminiu,Strunjire,164,1,Vibratii
115,Placuta amovibila,CNMG120408,5994,444.24,1.68,15.34,36.83,0.6,4.0,61.18,Otel,Strunjire,471,0,Niciunul
354,Placuta amovibila,WNMG080408,3936,222.31,0.69,14.79,66.28,1.48,10.3,64.35,Inox,Strunjire,4,0,Niciunul
169,Placuta amovibila,WNMG080408,5096,706.49,0.71,12.13,50.76,1.67,3.0,60.7,Otel,Strunjire,158,0,Niciunul
483,Burghiu,CARBIDE DRILL Ø12,5227,397.59,0.2,12.34,106.0,1.26,20.1,74.01,Aluminiu,Gaurire,490,1,Supraincalzire
251,Burghiu,CARBIDE DRILL Ø12,4983,584.21,1.62,15.16,83.85,10.13,23.7,72.84,Aluminiu,Gaurire,352,1,Vibratii
40,Tarod,TAROD M10 ISO2,5638,1004.69,1.76,6.52,85.46,3.98,50.6,70.47,Aluminiu,Filetare,403,1,Niciunul
570,Tarod,TAROD M10 ISO2,5340,501.89,2.13,18.72,92.27,3.95,33.6,60.48,Aluminiu,Filetare,402,1,Supraincalzire
59,Placuta amovibila,CNMG120408,4232,761.63,0.68,12.5,55.5,1.26,5.2,66.22,Inox,Strunjire,166,0,Niciunul
392,Freza,FREZA CARBURA Ø10 4F,4318,941.47,1.61,14.6,51.12,4.19,43.0,61.48,Inox,Frezare,364,1,Uzura excesiva
555,Placuta amovibila,CNMG120408,4333,322.54,2.94,10.3,58.29,1.19,14.6,70.44,Otel,Strunjire,406,0,Niciunul
66,Burghiu,CARBIDE DRILL Ø12,3134,870.36,2.19,15.96,58.04,0.55,18.9,65.3,Inox,Gaurire,6,0,Niciunul
180,Burghiu,CARBIDE DRILL Ø12,4541,768.8,2.41,12.76,110.64,1.61,31.3,73.05,Aluminiu,Gaurire,83,1,Supraincalzire
136,Tarod,TAROD M10 ISO2,4296,1058.52,1.64,8.4,66.02,1.66,15.1,69.07,Inox,Filetare,161,0,Niciunul
560,Burghiu,CARBIDE DRILL Ø12,3965,620.93,0.61,17.81,51.17,4.2,29.5,65.78,Otel,Gaurire,311,1,Vibratii
92,Freza,FREZA CARBURA Ø10 4F,4705,924.85,1.44,13.55,50.21,0.94,1.6,65.32,Inox,Frezare,329,0,Niciunul
304,Placuta amovibila,CNMG120408,2899,728.6,0.89,8.64,83.92,3.74,35.9,61.79,Inox,Strunjire,108,1,Vibratii
482,Burghiu,HSS DRILL Ø6,1856,1152.07,2.2,11.22,35.29,1.38,17.5,73.87,Inox,Gaurire,224,0,Niciunul
62,Freza,FREZA HSS Ø8 2F,2314,642.24,1.3,8.24,60.83,0.53,7.5,71.42,Inox,Frezare,217,0,Niciunul
310,Placuta amovibila,WNMG080408,5537,840.21,1.51,11.02,69.38,0.71,12.9,68.61,Aluminiu,Strunjire,446,0,Niciunul
102,Placuta amovibila,CNMG120408,4063,1154.24,0.74,19.21,41.24,0.61,17.7,70.39,Otel,Strunjire,61,0,Niciunul
406,Burghiu,HSS DRILL Ø6,2716,370.05,1.74,9.75,42.82,0.55,17.2,63.04,Inox,Gaurire,142,0,Niciunul
38,Placuta amovibila,CNMG120408,3453,968.74,2.43,17.28,99.67,2.84,22.1,71.35,Inox,Strunjire,368,1,Niciunul
172,Placuta amovibila,CNMG120408,5992,205.53,2.82,14.83,51.98,0.56,17.9,65.08,Aluminiu,Strunjire,253,0,Niciunul
141,Tarod,TAROD M10 ISO2,3863,370.34,2.33,8.31,101.88,1.22,27.9,68.64,Aluminiu,Filetare,126,1,Supraincalzire
305,Freza,FREZA HSS Ø8 2F,3983,587.67,0.37,11.79,60.07,1.95,13.9,60.5,Aluminiu,Frezare,81,0,Niciunul
420,Burghiu,HSS DRILL Ø6,2188,270.56,2.41,19.31,49.0,0.59,4.6,61.61,Inox,Gaurire,279,0,Niciunul
503,Burghiu,CARBIDE DRILL Ø12,2949,478.66,0.66,6.93,45.08,0.69,6.8,74.59,Aluminiu,Gaurire,326,0,Niciunul
320,Burghiu,HSS DRILL Ø6,2935,986.41,2.2,7.02,57.78,0.82,18.4,62.16,Otel,Gaurire,298,0,Niciunul
250,Freza,FREZA CARBURA Ø10 4F,3443,1178.01,2.49,12.93,74.33,3.77,51.2,74.52,Aluminiu,Frezare,122,1,Uzura excesiva
282,Placuta amovibila,WNMG080408,4146,923.21,1.07,14.58,47.39,1.82,6.6,62.49,Aluminiu,Strunjire,470,0,Niciunul
471,Burghiu,CARBIDE DRILL Ø12,4320,239.95,2.5,13.23,89.64,1.26,49.8,74.84,Otel,Gaurire,57,1,Uzura excesiva
330,Freza,FREZA CARBURA Ø10 4F,3346,222.53,1.38,18.42,41.69,0.93,17.6,67.76,Inox,Frezare,289,0,Niciunul
219,Burghiu,CARBIDE DRILL Ø12,4005,222.99,2.63,8.69,42.88,1.18,14.6,62.2,Otel,Gaurire,339,0,Niciunul
277,Burghiu,CARBIDE DRILL Ø12,4943,451.24,0.19,10.88,52.29,0.74,15.8,64.54,Aluminiu,Gaurire,69,0,Niciunul
204,Burghiu,HSS DRILL Ø6,3849,610.82,2.25,6.77,108.32,2.03,13.7,74.22,Otel,Gaurire,406,1,Supraincalzire
523,Freza,FREZA CARBURA Ø10 4F,3371,540.34,0.73,6.74,61.98,5.2,43.1,64.48,Otel,Frezare,377,1,Vibratii
29,Placuta amovibila,WNMG080408,1591,701.73,1.32,8.83,57.9,9.47,49.8,62.28,Otel,Strunjire,380,1,Vibratii
480,Freza,FREZA CARBURA Ø10 4F,5950,768.3,2.25,13.29,81.02,3.57,69.3,71.94,Aluminiu,Frezare,476,1,Uzura excesiva
1,Freza,FREZA HSS Ø8 2F,1964,1070.87,0.96,18.08,80.49,1.48,25.4,70.48,Aluminiu,Frezare,395,1,Supraincalzire
110,Freza,FREZA HSS Ø8 2F,5932,771.07,0.8,7.28,76.15,1.14,66.9,60.93,Otel,Frezare,429,1,Uzura excesiva
87,Freza,FREZA HSS Ø8 2F,5475,867.46,1.72,19.49,50.57,1.4,6.1,60.88,Aluminiu,Frezare,465,0,Niciunul
152,Burghiu,CARBIDE DRILL Ø12,4832,1011.21,2.55,9.67,100.07,0.77,23.3,74.37,Aluminiu,Gaurire,176,1,Supraincalzire
481,Freza,FREZA HSS Ø8 2F,3400,1157.45,2.63,7.67,59.65,1.97,42.3,65.33,Inox,Frezare,16,1,Uzura excesiva
466,Placuta amovibila,WNMG080408,3815,749.29,1.66,19.6,69.2,1.87,2.9,61.25,Aluminiu,Strunjire,76,0,Niciunul
226,Tarod,TAROD M10 ISO2,4499,333.46,1.39,12.22,81.11,0.91,35.0,71.07,Aluminiu,Filetare,36,1,Supraincalzire
348,Burghiu,HSS DRILL Ø6,2463,826.56,1.43,13.36,100.54,1.98,22.6,62.37,Inox,Gaurire,401,1,Supraincalzire
373,Freza,FREZA CARBURA Ø10 4F,2807,1124.41,1.73,9.38,44.07,1.71,15.3,72.5,Otel,Frezare,307,0,Niciunul
186,Placuta amovibila,WNMG080408,3039,703.26,2.45,14.53,36.48,1.45,11.8,64.34,Otel,Strunjire,181,0,Niciunul
14,Freza,FREZA CARBURA Ø10 4F,1742,1040.55,1.26,6.59,73.34,1.38,42.7,68.51,Otel,Frezare,382,1,Uzura excesiva
209,Freza,FREZA CARBURA Ø10 4F,1905,1165.33,2.87,18.76,70.19,10.62,27.1,61.09,Inox,Frezare,297,1,Vibratii
585,Freza,FREZA HSS Ø8 2F,3817,849.17,0.81,19.47,75.17,4.15,37.5,61.78,Aluminiu,Frezare,51,1,Vibratii
497,Placuta amovibila,WNMG080408,3791,488.19,0.38,11.57,36.39,1.31,16.8,66.07,Inox,Strunjire,426,0,Niciunul
556,Freza,FREZA CARBURA Ø10 4F,2215,307.91,0.9,11.42,56.36,1.29,5.6,63.87,Inox,Frezare,416,0,Niciunul
558,Placuta amovibila,CNMG120408,2561,599.63,0.44,15.87,50.37,0.66,9.2,74.22,Inox,Strunjire,445,0,Niciunul
544,Placuta amovibila,WNMG080408,4743,629.85,2.68,7.23,52.61,11.7,54.4,68.69,Inox,Strunjire,116,1,Vibratii
94,Freza,FREZA HSS Ø8 2F,5626,447.03,2.12,16.69,51.83,1.8,17.4,62.57,Aluminiu,Frezare,19,0,Niciunul
108,Placuta amovibila,WNMG080408,2060,927.93,1.44,18.29,96.89,3.4,28.3,71.33,Otel,Strunjire,305,1,Supraincalzire
107,Placuta amovibila,CNMG120408,1551,236.46,0.95,15.56,53.4,0.62,12.2,67.8,Otel,Strunjire,131,0,Niciunul
520,Freza,FREZA CARBURA Ø10 4F,3412,521.19,2.28,16.1,73.77,5.0,47.8,61.76,Inox,Frezare,467,1,Vibratii
589,Burghiu,HSS DRILL Ø6,1866,939.1,1.3,16.01,42.02,0.89,8.5,63.38,Inox,Gaurire,451,0,Niciunul
289,Burghiu,HSS DRILL Ø6,4228,772.38,1.71,8.24,60.19,1.88,10.4,65.9,Aluminiu,Gaurire,211,0,Niciunul
15,Freza,FREZA HSS Ø8 2F,2088,1076.31,1.67,19.28,59.29,1.45,14.0,69.13,Inox,Frezare,79,0,Niciunul
111,Burghiu,CARBIDE DRILL Ø12,5397,683.28,2.45,12.48,55.18,6.51,48.6,71.73,Inox,Gaurire,328,1,Vibratii
555,Freza,FREZA HSS Ø8 2F,4849,1123.79,1.6,10.4,68.97,5.56,36.6,67.93,Aluminiu,Frezare,487,1,Niciunul
103,Placuta amovibila,CNMG120408,2583,1157.2,1.98,5.18,82.98,0.74,13.8,60.09,Otel,Strunjire,494,1,Supraincalzire
301,Burghiu,CARBIDE DRILL Ø12,4877,585.02,1.13,17.43,38.33,1.3,7.5,69.29,Otel,Gaurire,483,0,Niciunul
523,Burghiu,CARBIDE DRILL Ø12,5239,376.34,0.11,8.87,53.16,4.5,67.0,74.02,Inox,Gaurire,278,1,Uzura excesiva
183,Tarod,TAROD M10 ISO2,5111,634.31,0.77,14.12,50.74,1.61,67.9,61.82,Inox,Filetare,269,1,Niciunul
4,Burghiu,HSS DRILL Ø6,4499,642.12,1.09,10.31,66.25,1.13,10.7,68.52,Inox,Gaurire,144,0,Niciunul
204,Placuta amovibila,CNMG120408,1543,260.06,2.38,15.27,57.43,1.26,1.7,62.16,Aluminiu,Strunjire,190,0,Niciunul
393,Tarod,TAROD M10 ISO2,3594,1053.68,2.84,9.35,66.51,7.7,28.3,64.97,Aluminiu,Filetare,415,1,Vibratii
549,Burghiu,HSS DRILL Ø6,2349,1043.95,2.46,6.78,70.05,4.97,54.7,72.16,Otel,Gaurire,362,1,Uzura excesiva
449,Burghiu,CARBIDE DRILL Ø12,2656,448.91,2.79,14.94,36.6,1.35,4.9,66.78,Aluminiu,Gaurire,83,0,Niciunul
95,Placuta amovibila,CNMG120408,2558,787.21,0.5,5.75,72.86,3.89,56.9,69.98,Aluminiu,Strunjire,449,1,Uzura excesiva
484,Freza,FREZA CARBURA Ø10 4F,5970,571.94,2.21,9.95,44.66,1.67,10.3,70.31,Inox,Frezare,149,0,Niciunul
574,Burghiu,CARBIDE DRILL Ø12,2767,1158.88,1.39,7.35,50.37,11.32,26.8,64.13,Aluminiu,Gaurire,305,1,Vibratii
397,Placuta amovibila,CNMG120408,4827,217.39,0.29,5.15,39.53,0.75,2.3,61.5,Aluminiu,Strunjire,417,0,Niciunul
530,Freza,FREZA HSS Ø8 2F,1881,755.32,1.21,8.35,47.43,1.88,18.1,70.15,Inox,Frezare,465,0,Niciunul
406,Placuta amovibila,CNMG120408,2240,231.33,2.5,11.3,48.54,0.93,5.8,73.85,Otel,Strunjire,380,0,Niciunul
105,Placuta amovibila,WNMG080408,5992,1161.69,1.94,15.18,61.47,4.02,70.5,63.12,Inox,Strunjire,139,1,Uzura excesiva
392,Burghiu,CARBIDE DRILL Ø12,3622,596.31,0.32,14.33,110.41,0.78,14.4,67.8,Inox,Gaurire,266,1,Supraincalzire
73,Freza,FREZA HSS Ø8 2F,4141,815.86,0.62,16.28,64.93,1.05,18.6,74.19,Otel,Frezare,391,0,Niciunul
397,Freza,FREZA CARBURA Ø10 4F,3753,1064.76,2.61,5.56,83.28,2.74,53.2,67.78,Inox,Frezare,22,1,Uzura excesiva
559,Burghiu,HSS DRILL Ø6,3029,958.93,2.53,9.26,55.8,1.4,16.7,65.36,Otel,Gaurire,227,0,Niciunul
506,Burghiu,HSS DRILL Ø6,4809,753.73,2.3,16.26,55.33,4.47,63.0,72.12,Otel,Gaurire,374,1,Uzura excesiva
123,Burghiu,HSS DRILL Ø6,1526,757.71,1.62,8.09,86.98,11.48,51.9,62.15,Otel,Gaurire,268,1,Vibratii
445,Tarod,TAROD M10 ISO2,1923,702.42,0.21,5.2,88.25,8.57,32.5,61.24,Otel,Filetare,298,1,Vibratii
159,Burghiu,CARBIDE DRILL Ø12,2094,1058.5,0.28,13.09,40.39,1.75,11.4,72.52,Aluminiu,Gaurire,39,0,Niciunul
332,Burghiu,HSS DRILL Ø6,2005,219.84,0.79,18.89,60.01,0.69,5.8,62.64,Inox,Gaurire,487,0,Niciunul
53,Placuta amovibila,CNMG120408,5529,659.34,0.92,14.23,62.83,3.4,60.5,74.58,Otel,Strunjire,463,1,Niciunul
108,Burghiu,HSS DRILL Ø6,5812,808.92,1.21,5.5,53.72,1.07,4.8,64.82,Otel,Gaurire,62,0,Niciunul
488,Burghiu,CARBIDE DRILL Ø12,2455,810.23,1.64,15.48,66.55,0.96,5.2,71.31,Inox,Gaurire,133,0,Niciunul
108,Freza,FREZA HSS Ø8 2F,3239,465.68,0.99,5.4,65.16,1.22,2.3,74.37,Inox,Frezare,333,0,Niciunul
84,Freza,FREZA HSS Ø8 2F,3046,764.03,0.94,9.88,50.16,10.72,22.1,67.57,Inox,Frezare,214,1,Vibratii
349,Burghiu,HSS DRILL Ø6,3466,962.05,2.5,12.25,68.48,0.89,19.1,67.08,Aluminiu,Gaurire,151,0,Niciunul
206,Tarod,TAROD M10 ISO2,3027,393.5,1.25,7.42,89.39,4.94,59.1,60.9,Otel,Filetare,121,1,Vibratii
436,Placuta amovibila,WNMG080408,1915,1065.15,1.89,10.64,62.45,1.38,13.1,63.9,Aluminiu,Strunjire,19,0,Niciunul
301,Freza,FREZA CARBURA Ø10 4F,1546,955.9,1.2,16.68,54.78,1.93,6.0,61.2,Aluminiu,Frezare,131,0,Niciunul
166,Placuta amovibila,WNMG080408,2467,819.16,2.27,13.07,69.91,1.18,6.7,69.45,Inox,Strunjire,407,0,Niciunul
416,Placuta amovibila,CNMG120408,3240,439.07,0.32,8.74,58.24,1.65,13.9,66.1,Inox,Strunjire,426,0,Niciunul
488,Placuta amovibila,WNMG080408,5910,974.83,2.84,18.75,40.74,1.71,7.0,65.27,Otel,Strunjire,62,0,Niciunul
528,Burghiu,HSS DRILL Ø6,5799,1012.7,1.79,19.36,50.55,1.26,3.0,70.16,Inox,Gaurire,317,0,Niciunul
93,Burghiu,CARBIDE DRILL Ø12,4586,928.64,1.96,14.03,66.33,6.82,28.2,65.75,Aluminiu,Gaurire,171,1,Vibratii
185,Placuta amovibila,WNMG080408,2575,1041.36,1.24,5.88,36.21,1.72,16.4,73.07,Aluminiu,Strunjire,244,0,Niciunul
400,Tarod,TAROD M10 ISO2,2050,877.43,1.48,14.8,57.29,1.91,3.3,65.99,Aluminiu,Filetare,385,0,Niciunul
355,Freza,FREZA HSS Ø8 2F,1508,641.19,2.38,16.15,37.53,1.64,0.4,64.08,Aluminiu,Frezare,399,0,Niciunul
132,Placuta amovibila,CNMG120408,2882,589.42,2.71,18.54,79.78,2.28,60.1,65.67,Aluminiu,Strunjire,342,1,Uzura excesiva
303,Tarod,TAROD M10 ISO2,2680,330.12,1.48,8.59,48.36,1.96,0.4,71.64,Inox,Filetare,372,0,Niciunul
598,Tarod,TAROD M10 ISO2,1519,598.97,2.01,18.15,72.45,2.69,44.4,61.22,Aluminiu,Filetare,44,1,Uzura excesiva
146,Tarod,TAROD M10 ISO2,2658,708.19,2.05,10.62,60.86,1.17,0.1,69.17,Inox,Filetare,106,0,Niciunul
344,Placuta amovibila,CNMG120408,4975,837.03,1.36,6.97,64.65,1.67,2.8,61.6,Aluminiu,Strunjire,298,0,Niciunul
161,Freza,FREZA CARBURA Ø10 4F,5179,1117.41,0.53,7.96,50.8,7.98,50.8,60.83,Aluminiu,Frezare,47,1,Niciunul
436,Placuta amovibila,CNMG120408,2499,365.38,0.81,10.46,103.72,2.35,18.4,71.01,Otel,Strunjire,419,1,Supraincalzire
75,Freza,FREZA CARBURA Ø10 4F,2987,706.57,1.13,9.32,45.33,1.99,3.5,67.97,Otel,Frezare,224,0,Niciunul
377,Tarod,TAROD M10 ISO2,2463,920.1,2.68,9.39,56.56,1.18,1.7,62.21,Inox,Filetare,143,0,Niciunul
153,Placuta amovibila,CNMG120408,2741,1026.93,1.26,7.82,36.23,1.04,16.2,73.42,Otel,Strunjire,192,0,Niciunul
280,Placuta amovibila,CNMG120408,3410,643.8,2.22,6.72,56.28,1.38,14.1,73.39,Aluminiu,Strunjire,441,0,Niciunul
176,Burghiu,CARBIDE DRILL Ø12,2514,1138.16,0.97,5.64,118.08,0.94,12.7,68.11,Aluminiu,Gaurire,308,1,Supraincalzire
148,Burghiu,CARBIDE DRILL Ø12,2903,650.44,0.32,19.8,48.99,1.61,4.5,70.1,Inox,Gaurire,467,0,Niciunul
71,Placuta amovibila,WNMG080408,1904,639.0,1.3,17.78,95.59,1.19,28.9,72.18,Otel,Strunjire,487,1,Supraincalzire
495,Burghiu,CARBIDE DRILL Ø12,2209,795.8,2.79,5.37,67.76,0.99,19.0,65.39,Aluminiu,Gaurire,80,0,Niciunul
156,Burghiu,CARBIDE DRILL Ø12,1811,1091.8,2.48,7.61,42.42,1.82,7.7,71.76,Aluminiu,Gaurire,197,0,Niciunul
394,Freza,FREZA CARBURA Ø10 4F,1789,232.9,1.12,10.98,58.69,1.58,3.6,64.95,Aluminiu,Frezare,205,0,Niciunul
47,Burghiu,CARBIDE DRILL Ø12,5750,841.84,0.58,16.47,80.72,1.3,37.1,61.96,Otel,Gaurire,385,1,Supraincalzire
328,Placuta amovibila,WNMG080408,1820,1168.8,1.8,5.5,64.6,1.36,3.2,67.83,Otel,Strunjire,433,0,Niciunul
140,Freza,FREZA CARBURA Ø10 4F,5533,331.78,0.78,10.8,55.2,1.44,13.0,64.72,Otel,Frezare,196,0,Niciunul
302,Freza,FREZA HSS Ø8 2F,2606,275.58,0.58,17.09,81.43,4.53,41.8,68.06,Inox,Frezare,218,1,Vibratii
106,Burghiu,CARBIDE DRILL Ø12,2282,1132.08,2.46,6.15,54.9,1.26,1.2,64.78,Otel,Gaurire,416,0,Niciunul
222,Burghiu,HSS DRILL Ø6,3386,1136.44,0.92,8.52,56.63,0.55,13.1,74.39,Otel,Gaurire,438,0,Niciunul
360,Tarod,TAROD M10 ISO2,5181,776.36,0.79,19.21,79.39,4.79,66.9,65.64,Inox,Filetare,128,1,Uzura excesiva
249,Burghiu,CARBIDE DRILL Ø12,1698,1101.01,0.6,15.54,57.21,4.3,48.8,62.88,Aluminiu,Gaurire,470,1,Uzura excesiva
8,Freza,FREZA HSS Ø8 2F,2894,234.14,0.48,18.3,39.37,1.71,11.9,66.29,Otel,Frezare,494,0,Niciunul
374,Placuta amovibila,CNMG120408,3357,1016.14,0.91,6.9,86.39,2.4,24.7,62.64,Otel,Strunjire,348,1,Supraincalzire
346,Burghiu,HSS DRILL Ø6,2384,561.99,2.57,19.94,57.99,0.53,13.7,61.64,Aluminiu,Gaurire,438,0,Niciunul
192,Freza,FREZA CARBURA Ø10 4F,4726,215.75,2.11,16.76,44.66,1.18,7.4,71.24,Inox,Frezare,167,0,Niciunul
362,Freza,FREZA HSS Ø8 2F,3172,236.52,2.62,8.03,51.88,1.25,63.1,73.25,Aluminiu,Frezare,174,1,Uzura excesiva
11,Placuta amovibila,CNMG120408,3541,735.76,1.57,9.72,85.42,2.93,57.1,62.41,Inox,Strunjire,35,1,Uzura excesiva
311,Tarod,TAROD M10 ISO2,4314,321.87,1.17,14.8,67.08,0.94,15.2,65.39,Otel,Filetare,330,0,Niciunul
512,Placuta amovibila,WNMG080408,4842,1076.39,1.95,9.7,54.49,1.94,19.7,66.41,Inox,Strunjire,202,0,Niciunul
538,Tarod,TAROD M10 ISO2,4400,1063.2,1.47,12.96,61.19,1.62,17.4,69.93,Otel,Filetare,44,0,Niciunul
203,Burghiu,CARBIDE DRILL Ø12,1606,1125.53,1.17,13.59,59.53,1.83,17.7,70.29,Inox,Gaurire,208,0,Niciunul
307,Placuta amovibila,WNMG080408,1611,781.39,1.36,17.96,37.28,0.98,2.3,73.73,Aluminiu,Strunjire,278,0,Niciunul
359,Burghiu,CARBIDE DRILL Ø12,4224,354.74,2.25,7.19,75.74,4.71,60.1,63.01,Inox,Gaurire,274,1,Uzura excesiva
408,Freza,FREZA CARBURA Ø10 4F,3472,484.19,1.39,5.84,70.45,2.53,57.2,68.5,Inox,Frezare,452,1,Uzura excesiva
228,Burghiu,CARBIDE DRILL Ø12,2826,954.22,1.69,18.68,54.27,0.7,0.8,64.7,Inox,Gaurire,228,0,Niciunul
283,Placuta amovibila,WNMG080408,5623,1036.49,1.67,7.84,74.36,3.03,58.7,73.13,Inox,Strunjire,251,1,Uzura excesiva
17,Freza,FREZA HSS Ø8 2F,5163,1140.06,0.16,15.03,111.62,1.93,29.5,74.49,Inox,Frezare,285,1,Supraincalzire
184,Freza,FREZA CARBURA Ø10 4F,3630,319.99,1.36,8.0,51.64,1.45,19.7,69.94,Inox,Frezare,496,0,Niciunul
28,Freza,FREZA HSS Ø8 2F,1557,280.27,2.26,6.69,51.6,0.93,4.5,72.6,Aluminiu,Frezare,119,0,Niciunul
240,Freza,FREZA CARBURA Ø10 4F,2093,574.79,1.0,12.38,65.15,6.18,53.8,71.46,Inox,Frezare,273,1,Vibratii
522,Freza,FREZA HSS Ø8 2F,5054,845.08,0.31,8.12,65.91,1.37,9.9,70.49,Otel,Frezare,45,0,Niciunul
357,Placuta amovibila,WNMG080408,3291,1018.37,2.99,9.17,64.02,4.91,29.3,61.52,Inox,Strunjire,139,1,Vibratii
520,Freza,FREZA HSS Ø8 2F,4844,445.89,2.23,13.99,114.63,2.88,23.4,73.46,Inox,Frezare,77,1,Supraincalzire
25,Tarod,TAROD M10 ISO2,3253,918.67,2.65,15.66,58.27,0.52,1.1,74.59,Aluminiu,Filetare,270,0,Niciunul
497,Burghiu,HSS DRILL Ø6,3693,736.04,1.93,6.61,88.27,8.04,28.2,62.46,Otel,Gaurire,170,1,Vibratii
439,Burghiu,HSS DRILL Ø6,4039,380.49,1.93,18.16,40.63,0.64,12.6,66.73,Otel,Gaurire,261,0,Niciunul
295,Placuta amovibila,WNMG080408,4660,897.66,1.39,14.71,57.57,11.41,22.7,72.71,Otel,Strunjire,150,1,Niciunul
100,Burghiu,HSS DRILL Ø6,3527,822.73,0.18,15.25,116.56,1.94,22.6,67.86,Aluminiu,Gaurire,159,1,Supraincalzire
183,Burghiu,CARBIDE DRILL Ø12,1685,957.32,1.78,8.24,59.26,1.82,1.4,69.92,Inox,Gaurire,46,0,Niciunul
111,Placuta amovibila,WNMG080408,4187,391.15,1.03,18.71,113.28,0.54,12.2,65.19,Aluminiu,Strunjire,500,1,Supraincalzire
459,Placuta amovibila,CNMG120408,4499,951.46,1.14,18.99,102.39,2.87,32.7,73.91,Otel,Strunjire,293,1,Supraincalzire
406,Freza,FREZA CARBURA Ø10 4F,1975,811.56,0.94,11.19,114.38,2.34,27.2,64.17,Otel,Frezare,67,1,Niciunul
350,Placuta amovibila,CNMG120408,3670,1133.1,1.16,11.44,46.62,1.91,15.2,73.36,Otel,Strunjire,20,0,Niciunul
586,Placuta amovibila,CNMG120408,4870,298.81,2.09,10.93,41.34,1.8,17.2,73.45,Aluminiu,Strunjire,362,0,Niciunul
365,Freza,FREZA HSS Ø8 2F,1556,273.24,2.85,19.52,54.94,8.96,54.6,71.71,Otel,Frezare,270,1,Vibratii
327,Tarod,TAROD M10 ISO2,1620,380.83,1.01,18.49,51.39,0.78,9.8,60.81,Otel,Filetare,204,0,Niciunul
455,Placuta amovibila,WNMG080408,4706,960.69,0.88,16.99,64.06,1.06,11.1,63.11,Inox,Strunjire,361,0,Niciunul
301,Burghiu,HSS DRILL Ø6,3956,361.81,2.83,10.76,86.42,4.27,52.3,73.23,Inox,Gaurire,361,1,Uzura excesiva
122,Freza,FREZA HSS Ø8 2F,2106,717.29,0.61,18.85,89.14,3.8,54.2,67.77,Inox,Frezare,264,1,Uzura excesiva
321,Freza,FREZA HSS Ø8 2F,4043,739.63,1.61,17.3,48.27,1.15,8.3,72.48,Inox,Frezare,413,0,Niciunul
238,Placuta amovibila,WNMG080408,1746,1068.09,0.36,7.52,57.77,3.86,48.0,71.43,Aluminiu,Strunjire,30,1,Uzura excesiva
578,Burghiu,CARBIDE DRILL Ø12,2465,583.88,2.44,15.23,92.55,3.23,35.1,68.49,Aluminiu,Gaurire,168,1,Supraincalzire
151,Placuta amovibila,WNMG080408,4367,1189.61,2.06,19.3,36.69,1.95,16.9,61.38,Aluminiu,Strunjire,277,0,Niciunul
569,Placuta amovibila,CNMG120408,3804,472.32,0.48,16.49,95.1,2.74,37.8,70.39,Aluminiu,Strunjire,66,1,Supraincalzire
196,Burghiu,HSS DRILL Ø6,2390,796.23,1.43,7.1,57.94,0.57,16.2,68.49,Otel,Gaurire,116,0,Niciunul
316,Placuta amovibila,CNMG120408,5234,540.0,1.2,9.32,66.14,0.54,14.0,69.89,Inox,Strunjire,194,0,Niciunul
565,Freza,FREZA HSS Ø8 2F,2440,495.49,0.73,11.14,64.34,6.71,33.4,64.16,Inox,Frezare,256,1,Vibratii
525,Freza,FREZA CARBURA Ø10 4F,4940,589.72,2.91,5.99,106.45,3.45,30.8,72.39,Inox,Frezare,226,1,Supraincalzire
86,Burghiu,HSS DRILL Ø6,3946,936.16,1.58,5.07,39.45,1.48,0.1,68.39,Otel,Gaurire,297,0,Niciunul
127,Placuta amovibila,WNMG080408,4075,377.21,1.08,9.56,45.22,0.81,16.8,73.2,Otel,Strunjire,250,0,Niciunul
213,Tarod,TAROD M10 ISO2,1940,289.04,0.85,12.7,66.88,1.13,6.1,63.26,Inox,Filetare,260,0,Niciunul
537,Freza,FREZA CARBURA Ø10 4F,3239,1147.74,1.03,10.82,49.26,1.74,1.2,67.15,Inox,Frezare,52,0,Niciunul
81,Freza,FREZA CARBURA Ø10 4F,2669,500.55,2.81,11.55,61.66,1.96,12.2,69.79,Aluminiu,Frezare,298,0,Niciunul
310,Burghiu,HSS DRILL Ø6,4395,555.86,2.06,14.43,46.15,1.95,5.9,70.52,Aluminiu,Gaurire,80,0,Niciunul
226,Freza,FREZA HSS Ø8 2F,2065,262.87,2.96,8.27,92.88,1.56,29.4,73.71,Otel,Frezare,312,1,Supraincalzire
230,Placuta amovibila,CNMG120408,1840,1154.0,1.22,11.82,77.91,8.01,55.1,74.34,Inox,Strunjire,152,1,Vibratii
453,Freza,FREZA HSS Ø8 2F,4326,1122.73,2.65,7.97,86.6,3.03,34.5,60.04,Inox,Frezare,444,1,Supraincalzire
38,Placuta amovibila,WNMG080408,5762,977.31,1.38,10.18,63.31,1.16,0.1,74.25,Inox,Strunjire,326,0,Niciunul
76,Burghiu,CARBIDE DRILL Ø12,2926,418.86,1.51,19.05,47.85,1.03,19.8,66.84,Inox,Gaurire,225,0,Niciunul
55,Freza,FREZA HSS Ø8 2F,2855,658.82,0.1,13.54,51.79,2.65,52.2,70.26,Aluminiu,Frezare,423,1,Niciunul
69,Freza,FREZA CARBURA Ø10 4F,3448,554.47,1.63,15.38,111.99,2.46,10.0,74.57,Otel,Frezare,182,1,Supraincalzire
77,Tarod,TAROD M10 ISO2,5661,1119.67,1.43,10.45,94.4,3.97,34.8,65.9,Inox,Filetare,249,1,Supraincalzire
341,Placuta amovibila,CNMG120408,2476,424.35,2.68,16.24,60.05,0.54,6.1,64.01,Aluminiu,Strunjire,236,0,Niciunul
577,Placuta amovibila,CNMG120408,3187,664.05,1.24,5.63,76.8,5.43,48.2,63.57,Otel,Strunjire,272,1,Vibratii
427,Freza,FREZA HSS Ø8 2F,4015,890.68,1.39,18.73,37.23,0.7,13.9,70.37,Aluminiu,Frezare,407,0,Niciunul
343,Burghiu,HSS DRILL Ø6,5480,289.93,1.79,13.74,39.59,0.99,4.4,68.62,Inox,Gaurire,287,0,Niciunul
531,Freza,FREZA HSS Ø8 2F,2702,533.94,0.61,10.05,68.24,7.64,35.3,69.63,Otel,Frezare,45,1,Niciunul
475,Placuta amovibila,WNMG080408,2502,1175.61,2.26,7.08,96.75,0.98,12.6,71.88,Otel,Strunjire,301,1,Supraincalzire
23,Placuta amovibila,WNMG080408,2402,631.55,1.49,10.32,111.72,0.66,32.3,62.27,Otel,Strunjire,267,1,Supraincalzire
531,Tarod,TAROD M10 ISO2,2397,935.81,1.69,9.24,73.7,11.72,46.3,73.86,Otel,Filetare,485,1,Vibratii
124,Tarod,TAROD M10 ISO2,5122,744.93,0.49,18.69,64.31,1.01,2.5,66.81,Inox,Filetare,268,0,Niciunul
575,Burghiu,CARBIDE DRILL Ø12,1776,712.2,1.3,10.52,57.83,1.57,4.8,65.51,Aluminiu,Gaurire,47,0,Niciunul
239,Freza,FREZA HSS Ø8 2F,2631,361.19,1.63,13.5,78.53,4.11,73.9,70.86,Aluminiu,Frezare,187,1,Uzura excesiva
486,Tarod,TAROD M10 ISO2,4016,1147.44,2.67,17.05,40.2,1.09,8.1,66.75,Inox,Filetare,498,0,Niciunul
514,Freza,FREZA CARBURA Ø10 4F,2959,929.86,1.52,19.08,48.76,0.56,15.8,60.29,Aluminiu,Frezare,64,0,Niciunul
514,Placuta amovibila,CNMG120408,4382,1134.73,1.13,13.39,65.33,0.79,6.3,66.33,Inox,Strunjire,293,0,Niciunul
52,Burghiu,CARBIDE DRILL Ø12,4280,837.37,2.63,9.61,57.93,1.8,15.5,70.45,Inox,Gaurire,500,0,Niciunul
379,Tarod,TAROD M10 ISO2,5284,781.83,2.98,8.01,77.17,8.64,27.2,69.85,Aluminiu,Filetare,55,1,Vibratii
313,Freza,FREZA CARBURA Ø10 4F,4657,358.54,0.69,5.32,104.6,3.91,21.1,73.41,Inox,Frezare,499,1,Niciunul
95,Freza,FREZA HSS Ø8 2F,5244,737.16,1.65,17.85,48.97,0.71,2.8,72.37,Otel,Frezare,433,0,Niciunul
360,Burghiu,HSS DRILL Ø6,2651,652.58,1.19,17.83,54.4,0.69,5.1,72.75,Inox,Gaurire,352,0,Niciunul
289,Burghiu,CARBIDE DRILL Ø12,4705,615.28,0.83,16.47,101.06,3.56,23.5,63.22,Inox,Gaurire,434,1,Supraincalzire
464,Freza,FREZA CARBURA Ø10 4F,3858,1163.53,2.28,16.27,40.02,0.77,14.0,68.71,Aluminiu,Frezare,167,0,Niciunul
421,Freza,FREZA HSS Ø8 2F,5366,535.91,1.62,17.33,86.11,2.27,45.0,74.87,Aluminiu,Frezare,231,1,Uzura excesiva
31,Tarod,TAROD M10 ISO2,4814,795.63,2.72,13.05,83.67,2.72,17.2,69.3,Inox,Filetare,304,1,Supraincalzire
531,Placuta amovibila,WNMG080408,1824,625.59,1.83,19.25,51.34,0.8,12.7,60.45,Aluminiu,Strunjire,107,0,Niciunul
53,Burghiu,CARBIDE DRILL Ø12,4781,652.43,1.37,12.59,35.6,0.83,6.4,68.67,Inox,Gaurire,333,0,Niciunul
42,Freza,FREZA HSS Ø8 2F,1597,582.28,2.77,6.1,96.62,3.21,24.5,71.4,Aluminiu,Frezare,260,1,Supraincalzire
334,Freza,FREZA CARBURA Ø10 4F,5916,875.16,1.88,17.61,49.86,1.45,16.0,69.37,Inox,Frezare,70,0,Niciunul
149,Placuta amovibila,CNMG120408,4152,627.03,0.42,19.15,73.0,4.59,69.8,60.46,Aluminiu,Strunjire,224,1,Uzura excesiva
402,Placuta amovibila,WNMG080408,2304,314.95,2.79,16.12,67.64,1.7,3.2,72.76,Aluminiu,Strunjire,325,0,Niciunul
397,Freza,FREZA HSS Ø8 2F,4340,811.4,2.72,18.53,75.94,10.04,22.5,61.76,Aluminiu,Frezare,110,1,Vibratii
165,Freza,FREZA CARBURA Ø10 4F,1888,850.75,1.21,18.58,115.24,2.99,27.0,64.41,Aluminiu,Frezare,246,1,Niciunul
191,Burghiu,CARBIDE DRILL Ø12,4672,1093.6,2.67,18.53,47.73,0.77,16.9,62.46,Aluminiu,Gaurire,4,0,Niciunul
246,Burghiu,HSS DRILL Ø6,5649,540.17,1.11,18.57,37.78,1.38,1.2,65.94,Aluminiu,Gaurire,157,0,Niciunul
407,Burghiu,CARBIDE DRILL Ø12,2273,612.13,2.66,15.8,68.2,0.8,16.6,66.53,Inox,Gaurire,154,0,Niciunul
42,Burghiu,CARBIDE DRILL Ø12,2050,217.87,0.11,16.24,62.34,1.26,3.0,67.06,Inox,Gaurire,220,0,Niciunul
489,Burghiu,CARBIDE DRILL Ø12,3509,471.44,2.34,18.78,62.18,1.26,16.2,60.39,Aluminiu,Gaurire,50,0,Niciunul
115,Burghiu,CARBIDE DRILL Ø12,4153,816.96,2.66,19.11,59.45,1.09,12.5,73.94,Aluminiu,Gaurire,143,0,Niciunul
561,Tarod,TAROD M10 ISO2,1833,906.92,0.41,19.23,77.7,3.5,52.4,63.49,Inox,Filetare,426,1,Uzura excesiva
535,Tarod,TAROD M10 ISO2,1770,762.11,1.13,12.26,54.42,1.47,19.1,67.04,Inox,Filetare,157,0,Niciunul
299,Burghiu,CARBIDE DRILL Ø12,4889,768.91,0.92,14.25,36.89,1.02,7.7,70.15,Otel,Gaurire,363,0,Niciunul
588,Burghiu,HSS DRILL Ø6,4755,321.21,1.38,12.36,60.13,0.99,7.6,63.81,Otel,Gaurire,455,0,Niciunul
47,Freza,FREZA CARBURA Ø10 4F,2286,864.75,0.83,11.48,79.64,10.92,22.0,61.28,Otel,Frezare,81,1,Vibratii
300,Tarod,TAROD M10 ISO2,3725,497.72,1.63,10.39,89.66,3.5,78.1,67.17,Inox,Filetare,250,1,Uzura excesiva
180,Placuta amovibila,WNMG080408,5313,735.46,2.6,7.2,99.88,3.31,39.1,74.77,Inox,Strunjire,116,1,Supraincalzire
284,Tarod,TAROD M10 ISO2,2235,1042.82,1.16,5.75,57.08,2.58,49.0,63.5,Aluminiu,Filetare,136,1,Uzura excesiva
142,Tarod,TAROD M10 ISO2,2265,209.9,1.32,7.77,60.57,0.53,19.4,66.21,Otel,Filetare,152,0,Niciunul
551,Placuta amovibila,CNMG120408,2912,617.47,2.46,13.89,37.73,0.84,5.7,69.54,Aluminiu,Strunjire,365,0,Niciunul
277,Freza,FREZA CARBURA Ø10 4F,1907,610.48,2.44,17.25,83.02,1.43,65.5,62.83,Aluminiu,Frezare,455,1,Uzura excesiva
16,Freza,FREZA CARBURA Ø10 4F,4580,330.53,2.07,18.22,71.32,4.84,63.2,69.75,Inox,Frezare,496,1,Uzura excesiva
239,Placuta amovibila,CNMG120408,5853,434.6,0.88,10.87,68.54,3.17,56.3,67.6,Otel,Strunjire,35,1,Uzura excesiva
484,Placuta amovibila,WNMG080408,2361,1028.67,2.73,13.54,66.38,0.88,9.0,63.94,Inox,Strunjire,311,0,Niciunul
530,Tarod,TAROD M10 ISO2,5466,588.61,0.33,13.3,51.08,0.64,8.1,66.42,Inox,Filetare,171,0,Niciunul
417,Burghiu,HSS DRILL Ø6,4831,644.0,1.77,11.82,58.9,1.9,15.3,65.72,Otel,Gaurire,48,0,Niciunul
483,Burghiu,HSS DRILL Ø6,3489,430.03,1.94,11.68,56.31,0.81,19.2,74.28,Inox,Gaurire,66,0,Niciunul
400,Placuta amovibila,CNMG120408,5712,359.74,1.68,9.54,83.6,3.5,46.7,72.44,Inox,Strunjire,156,1,Niciunul
460,Freza,FREZA HSS Ø8 2F,1893,1097.19,1.02,18.9,83.19,3.07,50.6,72.14,Otel,Frezare,338,1,Vibratii
588,Tarod,TAROD M10 ISO2,2466,560.44,1.96,13.8,52.19,5.16,46.5,67.64,Otel,Filetare,177,1,Vibratii
352,Burghiu,HSS DRILL Ø6,1698,822.22,2.25,15.91,88.7,4.91,59.6,68.64,Aluminiu,Gaurire,230,1,Uzura excesiva
88,Burghiu,HSS DRILL Ø6,5690,796.95,2.16,15.75,45.8,1.9,12.6,74.55,Inox,Gaurire,75,0,Niciunul
114,Burghiu,CARBIDE DRILL Ø12,4170,961.27,1.15,18.96,51.26,1.87,7.9,74.21,Inox,Gaurire,129,0,Niciunul
471,Burghiu,HSS DRILL Ø6,2366,732.64,0.73,6.64,99.92,1.9,38.2,69.44,Inox,Gaurire,287,1,Supraincalzire
552,Placuta amovibila,CNMG120408,4844,742.79,2.09,6.59,117.58,3.72,27.6,67.79,Aluminiu,Strunjire,66,1,Supraincalzire
550,Placuta amovibila,WNMG080408,3034,902.2,0.55,18.3,67.74,1.42,12.1,68.08,Inox,Strunjire,428,0,Niciunul
199,Burghiu,HSS DRILL Ø6,2893,437.56,1.84,15.24,51.16,4.96,47.2,63.33,Inox,Gaurire,424,1,Niciunul
160,Freza,FREZA CARBURA Ø10 4F,3398,765.87,0.31,17.15,50.87,1.1,8.5,62.34,Otel,Frezare,237,0,Niciunul
290,Placuta amovibila,CNMG120408,4518,332.2,2.33,6.64,64.31,1.34,12.1,72.03,Otel,Strunjire,303,0,Niciunul
130,Freza,FREZA CARBURA Ø10 4F,1874,288.03,1.78,9.17,61.44,1.47,10.2,69.32,Inox,Frezare,206,0,Niciunul
253,Freza,FREZA CARBURA Ø10 4F,5100,319.88,2.16,8.76,87.51,2.94,37.0,71.77,Otel,Frezare,272,1,Supraincalzire
189,Tarod,TAROD M10 ISO2,4147,1163.22,2.94,9.32,61.19,1.39,14.6,63.08,Aluminiu,Filetare,259,0,Niciunul
296,Tarod,TAROD M10 ISO2,1985,283.57,1.65,15.57,92.02,0.83,22.7,60.34,Aluminiu,Filetare,427,1,Supraincalzire
581,Freza,FREZA CARBURA Ø10 4F,5144,480.45,2.0,7.68,55.45,2.0,75.7,71.7,Inox,Frezare,126,1,Uzura excesiva
13,Freza,FREZA CARBURA Ø10 4F,3224,260.42,2.57,8.25,65.51,1.22,60.7,66.68,Aluminiu,Frezare,143,1,Uzura excesiva
222,Placuta amovibila,WNMG080408,3998,811.41,0.25,7.87,86.76,2.39,34.5,73.57,Inox,Strunjire,246,1,Niciunul
564,Freza,FREZA CARBURA Ø10 4F,5629,1195.2,1.51,10.79,50.49,1.77,15.4,73.05,Aluminiu,Frezare,80,0,Niciunul
369,Placuta amovibila,CNMG120408,1534,781.19,0.61,12.34,81.41,2.16,35.7,72.97,Aluminiu,Strunjire,422,1,Supraincalzire
442,Freza,FREZA CARBURA Ø10 4F,5908,850.65,1.69,7.41,55.6,10.78,28.6,62.02,Aluminiu,Frezare,172,1,Niciunul
501,Burghiu,HSS DRILL Ø6,3730,1013.65,0.93,18.19,70.39,9.13,46.5,62.78,Otel,Gaurire,185,1,Vibratii
1,Tarod,TAROD M10 ISO2,3305,530.36,2.32,11.08,44.66,0.52,6.3,68.65,Aluminiu,Filetare,375,0,Niciunul
56,Placuta amovibila,WNMG080408,4570,699.45,1.97,17.31,87.45,0.53,18.3,61.94,Inox,Strunjire,397,1,Niciunul
138,Placuta amovibila,CNMG120408,2741,952.07,0.81,13.75,73.31,9.01,29.6,70.51,Aluminiu,Strunjire,180,1,Vibratii
484,Freza,FREZA HSS Ø8 2F,2514,671.32,0.32,7.59,48.6,1.5,15.9,72.85,Aluminiu,Frezare,474,0,Niciunul
211,Freza,FREZA HSS Ø8 2F,3869,233.42,1.66,9.05,67.61,3.34,40.5,70.99,Inox,Frezare,454,1,Uzura excesiva
1,Placuta amovibila,WNMG080408,3305,876.87,2.27,11.98,62.09,11.68,23.0,64.14,Inox,Strunjire,416,1,Vibratii
481,Tarod,TAROD M10 ISO2,1553,970.74,1.31,6.22,42.32,0.83,7.6,72.17,Aluminiu,Filetare,222,0,Niciunul
490,Burghiu,HSS DRILL Ø6,2055,1051.35,1.65,8.91,57.34,1.98,9.6,69.23,Aluminiu,Gaurire,365,0,Niciunul
149,Tarod,TAROD M10 ISO2,3019,1173.33,0.63,18.99,84.24,3.4,55.8,70.17,Otel,Filetare,401,1,Uzura excesiva
411,Freza,FREZA CARBURA Ø10 4F,2203,1067.45,1.16,10.67,65.41,1.24,1.1,64.9,Otel,Frezare,457,0,Niciunul
416,Placuta amovibila,WNMG080408,3398,678.87,1.41,8.1,51.31,1.35,13.0,71.51,Otel,Strunjire,213,0,Niciunul
20,Freza,FREZA CARBURA Ø10 4F,5178,816.42,1.42,18.61,72.04,5.1,34.3,60.26,Aluminiu,Frezare,92,1,Vibratii
155,Burghiu,HSS DRILL Ø6,5733,1049.27,1.78,14.78,44.86,1.18,11.3,60.36,Aluminiu,Gaurire,381,0,Niciunul
571,Placuta amovibila,CNMG120408,1674,353.38,2.52,19.73,52.0,3.58,38.5,66.38,Aluminiu,Strunjire,279,1,Vibratii
193,Placuta amovibila,CNMG120408,1913,1187.2,0.45,14.13,84.06,0.66,37.2,68.75,Aluminiu,Strunjire,90,1,Supraincalzire
464,Placuta amovibila,WNMG080408,5792,350.58,1.11,17.46,39.23,1.45,10.0,60.01,Otel,Strunjire,58,0,Niciunul
395,Tarod,TAROD M10 ISO2,4578,432.08,2.56,18.24,95.55,2.75,26.8,65.5,Aluminiu,Filetare,351,1,Supraincalzire
97,Burghiu,CARBIDE DRILL Ø12,3796,1025.53,1.32,9.22,43.7,1.19,8.8,73.37,Otel,Gaurire,174,0,Niciunul
101,Freza,FREZA HSS Ø8 2F,4251,341.47,1.86,8.86,69.34,8.78,52.3,67.25,Otel,Frezare,176,1,Vibratii
383,Placuta amovibila,CNMG120408,2909,220.05,0.16,13.26,86.31,10.23,59.2,73.57,Aluminiu,Strunjire,132,1,Vibratii
330,Tarod,TAROD M10 ISO2,2150,619.06,2.89,14.2,52.58,1.24,11.8,66.29,Inox,Filetare,91,0,Niciunul
45,Placuta amovibila,CNMG120408,3416,1069.36,2.4,10.63,96.04,3.46,14.7,64.09,Inox,Strunjire,92,1,Supraincalzire
583,Burghiu,HSS DRILL Ø6,2254,716.4,1.89,18.84,73.21,4.51,49.8,74.3,Aluminiu,Gaurire,106,1,Uzura excesiva
502,Burghiu,HSS DRILL Ø6,4281,225.86,1.74,11.86,84.26,7.07,51.4,72.84,Aluminiu,Gaurire,135,1,Vibratii
217,Freza,FREZA HSS Ø8 2F,5110,437.22,2.11,6.94,65.67,2.2,56.8,74.49,Inox,Frezare,360,1,Uzura excesiva
80,Placuta amovibila,WNMG080408,3360,775.44,2.96,9.2,118.26,1.71,29.9,64.27,Otel,Strunjire,282,1,Supraincalzire
37,Freza,FREZA CARBURA Ø10 4F,2225,274.07,2.04,13.35,63.34,1.47,44.0,69.47,Otel,Frezare,209,1,Uzura excesiva
99,Freza,FREZA CARBURA Ø10 4F,4330,661.7,0.41,14.3,50.3,3.72,77.0,68.26,Inox,Frezare,246,1,Uzura excesiva
6,Freza,FREZA CARBURA Ø10 4F,2210,1120.93,0.55,11.36,87.03,3.55,44.6,67.4,Otel,Frezare,416,1,Vibratii
494,Burghiu,CARBIDE DRILL Ø12,3096,853.27,1.32,19.97,43.44,1.34,0.7,70.54,Otel,Gaurire,257,0,Niciunul
354,Tarod,TAROD M10 ISO2,4224,261.67,1.81,18.64,88.34,3.77,49.5,68.72,Inox,Filetare,72,1,Uzura excesiva
331,Placuta amovibila,WNMG080408,4954,1113.12,1.28,5.04,94.82,3.02,35.6,60.44,Otel,Strunjire,437,1,Supraincalzire
158,Freza,FREZA CARBURA Ø10 4F,2233,524.4,0.12,18.85,50.32,1.03,2.5,73.84,Inox,Frezare,382,0,Niciunul
229,Placuta amovibila,WNMG080408,2253,693.5,0.26,8.38,57.2,0.98,6.2,60.46,Aluminiu,Strunjire,354,0,Niciunul
423,Freza,FREZA HSS Ø8 2F,2309,1143.83,1.6,14.13,86.26,10.99,44.8,67.38,Inox,Frezare,389,1,Vibratii
137,Placuta amovibila,WNMG080408,5680,738.41,2.93,14.46,84.47,3.67,20.4,66.12,Aluminiu,Strunjire,71,1,Niciunul
341,Burghiu,HSS DRILL Ø6,4656,399.64,1.7,7.56,80.6,3.58,23.0,73.85,Aluminiu,Gaurire,359,1,Supraincalzire
203,Burghiu,HSS DRILL Ø6,2601,732.78,2.17,10.67,71.62,4.93,46.0,70.16,Inox,Gaurire,200,1,Vibratii
269,Burghiu,CARBIDE DRILL Ø12,3795,942.09,1.77,11.29,45.78,1.05,13.5,62.12,Aluminiu,Gaurire,101,0,Niciunul
207,Freza,FREZA CARBURA Ø10 4F,2655,508.97,0.88,19.1,69.59,6.85,41.8,62.33,Inox,Frezare,288,1,Vibratii
540,Tarod,TAROD M10 ISO2,4454,982.71,0.98,15.06,55.23,1.38,16.8,62.01,Inox,Filetare,144,0,Niciunul
266,Freza,FREZA HSS Ø8 2F,2947,1183.13,0.87,9.06,49.25,0.72,18.7,74.37,Otel,Frezare,66,0,Niciunul
443,Freza,FREZA CARBURA Ø10 4F,5252,542.54,1.06,9.02,54.95,1.01,1.8,65.94,Otel,Frezare,121,0,Niciunul
557,Burghiu,CARBIDE DRILL Ø12,2841,446.2,1.58,6.43,64.35,4.08,52.9,66.97,Inox,Gaurire,214,1,Vibratii
396,Placuta amovibila,WNMG080408,4822,768.41,2.0,8.48,64.55,0.83,9.9,62.9,Aluminiu,Strunjire,487,0,Niciunul
104,Freza,FREZA CARBURA Ø10 4F,2656,461.93,0.85,16.39,111.41,2.25,22.9,67.57,Otel,Frezare,446,1,Supraincalzire
547,Placuta amovibila,WNMG080408,5917,419.16,0.32,18.87,40.66,0.99,12.1,71.94,Otel,Strunjire,457,0,Niciunul
184,Burghiu,CARBIDE DRILL Ø12,2077,946.92,1.55,5.29,43.25,0.69,14.4,72.88,Inox,Gaurire,377,0,Niciunul
67,Placuta amovibila,CNMG120408,4643,616.52,2.62,11.25,53.33,1.15,74.0,62.11,Otel,Strunjire,19,1,Uzura excesiva
56,Burghiu,HSS DRILL Ø6,4165,1134.94,1.36,9.76,40.84,1.88,11.4,70.14,Aluminiu,Gaurire,287,0,Niciunul
112,Burghiu,CARBIDE DRILL Ø12,1944,327.63,0.87,19.56,37.45,1.09,12.8,61.45,Inox,Gaurire,363,0,Niciunul
342,Burghiu,HSS DRILL Ø6,2179,938.72,1.17,10.15,89.72,4.47,33.7,73.09,Otel,Gaurire,96,1,Vibratii
563,Placuta amovibila,WNMG080408,5906,1049.37,0.16,9.58,110.37,1.52,12.9,74.22,Inox,Strunjire,352,1,Niciunul
493,Burghiu,CARBIDE DRILL Ø12,4422,846.3,0.6,18.82,54.33,1.37,0.9,71.58,Otel,Gaurire,412,0,Niciunul
525,Tarod,TAROD M10 ISO2,4774,963.81,1.11,5.28,83.83,4.1,67.5,65.76,Otel,Filetare,339,1,Uzura excesiva
71,Tarod,TAROD M10 ISO2,4487,967.83,2.21,8.18,86.58,1.93,17.2,61.6,Inox,Filetare,138,1,Supraincalzire
14,Burghiu,CARBIDE DRILL Ø12,3350,475.96,2.27,7.13,65.78,0.55,13.7,68.63,Inox,Gaurire,303,0,Niciunul
358,Placuta amovibila,WNMG080408,1633,871.42,2.09,5.69,60.12,4.08,39.0,60.51,Otel,Strunjire,306,1,Niciunul
43,Placuta amovibila,CNMG120408,3195,261.32,0.49,8.25,75.09,1.04,58.4,70.48,Inox,Strunjire,375,1,Uzura excesiva
37,Placuta amovibila,WNMG080408,3101,316.39,0.11,10.46,90.8,1.58,27.6,62.16,Otel,Strunjire,447,1,Supraincalzire
410,Freza,FREZA HSS Ø8 2F,3130,1064.44,2.25,6.66,82.79,4.61,55.4,63.91,Inox,Frezare,53,1,Vibratii
522,Burghiu,CARBIDE DRILL Ø12,5718,961.61,0.65,15.77,109.34,2.44,12.0,72.76,Otel,Gaurire,360,1,Supraincalzire
576,Placuta amovibila,CNMG120408,4506,242.3,2.12,8.59,63.79,0.7,3.2,72.06,Inox,Strunjire,299,0,Niciunul
315,Freza,FREZA HSS Ø8 2F,4156,289.85,2.76,9.27,88.17,2.67,15.2,64.24,Otel,Frezare,401,1,Niciunul
297,Burghiu,CARBIDE DRILL Ø12,4156,638.04,1.14,7.09,40.9,0.61,16.2,61.57,Otel,Gaurire,429,0,Niciunul
569,Burghiu,CARBIDE DRILL Ø12,4858,861.01,2.07,5.05,63.76,7.6,31.7,67.48,Otel,Gaurire,296,1,Vibratii
123,Placuta amovibila,CNMG120408,5405,396.61,0.13,19.41,56.39,5.62,35.1,73.8,Otel,Strunjire,186,1,Vibratii
255,Burghiu,CARBIDE DRILL Ø12,5734,1071.59,0.3,6.66,89.84,2.36,30.7,65.11,Aluminiu,Gaurire,155,1,Niciunul
582,Placuta amovibila,WNMG080408,2771,409.96,1.68,14.28,107.22,3.9,24.6,60.38,Inox,Strunjire,245,1,Supraincalzire
236,Placuta amovibila,WNMG080408,1505,981.23,2.3,11.38,51.87,1.07,14.8,64.25,Aluminiu,Strunjire,120,0,Niciunul
215,Tarod,TAROD M10 ISO2,3941,1153.79,1.01,14.34,55.92,4.38,42.7,71.87,Inox,Filetare,124,1,Uzura excesiva
440,Freza,FREZA CARBURA Ø10 4F,3928,425.62,2.11,5.53,50.56,0.67,16.4,64.01,Aluminiu,Frezare,468,0,Niciunul
577,Burghiu,HSS DRILL Ø6,2822,407.03,2.76,12.1,100.47,3.65,25.3,63.69,Otel,Gaurire,482,1,Supraincalzire
303,Placuta amovibila,WNMG080408,5928,635.7,2.79,5.25,59.15,1.28,10.0,71.06,Aluminiu,Strunjire,56,0,Niciunul
215,Freza,FREZA HSS Ø8 2F,1909,309.34,2.01,13.32,39.16,1.81,2.2,60.93,Inox,Frezare,75,0,Niciunul
108,Placuta amovibila,CNMG120408,2427,227.61,0.42,18.43,87.42,2.46,44.4,71.74,Otel,Strunjire,249,1,Uzura excesiva
283,Freza,FREZA CARBURA Ø10 4F,5726,1173.75,1.16,8.52,74.14,3.47,71.3,65.36,Aluminiu,Frezare,234,1,Uzura excesiva
544,Placuta amovibila,CNMG120408,2559,994.65,2.47,9.83,80.28,2.2,48.3,61.38,Otel,Strunjire,14,1,Uzura excesiva
52,Freza,FREZA CARBURA Ø10 4F,4471,864.17,2.05,8.24,58.2,0.91,16.2,67.17,Inox,Frezare,248,0,Niciunul
52,Freza,FREZA HSS Ø8 2F,5848,858.37,2.16,16.55,40.51,1.47,2.5,73.89,Aluminiu,Frezare,139,0,Niciunul
141,Freza,FREZA HSS Ø8 2F,5856,245.36,0.57,11.92,80.58,8.77,35.2,60.89,Inox,Frezare,312,1,Vibratii
196,Tarod,TAROD M10 ISO2,5252,578.46,1.35,11.68,48.38,0.8,17.3,73.05,Inox,Filetare,115,0,Niciunul
106,Burghiu,HSS DRILL Ø6,1702,583.36,1.71,7.35,47.57,1.97,4.3,73.03,Aluminiu,Gaurire,180,0,Niciunul
183,Freza,FREZA HSS Ø8 2F,4307,395.56,2.95,7.11,63.17,0.85,2.2,69.02,Inox,Frezare,14,0,Niciunul
334,Tarod,TAROD M10 ISO2,2859,452.6,2.52,7.85,88.84,2.6,35.8,72.31,Aluminiu,Filetare,202,1,Supraincalzire
143,Freza,FREZA CARBURA Ø10 4F,2742,342.76,1.87,18.67,82.15,3.21,35.0,61.39,Otel,Frezare,60,1,Supraincalzire
413,Tarod,TAROD M10 ISO2,4127,657.86,0.76,17.47,113.73,2.27,17.8,71.8,Inox,Filetare,333,1,Supraincalzire
56,Tarod,TAROD M10 ISO2,2886,208.86,2.06,14.06,89.16,3.71,59.9,65.65,Otel,Filetare,144,1,Uzura excesiva
151,Tarod,TAROD M10 ISO2,4180,889.26,0.23,17.1,60.63,3.81,52.6,72.08,Aluminiu,Filetare,349,1,Vibratii
85,Burghiu,HSS DRILL Ø6,5600,704.77,2.35,12.92,85.46,4.46,45.5,69.23,Inox,Gaurire,468,1,Uzura excesiva
532,Burghiu,CARBIDE DRILL Ø12,5497,275.22,1.27,7.63,60.2,6.38,27.6,66.52,Otel,Gaurire,290,1,Vibratii
581,Placuta amovibila,CNMG120408,2860,843.22,2.79,13.4,66.58,0.93,0.5,73.06,Inox,Strunjire,302,0,Niciunul
418,Placuta amovibila,CNMG120408,2515,995.15,2.23,11.5,82.84,3.41,49.3,74.36,Inox,Strunjire,205,1,Uzura excesiva
446,Tarod,TAROD M10 ISO2,4026,891.47,1.07,15.72,48.14,0.93,11.3,69.86,Inox,Filetare,192,0,Niciunul
379,Placuta amovibila,CNMG120408,3457,1002.34,0.11,17.97,69.39,2.51,59.4,66.4,Inox,Strunjire,199,1,Uzura excesiva
314,Placuta amovibila,WNMG080408,3910,907.52,0.13,14.6,89.38,3.87,49.4,67.26,Aluminiu,Strunjire,342,1,Vibratii
166,Placuta amovibila,CNMG120408,3552,590.82,1.48,17.62,89.38,3.04,66.6,71.08,Inox,Strunjire,41,1,Uzura excesiva
298,Freza,FREZA HSS Ø8 2F,3442,966.15,2.19,15.38,94.91,3.02,18.3,74.55,Otel,Frezare,420,1,Supraincalzire
590,Freza,FREZA HSS Ø8 2F,1968,761.34,0.61,14.52,55.19,7.8,29.2,72.92,Otel,Frezare,144,1,Vibratii
306,Burghiu,CARBIDE DRILL Ø12,4061,454.27,1.66,10.82,85.51,3.31,67.7,66.46,Otel,Gaurire,3,1,Uzura excesiva
131,Tarod,TAROD M10 ISO2,3648,606.35,2.01,17.47,53.47,7.32,50.2,67.51,Aluminiu,Filetare,449,1,Vibratii
578,Freza,FREZA CARBURA Ø10 4F,1589,1125.97,0.74,17.76,76.43,2.73,41.6,68.92,Inox,Frezare,181,1,Uzura excesiva
508,Freza,FREZA HSS Ø8 2F,2653,590.64,0.65,15.12,80.54,1.83,12.6,74.32,Aluminiu,Frezare,222,1,Supraincalzire
385,Burghiu,CARBIDE DRILL Ø12,3971,419.49,2.3,11.33,93.53,3.79,13.5,73.68,Inox,Gaurire,421,1,Supraincalzire
540,Freza,FREZA HSS Ø8 2F,3357,1106.46,0.16,7.57,96.56,1.2,16.6,73.99,Otel,Frezare,212,1,Supraincalzire
355,Burghiu,CARBIDE DRILL Ø12,1883,237.11,1.23,18.32,37.14,1.47,16.0,65.44,Aluminiu,Gaurire,186,0,Niciunul
71,Freza,FREZA CARBURA Ø10 4F,5898,961.18,1.73,14.91,76.82,9.0,58.9,73.73,Inox,Frezare,18,1,Vibratii
286,Burghiu,HSS DRILL Ø6,4756,452.63,2.93,6.25,68.38,1.1,13.0,70.34,Inox,Gaurire,9,0,Niciunul
494,Burghiu,HSS DRILL Ø6,2641,787.18,1.87,19.32,72.57,6.09,45.6,72.42,Inox,Gaurire,260,1,Vibratii
547,Burghiu,CARBIDE DRILL Ø12,2793,350.81,1.26,10.79,45.9,0.68,17.1,68.34,Otel,Gaurire,69,0,Niciunul
378,Burghiu,CARBIDE DRILL Ø12,1773,549.68,1.97,19.94,113.72,0.69,23.4,74.75,Otel,Gaurire,79,1,Supraincalzire
198,Placuta amovibila,WNMG080408,2550,1163.26,1.98,14.54,51.21,1.54,13.2,60.29,Inox,Strunjire,265,0,Niciunul
261,Placuta amovibila,WNMG080408,1840,1130.27,2.49,6.3,46.45,0.56,4.9,74.19,Otel,Strunjire,18,0,Niciunul
14,Placuta amovibila,CNMG120408,5744,646.0,2.26,19.58,64.31,1.61,13.6,71.44,Inox,Strunjire,278,0,Niciunul
301,Freza,FREZA HSS Ø8 2F,5207,797.89,2.09,15.21,85.88,2.3,21.6,66.24,Aluminiu,Frezare,337,1,Supraincalzire
444,Burghiu,CARBIDE DRILL Ø12,1769,804.26,2.03,14.62,45.46,1.27,7.6,69.26,Otel,Gaurire,374,0,Niciunul
575,Tarod,TAROD M10 ISO2,1530,329.0,0.5,8.06,56.59,0.84,14.0,65.77,Aluminiu,Filetare,89,0,Niciunul
36,Placuta amovibila,CNMG120408,3361,285.11,1.15,9.97,75.55,11.73,43.8,73.27,Aluminiu,Strunjire,127,1,Vibratii
3,Freza,FREZA HSS Ø8 2F,3912,350.44,2.31,6.09,50.44,0.64,2.4,60.05,Inox,Frezare,427,0,Niciunul
475,Burghiu,HSS DRILL Ø6,5850,811.26,0.33,7.46,58.4,2.92,64.9,62.85,Inox,Gaurire,454,1,Uzura excesiva
382,Burghiu,HSS DRILL Ø6,5181,841.62,1.8,5.54,80.47,8.19,26.3,70.52,Otel,Gaurire,177,1,Vibratii
50,Placuta amovibila,WNMG080408,5875,785.18,1.78,16.8,67.88,0.69,18.5,70.66,Inox,Strunjire,190,0,Niciunul
379,Freza,FREZA HSS Ø8 2F,5107,354.34,1.05,15.67,41.55,0.8,5.3,71.18,Otel,Frezare,360,0,Niciunul
562,Tarod,TAROD M10 ISO2,2756,1132.56,0.11,13.32,76.27,3.81,49.1,67.95,Otel,Filetare,498,1,Uzura excesiva
486,Placuta amovibila,CNMG120408,4227,566.22,2.87,10.69,57.2,4.9,61.8,62.88,Aluminiu,Strunjire,87,1,Niciunul
57,Burghiu,HSS DRILL Ø6,3473,872.63,0.32,7.17,64.62,1.91,10.1,60.71,Inox,Gaurire,106,0,Niciunul
210,Placuta amovibila,CNMG120408,3677,678.24,0.17,11.99,69.97,1.25,9.3,65.8,Inox,Strunjire,321,0,Niciunul
139,Tarod,TAROD M10 ISO2,1501,706.65,1.07,15.41,35.5,0.83,15.0,63.14,Aluminiu,Filetare,108,0,Niciunul
63,Placuta amovibila,CNMG120408,4697,829.88,0.53,18.85,55.41,0.53,14.5,71.46,Inox,Strunjire,241,0,Niciunul
476,Placuta amovibila,CNMG120408,5899,249.39,0.62,19.92,85.4,9.97,48.6,63.62,Aluminiu,Strunjire,354,1,Vibratii
66,Tarod,TAROD M10 ISO2,3184,580.39,2.17,17.43,63.06,0.6,18.5,62.62,Otel,Filetare,232,0,Niciunul
287,Burghiu,HSS DRILL Ø6,4837,1183.26,0.16,16.21,58.6,1.02,8.3,71.67,Aluminiu,Gaurire,276,0,Niciunul
296,Burghiu,CARBIDE DRILL Ø12,2611,331.97,2.6,8.9,82.09,3.85,23.5,62.56,Inox,Gaurire,212,1,Supraincalzire
517,Freza,FREZA CARBURA Ø10 4F,4442,1121.83,0.48,15.7,66.19,1.25,9.6,72.58,Aluminiu,Frezare,190,0,Niciunul
343,Freza,FREZA HSS Ø8 2F,5586,1028.34,0.57,10.76,58.88,0.94,9.2,62.27,Inox,Frezare,347,0,Niciunul
134,Freza,FREZA CARBURA Ø10 4F,3993,652.09,0.63,14.38,38.24,1.02,8.8,71.03,Aluminiu,Frezare,165,0,Niciunul
12,Freza,FREZA CARBURA Ø10 4F,5131,293.4,1.53,17.69,88.78,1.89,21.1,67.09,Aluminiu,Frezare,430,1,Supraincalzire
455,Burghiu,CARBIDE DRILL Ø12,2260,233.31,3.0,15.47,41.18,1.1,10.9,73.21,Aluminiu,Gaurire,302,0,Niciunul
152,Placuta amovibila,CNMG120408,3563,891.69,1.48,11.7,48.94,0.79,13.0,63.7,Inox,Strunjire,406,0,Niciunul
359,Burghiu,HSS DRILL Ø6,4748,715.31,0.87,19.08,72.68,5.4,43.2,73.82,Aluminiu,Gaurire,48,1,Vibratii
599,Burghiu,HSS DRILL Ø6,3812,1187.55,2.65,11.71,41.04,1.56,6.4,64.93,Aluminiu,Gaurire,319,0,Niciunul
430,Placuta amovibila,CNMG120408,5509,216.22,1.13,15.72,65.7,1.24,7.8,64.29,Inox,Strunjire,370,0,Niciunul
592,Tarod,TAROD M10 ISO2,3573,531.4,1.0,5.25,75.06,7.19,57.4,70.35,Inox,Filetare,138,1,Vibratii
597,Freza,FREZA HSS Ø8 2F,4393,634.34,0.32,18.2,41.55,0.82,16.5,73.17,Inox,Frezare,482,0,Niciunul
393,Placuta amovibila,CNMG120408,4016,1162.16,1.26,6.4,57.25,1.42,63.4,63.06,Otel,Strunjire,385,1,Uzura excesiva
118,Placuta amovibila,WNMG080408,3694,963.52,0.31,17.71,46.81,1.52,9.8,70.15,Aluminiu,Strunjire,122,0,Niciunul
356,Placuta amovibila,CNMG120408,2660,295.13,2.37,19.78,63.42,1.14,2.2,64.79,Aluminiu,Strunjire,122,0,Niciunul
334,Burghiu,HSS DRILL Ø6,3421,777.66,2.78,16.98,64.59,1.85,8.6,74.51,Aluminiu,Gaurire,33,0,Niciunul
243,Placuta amovibila,WNMG080408,4599,679.14,2.61,12.51,35.89,0.56,17.6,72.85,Aluminiu,Strunjire,313,0,Niciunul
538,Burghiu,HSS DRILL Ø6,1555,342.96,0.82,14.82,52.23,0.51,17.2,63.33,Inox,Gaurire,327,0,Niciunul
356,Burghiu,HSS DRILL Ø6,3865,865.05,0.78,10.3,51.51,9.29,48.2,63.2,Inox,Gaurire,333,1,Vibratii
310,Tarod,TAROD M10 ISO2,5967,482.75,2.13,16.02,38.33,1.04,7.5,69.55,Inox,Filetare,286,0,Niciunul
288,Burghiu,HSS DRILL Ø6,5530,560.89,0.94,10.25,46.67,1.75,5.1,65.73,Inox,Gaurire,500,0,Niciunul
94,Freza,FREZA CARBURA Ø10 4F,4402,603.31,2.02,8.46,75.46,1.98,47.8,66.78,Aluminiu,Frezare,246,1,Uzura excesiva
276,Tarod,TAROD M10 ISO2,3750,706.05,0.16,6.6,39.15,0.59,7.2,70.81,Otel,Filetare,388,0,Niciunul
181,Tarod,TAROD M10 ISO2,4974,1134.45,0.61,17.44,44.49,1.65,3.5,69.11,Inox,Filetare,297,0,Niciunul
409,Placuta amovibila,CNMG120408,4855,1092.69,1.24,12.18,42.77,1.12,6.8,73.54,Inox,Strunjire,56,0,Niciunul
25,Placuta amovibila,WNMG080408,4331,294.4,0.93,13.25,62.47,1.96,11.3,70.26,Aluminiu,Strunjire,284,0,Niciunul
183,Placuta amovibila,CNMG120408,4466,1149.96,2.25,19.66,77.18,4.49,40.4,67.95,Otel,Strunjire,365,1,Uzura excesiva
147,Freza,FREZA HSS Ø8 2F,2437,1076.95,0.85,16.04,88.16,5.5,41.6,62.65,Otel,Frezare,465,1,Vibratii
405,Freza,FREZA HSS Ø8 2F,4882,242.53,1.89,8.03,47.62,1.02,3.7,64.71,Inox,Frezare,349,0,Niciunul
146,Burghiu,CARBIDE DRILL Ø12,5364,409.48,0.93,8.14,56.25,5.61,33.7,61.84,Aluminiu,Gaurire,148,1,Vibratii
542,Burghiu,CARBIDE DRILL Ø12,1756,1151.7,0.61,13.21,68.85,3.91,55.8,63.29,Otel,Gaurire,270,1,Uzura excesiva
199,Burghiu,CARBIDE DRILL Ø12,3278,1169.13,2.01,14.31,81.01,7.4,33.5,70.88,Aluminiu,Gaurire,141,1,Vibratii
95,Burghiu,CARBIDE DRILL Ø12,4969,447.63,2.15,11.83,80.13,3.37,54.1,62.34,Aluminiu,Gaurire,71,1,Uzura excesiva
208,Burghiu,CARBIDE DRILL Ø12,3321,570.98,0.23,16.28,63.37,1.24,8.7,62.93,Otel,Gaurire,253,0,Niciunul
318,Placuta amovibila,WNMG080408,2895,311.43,1.71,17.73,53.02,1.19,7.6,70.5,Inox,Strunjire,459,0,Niciunul
473,Tarod,TAROD M10 ISO2,3580,1199.96,0.6,5.92,47.07,0.69,9.1,65.12,Inox,Filetare,276,0,Niciunul
302,Tarod,TAROD M10 ISO2,5471,813.92,2.47,10.04,99.26,0.67,33.0,60.45,Aluminiu,Filetare,372,1,Supraincalzire
213,Placuta amovibila,CNMG120408,4421,247.04,0.71,9.6,65.91,1.89,6.3,69.35,Inox,Strunjire,230,0,Niciunul
433,Placuta amovibila,WNMG080408,3167,283.46,2.63,18.52,68.08,4.47,27.7,72.22,Inox,Strunjire,191,1,Vibratii
389,Burghiu,HSS DRILL Ø6,3280,667.28,1.8,15.37,72.37,6.26,53.9,63.93,Otel,Gaurire,498,1,Vibratii
41,Freza,FREZA HSS Ø8 2F,3143,264.06,2.72,9.73,105.48,1.71,17.2,70.03,Inox,Frezare,246,1,Supraincalzire
450,Freza,FREZA CARBURA Ø10 4F,2505,611.28,1.57,8.29,103.56,1.15,18.4,63.78,Aluminiu,Frezare,140,1,Supraincalzire
146,Freza,FREZA CARBURA Ø10 4F,3873,551.64,2.51,9.17,62.85,4.34,52.4,65.22,Inox,Frezare,292,1,Vibratii
218,Placuta amovibila,CNMG120408,1814,891.6,0.92,18.0,58.08,4.94,46.9,74.64,Aluminiu,Strunjire,233,1,Uzura excesiva
348,Placuta amovibila,CNMG120408,5121,1079.71,2.05,16.98,83.3,9.45,47.8,64.23,Inox,Strunjire,194,1,Vibratii
498,Burghiu,CARBIDE DRILL Ø12,3940,854.57,2.38,5.48,45.09,0.93,14.7,61.92,Otel,Gaurire,130,0,Niciunul
400,Freza,FREZA HSS Ø8 2F,3783,267.67,0.43,6.0,88.26,2.98,78.0,60.77,Otel,Frezare,397,1,Uzura excesiva
544,Burghiu,CARBIDE DRILL Ø12,3805,319.14,2.36,13.49,61.44,1.78,1.8,71.29,Aluminiu,Gaurire,210,0,Niciunul
589,Tarod,TAROD M10 ISO2,2731,994.67,2.34,14.25,48.49,0.68,2.1,70.27,Aluminiu,Filetare,42,0,Niciunul
580,Placuta amovibila,CNMG120408,1561,533.98,2.85,16.55,72.78,4.32,60.0,61.17,Otel,Strunjire,469,1,Uzura excesiva
158,Freza,FREZA HSS Ø8 2F,1647,561.1,1.55,12.9,63.05,1.62,5.9,72.11,Aluminiu,Frezare,192,0,Niciunul
263,Placuta amovibila,WNMG080408,3841,200.22,0.67,15.66,66.5,6.45,34.1,65.0,Inox,Strunjire,63,1,Niciunul
388,Burghiu,HSS DRILL Ø6,2914,952.08,2.67,5.6,65.19,3.74,65.3,70.36,Inox,Gaurire,375,1,Niciunul
48,Freza,FREZA CARBURA Ø10 4F,2309,437.27,0.17,12.32,88.72,3.36,74.3,66.91,Inox,Frezare,59,1,Uzura excesiva
57,Placuta amovibila,WNMG080408,4177,244.59,0.13,6.07,65.28,8.62,25.6,63.21,Otel,Strunjire,269,1,Vibratii
447,Burghiu,CARBIDE DRILL Ø12,5288,287.5,2.84,6.24,51.41,4.96,37.5,60.27,Inox,Gaurire,320,1,Vibratii
110,Burghiu,CARBIDE DRILL Ø12,4025,527.09,2.92,8.54,51.76,0.75,0.5,66.87,Otel,Gaurire,181,0,Niciunul
186,Tarod,TAROD M10 ISO2,4238,682.96,0.66,13.83,63.73,1.51,1.5,61.06,Inox,Filetare,71,0,Niciunul
44,Placuta amovibila,WNMG080408,5796,460.05,0.12,11.0,63.67,1.76,14.7,68.48,Aluminiu,Strunjire,27,0,Niciunul
246,Burghiu,CARBIDE DRILL Ø12,5064,1084.85,2.36,17.54,83.71,6.25,38.6,62.63,Aluminiu,Gaurire,409,1,Vibratii
366,Burghiu,HSS DRILL Ø6,4970,338.36,1.54,8.7,114.22,3.26,11.2,65.04,Aluminiu,Gaurire,342,1,Supraincalzire
361,Placuta amovibila,WNMG080408,5021,1140.72,1.21,9.55,51.79,0.85,6.0,67.8,Inox,Strunjire,239,0,Niciunul
104,Tarod,TAROD M10 ISO2,4018,848.41,1.17,13.53,84.64,3.93,75.9,64.78,Otel,Filetare,498,1,Uzura excesiva
138,Placuta amovibila,WNMG080408,4339,1166.4,1.72,17.65,65.63,1.61,0.2,68.38,Aluminiu,Strunjire,451,0,Niciunul
5,Burghiu,HSS DRILL Ø6,2115,359.48,2.03,10.04,62.59,9.32,27.2,64.24,Otel,Gaurire,118,1,Vibratii
4,Freza,FREZA HSS Ø8 2F,3149,994.29,1.81,15.51,111.23,2.88,10.5,71.2,Aluminiu,Frezare,325,1,Supraincalzire
397,Tarod,TAROD M10 ISO2,3156,214.01,2.57,10.36,51.04,2.74,71.9,69.2,Otel,Filetare,372,1,Uzura excesiva
98,Freza,FREZA CARBURA Ø10 4F,5158,389.17,2.04,10.57,48.93,1.86,15.9,70.16,Otel,Frezare,101,0,Niciunul
33,Placuta amovibila,CNMG120408,3809,554.54,1.32,18.45,63.12,1.29,51.7,71.36,Aluminiu,Strunjire,130,1,Uzura excesiva
61,Burghiu,HSS DRILL Ø6,3802,226.69,0.51,8.23,51.86,1.56,18.0,71.78,Otel,Gaurire,442,0,Niciunul
381,Placuta amovibila,CNMG120408,2356,960.61,2.75,13.59,54.98,1.68,59.6,73.35,Otel,Strunjire,37,1,Uzura excesiva
508,Placuta amovibila,WNMG080408,2012,595.24,0.27,19.22,79.3,11.74,33.5,73.01,Otel,Strunjire,205,1,Vibratii
115,Freza,FREZA CARBURA Ø10 4F,3479,695.74,1.89,16.65,38.63,1.62,18.8,73.42,Inox,Frezare,419,0,Niciunul
483,Tarod,TAROD M10 ISO2,3286,884.6,0.53,9.94,56.31,9.25,42.1,61.3,Aluminiu,Filetare,235,1,Vibratii
331,Burghiu,HSS DRILL Ø6,4589,667.5,2.94,9.3,59.86,1.24,6.0,71.82,Aluminiu,Gaurire,439,0,Niciunul
252,Burghiu,HSS DRILL Ø6,4329,990.14,2.13,9.53,37.8,1.74,17.3,60.65,Otel,Gaurire,429,0,Niciunul
575,Placuta amovibila,CNMG120408,2072,1128.12,2.84,13.35,83.59,3.3,36.0,61.25,Inox,Strunjire,332,1,Vibratii
462,Burghiu,HSS DRILL Ø6,4162,400.8,2.13,15.65,69.13,1.67,6.7,67.01,Otel,Gaurire,123,0,Niciunul
167,Burghiu,CARBIDE DRILL Ø12,1960,269.34,1.6,12.44,68.33,1.2,17.0,62.34,Otel,Gaurire,173,0,Niciunul
24,Tarod,TAROD M10 ISO2,2487,1156.85,1.64,13.94,62.2,2.02,50.7,71.99,Aluminiu,Filetare,495,1,Uzura excesiva
323,Burghiu,CARBIDE DRILL Ø12,4540,922.24,0.83,10.46,62.23,1.67,5.6,74.45,Aluminiu,Gaurire,90,0,Niciunul
436,Tarod,TAROD M10 ISO2,5716,1164.82,1.34,5.63,78.33,1.09,67.4,61.17,Aluminiu,Filetare,25,1,Uzura excesiva
508,Freza,FREZA CARBURA Ø10 4F,2442,215.86,2.85,17.38,103.83,3.46,18.5,70.96,Aluminiu,Frezare,44,1,Supraincalzire
340,Freza,FREZA CARBURA Ø10 4F,5288,537.41,1.81,16.29,56.12,1.09,0.6,71.0,Inox,Frezare,131,0,Niciunul
230,Burghiu,CARBIDE DRILL Ø12,3924,1019.65,1.99,9.3,93.05,3.09,37.4,61.44,Inox,Gaurire,266,1,Supraincalzire
444,Freza,FREZA HSS Ø8 2F,3430,1150.65,0.44,19.28,71.01,6.38,57.9,63.28,Aluminiu,Frezare,230,1,Vibratii
457,Tarod,TAROD M10 ISO2,2266,821.71,0.61,12.48,102.15,1.85,22.7,67.13,Otel,Filetare,168,1,Supraincalzire
142,Burghiu,HSS DRILL Ø6,2787,304.11,2.2,6.59,62.93,1.03,14.4,69.94,Aluminiu,Gaurire,310,0,Niciunul
483,Placuta amovibila,WNMG080408,4077,822.94,0.16,15.08,85.1,1.38,12.2,64.21,Otel,Strunjire,431,1,Supraincalzire
426,Placuta amovibila,WNMG080408,1601,776.09,2.48,16.64,74.88,5.04,45.5,72.97,Aluminiu,Strunjire,304,1,Vibratii
500,Freza,FREZA CARBURA Ø10 4F,2701,553.99,2.83,13.96,111.66,1.29,14.2,68.15,Otel,Frezare,272,1,Supraincalzire
3,Tarod,TAROD M10 ISO2,2695,802.53,2.18,14.44,101.68,1.11,27.4,70.53,Otel,Filetare,479,1,Supraincalzire
470,Freza,FREZA CARBURA Ø10 4F,2454,361.44,0.9,18.93,61.01,1.23,18.2,64.95,Otel,Frezare,428,0,Niciunul
586,Freza,FREZA HSS Ø8 2F,2274,705.85,2.93,16.16,37.52,0.99,11.0,63.63,Otel,Frezare,140,0,Niciunul
444,Placuta amovibila,CNMG120408,4062,1009.37,2.68,17.92,69.34,1.41,19.5,72.22,Aluminiu,Strunjire,236,0,Niciunul
459,Tarod,TAROD M10 ISO2,4895,1182.03,1.62,12.44,69.82,0.58,15.5,69.17,Inox,Filetare,104,0,Niciunul
373,Placuta amovibila,CNMG120408,4902,509.01,0.81,9.18,72.86,9.02,31.7,63.59,Otel,Strunjire,31,1,Vibratii
285,Burghiu,HSS DRILL Ø6,4341,674.44,1.98,12.57,36.27,1.02,16.0,72.44,Inox,Gaurire,241,0,Niciunul
473,Burghiu,CARBIDE DRILL Ø12,2902,741.85,0.16,6.1,116.83,2.67,39.2,74.82,Otel,Gaurire,86,1,Niciunul
186,Freza,FREZA CARBURA Ø10 4F,3321,685.5,1.03,17.03,54.37,4.52,62.3,73.8,Aluminiu,Frezare,329,1,Uzura excesiva
133,Freza,FREZA CARBURA Ø10 4F,2813,289.42,1.06,12.96,80.09,8.1,31.8,61.59,Aluminiu,Frezare,181,1,Vibratii
436,Freza,FREZA CARBURA Ø10 4F,2824,866.9,1.79,12.02,69.35,0.97,10.0,69.75,Aluminiu,Frezare,189,0,Niciunul
48,Freza,FREZA HSS Ø8 2F,2109,263.87,2.44,16.29,50.02,1.6,10.1,61.38,Inox,Frezare,271,0,Niciunul
170,Burghiu,CARBIDE DRILL Ø12,3821,593.15,1.15,12.74,55.63,1.87,5.6,73.5,Aluminiu,Gaurire,48,0,Niciunul
9,Freza,FREZA CARBURA Ø10 4F,5827,264.53,2.52,6.81,51.04,1.42,8.0,71.55,Otel,Frezare,56,0,Niciunul
26,Burghiu,CARBIDE DRILL Ø12,5877,523.79,2.12,12.23,41.32,0.61,14.5,67.61,Otel,Gaurire,483,0,Niciunul
125,Burghiu,HSS DRILL Ø6,1696,1138.5,0.49,16.59,114.62,1.85,37.0,69.22,Aluminiu,Gaurire,219,1,Supraincalzire
359,Placuta amovibila,WNMG080408,3040,861.58,0.59,19.79,113.74,3.63,35.2,64.59,Aluminiu,Strunjire,209,1,Supraincalzire
598,Placuta amovibila,WNMG080408,4434,363.34,0.15,18.12,86.8,6.49,58.9,65.19,Aluminiu,Strunjire,406,1,Niciunul
383,Burghiu,HSS DRILL Ø6,5932,283.15,1.29,19.61,54.36,1.09,1.4,65.31,Aluminiu,Gaurire,446,0,Niciunul
253,Placuta amovibila,WNMG080408,5332,641.46,2.4,12.81,52.37,0.72,11.4,71.65,Aluminiu,Strunjire,39,0,Niciunul
278,Placuta amovibila,CNMG120408,5399,1135.45,2.26,7.95,42.1,0.81,8.0,67.52,Otel,Strunjire,366,0,Niciunul
272,Freza,FREZA HSS Ø8 2F,3897,645.11,2.95,19.52,80.78,11.04,31.5,69.38,Aluminiu,Frezare,98,1,Vibratii
365,Burghiu,CARBIDE DRILL Ø12,4241,668.47,1.49,18.51,47.77,1.35,11.1,70.12,Otel,Gaurire,41,0,Niciunul
464,Burghiu,CARBIDE DRILL Ø12,3140,963.37,2.92,8.04,39.78,1.45,3.0,66.11,Inox,Gaurire,192,0,Niciunul
361,Placuta amovibila,CNMG120408,5172,556.64,0.73,5.43,59.63,9.04,47.1,63.29,Inox,Strunjire,420,1,Vibratii
161,Placuta amovibila,WNMG080408,1916,1115.64,1.71,12.04,64.87,1.99,14.9,69.1,Aluminiu,Strunjire,310,0,Niciunul
482,Placuta amovibila,WNMG080408,3008,765.23,1.98,15.86,52.11,1.06,14.6,68.33,Aluminiu,Strunjire,343,0,Niciunul
534,Freza,FREZA HSS Ø8 2F,5330,1017.78,2.07,8.19,88.99,3.18,18.6,60.38,Aluminiu,Frezare,198,1,Supraincalzire
494,Freza,FREZA HSS Ø8 2F,4577,885.84,0.78,5.58,90.21,2.78,34.9,66.9,Inox,Frezare,83,1,Supraincalzire
353,Freza,FREZA HSS Ø8 2F,2012,1179.53,2.03,19.02,88.74,2.44,16.5,61.96,Otel,Frezare,80,1,Niciunul
389,Placuta amovibila,CNMG120408,5871,945.45,0.53,17.55,81.57,2.74,15.0,65.16,Inox,Strunjire,106,1,Supraincalzire
229,Tarod,TAROD M10 ISO2,3442,575.15,0.63,6.28,97.84,3.49,37.7,70.5,Inox,Filetare,499,1,Supraincalzire
274,Burghiu,CARBIDE DRILL Ø12,1781,966.37,0.67,11.07,51.97,1.78,4.7,68.53,Aluminiu,Gaurire,113,0,Niciunul
237,Freza,FREZA CARBURA Ø10 4F,2821,1139.89,1.37,12.32,40.46,1.24,6.9,69.31,Aluminiu,Frezare,61,0,Niciunul
108,Burghiu,CARBIDE DRILL Ø12,4141,1126.12,2.78,8.76,119.33,0.76,30.0,65.92,Otel,Gaurire,362,1,Supraincalzire
250,Burghiu,CARBIDE DRILL Ø12,4159,454.77,2.57,16.64,62.24,0.53,2.9,67.67,Inox,Gaurire,207,0,Niciunul
46,Burghiu,HSS DRILL Ø6,5595,551.55,1.03,6.07,88.15,11.26,24.9,64.04,Aluminiu,Gaurire,55,1,Vibratii
560,Freza,FREZA CARBURA Ø10 4F,2413,755.12,1.75,7.2,53.17,4.45,48.8,71.35,Otel,Frezare,169,1,Niciunul
344,Placuta amovibila,WNMG080408,1521,532.3,2.45,15.02,36.84,1.01,4.6,64.34,Inox,Strunjire,156,0,Niciunul
271,Placuta amovibila,CNMG120408,4461,1084.57,1.36,10.34,47.0,0.66,2.5,74.44,Aluminiu,Strunjire,383,0,Niciunul
432,Burghiu,HSS DRILL Ø6,5981,1018.05,2.89,14.07,88.92,2.99,51.0,74.0,Aluminiu,Gaurire,228,1,Uzura excesiva
21,Freza,FREZA HSS Ø8 2F,1818,861.83,1.23,8.3,38.85,1.3,12.0,66.61,Inox,Frezare,256,0,Niciunul
158,Placuta amovibila,CNMG120408,2590,500.86,0.7,18.3,59.68,8.6,30.9,64.52,Otel,Strunjire,54,1,Vibratii
153,Freza,FREZA CARBURA Ø10 4F,5038,416.95,0.78,14.18,85.97,1.85,37.8,64.15,Inox,Frezare,7,1,Supraincalzire
45,Burghiu,CARBIDE DRILL Ø12,5185,427.28,1.77,18.03,37.55,1.94,3.4,65.68,Inox,Gaurire,363,0,Niciunul
156,Freza,FREZA HSS Ø8 2F,3114,717.45,0.27,10.97,102.74,3.74,36.6,67.68,Otel,Frezare,86,1,Supraincalzire
285,Burghiu,CARBIDE DRILL Ø12,3103,776.88,2.14,14.81,56.16,4.3,45.7,71.48,Inox,Gaurire,242,1,Uzura excesiva
407,Placuta amovibila,WNMG080408,4471,1087.39,1.89,15.08,62.37,0.98,15.9,62.25,Otel,Strunjire,322,0,Niciunul
526,Freza,FREZA HSS Ø8 2F,1856,396.07,2.6,13.71,75.55,3.41,40.2,71.71,Inox,Frezare,355,1,Uzura excesiva
77,Burghiu,HSS DRILL Ø6,5774,563.09,0.53,11.28,88.07,8.98,53.5,65.49,Otel,Gaurire,59,1,Vibratii
247,Burghiu,HSS DRILL Ø6,2095,727.99,0.25,13.94,80.75,2.41,33.6,71.39,Otel,Gaurire,412,1,Supraincalzire
355,Placuta amovibila,CNMG120408,3774,575.87,0.85,15.99,74.64,4.38,35.2,72.0,Inox,Strunjire,252,1,Vibratii
125,Placuta amovibila,WNMG080408,2327,713.37,1.98,10.39,49.78,1.89,3.5,73.28,Aluminiu,Strunjire,416,0,Niciunul
2,Burghiu,HSS DRILL Ø6,1657,791.73,0.65,6.07,58.94,1.24,67.0,68.82,Inox,Gaurire,495,1,Uzura excesiva
119,Freza,FREZA CARBURA Ø10 4F,5110,873.94,2.4,19.77,117.48,1.33,32.6,74.02,Otel,Frezare,211,1,Niciunul
17,Burghiu,HSS DRILL Ø6,5439,334.67,2.25,8.92,50.73,2.51,68.8,63.66,Aluminiu,Gaurire,399,1,Uzura excesiva
458,Placuta amovibila,CNMG120408,1761,858.04,1.86,8.04,47.35,0.93,10.6,65.46,Otel,Strunjire,311,0,Niciunul
258,Freza,FREZA CARBURA Ø10 4F,3074,1114.49,1.65,19.87,52.58,4.2,51.2,61.93,Inox,Frezare,33,1,Vibratii
134,Placuta amovibila,WNMG080408,2724,1169.12,2.04,9.84,42.4,0.62,12.9,61.12,Inox,Strunjire,146,0,Niciunul
100,Burghiu,CARBIDE DRILL Ø12,1883,400.62,1.71,16.24,40.2,0.94,2.0,62.78,Inox,Gaurire,210,0,Niciunul
242,Freza,FREZA CARBURA Ø10 4F,5678,375.69,2.76,14.68,119.29,3.96,11.9,63.0,Otel,Frezare,414,1,Supraincalzire
263,Freza,FREZA HSS Ø8 2F,4142,340.67,2.34,17.63,80.9,3.02,30.5,62.84,Aluminiu,Frezare,125,1,Supraincalzire
370,Tarod,TAROD M10 ISO2,4442,773.24,1.09,6.71,61.45,1.99,18.9,62.2,Inox,Filetare,434,0,Niciunul
464,Freza,FREZA HSS Ø8 2F,2022,344.76,2.32,11.96,95.4,2.35,13.6,63.42,Otel,Frezare,163,1,Supraincalzire
149,Freza,FREZA CARBURA Ø10 4F,1684,1141.97,0.53,15.23,83.04,6.12,23.5,65.0,Aluminiu,Frezare,25,1,Vibratii
312,Freza,FREZA CARBURA Ø10 4F,5933,1006.39,1.47,8.86,58.58,1.62,2.2,69.42,Inox,Frezare,297,0,Niciunul
537,Burghiu,CARBIDE DRILL Ø12,2517,889.21,2.58,15.97,49.98,1.53,17.4,62.16,Inox,Gaurire,208,0,Niciunul
325,Burghiu,HSS DRILL Ø6,4404,849.28,1.69,7.09,37.25,0.85,19.9,74.54,Inox,Gaurire,272,0,Niciunul
133,Burghiu,HSS DRILL Ø6,2696,780.97,2.51,19.09,119.19,2.62,28.1,66.65,Aluminiu,Gaurire,388,1,Supraincalzire
162,Burghiu,HSS DRILL Ø6,4565,311.1,1.63,15.86,49.02,0.53,3.5,65.38,Aluminiu,Gaurire,305,0,Niciunul
584,Burghiu,HSS DRILL Ø6,2103,313.21,1.25,6.52,63.2,4.59,51.0,70.82,Inox,Gaurire,474,1,Uzura excesiva
291,Placuta amovibila,WNMG080408,2742,333.43,2.85,10.9,53.64,1.23,47.7,63.66,Otel,Strunjire,316,1,Uzura excesiva
367,Burghiu,HSS DRILL Ø6,1682,883.16,2.55,9.59,99.25,3.16,11.2,73.01,Otel,Gaurire,122,1,Supraincalzire
151,Placuta amovibila,CNMG120408,3664,1179.05,1.54,13.82,97.31,1.55,33.6,74.01,Otel,Strunjire,449,1,Supraincalzire
553,Placuta amovibila,CNMG120408,5509,249.58,1.84,16.31,62.92,1.99,19.8,68.59,Inox,Strunjire,255,0,Niciunul
470,Tarod,TAROD M10 ISO2,1966,1011.85,1.13,9.13,44.95,0.55,15.0,62.29,Aluminiu,Filetare,5,0,Niciunul
552,Placuta amovibila,WNMG080408,1832,701.0,2.81,12.59,57.18,1.46,63.3,60.01,Otel,Strunjire,359,1,Uzura excesiva
187,Tarod,TAROD M10 ISO2,4665,1161.87,0.18,13.01,86.1,4.38,62.4,68.6,Otel,Filetare,346,1,Uzura excesiva
23,Burghiu,CARBIDE DRILL Ø12,5936,553.33,2.42,5.59,84.82,1.53,24.9,70.29,Aluminiu,Gaurire,433,1,Supraincalzire
325,Placuta amovibila,WNMG080408,1894,319.9,0.87,18.74,118.34,3.45,19.5,71.14,Aluminiu,Strunjire,492,1,Supraincalzire
197,Freza,FREZA CARBURA Ø10 4F,2307,1043.84,0.89,13.58,69.84,1.03,17.3,70.1,Inox,Frezare,438,0,Niciunul
124,Burghiu,HSS DRILL Ø6,4331,559.94,1.4,7.35,52.29,0.79,19.7,63.66,Inox,Gaurire,205,0,Niciunul
93,Burghiu,HSS DRILL Ø6,5829,696.03,0.71,12.57,100.66,1.46,25.9,61.32,Aluminiu,Gaurire,138,1,Niciunul
490,Freza,FREZA CARBURA Ø10 4F,2098,214.05,2.4,7.49,108.68,2.2,21.0,74.73,Inox,Frezare,323,1,Supraincalzire
168,Freza,FREZA HSS Ø8 2F,3470,1177.74,2.74,15.86,76.62,4.47,38.5,74.93,Inox,Frezare,418,1,Vibratii
64,Freza,FREZA CARBURA Ø10 4F,5842,440.41,0.39,11.34,44.48,1.85,0.3,68.01,Otel,Frezare,15,0,Niciunul
412,Placuta amovibila,WNMG080408,2059,927.38,0.43,6.24,62.39,1.31,19.4,72.49,Aluminiu,Strunjire,380,0,Niciunul
504,Placuta amovibila,WNMG080408,5611,751.46,2.71,17.53,79.23,6.26,51.7,60.78,Otel,Strunjire,85,1,Vibratii
485,Placuta amovibila,WNMG080408,2663,972.42,1.77,16.62,42.24,0.68,19.1,62.86,Otel,Strunjire,270,0,Niciunul
397,Burghiu,HSS DRILL Ø6,4084,631.27,1.91,10.04,38.78,0.74,3.1,67.54,Aluminiu,Gaurire,335,0,Niciunul
158,Burghiu,HSS DRILL Ø6,4012,435.41,1.05,18.13,59.03,1.18,11.5,69.17,Otel,Gaurire,491,0,Niciunul
200,Placuta amovibila,WNMG080408,5862,1171.04,1.79,8.36,40.44,1.31,10.1,70.89,Aluminiu,Strunjire,32,0,Niciunul
38,Burghiu,CARBIDE DRILL Ø12,3542,295.5,2.94,12.52,88.6,4.73,63.4,71.29,Inox,Gaurire,62,1,Uzura excesiva
499,Burghiu,CARBIDE DRILL Ø12,2605,768.75,0.2,15.87,80.13,11.2,20.9,73.17,Aluminiu,Gaurire,401,1,Vibratii
101,Tarod,TAROD M10 ISO2,2055,829.31,2.64,8.64,37.74,0.8,3.5,66.11,Aluminiu,Filetare,365,0,Niciunul
578,Placuta amovibila,CNMG120408,2358,641.12,1.04,14.99,38.29,1.87,15.8,68.38,Inox,Strunjire,481,0,Niciunul
157,Placuta amovibila,CNMG120408,1767,257.66,0.2,11.41,72.55,4.58,57.9,64.39,Otel,Strunjire,224,1,Uzura excesiva
184,Tarod,TAROD M10 ISO2,1707,558.39,0.49,9.73,46.62,1.41,12.5,71.21,Inox,Filetare,165,0,Niciunul
257,Placuta amovibila,CNMG120408,2319,536.0,1.57,9.92,36.64,1.28,6.0,60.36,Inox,Strunjire,87,0,Niciunul
488,Freza,FREZA CARBURA Ø10 4F,3290,492.2,2.96,19.07,71.73,1.93,73.1,61.03,Otel,Frezare,379,1,Uzura excesiva
116,Tarod,TAROD M10 ISO2,4884,290.56,2.86,14.08,50.1,1.48,4.5,63.3,Aluminiu,Filetare,475,0,Niciunul
167,Freza,FREZA CARBURA Ø10 4F,2258,592.71,0.65,7.22,41.56,1.1,12.4,62.74,Aluminiu,Frezare,435,0,Niciunul
161,Tarod,TAROD M10 ISO2,4387,938.46,2.95,6.64,98.93,1.85,21.0,73.51,Aluminiu,Filetare,194,1,Niciunul
541,Tarod,TAROD M10 ISO2,2186,559.24,2.61,14.95,42.93,1.07,18.1,72.31,Otel,Filetare,212,0,Niciunul
459,Freza,FREZA HSS Ø8 2F,4916,1160.44,0.14,5.05,57.1,0.95,1.7,74.54,Aluminiu,Frezare,146,0,Niciunul
322,Burghiu,CARBIDE DRILL Ø12,5425,1187.58,2.7,17.41,59.21,1.15,10.2,62.49,Otel,Gaurire,179,0,Niciunul
557,Freza,FREZA CARBURA Ø10 4F,5321,609.86,1.38,10.11,86.45,7.44,33.8,61.06,Inox,Frezare,366,1,Vibratii
224,Burghiu,HSS DRILL Ø6,4703,592.9,1.29,15.64,68.09,1.61,11.6,71.99,Otel,Gaurire,481,0,Niciunul
385,Freza,FREZA CARBURA Ø10 4F,5054,1192.66,2.68,14.42,60.15,10.41,30.0,60.2,Inox,Frezare,111,1,Vibratii
180,Placuta amovibila,CNMG120408,2595,928.43,1.82,12.61,56.38,2.02,44.0,63.04,Otel,Strunjire,466,1,Uzura excesiva
326,Burghiu,HSS DRILL Ø6,5070,1197.58,0.19,12.37,52.31,7.44,52.3,70.49,Inox,Gaurire,23,1,Vibratii
322,Tarod,TAROD M10 ISO2,2290,1021.99,0.18,6.05,42.11,0.58,5.7,71.51,Inox,Filetare,393,0,Niciunul
462,Placuta amovibila,CNMG120408,2434,832.8,1.28,17.22,62.17,0.65,8.9,60.94,Aluminiu,Strunjire,492,0,Niciunul
532,Placuta amovibila,CNMG120408,4144,382.23,0.31,16.33,51.57,1.86,4.0,69.93,Inox,Strunjire,396,0,Niciunul
283,Placuta amovibila,CNMG120408,5759,448.86,1.83,13.2,56.78,10.16,34.0,68.9,Aluminiu,Strunjire,372,1,Vibratii
75,Freza,FREZA HSS Ø8 2F,4898,1176.13,1.24,8.61,44.27,1.31,9.5,62.65,Inox,Frezare,235,0,Niciunul
116,Burghiu,CARBIDE DRILL Ø12,4441,1023.76,0.7,18.11,93.55,0.74,33.4,66.14,Aluminiu,Gaurire,17,1,Supraincalzire
390,Placuta amovibila,WNMG080408,3494,652.81,1.18,18.82,82.38,1.67,44.5,74.81,Inox,Strunjire,37,1,Uzura excesiva
567,Burghiu,CARBIDE DRILL Ø12,2294,1057.55,1.95,13.78,53.32,0.53,6.2,60.98,Aluminiu,Gaurire,3,0,Niciunul
37,Placuta amovibila,CNMG120408,4210,557.19,1.94,18.46,80.86,10.52,29.5,73.97,Otel,Strunjire,347,1,Vibratii
420,Burghiu,CARBIDE DRILL Ø12,2579,794.96,2.78,12.69,36.75,1.11,15.0,61.44,Otel,Gaurire,33,0,Niciunul
496,Freza,FREZA HSS Ø8 2F,4937,252.4,0.2,11.38,48.19,0.69,18.8,62.95,Inox,Frezare,156,0,Niciunul
35,Freza,FREZA HSS Ø8 2F,3282,792.58,2.47,17.0,64.52,1.85,15.0,70.64,Inox,Frezare,85,0,Niciunul
262,Tarod,TAROD M10 ISO2,3126,838.22,1.28,9.78,58.73,0.55,1.4,64.79,Inox,Filetare,486,0,Niciunul
212,Freza,FREZA CARBURA Ø10 4F,3100,811.28,2.16,12.25,49.0,1.03,19.6,73.24,Otel,Frezare,95,0,Niciunul
401,Placuta amovibila,CNMG120408,5642,851.01,1.24,9.3,61.15,4.62,71.1,67.49,Inox,Strunjire,41,1,Uzura excesiva
143,Tarod,TAROD M10 ISO2,1822,429.27,2.29,18.43,59.03,5.34,25.0,72.35,Aluminiu,Filetare,162,1,Vibratii
353,Tarod,TAROD M10 ISO2,1500,700.97,2.16,8.8,80.58,10.39,52.8,73.64,Inox,Filetare,285,1,Vibratii
535,Burghiu,HSS DRILL Ø6,5842,398.38,2.09,16.11,97.28,2.42,13.5,67.95,Aluminiu,Gaurire,217,1,Supraincalzire
99,Placuta amovibila,CNMG120408,1638,740.02,2.75,17.22,89.69,1.02,45.9,66.13,Inox,Strunjire,143,1,Uzura excesiva
47,Tarod,TAROD M10 ISO2,5516,522.74,0.99,9.22,88.83,1.68,71.1,69.44,Inox,Filetare,422,1,Uzura excesiva
198,Freza,FREZA CARBURA Ø10 4F,5143,440.41,0.38,18.04,60.04,5.51,46.5,66.49,Inox,Frezare,150,1,Vibratii
40,Placuta amovibila,WNMG080408,4619,298.52,2.93,6.81,52.16,1.04,12.7,74.12,Inox,Strunjire,439,0,Niciunul
319,Tarod,TAROD M10 ISO2,5176,213.94,2.97,5.81,42.67,1.71,8.4,67.06,Aluminiu,Filetare,82,0,Niciunul
472,Placuta amovibila,CNMG120408,5760,942.08,0.43,19.78,59.62,4.14,50.6,70.05,Otel,Strunjire,65,1,Uzura excesiva
327,Placuta amovibila,CNMG120408,3118,331.05,2.87,19.05,62.24,1.76,15.6,62.57,Otel,Strunjire,346,0,Niciunul
574,Tarod,TAROD M10 ISO2,5958,827.44,1.7,11.18,63.86,1.68,59.3,61.29,Otel,Filetare,313,1,Uzura excesiva
444,Placuta amovibila,WNMG080408,2790,238.43,2.54,8.77,109.25,4.0,20.9,61.8,Aluminiu,Strunjire,73,1,Supraincalzire
143,Burghiu,CARBIDE DRILL Ø12,5570,292.11,2.73,14.92,67.74,1.54,10.8,68.01,Aluminiu,Gaurire,373,0,Niciunul
4,Placuta amovibila,WNMG080408,2959,603.15,1.83,17.19,65.79,1.63,8.7,67.96,Otel,Strunjire,64,0,Niciunul
3,Placuta amovibila,WNMG080408,3459,272.31,0.78,19.41,50.51,1.9,9.8,60.2,Otel,Strunjire,36,0,Niciunul
598,Placuta amovibila,CNMG120408,2167,710.16,1.24,10.84,57.87,1.31,19.2,61.49,Aluminiu,Strunjire,83,0,Niciunul
174,Burghiu,HSS DRILL Ø6,1946,507.26,2.28,11.53,53.24,1.89,53.4,62.08,Inox,Gaurire,304,1,Uzura excesiva
522,Burghiu,HSS DRILL Ø6,1721,428.73,1.62,14.92,69.44,4.52,47.4,60.87,Aluminiu,Gaurire,267,1,Uzura excesiva
409,Burghiu,CARBIDE DRILL Ø12,2005,243.61,2.51,6.17,46.63,1.85,16.2,70.73,Inox,Gaurire,2,0,Niciunul
49,Freza,FREZA HSS Ø8 2F,5409,885.24,1.48,15.18,119.76,2.85,29.3,73.31,Otel,Frezare,144,1,Supraincalzire
579,Placuta amovibila,CNMG120408,1734,1159.45,2.73,19.31,71.26,3.55,47.7,66.61,Inox,Strunjire,16,1,Niciunul
60,Placuta amovibila,WNMG080408,4196,856.52,0.42,16.57,56.06,8.26,39.9,73.81,Otel,Strunjire,7,1,Niciunul
130,Burghiu,HSS DRILL Ø6,4670,1072.48,0.19,15.94,57.8,0.7,7.0,65.08,Inox,Gaurire,28,0,Niciunul
528,Tarod,TAROD M10 ISO2,2366,872.73,1.19,19.62,57.92,1.34,0.8,68.25,Otel,Filetare,142,0,Niciunul
470,Placuta amovibila,CNMG120408,5152,994.33,1.17,12.59,115.86,1.67,24.0,74.92,Inox,Strunjire,279,1,Supraincalzire
27,Freza,FREZA CARBURA Ø10 4F,5484,887.77,1.52,12.48,96.44,1.36,39.1,60.9,Otel,Frezare,108,1,Niciunul
536,Freza,FREZA CARBURA Ø10 4F,2818,1006.04,2.91,12.54,67.62,1.02,16.1,65.26,Inox,Frezare,462,0,Niciunul
320,Burghiu,CARBIDE DRILL Ø12,5839,800.06,0.43,16.58,39.52,0.86,5.6,61.41,Aluminiu,Gaurire,444,0,Niciunul
257,Freza,FREZA CARBURA Ø10 4F,2667,333.65,0.41,17.62,72.62,10.5,51.0,68.41,Inox,Frezare,87,1,Vibratii
271,Burghiu,CARBIDE DRILL Ø12,4827,354.19,1.0,18.87,60.3,5.84,55.0,64.92,Inox,Gaurire,457,1,Vibratii
213,Freza,FREZA CARBURA Ø10 4F,2159,313.82,0.47,12.72,39.23,0.77,9.8,68.98,Otel,Frezare,174,0,Niciunul
362,Tarod,TAROD M10 ISO2,4161,1045.92,2.41,6.29,65.91,1.34,1.2,65.85,Otel,Filetare,441,0,Niciunul
420,Placuta amovibila,WNMG080408,1709,555.97,2.06,5.22,38.02,1.85,6.6,66.37,Otel,Strunjire,179,0,Niciunul
558,Burghiu,HSS DRILL Ø6,5950,778.71,2.12,12.65,84.91,2.0,43.5,65.42,Otel,Gaurire,370,1,Uzura excesiva
6,Freza,FREZA HSS Ø8 2F,1707,361.2,2.88,11.35,66.33,1.61,9.4,67.03,Otel,Frezare,106,0,Niciunul
385,Freza,FREZA HSS Ø8 2F,5702,219.8,1.39,11.46,104.89,3.71,28.5,69.73,Inox,Frezare,417,1,Supraincalzire
181,Placuta amovibila,CNMG120408,2614,621.2,2.46,16.85,53.14,1.84,6.8,74.23,Otel,Strunjire,313,0,Niciunul
101,Burghiu,HSS DRILL Ø6,3172,882.07,0.3,13.28,80.93,4.19,46.6,73.4,Inox,Gaurire,454,1,Vibratii
530,Burghiu,CARBIDE DRILL Ø12,2100,1126.13,1.98,10.2,105.99,1.82,27.1,72.05,Otel,Gaurire,247,1,Supraincalzire
351,Freza,FREZA CARBURA Ø10 4F,4003,531.78,2.26,6.91,42.85,1.42,11.2,69.35,Aluminiu,Frezare,111,0,Niciunul
515,Freza,FREZA CARBURA Ø10 4F,5599,1030.14,0.3,12.78,49.08,1.77,6.7,65.7,Aluminiu,Frezare,76,0,Niciunul
33,Burghiu,CARBIDE DRILL Ø12,5361,707.35,1.08,8.17,69.45,1.24,3.0,61.29,Aluminiu,Gaurire,161,0,Niciunul
167,Placuta amovibila,CNMG120408,5550,504.38,2.54,13.73,44.18,1.34,1.5,70.32,Otel,Strunjire,413,0,Niciunul
524,Burghiu,CARBIDE DRILL Ø12,3924,1032.91,0.19,18.22,88.72,4.0,28.8,65.17,Otel,Gaurire,420,1,Vibratii
277,Tarod,TAROD M10 ISO2,5114,260.34,0.88,9.04,57.95,0.8,16.7,74.05,Otel,Filetare,52,0,Niciunul
159,Tarod,TAROD M10 ISO2,5276,1006.31,2.09,6.25,47.68,1.01,4.5,73.56,Aluminiu,Filetare,183,0,Niciunul
465,Burghiu,HSS DRILL Ø6,2421,421.79,2.07,17.92,67.35,10.53,39.1,68.93,Aluminiu,Gaurire,461,1,Vibratii
591,Burghiu,CARBIDE DRILL Ø12,5086,876.45,0.1,13.67,81.35,2.2,48.8,72.24,Otel,Gaurire,203,1,Uzura excesiva
295,Freza,FREZA CARBURA Ø10 4F,2795,1037.95,1.16,16.03,55.23,0.67,14.9,70.88,Aluminiu,Frezare,255,0,Niciunul
345,Placuta amovibila,CNMG120408,5055,913.22,2.32,6.27,44.56,1.76,1.3,74.52,Otel,Strunjire,291,0,Niciunul
264,Burghiu,CARBIDE DRILL Ø12,2084,991.82,2.11,9.48,60.83,0.65,3.9,68.45,Inox,Gaurire,314,0,Niciunul
181,Placuta amovibila,WNMG080408,3514,345.79,2.13,5.08,42.81,0.93,0.1,66.71,Inox,Strunjire,478,0,Niciunul
354,Placuta amovibila,CNMG120408,2141,681.85,1.4,10.35,69.8,1.4,40.1,74.77,Aluminiu,Strunjire,48,1,Uzura excesiva
272,Freza,FREZA CARBURA Ø10 4F,5888,292.26,1.55,8.05,65.72,1.19,19.4,62.36,Otel,Frezare,75,0,Niciunul
203,Placuta amovibila,WNMG080408,4347,1140.32,2.47,11.63,96.06,2.53,13.0,62.02,Otel,Strunjire,414,1,Supraincalzire
163,Tarod,TAROD M10 ISO2,2156,224.83,1.74,14.17,58.56,1.14,0.9,70.42,Inox,Filetare,6,0,Niciunul
336,Freza,FREZA HSS Ø8 2F,2315,997.91,2.25,17.23,48.49,0.76,12.5,69.79,Aluminiu,Frezare,226,0,Niciunul
386,Placuta amovibila,CNMG120408,5897,506.22,1.18,9.4,57.29,1.66,72.6,66.7,Inox,Strunjire,288,1,Uzura excesiva
504,Freza,FREZA CARBURA Ø10 4F,5460,666.08,2.87,15.44,105.72,2.88,33.6,64.29,Otel,Frezare,193,1,Supraincalzire
217,Placuta amovibila,CNMG120408,3790,678.45,1.25,19.54,57.77,1.11,13.1,66.84,Aluminiu,Strunjire,186,0,Niciunul
516,Placuta amovibila,WNMG080408,5106,650.07,1.21,12.53,103.37,1.54,30.1,62.57,Inox,Strunjire,137,1,Supraincalzire
150,Burghiu,HSS DRILL Ø6,1625,317.54,1.8,11.74,53.65,1.06,7.2,60.63,Inox,Gaurire,249,0,Niciunul
598,Burghiu,HSS DRILL Ø6,2398,610.63,1.49,15.82,66.06,4.25,20.9,64.34,Inox,Gaurire,273,1,Vibratii
303,Freza,FREZA CARBURA Ø10 4F,3524,869.46,1.1,14.53,42.56,1.74,4.3,60.09,Inox,Frezare,104,0,Niciunul
363,Burghiu,CARBIDE DRILL Ø12,4001,237.5,2.81,10.97,88.21,8.2,29.9,67.74,Aluminiu,Gaurire,452,1,Vibratii
512,Tarod,TAROD M10 ISO2,3839,687.67,2.73,13.5,66.75,2.34,43.1,61.77,Aluminiu,Filetare,303,1,Uzura excesiva
395,Freza,FREZA HSS Ø8 2F,5096,200.01,2.45,13.74,97.44,3.69,38.5,73.32,Otel,Frezare,474,1,Supraincalzire
137,Freza,FREZA HSS Ø8 2F,5489,886.58,0.32,17.1,61.98,0.84,5.3,73.07,Inox,Frezare,440,0,Niciunul
319,Freza,FREZA HSS Ø8 2F,3779,720.64,1.2,16.49,56.77,11.06,47.4,69.29,Otel,Frezare,453,1,Niciunul
177,Tarod,TAROD M10 ISO2,2825,378.32,1.88,17.62,76.83,8.68,28.9,65.05,Otel,Filetare,430,1,Vibratii
449,Tarod,TAROD M10 ISO2,5909,467.49,2.04,7.36,56.62,3.7,79.8,62.39,Otel,Filetare,410,1,Uzura excesiva
354,Burghiu,HSS DRILL Ø6,3054,236.2,2.56,9.91,68.42,0.56,9.9,71.67,Otel,Gaurire,277,0,Niciunul
100,Freza,FREZA CARBURA Ø10 4F,2254,203.89,2.35,6.75,57.19,3.41,64.9,69.7,Otel,Frezare,276,1,Uzura excesiva
19,Burghiu,CARBIDE DRILL Ø12,4502,897.36,1.66,7.49,80.33,1.95,35.0,69.29,Inox,Gaurire,223,1,Niciunul
20,Freza,FREZA HSS Ø8 2F,2886,469.86,2.83,13.03,75.55,4.1,52.7,69.67,Otel,Frezare,173,1,Vibratii
342,Tarod,TAROD M10 ISO2,5860,414.06,0.55,10.46,69.82,1.14,8.5,74.88,Aluminiu,Filetare,267,0,Niciunul
17,Freza,FREZA CARBURA Ø10 4F,5347,483.38,0.43,7.9,68.45,4.3,53.5,71.89,Inox,Frezare,473,1,Uzura excesiva
223,Freza,FREZA CARBURA Ø10 4F,1606,900.87,0.96,5.89,63.79,1.37,6.4,68.45,Inox,Frezare,366,0,Niciunul
198,Freza,FREZA HSS Ø8 2F,3750,463.98,1.72,7.93,110.59,1.31,33.5,73.79,Inox,Frezare,428,1,Supraincalzire
392,Placuta amovibila,WNMG080408,4370,662.7,1.59,5.11,83.98,4.33,49.6,60.75,Inox,Strunjire,369,1,Vibratii
463,Placuta amovibila,CNMG120408,5832,363.12,0.91,12.65,67.02,1.24,0.6,61.04,Otel,Strunjire,119,0,Niciunul
320,Tarod,TAROD M10 ISO2,5179,220.55,2.41,5.63,50.76,6.97,41.5,63.94,Inox,Filetare,5,1,Niciunul
245,Burghiu,HSS DRILL Ø6,4463,863.05,2.2,17.9,86.48,1.85,56.0,67.45,Otel,Gaurire,90,1,Niciunul
191,Freza,FREZA HSS Ø8 2F,3883,442.35,0.25,12.39,66.12,7.4,40.9,68.5,Otel,Frezare,360,1,Vibratii
280,Burghiu,CARBIDE DRILL Ø12,3973,1181.75,2.39,7.42,119.01,2.57,19.8,60.06,Inox,Gaurire,53,1,Supraincalzire
283,Burghiu,CARBIDE DRILL Ø12,1991,784.5,0.18,17.1,105.3,3.07,24.0,60.76,Inox,Gaurire,312,1,Supraincalzire
314,Burghiu,HSS DRILL Ø6,2144,915.99,1.63,5.41,107.67,0.56,35.8,72.62,Aluminiu,Gaurire,459,1,Supraincalzire
489,Placuta amovibila,CNMG120408,4231,776.81,1.67,10.79,39.7,1.16,20.0,66.4,Aluminiu,Strunjire,104,0,Niciunul
255,Placuta amovibila,WNMG080408,4235,341.13,0.97,9.66,52.75,1.97,19.3,60.09,Otel,Strunjire,346,0,Niciunul
458,Freza,FREZA HSS Ø8 2F,2758,227.25,2.95,7.67,99.6,3.55,26.3,71.13,Otel,Frezare,256,1,Supraincalzire
301,Placuta amovibila,WNMG080408,2794,931.58,0.47,5.13,118.47,0.52,33.8,67.38,Inox,Strunjire,385,1,Supraincalzire
