ID_Scula,Tip_Scula,Model_Scula,Turatie_RPM,Avans_mm_min,Adancime_Aschiere_mm,Debit_Lichid_racire_L_min,Temperatura_C,Vibratii_mm_s,Uzura_procent,Zgomot_dB,Material_Prelucrat,Tip_Operatie,ID_Lot,Scula_Defecta,Tip_Defect
1,Freza,FREZA CARBURA Ø10 4F,1859,1037.96,0.97,19.76,145.07,10.34,69.2,96.91,Otel,Frezare,381,1,Supraincalzire
2,Freza,FREZA CARBURA Ø10 4F,4202,825.99,2.11,16.35,98.04,3.22,98.5,95.06,Inox,Frezare,179,1,Uzura excesiva
3,Freza,FREZA CARBURA Ø10 4F,5932,1052.2,0.85,17.79,35.13,1.56,3.7,71.39,Inox,Frezare,191,0,Niciunul
4,Freza,FREZA CARBURA Ø10 4F,3702,365.76,0.64,9.57,45.43,1.69,18,62.35,Aluminiu,Frezare,230,0,Niciunul
5,Freza,FREZA CARBURA Ø10 4F,3727,594.82,0.54,6.16,86.89,11.07,54,81.43,Inox,Frezare,370,1,Vibratii
6,Freza,FREZA CARBURA Ø10 4F,4548,722.87,2.03,18.46,45.62,0.8,11.9,64.76,Inox,Frezare,218,0,Niciunul
7,Freza,FREZA CARBURA Ø10 4F,2122,478.86,2.77,19.53,120.78,10.53,84.4,90.31,Aluminiu,Frezare,8,1,Vibratii
8,Freza,FREZA CARBURA Ø10 4F,2875,383.25,2.26,5.8,124.72,10.64,70.7,94.51,Otel,Frezare,488,1,Supraincalzire
9,Freza,FREZA CARBURA Ø10 4F,3664,1149.24,2.52,11.63,64.9,0.62,3.7,72.64,Otel,Frezare,255,0,Niciunul
10,Freza,FREZA CARBURA Ø10 4F,2469,270.97,1.04,12.28,41.63,1.75,16.1,60.3,Inox,Frezare,127,0,Niciunul
11,Freza,FREZA CARBURA Ø10 4F,5090,804.12,1.07,9.51,45.09,0.89,7.8,62.7,Aluminiu,Frezare,405,0,Niciunul
12,Freza,FREZA CARBURA Ø10 4F,2978,683.08,2.98,18.72,46.09,1.9,0.6,72.38,Inox,Frezare,430,0,Niciunul
13,Freza,FREZA CARBURA Ø10 4F,2252,815.4,0.21,15.08,59.42,1.75,2.5,61.3,Inox,Frezare,197,0,Niciunul
14,Freza,FREZA CARBURA Ø10 4F,2536,731.93,2.53,10.26,36.81,0.83,16.2,71.56,Otel,Frezare,432,0,Niciunul
15,Freza,FREZA CARBURA Ø10 4F,2438,953.8,1.29,15.77,51.2,1.52,7.3,60.39,Inox,Frezare,175,0,Niciunul
16,Freza,FREZA CARBURA Ø10 4F,1847,977.86,1.43,13.89,143.31,11.43,56.3,85.55,Aluminiu,Frezare,384,1,Vibratii
17,Freza,FREZA CARBURA Ø10 4F,5063,1126.31,1.17,15.96,136.15,9.44,99.6,85.39,Otel,Frezare,473,1,Uzura excesiva
18,Freza,FREZA CARBURA Ø10 4F,3406,622.99,2.75,8.12,101.59,9.32,58.9,90.86,Aluminiu,Frezare,220,1,Supraincalzire
19,Freza,FREZA CARBURA Ø10 4F,5728,987.73,1.97,5.15,47.78,1.86,10.5,60.02,Otel,Frezare,234,0,Niciunul
20,Freza,FREZA CARBURA Ø10 4F,5002,724.49,1,7.41,62.94,1.43,17.7,60.42,Otel,Frezare,403,0,Niciunul
21,Freza,FREZA CARBURA Ø10 4F,5944,904.23,2.85,19.28,49.35,1.87,1.1,64.28,Inox,Frezare,350,0,Niciunul
22,Freza,FREZA CARBURA Ø10 4F,2443,793.83,0.3,12.77,56.62,0.87,13.2,60.9,Otel,Frezare,101,0,Niciunul
23,Freza,FREZA CARBURA Ø10 4F,4332,622.3,1.44,9.51,55.15,0.67,1.2,68.42,Inox,Frezare,193,0,Niciunul
24,Freza,FREZA CARBURA Ø10 4F,3134,1098.68,2.05,15.12,35.07,1.21,3.4,74.21,Otel,Frezare,149,0,Niciunul
25,Freza,FREZA CARBURA Ø10 4F,3269,824.76,1.41,7.49,100.29,9.14,90.3,88.31,Otel,Frezare,19,1,Vibratii
26,Freza,FREZA CARBURA Ø10 4F,3882,1171.83,2.97,5.76,111.54,9.94,45.3,80.23,Aluminiu,Frezare,176,1,Uzura excesiva
27,Freza,FREZA CARBURA Ø10 4F,1636,325.34,2.74,17.85,52.71,1.89,5.2,69.23,Inox,Frezare,30,0,Niciunul
28,Freza,FREZA CARBURA Ø10 4F,3816,822.66,2.4,5.84,44.83,1.53,12.2,68.73,Otel,Frezare,203,0,Niciunul
29,Freza,FREZA CARBURA Ø10 4F,4151,895.48,1.72,7.73,149.03,3.68,94.2,96.56,Aluminiu,Frezare,33,1,Vibratii
30,Freza,FREZA CARBURA Ø10 4F,3522,857.87,1.79,9.3,53,0.95,19.7,63.45,Inox,Frezare,361,0,Niciunul
31,Freza,FREZA CARBURA Ø10 4F,4228,736.88,0.95,16.11,47.32,1.25,19.1,67.55,Otel,Frezare,215,0,Niciunul
32,Freza,FREZA CARBURA Ø10 4F,3518,694.84,0.59,6.28,55.33,1.3,17.3,70.28,Aluminiu,Frezare,85,0,Niciunul
33,Freza,FREZA CARBURA Ø10 4F,4196,952.81,2.76,12.88,35.31,1.81,8.3,71.49,Otel,Frezare,314,0,Niciunul
34,Freza,FREZA CARBURA Ø10 4F,3173,942.77,1.26,19.77,36.76,1.25,4.7,74.63,Inox,Frezare,148,0,Niciunul
35,Freza,FREZA CARBURA Ø10 4F,4304,208.9,2.49,5.38,49.78,0.76,3.6,69.99,Inox,Frezare,28,0,Niciunul
36,Freza,FREZA CARBURA Ø10 4F,2750,288.42,2.62,12.07,37.38,0.72,1.8,74.53,Otel,Frezare,424,0,Niciunul
37,Freza,FREZA CARBURA Ø10 4F,4280,1104.46,1.79,10.74,158.99,5.18,42.7,87.44,Aluminiu,Frezare,480,1,Supraincalzire
38,Freza,FREZA CARBURA Ø10 4F,4798,239.26,0.28,13.1,124,4.22,88.3,98.24,Inox,Frezare,236,1,Vibratii
39,Freza,FREZA CARBURA Ø10 4F,3737,393.54,2.88,5.27,97.92,3.42,52.8,92.66,Inox,Frezare,269,1,Vibratii
40,Freza,FREZA CARBURA Ø10 4F,4787,659.36,1.29,5.22,137.87,8.92,59.1,90.96,Inox,Frezare,313,1,Vibratii
41,Freza,FREZA CARBURA Ø10 4F,5648,331.86,2.79,15.94,62.7,1.63,2.3,70.45,Aluminiu,Frezare,26,0,Niciunul
42,Freza,FREZA CARBURA Ø10 4F,4809,1157.93,0.45,8.64,53.23,1.16,5.1,64.26,Aluminiu,Frezare,1,0,Niciunul
43,Freza,FREZA CARBURA Ø10 4F,2180,702.83,2.74,14.73,40.93,1.34,11.5,72.53,Aluminiu,Frezare,326,0,Niciunul
44,Freza,FREZA CARBURA Ø10 4F,2851,491.66,0.42,12.38,134.35,11.32,86.8,88.17,Otel,Frezare,371,1,Uzura excesiva
45,Freza,FREZA CARBURA Ø10 4F,4806,589.56,2.19,17.73,36.87,1.76,12.6,72.6,Otel,Frezare,264,0,Niciunul
46,Freza,FREZA CARBURA Ø10 4F,3619,786.85,2.38,16.78,46.65,1.6,8.2,69.04,Aluminiu,Frezare,413,0,Niciunul
47,Freza,FREZA CARBURA Ø10 4F,4755,1032.46,0.26,17.71,56.77,1.41,12.3,63.08,Otel,Frezare,497,0,Niciunul
48,Freza,FREZA CARBURA Ø10 4F,5104,946.98,0.46,12.06,107.68,11.4,64.3,87.33,Otel,Frezare,449,1,Vibratii
49,Freza,FREZA CARBURA Ø10 4F,3825,428.72,1.43,16.3,60.03,1.66,6.5,72.89,Otel,Frezare,240,0,Niciunul
50,Freza,FREZA CARBURA Ø10 4F,3769,504.79,2.63,10.01,55.92,0.86,1.8,65.74,Otel,Frezare,349,0,Niciunul
51,Freza,FREZA CARBURA Ø10 4F,3592,350.68,2.43,18.99,42.35,1,0.2,61.76,Inox,Frezare,117,0,Niciunul
52,Freza,FREZA CARBURA Ø10 4F,2906,289.93,2.62,14.1,38.6,0.96,0.5,74.49,Aluminiu,Frezare,72,0,Niciunul
53,Freza,FREZA CARBURA Ø10 4F,2599,482.64,0.63,5.54,151.66,4.28,71.8,93.49,Inox,Frezare,278,1,Supraincalzire
54,Freza,FREZA CARBURA Ø10 4F,2282,708.1,2,5.17,56.69,1.91,10.7,62.35,Inox,Frezare,398,0,Niciunul
55,Freza,FREZA CARBURA Ø10 4F,4599,526.59,0.79,8.62,69.3,0.98,14.1,70.36,Otel,Frezare,302,0,Niciunul
56,Freza,FREZA CARBURA Ø10 4F,5140,975.71,0.74,18.46,52.91,1.97,10.4,66.95,Inox,Frezare,449,0,Niciunul
57,Freza,FREZA CARBURA Ø10 4F,4480,984.88,1.97,8.36,43.22,0.72,11.9,64.03,Aluminiu,Frezare,21,0,Niciunul
58,Freza,FREZA CARBURA Ø10 4F,3397,582.05,0.77,6.89,49.89,0.51,12.5,66.14,Aluminiu,Frezare,33,0,Niciunul
59,Freza,FREZA CARBURA Ø10 4F,4119,291.27,2.89,7.45,64.28,1.72,2.5,71.89,Aluminiu,Frezare,244,0,Niciunul
60,Freza,FREZA CARBURA Ø10 4F,3890,333.76,0.43,8.09,41.59,0.59,9.2,68.84,Inox,Frezare,191,0,Niciunul
61,Freza,FREZA CARBURA Ø10 4F,4635,1027.99,2.18,14.62,39.98,0.76,19.6,72.36,Otel,Frezare,294,0,Niciunul
62,Freza,FREZA CARBURA Ø10 4F,4324,630.73,2.64,15.28,49.15,1.13,2,69.49,Inox,Frezare,308,0,Niciunul
63,Freza,FREZA CARBURA Ø10 4F,5845,240.29,0.43,13.76,108.06,3.83,70.7,92.53,Otel,Frezare,248,1,Supraincalzire
64,Freza,FREZA CARBURA Ø10 4F,2682,600.35,0.72,6.73,141.6,11.33,87.2,90.44,Otel,Frezare,222,1,Vibratii
65,Freza,FREZA CARBURA Ø10 4F,5572,813.99,2.42,12,153.39,10.83,70.7,93.19,Otel,Frezare,479,1,Uzura excesiva
66,Freza,FREZA CARBURA Ø10 4F,3191,1133.27,2.99,13.12,48.06,0.87,19.8,66.17,Aluminiu,Frezare,302,0,Niciunul
67,Freza,FREZA CARBURA Ø10 4F,3575,719.44,0.37,13.3,57.65,1.96,17,65.92,Inox,Frezare,420,0,Niciunul
68,Freza,FREZA CARBURA Ø10 4F,4800,369.06,1.88,11.12,68.12,0.57,18.4,61.54,Otel,Frezare,193,0,Niciunul
69,Freza,FREZA CARBURA Ø10 4F,2086,1025.65,1.63,16.65,43.06,1.54,1.5,64.95,Otel,Frezare,54,0,Niciunul
70,Freza,FREZA CARBURA Ø10 4F,5916,864.3,1.97,18.02,112.47,3.14,62.9,96.13,Aluminiu,Frezare,351,1,Uzura excesiva
71,Freza,FREZA CARBURA Ø10 4F,5395,769.74,1.92,17.25,55.58,0.84,17.7,63.63,Inox,Frezare,483,0,Niciunul
72,Freza,FREZA CARBURA Ø10 4F,5348,476.25,0.47,10.82,62.9,1.05,14,68.55,Aluminiu,Frezare,389,0,Niciunul
73,Freza,FREZA CARBURA Ø10 4F,5641,640.98,0.6,9.18,49.46,1.31,12,73.47,Otel,Frezare,399,0,Niciunul
74,Freza,FREZA CARBURA Ø10 4F,5007,555.08,2.85,10.69,153.43,8.06,67.5,93.87,Otel,Frezare,312,1,Vibratii
75,Freza,FREZA CARBURA Ø10 4F,4605,204.17,0.27,16.86,58.94,0.69,17.2,69.25,Inox,Frezare,357,0,Niciunul
76,Freza,FREZA CARBURA Ø10 4F,3092,1130.1,2.79,14.68,145.77,3.03,53.7,85.26,Inox,Frezare,35,1,Vibratii
77,Freza,FREZA CARBURA Ø10 4F,4340,1068.78,1.01,6.82,62.31,1.44,6.9,62.12,Aluminiu,Frezare,281,0,Niciunul
78,Freza,FREZA CARBURA Ø10 4F,2431,461.76,2.53,16.11,68.38,1.67,3.6,69.44,Otel,Frezare,49,0,Niciunul
79,Freza,FREZA CARBURA Ø10 4F,1516,1190.34,0.49,8.98,46.68,1.13,3,74.09,Aluminiu,Frezare,470,0,Niciunul
80,Freza,FREZA CARBURA Ø10 4F,3698,279.59,2.66,10.45,40.96,1.46,12.5,69.14,Aluminiu,Frezare,132,0,Niciunul
81,Freza,FREZA CARBURA Ø10 4F,3304,1157.42,2.59,9.99,121.17,8.92,73.7,91.48,Aluminiu,Frezare,150,1,Vibratii
82,Freza,FREZA CARBURA Ø10 4F,3277,765.22,0.94,16.06,108.54,4.06,62.4,95.66,Otel,Frezare,482,1,Uzura excesiva
83,Freza,FREZA CARBURA Ø10 4F,4733,392.77,0.74,11,65.45,1.46,14.7,67.63,Aluminiu,Frezare,447,0,Niciunul
84,Freza,FREZA CARBURA Ø10 4F,3344,748.93,2.53,12.6,66.18,1.79,6.5,69.29,Inox,Frezare,200,0,Niciunul
85,Freza,FREZA CARBURA Ø10 4F,2505,1171.34,2.69,14.78,39.49,1.09,6.2,62.16,Otel,Frezare,27,0,Niciunul
86,Freza,FREZA CARBURA Ø10 4F,5670,689.51,0.7,11.91,50.3,1.53,11.3,64.72,Otel,Frezare,293,0,Niciunul
87,Freza,FREZA CARBURA Ø10 4F,4969,941.95,0.21,8.06,59.55,1.85,18.4,67.45,Inox,Frezare,314,0,Niciunul
88,Freza,FREZA CARBURA Ø10 4F,4739,512.79,0.82,17.81,64.34,1.62,4.9,69.29,Inox,Frezare,360,0,Niciunul
89,Freza,FREZA CARBURA Ø10 4F,2003,543.85,2.62,9.22,140.45,8.76,81.3,85.85,Otel,Frezare,492,1,Supraincalzire
90,Freza,FREZA CARBURA Ø10 4F,1906,376.73,0.64,10.14,66.97,1.4,15.5,63.76,Otel,Frezare,421,0,Niciunul
91,Freza,FREZA CARBURA Ø10 4F,2952,494.54,1.24,10.38,112.36,4.68,93.6,87.01,Aluminiu,Frezare,471,1,Uzura excesiva
92,Freza,FREZA CARBURA Ø10 4F,5463,751.62,1.51,16.76,61.74,1.07,0.4,67.83,Inox,Frezare,98,0,Niciunul
93,Freza,FREZA CARBURA Ø10 4F,5574,320.81,2.26,13.98,63.59,0.87,15.2,70.51,Aluminiu,Frezare,79,0,Niciunul
94,Freza,FREZA CARBURA Ø10 4F,2063,824.34,1.06,17.75,48.64,1.62,4.9,62.55,Inox,Frezare,48,0,Niciunul
95,Freza,FREZA CARBURA Ø10 4F,3793,677.63,1.52,7.24,47.63,1.46,8.8,64.5,Otel,Frezare,306,0,Niciunul
96,Freza,FREZA CARBURA Ø10 4F,5691,966.31,1.55,13.67,43.76,1.51,16.8,61.9,Aluminiu,Frezare,372,0,Niciunul
97,Freza,FREZA CARBURA Ø10 4F,1745,658.35,0.76,17.57,40.74,1.07,17.4,68.72,Inox,Frezare,97,0,Niciunul
98,Freza,FREZA CARBURA Ø10 4F,2961,364.7,2.26,14.06,52.45,1.8,1.5,65.95,Inox,Frezare,68,0,Niciunul
99,Freza,FREZA CARBURA Ø10 4F,2972,1187.87,1.91,5.4,38.56,1.43,9,65.67,Aluminiu,Frezare,446,0,Niciunul
100,Freza,FREZA CARBURA Ø10 4F,4256,530.64,0.24,11.48,47.79,1.66,4.9,69.95,Otel,Frezare,356,0,Niciunul
101,Freza,FREZA CARBURA Ø10 4F,5584,315.47,0.99,15.92,35.37,0.7,15,68.43,Inox,Frezare,236,0,Niciunul
102,Freza,FREZA CARBURA Ø10 4F,5076,412.61,2.02,6.98,133.92,5.95,76.6,89.54,Otel,Frezare,180,1,Supraincalzire
103,Freza,FREZA CARBURA Ø10 4F,5387,214.01,2.12,15.39,131.92,11.05,60.9,87.55,Otel,Frezare,36,1,Uzura excesiva
104,Freza,FREZA CARBURA Ø10 4F,2192,605.95,2.76,11.32,64.71,0.95,12.1,64.04,Aluminiu,Frezare,454,0,Niciunul
105,Freza,FREZA CARBURA Ø10 4F,3540,364.86,1.49,5.49,36.47,0.7,1.3,62.77,Aluminiu,Frezare,238,0,Niciunul
106,Freza,FREZA CARBURA Ø10 4F,4450,911.64,1.67,5.25,40.31,0.59,0.8,70.18,Inox,Frezare,133,0,Niciunul
107,Freza,FREZA CARBURA Ø10 4F,2871,1197.44,1.82,7.45,120.04,10.12,73.5,93.53,Inox,Frezare,455,1,Supraincalzire
108,Freza,FREZA CARBURA Ø10 4F,1853,1121.98,2.84,19.88,60.26,1.64,1.6,73.06,Otel,Frezare,243,0,Niciunul
109,Freza,FREZA CARBURA Ø10 4F,2008,833.9,2.86,18.16,37.18,0.87,9.4,62.73,Inox,Frezare,252,0,Niciunul
110,Freza,FREZA CARBURA Ø10 4F,3606,750.48,1.81,7.46,61.75,1.04,9.2,72.66,Inox,Frezare,44,0,Niciunul
111,Freza,FREZA CARBURA Ø10 4F,5726,865.71,1.81,16.26,67.97,0.74,6.4,73.69,Inox,Frezare,328,0,Niciunul
112,Freza,FREZA CARBURA Ø10 4F,3235,1014.68,1.6,17.28,92.91,4.51,60.5,97.61,Otel,Frezare,301,1,Vibratii
113,Freza,FREZA CARBURA Ø10 4F,2931,1180,1.02,11.49,132.15,6.01,90.1,92.57,Otel,Frezare,380,1,Supraincalzire
114,Freza,FREZA CARBURA Ø10 4F,1506,479.52,0.3,7.88,36.54,1.91,17.2,74.06,Inox,Frezare,42,0,Niciunul
115,Freza,FREZA CARBURA Ø10 4F,4461,1009.65,1.56,17.38,53.45,1.86,11.4,64.69,Otel,Frezare,61,0,Niciunul
116,Freza,FREZA CARBURA Ø10 4F,5316,718.66,2.13,18.27,42.35,1.51,5.5,63.79,Inox,Frezare,201,0,Niciunul
117,Freza,FREZA CARBURA Ø10 4F,4257,743.62,0.8,14.41,44.32,1.72,19,74.82,Aluminiu,Frezare,70,0,Niciunul
118,Freza,FREZA CARBURA Ø10 4F,2343,429.54,1.77,18.52,61.95,1.66,0.4,66.73,Aluminiu,Frezare,455,0,Niciunul
119,Freza,FREZA CARBURA Ø10 4F,5897,887.15,1.09,13.42,44.97,1.57,16.4,68.6,Inox,Frezare,42,0,Niciunul
120,Freza,FREZA CARBURA Ø10 4F,3346,206.66,0.66,17.71,43.73,1.21,13.6,66.15,Otel,Frezare,476,0,Niciunul
121,Freza,FREZA CARBURA Ø10 4F,5105,730.09,2.79,17.64,53.11,1.19,13.1,72.97,Inox,Frezare,352,0,Niciunul
122,Freza,FREZA CARBURA Ø10 4F,3487,702.46,2.85,10.12,94.56,11.6,48.9,81.71,Aluminiu,Frezare,314,1,Vibratii
123,Freza,FREZA CARBURA Ø10 4F,5756,812.05,2.88,12.35,66.75,0.5,5,67.29,Aluminiu,Frezare,282,0,Niciunul
124,Freza,FREZA CARBURA Ø10 4F,2384,485.55,0.14,18.78,88.62,8.5,55.4,93.93,Otel,Frezare,145,1,Supraincalzire
125,Freza,FREZA CARBURA Ø10 4F,2981,941.27,0.86,13.46,131.98,5.54,66.9,88.2,Otel,Frezare,415,1,Uzura excesiva
126,Freza,FREZA CARBURA Ø10 4F,5103,952.14,1.5,11.32,54.94,1.02,9.9,66.09,Aluminiu,Frezare,406,0,Niciunul
127,Freza,FREZA CARBURA Ø10 4F,4710,505.25,0.56,16.8,46.46,0.75,0.4,67.76,Inox,Frezare,199,0,Niciunul
128,Freza,FREZA CARBURA Ø10 4F,4640,1132.82,1.04,15.27,58.23,1.48,19.1,74.42,Otel,Frezare,77,0,Niciunul
129,Freza,FREZA CARBURA Ø10 4F,5489,233.84,0.37,7.99,37.81,1.52,5.6,70.49,Otel,Frezare,340,0,Niciunul
130,Freza,FREZA CARBURA Ø10 4F,4922,790.2,1.84,15.95,59.99,1.64,17.1,68.42,Otel,Frezare,49,0,Niciunul
131,Freza,FREZA CARBURA Ø10 4F,3352,635.25,0.73,7.58,49.94,1.56,7.9,60.68,Otel,Frezare,30,0,Niciunul
132,Freza,FREZA CARBURA Ø10 4F,5491,525.56,2.44,7.5,64.3,1.67,5.5,68.16,Otel,Frezare,194,0,Niciunul
133,Freza,FREZA CARBURA Ø10 4F,4060,859.82,2.07,17.94,47.8,0.9,16.8,69.85,Otel,Frezare,357,0,Niciunul
134,Freza,FREZA CARBURA Ø10 4F,4317,1153.51,0.49,11.83,63.1,1.26,14,63.75,Aluminiu,Frezare,221,0,Niciunul
135,Freza,FREZA CARBURA Ø10 4F,1931,947.32,1.35,13,60.98,1.15,14.2,69.6,Aluminiu,Frezare,375,0,Niciunul
136,Freza,FREZA CARBURA Ø10 4F,2387,715.63,2.17,6.6,86.62,3.91,53.8,90.31,Otel,Frezare,298,1,Uzura excesiva
137,Freza,FREZA CARBURA Ø10 4F,5414,642.96,0.96,5.34,42.32,1.75,18.4,70.35,Inox,Frezare,498,0,Niciunul
138,Freza,FREZA CARBURA Ø10 4F,5122,347.25,1.87,16.98,36.64,0.69,18.4,66.58,Inox,Frezare,493,0,Niciunul
139,Freza,FREZA CARBURA Ø10 4F,5003,592.07,2.59,15.32,61.35,0.58,6,72.37,Inox,Frezare,485,0,Niciunul
140,Freza,FREZA CARBURA Ø10 4F,5936,1150.72,0.94,10.32,69.48,0.77,13,68.92,Otel,Frezare,372,0,Niciunul
141,Freza,FREZA CARBURA Ø10 4F,3729,814.09,2.42,10.47,128.95,3.7,52.1,88.49,Aluminiu,Frezare,96,1,Vibratii
142,Freza,FREZA CARBURA Ø10 4F,4690,382.09,2.09,8.1,115.31,9.54,68.1,98.53,Otel,Frezare,153,1,Uzura excesiva
143,Freza,FREZA CARBURA Ø10 4F,2648,843.71,1.49,15.31,50.55,1.2,9.1,66.09,Inox,Frezare,102,0,Niciunul
144,Freza,FREZA CARBURA Ø10 4F,2027,1155.16,2.83,5.06,127.29,10.89,73.2,84.42,Aluminiu,Frezare,284,1,Uzura excesiva
145,Freza,FREZA CARBURA Ø10 4F,1956,1103.24,0.89,5.17,45.99,1.16,10,66.72,Aluminiu,Frezare,39,0,Niciunul
146,Freza,FREZA CARBURA Ø10 4F,4184,973.34,2.53,19.44,59.64,0.84,5.7,63.27,Otel,Frezare,6,0,Niciunul
147,Freza,FREZA CARBURA Ø10 4F,3519,584.28,2.14,17.84,95.39,6.39,67.9,98.63,Otel,Frezare,303,1,Uzura excesiva
148,Freza,FREZA CARBURA Ø10 4F,3105,449.25,0.79,11.55,59.59,0.86,7.4,60.38,Aluminiu,Frezare,297,0,Niciunul
149,Freza,FREZA CARBURA Ø10 4F,4456,350.29,1.04,17.1,153.5,3.71,46.3,97.15,Otel,Frezare,136,1,Supraincalzire
150,Freza,FREZA CARBURA Ø10 4F,5612,953.28,1.25,6.24,42.7,1.09,1.1,62.7,Otel,Frezare,263,0,Niciunul
151,Freza,FREZA CARBURA Ø10 4F,5239,414.33,2.73,7.6,59.13,1.71,13.6,65.37,Inox,Frezare,130,0,Niciunul
152,Freza,FREZA CARBURA Ø10 4F,5191,995.12,2.56,11.25,49.57,1.16,18.6,67.93,Inox,Frezare,122,0,Niciunul
153,Freza,FREZA CARBURA Ø10 4F,1909,782.99,0.19,10.99,42.13,1.01,11.2,62.6,Otel,Frezare,411,0,Niciunul
154,Freza,FREZA CARBURA Ø10 4F,1869,1131.26,1.38,8.27,50.78,0.52,18.8,66.03,Aluminiu,Frezare,401,0,Niciunul
155,Freza,FREZA CARBURA Ø10 4F,5117,941.04,2.38,6.76,62.04,1.6,9,71.69,Aluminiu,Frezare,403,0,Niciunul
156,Freza,FREZA CARBURA Ø10 4F,3351,447.43,2.48,10.48,107.68,10.89,57.1,95.36,Otel,Frezare,264,1,Uzura excesiva
157,Freza,FREZA CARBURA Ø10 4F,1930,267.13,0.56,7.49,61.85,1.11,8.7,63.91,Inox,Frezare,460,0,Niciunul
158,Freza,FREZA CARBURA Ø10 4F,2087,736.55,1.1,18.95,57.95,0.99,3.9,74.86,Aluminiu,Frezare,21,0,Niciunul
159,Freza,FREZA CARBURA Ø10 4F,2432,921.86,0.71,8.32,35.58,1.53,14.2,74.78,Aluminiu,Frezare,447,0,Niciunul
160,Freza,FREZA CARBURA Ø10 4F,4815,1138.72,0.67,18.74,67.8,1.57,19.7,65.81,Otel,Frezare,150,0,Niciunul
161,Freza,FREZA CARBURA Ø10 4F,1969,415.5,1.21,8.11,46.94,1.19,16.2,64.37,Aluminiu,Frezare,177,0,Niciunul
162,Freza,FREZA CARBURA Ø10 4F,5140,992.95,0.39,7.99,38.82,0.8,2.3,68.89,Inox,Frezare,144,0,Niciunul
163,Freza,FREZA CARBURA Ø10 4F,2419,428.53,2.96,12.98,57.16,1.86,13.2,70.19,Aluminiu,Frezare,412,0,Niciunul
164,Freza,FREZA CARBURA Ø10 4F,5484,639.05,2.32,5.59,51.91,0.82,16.7,64.19,Otel,Frezare,268,0,Niciunul
165,Freza,FREZA CARBURA Ø10 4F,5198,496.21,0.17,18.59,45.24,1.24,3.7,75,Aluminiu,Frezare,210,0,Niciunul
166,Freza,FREZA CARBURA Ø10 4F,4641,1157.74,2.25,16.72,62.54,1.06,5.2,71.17,Inox,Frezare,384,0,Niciunul
167,Freza,FREZA CARBURA Ø10 4F,2802,458.38,2.46,19.6,40,1.39,6.6,73.46,Inox,Frezare,208,0,Niciunul
168,Freza,FREZA CARBURA Ø10 4F,1796,603.62,0.54,18.07,102.42,6.13,86.2,94.65,Otel,Frezare,151,1,Uzura excesiva
169,Freza,FREZA CARBURA Ø10 4F,5853,319.43,0.4,10.92,39.88,1.98,5.7,67.55,Inox,Frezare,391,0,Niciunul
170,Freza,FREZA CARBURA Ø10 4F,3098,721.58,2.4,14.88,91.05,7.11,70.1,98.49,Inox,Frezare,194,1,Vibratii
171,Freza,FREZA CARBURA Ø10 4F,2884,389.02,2.94,13.12,60.08,1,9.3,71.74,Aluminiu,Frezare,158,0,Niciunul
172,Freza,FREZA CARBURA Ø10 4F,3564,623.24,2.75,14.84,59.75,1.52,2.2,64.86,Aluminiu,Frezare,464,0,Niciunul
173,Freza,FREZA CARBURA Ø10 4F,3384,957.3,1.01,11.73,38.87,0.96,1.6,64.17,Otel,Frezare,418,0,Niciunul
174,Freza,FREZA CARBURA Ø10 4F,2688,487.56,2.01,16.36,61.28,0.83,10.3,64.78,Otel,Frezare,321,0,Niciunul
175,Freza,FREZA CARBURA Ø10 4F,4997,412.62,2.91,9.41,52.86,1.48,1.2,61.59,Aluminiu,Frezare,237,0,Niciunul
176,Freza,FREZA CARBURA Ø10 4F,5757,609.18,0.97,13.63,64.79,1.02,4.4,67.34,Inox,Frezare,344,0,Niciunul
177,Freza,FREZA CARBURA Ø10 4F,5543,689.41,2.09,13.09,108.03,8.4,56.5,98.72,Aluminiu,Frezare,83,1,Uzura excesiva
178,Freza,FREZA CARBURA Ø10 4F,5245,1182.72,1.98,16.76,42.91,1.52,18.8,68.1,Otel,Frezare,148,0,Niciunul
179,Freza,FREZA CARBURA Ø10 4F,5588,391.38,2.75,19.08,54.42,1.29,10.2,61.92,Aluminiu,Frezare,198,0,Niciunul
180,Freza,FREZA CARBURA Ø10 4F,3100,951.86,0.63,16.9,57.21,0.6,6.5,66.52,Otel,Frezare,214,0,Niciunul
181,Freza,FREZA CARBURA Ø10 4F,1974,1054.11,2.91,12.99,49.06,0.63,5.4,73.34,Inox,Frezare,189,0,Niciunul
182,Freza,FREZA CARBURA Ø10 4F,1729,937.36,2.74,12.07,51.58,1,2.8,66.01,Otel,Frezare,495,0,Niciunul
183,Freza,FREZA CARBURA Ø10 4F,3877,577.92,1.84,16.36,36.13,0.84,4.4,71.99,Inox,Frezare,74,0,Niciunul
184,Freza,FREZA CARBURA Ø10 4F,3671,603.64,2.68,8.04,50.45,1.97,1.7,66.64,Aluminiu,Frezare,255,0,Niciunul
185,Freza,FREZA CARBURA Ø10 4F,1633,467.6,2.31,11.1,60.06,1.58,1.6,64.67,Inox,Frezare,92,0,Niciunul
186,Freza,FREZA CARBURA Ø10 4F,2651,782.92,1.8,11.58,43.92,1.79,0.7,71.23,Inox,Frezare,294,0,Niciunul
187,Freza,FREZA CARBURA Ø10 4F,2138,999.58,0.97,5.65,147.96,3.75,73.3,90.71,Inox,Frezare,16,1,Uzura excesiva
188,Freza,FREZA CARBURA Ø10 4F,2331,327.03,1.43,14.08,138.47,4.41,54.5,95.65,Inox,Frezare,492,1,Vibratii
189,Freza,FREZA CARBURA Ø10 4F,2191,787.83,2.21,8.12,62.1,1.8,16.2,71.96,Aluminiu,Frezare,47,0,Niciunul
190,Freza,FREZA CARBURA Ø10 4F,4171,277.99,2.5,16.87,81.53,10.67,46.4,98.73,Otel,Frezare,403,1,Supraincalzire
191,Freza,FREZA CARBURA Ø10 4F,5672,1025.08,2.78,14.91,57,1.31,0.4,64.58,Inox,Frezare,247,0,Niciunul
192,Freza,FREZA CARBURA Ø10 4F,4057,1069.09,2.25,17.63,37.76,0.74,1.8,74.73,Inox,Frezare,341,0,Niciunul
193,Freza,FREZA CARBURA Ø10 4F,5349,273.5,1.97,11.47,54.02,0.59,12.1,63.75,Otel,Frezare,134,0,Niciunul
194,Freza,FREZA CARBURA Ø10 4F,2706,845.98,2.51,16.86,157.83,11.35,74.2,94.51,Inox,Frezare,385,1,Supraincalzire
195,Freza,FREZA CARBURA Ø10 4F,3411,1122,2.89,11.5,67.43,1.16,5.4,64.1,Inox,Frezare,328,0,Niciunul
196,Freza,FREZA CARBURA Ø10 4F,2254,884.54,2.92,13.48,39.57,1.17,11.6,72.91,Otel,Frezare,15,0,Niciunul
197,Freza,FREZA CARBURA Ø10 4F,5768,1043.89,0.12,14.05,80.21,6.92,83.6,81.79,Aluminiu,Frezare,167,1,Supraincalzire
198,Freza,FREZA CARBURA Ø10 4F,1736,533.75,0.4,11.33,62.93,1.52,6.5,65.56,Inox,Frezare,358,0,Niciunul
199,Freza,FREZA CARBURA Ø10 4F,4809,450.62,2.79,6.17,138.99,8.07,92.8,81.04,Otel,Frezare,195,1,Supraincalzire
200,Freza,FREZA CARBURA Ø10 4F,2613,387.62,1.6,19.26,36.82,1.79,15.2,60.81,Otel,Frezare,333,0,Niciunul
201,Freza,FREZA CARBURA Ø10 4F,4764,358.26,0.95,7.98,68.56,0.74,5.9,60.55,Aluminiu,Frezare,335,0,Niciunul
202,Freza,FREZA CARBURA Ø10 4F,2714,1076.94,1.03,5.6,113.56,8.79,95.1,84.4,Otel,Frezare,274,1,Uzura excesiva
203,Freza,FREZA CARBURA Ø10 4F,5422,385.14,1.72,17.49,37.49,0.87,19.4,70.65,Inox,Frezare,144,0,Niciunul
204,Freza,FREZA CARBURA Ø10 4F,2091,701.18,1.09,18.84,153.24,10,92.5,84.12,Otel,Frezare,380,1,Vibratii
205,Freza,FREZA CARBURA Ø10 4F,5076,941.29,1.86,5.9,62.39,0.85,3.6,60.58,Aluminiu,Frezare,307,0,Niciunul
206,Freza,FREZA CARBURA Ø10 4F,5873,489.7,1.24,12.48,62.28,1.29,4,71.48,Aluminiu,Frezare,111,0,Niciunul
207,Freza,FREZA CARBURA Ø10 4F,3620,450.48,0.89,12.15,45.88,1.28,13.4,64.17,Aluminiu,Frezare,343,0,Niciunul
208,Freza,FREZA CARBURA Ø10 4F,2881,507,2.89,5.64,35.89,1.2,1.9,68.84,Aluminiu,Frezare,205,0,Niciunul
209,Freza,FREZA CARBURA Ø10 4F,4556,600.1,1.34,12.05,113.72,11.79,81.7,97.79,Inox,Frezare,87,1,Uzura excesiva
210,Freza,FREZA CARBURA Ø10 4F,4669,815.71,1.35,14.85,50.43,0.99,17.3,67.5,Aluminiu,Frezare,246,0,Niciunul
211,Freza,FREZA CARBURA Ø10 4F,4704,367.75,1.22,5.63,129.76,5.67,90.7,97.09,Aluminiu,Frezare,268,1,Supraincalzire
212,Freza,FREZA CARBURA Ø10 4F,4709,803.28,1.69,11.32,93.54,7.21,66.9,90.24,Aluminiu,Frezare,446,1,Uzura excesiva
213,Freza,FREZA CARBURA Ø10 4F,5601,298.34,1.75,9.62,68.98,1.41,6.6,73.59,Inox,Frezare,478,0,Niciunul
214,Freza,FREZA CARBURA Ø10 4F,3921,318.59,1.06,19.38,67.14,0.68,14.3,60.37,Inox,Frezare,118,0,Niciunul
215,Freza,FREZA CARBURA Ø10 4F,2071,707.62,2.74,14.41,62.79,1.63,2,63.06,Inox,Frezare,57,0,Niciunul
216,Freza,FREZA CARBURA Ø10 4F,5957,1070.56,0.11,18.46,51.27,1.03,2.8,60.18,Inox,Frezare,125,0,Niciunul
217,Freza,FREZA CARBURA Ø10 4F,2850,278.1,1.01,9.32,63.74,1.74,5.3,67.51,Aluminiu,Frezare,238,0,Niciunul
218,Freza,FREZA CARBURA Ø10 4F,3159,1176.44,2.43,10.27,66.68,1.12,17,66.97,Inox,Frezare,302,0,Niciunul
219,Freza,FREZA CARBURA Ø10 4F,3637,373.92,0.99,9.76,55.69,0.81,9,71.13,Inox,Frezare,133,0,Niciunul
220,Freza,FREZA CARBURA Ø10 4F,3973,485.45,1.3,12.75,69.8,0.57,8.6,71.68,Aluminiu,Frezare,301,0,Niciunul
221,Freza,FREZA CARBURA Ø10 4F,1562,216.71,1.84,14.83,111.92,6.35,65.3,91.8,Inox,Frezare,365,1,Vibratii
222,Freza,FREZA CARBURA Ø10 4F,2466,621.94,2.63,8.28,147.72,4.7,50.7,97.95,Aluminiu,Frezare,124,1,Supraincalzire
223,Freza,FREZA CARBURA Ø10 4F,2943,440.11,0.56,16.37,55.26,1.8,10.4,65.21,Aluminiu,Frezare,183,0,Niciunul
224,Freza,FREZA CARBURA Ø10 4F,4506,694.64,2.45,9.49,62.06,0.87,5.2,71.11,Inox,Frezare,478,0,Niciunul
225,Freza,FREZA CARBURA Ø10 4F,5944,249.9,0.11,15.24,55.37,0.56,19.8,67.86,Otel,Frezare,279,0,Niciunul
226,Freza,FREZA CARBURA Ø10 4F,5275,829.86,1.35,15.2,119.06,11.71,86.3,85,Inox,Frezare,443,1,Vibratii
227,Freza,FREZA CARBURA Ø10 4F,5915,647.56,2.79,11.05,60.66,1.25,4.8,72.06,Otel,Frezare,497,0,Niciunul
228,Freza,FREZA CARBURA Ø10 4F,3742,361.51,0.7,11.55,63.78,1.45,14.9,61.52,Aluminiu,Frezare,79,0,Niciunul
229,Freza,FREZA CARBURA Ø10 4F,3643,593.72,0.49,12.75,145.01,5.18,79.5,84.69,Inox,Frezare,305,1,Supraincalzire
230,Freza,FREZA CARBURA Ø10 4F,5160,309.39,0.42,12.55,41.34,1.34,14.2,72.69,Inox,Frezare,358,0,Niciunul
231,Freza,FREZA CARBURA Ø10 4F,4418,434.3,2.57,15.79,69.55,1.58,13.8,74.85,Aluminiu,Frezare,363,0,Niciunul
232,Freza,FREZA CARBURA Ø10 4F,4219,707.5,1.67,11.19,64.1,1.91,18,66.92,Aluminiu,Frezare,329,0,Niciunul
233,Freza,FREZA CARBURA Ø10 4F,1567,809.8,2.19,19,39.05,1.03,9.4,66.99,Aluminiu,Frezare,134,0,Niciunul
234,Freza,FREZA CARBURA Ø10 4F,4709,975.74,1.82,6.68,56.88,1.48,6.5,61.15,Otel,Frezare,426,0,Niciunul
235,Freza,FREZA CARBURA Ø10 4F,1616,579.32,0.67,17.71,56.28,1.03,18.1,67.68,Inox,Frezare,470,0,Niciunul
236,Freza,FREZA CARBURA Ø10 4F,3842,904.88,0.88,19.86,53.31,1.47,18.1,74.56,Otel,Frezare,478,0,Niciunul
237,Freza,FREZA CARBURA Ø10 4F,1842,995.74,0.48,17,102.76,8.62,85.9,85.95,Inox,Frezare,149,1,Supraincalzire
238,Freza,FREZA CARBURA Ø10 4F,2479,234.91,1.71,12.39,134.98,6.49,91.2,91.37,Inox,Frezare,424,1,Uzura excesiva
239,Freza,FREZA CARBURA Ø10 4F,4702,795.09,2.59,15.32,35.14,0.77,7.9,70.98,Otel,Frezare,373,0,Niciunul
240,Freza,FREZA CARBURA Ø10 4F,2807,637.67,1.55,5.25,35.79,1.08,15.6,72.26,Inox,Frezare,140,0,Niciunul
241,Freza,FREZA CARBURA Ø10 4F,4252,474.93,2.28,17.22,58.09,1.25,19.3,74.51,Inox,Frezare,304,0,Niciunul
242,Freza,FREZA CARBURA Ø10 4F,3993,761.96,1.9,17.52,42.61,1.46,19.9,68.35,Inox,Frezare,163,0,Niciunul
243,Freza,FREZA CARBURA Ø10 4F,5904,937.33,0.36,18.39,60.5,1.38,8.4,60.32,Inox,Frezare,3,0,Niciunul
244,Freza,FREZA CARBURA Ø10 4F,2344,1004.98,1.82,17.58,45.14,1.06,15.9,72.87,Inox,Frezare,386,0,Niciunul
245,Freza,FREZA CARBURA Ø10 4F,4741,249.62,0.13,15.38,60,1.01,17.5,65.04,Otel,Frezare,20,0,Niciunul
246,Freza,FREZA CARBURA Ø10 4F,3584,505.83,2.82,13.15,91.23,8.61,85,94.16,Aluminiu,Frezare,162,1,Vibratii
247,Freza,FREZA CARBURA Ø10 4F,3383,660.95,2.4,12.04,112.85,9.13,86,87.59,Otel,Frezare,178,1,Uzura excesiva
248,Freza,FREZA CARBURA Ø10 4F,5157,406.77,0.86,18.64,36.45,1.78,5.1,67.83,Aluminiu,Frezare,381,0,Niciunul
249,Freza,FREZA CARBURA Ø10 4F,1511,309.25,0.87,15.13,64.16,1.08,8.2,67.32,Aluminiu,Frezare,274,0,Niciunul
250,Freza,FREZA CARBURA Ø10 4F,2231,893.53,0.84,8.47,59.04,1.84,15.6,74.53,Otel,Frezare,182,0,Niciunul
251,Freza,FREZA CARBURA Ø10 4F,4914,639.77,0.38,9.03,57.48,1.04,17,70.21,Inox,Frezare,156,0,Niciunul
252,Freza,FREZA CARBURA Ø10 4F,2701,858.3,0.75,7.76,38.99,1.05,12.3,67.15,Aluminiu,Frezare,41,0,Niciunul
253,Freza,FREZA CARBURA Ø10 4F,5695,226.23,2.06,19.48,84.1,7.16,89.5,89.98,Aluminiu,Frezare,97,1,Uzura excesiva
254,Freza,FREZA CARBURA Ø10 4F,3943,366.49,0.33,5.6,52.93,1.81,1.6,69.76,Otel,Frezare,404,0,Niciunul
255,Freza,FREZA CARBURA Ø10 4F,5094,440.06,1.84,6.76,51.34,1.96,4.2,70.87,Aluminiu,Frezare,12,0,Niciunul
256,Freza,FREZA CARBURA Ø10 4F,5130,550.62,0.51,12.49,59.19,1.01,11.7,71.09,Otel,Frezare,374,0,Niciunul
257,Freza,FREZA CARBURA Ø10 4F,4070,774.39,2.68,10.27,53.49,1.98,5.6,74.84,Aluminiu,Frezare,207,0,Niciunul
258,Freza,FREZA CARBURA Ø10 4F,5610,494.84,2.02,12.6,50.32,1.51,5.8,65.62,Otel,Frezare,405,0,Niciunul
259,Freza,FREZA CARBURA Ø10 4F,3394,336.8,1.45,17,144.3,3.65,97.4,88.92,Otel,Frezare,313,1,Vibratii
260,Freza,FREZA CARBURA Ø10 4F,3401,844.64,1.04,5.54,69.04,1.47,13.6,66.72,Aluminiu,Frezare,22,0,Niciunul
261,Freza,FREZA CARBURA Ø10 4F,3491,956.24,1.28,19.01,99.28,5.41,64.5,88.07,Inox,Frezare,22,1,Uzura excesiva
262,Freza,FREZA CARBURA Ø10 4F,2352,426.19,1.33,16.64,37.23,1.48,7.8,70.47,Aluminiu,Frezare,495,0,Niciunul
263,Freza,FREZA CARBURA Ø10 4F,5304,725.06,0.67,13.86,57.16,1.57,9.6,61.92,Inox,Frezare,202,0,Niciunul
264,Freza,FREZA CARBURA Ø10 4F,1518,783.66,1.01,18.82,59.56,1.63,19,66.65,Inox,Frezare,262,0,Niciunul
265,Freza,FREZA CARBURA Ø10 4F,4506,993.71,1.07,18.97,153.91,4.67,68.1,92.02,Inox,Frezare,270,1,Vibratii
266,Freza,FREZA CARBURA Ø10 4F,2024,287.22,2.98,15.27,68.29,1.25,5.7,71.85,Aluminiu,Frezare,106,0,Niciunul
267,Freza,FREZA CARBURA Ø10 4F,2678,351.38,1.38,19.49,41.84,0.66,13.2,70.89,Otel,Frezare,423,0,Niciunul
268,Freza,FREZA CARBURA Ø10 4F,5759,294.79,1.68,8.48,40.84,0.65,14.8,73.72,Aluminiu,Frezare,97,0,Niciunul
269,Freza,FREZA CARBURA Ø10 4F,2315,202.36,2.99,7.55,42.79,1.37,7.4,74.79,Inox,Frezare,26,0,Niciunul
270,Freza,FREZA CARBURA Ø10 4F,3703,1016.97,1.99,13.76,41.98,1.66,5.2,66.57,Otel,Frezare,246,0,Niciunul
271,Freza,FREZA CARBURA Ø10 4F,4807,991.49,0.38,16.24,38.59,1.75,15.8,73.95,Inox,Frezare,2,0,Niciunul
272,Freza,FREZA CARBURA Ø10 4F,5664,330.72,2.17,6.24,54.8,1.37,13,70.57,Otel,Frezare,406,0,Niciunul
273,Freza,FREZA CARBURA Ø10 4F,2445,1064.36,0.89,18.35,129.14,11.05,87.1,98.29,Inox,Frezare,15,1,Uzura excesiva
274,Freza,FREZA CARBURA Ø10 4F,1720,1136.07,1.06,18.08,57.2,1.78,14.1,63.79,Otel,Frezare,179,0,Niciunul
275,Freza,FREZA CARBURA Ø10 4F,4751,658.73,0.34,13.22,63.12,1.49,5.8,67.13,Inox,Frezare,369,0,Niciunul
276,Freza,FREZA CARBURA Ø10 4F,4877,475.19,2.78,8.72,42.29,0.56,2.5,65.66,Aluminiu,Frezare,278,0,Niciunul
277,Freza,FREZA CARBURA Ø10 4F,1570,1153.91,2.64,17.44,47.79,1.8,6.4,66.32,Otel,Frezare,240,0,Niciunul
278,Freza,FREZA CARBURA Ø10 4F,2372,515.25,1.2,5.4,50.22,0.69,0.7,69.61,Aluminiu,Frezare,448,0,Niciunul
279,Freza,FREZA CARBURA Ø10 4F,5669,338.36,2.93,14.96,107.81,9.07,84.8,81.4,Inox,Frezare,40,1,Supraincalzire
280,Freza,FREZA CARBURA Ø10 4F,2868,930.8,0.52,6.96,84.36,7.41,45.1,81.8,Otel,Frezare,181,1,Supraincalzire
281,Freza,FREZA CARBURA Ø10 4F,5859,685.87,1.37,6.65,44.22,1.9,2,73.48,Inox,Frezare,354,0,Niciunul
282,Freza,FREZA CARBURA Ø10 4F,5796,1138.61,2.78,8.63,66.16,1.6,14.4,67.54,Inox,Frezare,322,0,Niciunul
283,Freza,FREZA CARBURA Ø10 4F,5148,1028.4,2.02,13.82,48.82,1.32,11.2,70.39,Inox,Frezare,227,0,Niciunul
284,Freza,FREZA CARBURA Ø10 4F,5604,299.26,2.44,7.86,53.43,1.73,0.1,71.04,Otel,Frezare,27,0,Niciunul
285,Freza,FREZA CARBURA Ø10 4F,3088,537.52,2.08,15.79,56.33,1.15,10.2,73.23,Inox,Frezare,456,0,Niciunul
286,Freza,FREZA CARBURA Ø10 4F,5282,423.81,0.96,8.74,45.5,1.7,0.3,60.69,Aluminiu,Frezare,92,0,Niciunul
287,Freza,FREZA CARBURA Ø10 4F,4696,572.15,1.65,11.48,67.5,0.74,5.1,73.46,Inox,Frezare,460,0,Niciunul
288,Freza,FREZA CARBURA Ø10 4F,4135,733.41,1.44,17.47,38.14,0.75,0.6,66.94,Inox,Frezare,341,0,Niciunul
289,Freza,FREZA CARBURA Ø10 4F,2580,729.87,2.32,12.31,117.96,5.84,60.9,99.73,Aluminiu,Frezare,386,1,Supraincalzire
290,Freza,FREZA CARBURA Ø10 4F,1925,321.75,0.96,14.49,39.42,1.06,10.7,64.25,Inox,Frezare,338,0,Niciunul
291,Freza,FREZA CARBURA Ø10 4F,3175,407.35,2.93,15.07,42.51,1.54,7,62.3,Aluminiu,Frezare,389,0,Niciunul
292,Freza,FREZA CARBURA Ø10 4F,5604,229.94,0.49,18.1,101.38,9.89,75.2,85.6,Otel,Frezare,447,1,Vibratii
293,Freza,FREZA CARBURA Ø10 4F,5545,317.07,0.26,10.73,104.27,6.89,89.7,94.56,Inox,Frezare,230,1,Uzura excesiva
294,Freza,FREZA CARBURA Ø10 4F,4613,222.6,0.32,13.35,58.09,1.34,15.9,60.87,Inox,Frezare,176,0,Niciunul
295,Freza,FREZA CARBURA Ø10 4F,4945,856.11,2.23,12.19,151.88,11.82,80.3,85.76,Inox,Frezare,435,1,Uzura excesiva
296,Freza,FREZA CARBURA Ø10 4F,1506,678.53,0.48,15.92,41.57,1.67,19.9,69.8,Inox,Frezare,331,0,Niciunul
297,Freza,FREZA CARBURA Ø10 4F,3977,1178.23,2.6,6.57,49.36,1.08,9.7,65.43,Inox,Frezare,49,0,Niciunul
298,Freza,FREZA CARBURA Ø10 4F,5717,1031.26,1.95,7.6,111.7,5.46,52.2,81.96,Aluminiu,Frezare,350,1,Supraincalzire
299,Freza,FREZA CARBURA Ø10 4F,4935,805.54,0.11,14.09,53.22,0.8,4.8,60.6,Inox,Frezare,484,0,Niciunul
300,Freza,FREZA CARBURA Ø10 4F,2183,726.9,2.59,9.78,141.86,3.66,53.5,95.46,Otel,Frezare,32,1,Vibratii
1,Freza,FREZA HSS Ø8 2F,1591,408.62,0.72,7.05,63.4,1.3,4.4,60.89,Inox,Frezare,8,0,Niciunul
2,Freza,FREZA HSS Ø8 2F,3468,556.16,2.65,19.49,109.28,3.07,65.5,98.96,Inox,Frezare,377,1,Supraincalzire
3,Freza,FREZA HSS Ø8 2F,1738,900.14,0.54,6.05,84.4,5.65,42.3,80.58,Inox,Frezare,396,1,Vibratii
4,Freza,FREZA HSS Ø8 2F,5591,435.72,2.95,14.23,63.8,1.4,15.4,63.33,Inox,Frezare,457,0,Niciunul
5,Freza,FREZA HSS Ø8 2F,5294,243.85,1.6,19.82,49.04,1.8,5.1,66.55,Otel,Frezare,23,0,Niciunul
6,Freza,FREZA HSS Ø8 2F,2893,1033.73,1.97,19.88,43.09,1.04,6.3,68.71,Otel,Frezare,339,0,Niciunul
7,Freza,FREZA HSS Ø8 2F,4721,415.9,0.83,6.96,89.74,5.84,91.4,96.91,Otel,Frezare,60,1,Vibratii
8,Freza,FREZA HSS Ø8 2F,4084,323.76,2.48,14.94,118.41,7.2,70,95.77,Otel,Frezare,303,1,Uzura excesiva
9,Freza,FREZA HSS Ø8 2F,5099,1194.11,1.06,5.22,46.38,1.74,15.5,73.42,Aluminiu,Frezare,232,0,Niciunul
10,Freza,FREZA HSS Ø8 2F,2836,406.33,0.92,18.88,141.05,11.61,99.1,92.65,Inox,Frezare,435,1,Vibratii
11,Freza,FREZA HSS Ø8 2F,4905,396.1,1.17,6.42,58.49,1.71,5.6,72.03,Inox,Frezare,418,0,Niciunul
12,Freza,FREZA HSS Ø8 2F,5470,400.46,0.52,19.31,129.91,6.27,40.1,90.28,Inox,Frezare,43,1,Vibratii
13,Freza,FREZA HSS Ø8 2F,1518,1082.62,2.33,14.38,50.47,1.84,18.8,61.12,Otel,Frezare,227,0,Niciunul
14,Freza,FREZA HSS Ø8 2F,2418,347.76,2.69,15.53,44.07,1.01,10.8,68.27,Otel,Frezare,300,0,Niciunul
15,Freza,FREZA HSS Ø8 2F,5229,409.4,1.32,8.66,39.9,1.48,12.1,70.27,Aluminiu,Frezare,486,0,Niciunul
16,Freza,FREZA HSS Ø8 2F,4031,402.79,1.77,6.68,52.47,1.91,13.3,74.69,Inox,Frezare,421,0,Niciunul
17,Freza,FREZA HSS Ø8 2F,2336,248.93,1.6,5.21,110.81,7.34,85.3,85.16,Inox,Frezare,34,1,Vibratii
18,Freza,FREZA HSS Ø8 2F,3604,242.89,0.26,6.63,62.81,0.71,6,60.7,Otel,Frezare,244,0,Niciunul
19,Freza,FREZA HSS Ø8 2F,4879,372.66,0.86,18.38,62,1.28,19.9,67.88,Inox,Frezare,318,0,Niciunul
20,Freza,FREZA HSS Ø8 2F,3886,402.62,2.3,13.86,61.17,0.75,19.6,70.26,Aluminiu,Frezare,62,0,Niciunul
21,Freza,FREZA HSS Ø8 2F,3486,209.02,1.15,7.26,66.48,1.93,9.1,66.29,Otel,Frezare,339,0,Niciunul
22,Freza,FREZA HSS Ø8 2F,4762,739.69,1.91,18.01,38.29,0.53,8.4,66.88,Aluminiu,Frezare,327,0,Niciunul
23,Freza,FREZA HSS Ø8 2F,2455,417.72,2.21,16.31,151.39,11.65,82.5,92.21,Otel,Frezare,476,1,Supraincalzire
24,Freza,FREZA HSS Ø8 2F,1556,512.79,1.01,16.03,153.69,3.55,44.8,97.95,Aluminiu,Frezare,439,1,Uzura excesiva
25,Freza,FREZA HSS Ø8 2F,1519,865.68,0.45,15.62,65.63,1.87,4.9,74.89,Otel,Frezare,418,0,Niciunul
26,Freza,FREZA HSS Ø8 2F,4932,931.6,2.98,7.43,114.3,4.07,96.5,91.67,Otel,Frezare,403,1,Uzura excesiva
27,Freza,FREZA HSS Ø8 2F,2011,685.07,2.58,9.66,57.93,1.55,18.6,63.99,Otel,Frezare,257,0,Niciunul
28,Freza,FREZA HSS Ø8 2F,5840,623.13,0.4,10.19,88.85,6.91,54.5,95.7,Otel,Frezare,107,1,Uzura excesiva
29,Freza,FREZA HSS Ø8 2F,5716,651.6,1.98,9.69,51.49,0.62,17.5,74.13,Aluminiu,Frezare,128,0,Niciunul
30,Freza,FREZA HSS Ø8 2F,3428,1083.39,0.14,10.5,47.9,0.94,19.8,70.54,Inox,Frezare,81,0,Niciunul
31,Freza,FREZA HSS Ø8 2F,5799,629.3,0.19,18.26,49.71,1.84,2.1,64.66,Aluminiu,Frezare,444,0,Niciunul
32,Freza,FREZA HSS Ø8 2F,1984,1193.35,1.72,15.12,60.4,0.9,17.3,62.02,Otel,Frezare,210,0,Niciunul
33,Freza,FREZA HSS Ø8 2F,4812,1097.66,1.79,8.81,57.84,1.83,3.9,70.82,Inox,Frezare,189,0,Niciunul
34,Freza,FREZA HSS Ø8 2F,1808,789.04,0.4,12.58,56.11,1.16,16.7,68.32,Otel,Frezare,170,0,Niciunul
35,Freza,FREZA HSS Ø8 2F,2157,436.72,0.13,13.28,51.77,0.79,9.1,72.67,Inox,Frezare,427,0,Niciunul
36,Freza,FREZA HSS Ø8 2F,4575,1059.31,0.84,12.38,38.65,1.2,14.5,61.81,Aluminiu,Frezare,259,0,Niciunul
37,Freza,FREZA HSS Ø8 2F,4092,261.5,2.52,7.55,45.94,0.96,8.9,72.93,Inox,Frezare,155,0,Niciunul
38,Freza,FREZA HSS Ø8 2F,2798,833.43,1,18.13,99.52,7.32,62.1,82.24,Otel,Frezare,261,1,Supraincalzire
39,Freza,FREZA HSS Ø8 2F,2837,504,1.71,11.52,48.64,1.26,15.7,70.26,Inox,Frezare,75,0,Niciunul
40,Freza,FREZA HSS Ø8 2F,2509,378.87,0.54,15.31,64.98,0.93,13.7,65.87,Inox,Frezare,46,0,Niciunul
41,Freza,FREZA HSS Ø8 2F,4282,406.4,1.38,11.9,48.34,1.68,9.8,73.12,Inox,Frezare,349,0,Niciunul
42,Freza,FREZA HSS Ø8 2F,1580,576.33,2.51,18.74,45.85,0.98,18.4,65.78,Aluminiu,Frezare,62,0,Niciunul
43,Freza,FREZA HSS Ø8 2F,4045,1168.31,0.65,9.99,93.67,5.17,64.7,94.63,Inox,Frezare,313,1,Uzura excesiva
44,Freza,FREZA HSS Ø8 2F,5931,524.42,0.81,11.43,40.9,0.7,9.8,73.67,Aluminiu,Frezare,16,0,Niciunul
45,Freza,FREZA HSS Ø8 2F,3096,846.67,2.42,8.58,149.71,10.04,99.8,90.13,Aluminiu,Frezare,480,1,Uzura excesiva
46,Freza,FREZA HSS Ø8 2F,5414,1112.51,2.86,18.74,52.72,1.6,19.4,68.98,Otel,Frezare,312,0,Niciunul
47,Freza,FREZA HSS Ø8 2F,5319,851.73,0.81,16.93,67.21,1.31,16,65.99,Aluminiu,Frezare,273,0,Niciunul
48,Freza,FREZA HSS Ø8 2F,5203,501.09,1.67,6.09,60.19,1.11,4.3,67.26,Aluminiu,Frezare,245,0,Niciunul
49,Freza,FREZA HSS Ø8 2F,4765,558.49,1.75,9.6,59.01,0.96,19.7,70.59,Aluminiu,Frezare,448,0,Niciunul
50,Freza,FREZA HSS Ø8 2F,5322,493.7,0.81,8.82,37.81,1.8,6.6,74.46,Otel,Frezare,106,0,Niciunul
51,Freza,FREZA HSS Ø8 2F,3323,841.79,0.84,8.44,46.31,1.46,11.4,73.8,Aluminiu,Frezare,298,0,Niciunul
52,Freza,FREZA HSS Ø8 2F,4799,246.49,1.66,10.07,65.42,1.83,0.6,60.65,Aluminiu,Frezare,225,0,Niciunul
53,Freza,FREZA HSS Ø8 2F,4748,626.3,0.75,16.43,64.47,0.89,0.1,64.56,Inox,Frezare,92,0,Niciunul
54,Freza,FREZA HSS Ø8 2F,3184,411.81,2.71,9.1,52.86,1.14,1.3,61.79,Inox,Frezare,423,0,Niciunul
55,Freza,FREZA HSS Ø8 2F,1974,566.25,1.52,10.29,85.76,5.83,86.2,87.11,Otel,Frezare,98,1,Vibratii
56,Freza,FREZA HSS Ø8 2F,1672,779.11,2.99,14.04,48.37,1.83,3,66.32,Otel,Frezare,233,0,Niciunul
57,Freza,FREZA HSS Ø8 2F,3544,864.27,2.71,12.46,55.05,1.96,8.5,67.72,Otel,Frezare,133,0,Niciunul
58,Freza,FREZA HSS Ø8 2F,4971,308.98,0.8,12.81,57.71,1.46,5.3,72.2,Otel,Frezare,281,0,Niciunul
59,Freza,FREZA HSS Ø8 2F,4621,248.33,1.22,10.3,69.88,0.84,12.2,70.57,Otel,Frezare,406,0,Niciunul
60,Freza,FREZA HSS Ø8 2F,5705,1133.12,2.87,5.91,68.06,0.55,14.2,62.42,Inox,Frezare,118,0,Niciunul
61,Freza,FREZA HSS Ø8 2F,4249,516.79,0.95,19.49,47.06,1.42,9.2,66.59,Otel,Frezare,297,0,Niciunul
62,Freza,FREZA HSS Ø8 2F,4151,714.14,0.77,5.22,39.71,1.9,8,72.83,Aluminiu,Frezare,381,0,Niciunul
63,Freza,FREZA HSS Ø8 2F,2708,619.61,0.85,6.21,46.21,0.64,16.1,73.65,Otel,Frezare,492,0,Niciunul
64,Freza,FREZA HSS Ø8 2F,1593,434.07,0.6,12.52,39.83,1.51,19.4,74.16,Aluminiu,Frezare,107,0,Niciunul
65,Freza,FREZA HSS Ø8 2F,3901,898.92,1.87,8.33,158.75,7.09,77,87.07,Inox,Frezare,81,1,Uzura excesiva
66,Freza,FREZA HSS Ø8 2F,3334,1187.18,0.45,18.92,68.34,1.35,9.9,66.83,Aluminiu,Frezare,164,0,Niciunul
67,Freza,FREZA HSS Ø8 2F,5998,675.52,2.11,17.64,58.52,0.62,3.6,64.48,Inox,Frezare,191,0,Niciunul
68,Freza,FREZA HSS Ø8 2F,3167,789.55,1.35,11.93,45.35,1.12,10.9,73.27,Inox,Frezare,424,0,Niciunul
69,Freza,FREZA HSS Ø8 2F,5223,473.1,2.64,11.53,52.06,0.88,9.4,69.01,Inox,Frezare,290,0,Niciunul
70,Freza,FREZA HSS Ø8 2F,5301,638.16,1.26,6.47,66.72,1.35,10.6,68.96,Otel,Frezare,88,0,Niciunul
71,Freza,FREZA HSS Ø8 2F,5087,488.34,2.31,12.07,46.08,1.9,13.3,69.07,Aluminiu,Frezare,487,0,Niciunul
72,Freza,FREZA HSS Ø8 2F,3391,347.04,2.96,11.96,66.55,1.32,11.9,68.45,Aluminiu,Frezare,140,0,Niciunul
73,Freza,FREZA HSS Ø8 2F,5576,974.98,0.7,8.44,36.16,1.98,17.8,60.05,Otel,Frezare,42,0,Niciunul
74,Freza,FREZA HSS Ø8 2F,5844,1007.51,2.55,8.25,65.35,1.2,1.8,62.23,Inox,Frezare,363,0,Niciunul
75,Freza,FREZA HSS Ø8 2F,3436,1067.83,1.15,13.01,69.91,1.94,3.5,66.12,Aluminiu,Frezare,492,0,Niciunul
76,Freza,FREZA HSS Ø8 2F,1979,843.33,2.12,13.17,53.02,0.94,14.4,64.72,Aluminiu,Frezare,328,0,Niciunul
77,Freza,FREZA HSS Ø8 2F,5501,889.82,1.37,15.84,96.46,9.75,73.9,92.25,Inox,Frezare,161,1,Vibratii
78,Freza,FREZA HSS Ø8 2F,5112,518.97,1.39,12.59,38.95,1.8,2.6,68.44,Otel,Frezare,358,0,Niciunul
79,Freza,FREZA HSS Ø8 2F,2374,684.07,0.28,14.49,111.12,7.05,90.9,87.71,Inox,Frezare,115,1,Supraincalzire
80,Freza,FREZA HSS Ø8 2F,5251,339.62,2.78,6.59,67.64,1.4,6.9,69.52,Aluminiu,Frezare,368,0,Niciunul
81,Freza,FREZA HSS Ø8 2F,3292,325.08,2.91,15.5,56.41,0.59,2.4,73.29,Aluminiu,Frezare,144,0,Niciunul
82,Freza,FREZA HSS Ø8 2F,4394,689.38,1.99,9.73,68.5,0.84,11.7,73.53,Inox,Frezare,76,0,Niciunul
83,Freza,FREZA HSS Ø8 2F,2532,774.84,2.04,14.97,49.39,0.86,2.9,73.44,Aluminiu,Frezare,180,0,Niciunul
84,Freza,FREZA HSS Ø8 2F,2238,323.19,1.54,17.74,66.39,1.89,17.2,67.76,Aluminiu,Frezare,397,0,Niciunul
85,Freza,FREZA HSS Ø8 2F,2576,950.05,1.89,16.59,37.92,0.52,10.1,64.28,Otel,Frezare,107,0,Niciunul
86,Freza,FREZA HSS Ø8 2F,2601,422.72,0.9,12.44,125.35,3.39,46.8,99.63,Aluminiu,Frezare,311,1,Vibratii
87,Freza,FREZA HSS Ø8 2F,3371,214.89,1.63,9.78,60.23,1.27,0.3,64.71,Aluminiu,Frezare,37,0,Niciunul
88,Freza,FREZA HSS Ø8 2F,2316,666.22,2.34,16.64,44.51,1.2,9.7,62.57,Aluminiu,Frezare,326,0,Niciunul
89,Freza,FREZA HSS Ø8 2F,5674,217.54,0.59,11.24,147.43,4.01,50.9,94.01,Inox,Frezare,150,1,Supraincalzire
90,Freza,FREZA HSS Ø8 2F,3629,282.47,0.33,13.09,53.26,1.76,3.1,64.29,Otel,Frezare,378,0,Niciunul
91,Freza,FREZA HSS Ø8 2F,2425,1020.8,0.78,17.74,69.14,1.82,13.2,73.39,Inox,Frezare,153,0,Niciunul
92,Freza,FREZA HSS Ø8 2F,5152,669.56,1.62,10.56,59.29,0.85,2.5,71.17,Inox,Frezare,114,0,Niciunul
93,Freza,FREZA HSS Ø8 2F,2459,416.67,2.37,7.77,67.43,1.9,4.5,69.06,Inox,Frezare,413,0,Niciunul
94,Freza,FREZA HSS Ø8 2F,2222,342.34,0.55,5.69,46.86,1.43,8.6,73.12,Aluminiu,Frezare,340,0,Niciunul
95,Freza,FREZA HSS Ø8 2F,4159,765.78,0.51,16.7,81.78,4.29,78.3,80.58,Aluminiu,Frezare,107,1,Uzura excesiva
96,Freza,FREZA HSS Ø8 2F,1896,532.05,1.4,16.61,67.02,1.38,12,60.18,Inox,Frezare,164,0,Niciunul
97,Freza,FREZA HSS Ø8 2F,2326,716.35,0.9,11.28,51.78,1.24,7.5,63.64,Inox,Frezare,488,0,Niciunul
98,Freza,FREZA HSS Ø8 2F,5229,715.26,2.17,9.08,66.66,0.78,17.1,60.7,Aluminiu,Frezare,485,0,Niciunul
99,Freza,FREZA HSS Ø8 2F,4320,1000.11,0.22,6.95,54.04,0.98,7.4,61.91,Otel,Frezare,440,0,Niciunul
100,Freza,FREZA HSS Ø8 2F,3664,1145,1.52,12.77,92.3,5.87,79.3,84.96,Aluminiu,Frezare,481,1,Vibratii
101,Freza,FREZA HSS Ø8 2F,5672,1137.42,0.29,12.89,147.96,5.96,69.2,84.25,Otel,Frezare,126,1,Vibratii
102,Freza,FREZA HSS Ø8 2F,1688,297.33,1.18,18.69,36.27,0.73,2.3,60.91,Aluminiu,Frezare,262,0,Niciunul
103,Freza,FREZA HSS Ø8 2F,5594,932.87,0.15,9.03,40.03,0.65,1.2,74.14,Otel,Frezare,339,0,Niciunul
104,Freza,FREZA HSS Ø8 2F,2416,262.2,2.07,19.33,67.34,0.75,14.4,71.42,Inox,Frezare,73,0,Niciunul
105,Freza,FREZA HSS Ø8 2F,3101,463.33,0.43,16.55,38.39,1.12,15.4,73.97,Otel,Frezare,337,0,Niciunul
106,Freza,FREZA HSS Ø8 2F,5715,547.34,1.34,8.92,53.42,1.04,6.8,65.3,Inox,Frezare,278,0,Niciunul
107,Freza,FREZA HSS Ø8 2F,3396,429.24,2.71,14.11,56.66,0.72,9.8,61.21,Inox,Frezare,254,0,Niciunul
108,Freza,FREZA HSS Ø8 2F,4305,215.33,0.93,9.14,156.65,3.96,46.8,97,Aluminiu,Frezare,269,1,Supraincalzire
109,Freza,FREZA HSS Ø8 2F,3330,1154.38,1.68,12.2,107.65,5.1,64.1,94.9,Otel,Frezare,481,1,Supraincalzire
110,Freza,FREZA HSS Ø8 2F,1678,865.42,1.95,6.21,55.93,0.72,12.8,64.27,Aluminiu,Frezare,410,0,Niciunul
111,Freza,FREZA HSS Ø8 2F,2946,875.33,0.54,10.02,49.11,0.98,13.8,70.13,Otel,Frezare,189,0,Niciunul
112,Freza,FREZA HSS Ø8 2F,1970,1198.33,1.39,16.4,55.03,0.9,5.2,62.82,Otel,Frezare,158,0,Niciunul
113,Freza,FREZA HSS Ø8 2F,4566,1068.22,0.89,9.38,46.03,1.95,7,64.01,Inox,Frezare,173,0,Niciunul
114,Freza,FREZA HSS Ø8 2F,5683,591.02,1.47,10.43,47.22,1.94,9.1,69.09,Inox,Frezare,444,0,Niciunul
115,Freza,FREZA HSS Ø8 2F,3205,260.66,1.1,7.32,140.28,3.79,47.6,91.22,Inox,Frezare,159,1,Supraincalzire
116,Freza,FREZA HSS Ø8 2F,5292,832.13,2.65,5.97,67.62,0.78,18.8,74.82,Inox,Frezare,144,0,Niciunul
117,Freza,FREZA HSS Ø8 2F,3292,760.99,1.64,12.17,58.54,0.68,10,60.21,Otel,Frezare,267,0,Niciunul
118,Freza,FREZA HSS Ø8 2F,1645,551.78,0.71,14.13,47.07,1.42,14.1,73.73,Inox,Frezare,226,0,Niciunul
119,Freza,FREZA HSS Ø8 2F,1914,465.25,0.37,16.95,152.31,7.28,97.4,81.42,Inox,Frezare,123,1,Vibratii
120,Freza,FREZA HSS Ø8 2F,2090,902.51,1.28,10.62,98.53,8.81,52,99.42,Otel,Frezare,483,1,Uzura excesiva
121,Freza,FREZA HSS Ø8 2F,4830,899.04,2.45,10.24,42,1.51,14.6,71.86,Aluminiu,Frezare,413,0,Niciunul
122,Freza,FREZA HSS Ø8 2F,5229,282.4,2.18,6.86,61.83,1.71,15.4,73.24,Inox,Frezare,135,0,Niciunul
123,Freza,FREZA HSS Ø8 2F,5565,406.9,0.54,8.33,137.03,10.79,76.7,90.89,Inox,Frezare,421,1,Supraincalzire
124,Freza,FREZA HSS Ø8 2F,5350,1171.78,2.98,5.48,59.33,0.81,5.9,63.05,Aluminiu,Frezare,156,0,Niciunul
125,Freza,FREZA HSS Ø8 2F,2239,978.46,1.81,15.68,102.21,7.58,95.7,85.47,Inox,Frezare,482,1,Vibratii
126,Freza,FREZA HSS Ø8 2F,2237,569.67,1.8,6.04,61.5,1.05,16.6,61.03,Otel,Frezare,131,0,Niciunul
127,Freza,FREZA HSS Ø8 2F,2272,966.67,0.54,9.19,64.92,0.97,17.3,67.62,Inox,Frezare,392,0,Niciunul
128,Freza,FREZA HSS Ø8 2F,5395,652.59,2.05,6.45,64.47,0.56,6.5,74.83,Aluminiu,Frezare,434,0,Niciunul
129,Freza,FREZA HSS Ø8 2F,2928,865,1.39,5.54,66.11,1.98,9.8,62.32,Aluminiu,Frezare,252,0,Niciunul
130,Freza,FREZA HSS Ø8 2F,5718,324.39,1.6,11.11,91.94,9.56,43,91.46,Aluminiu,Frezare,238,1,Uzura excesiva
131,Freza,FREZA HSS Ø8 2F,4271,270.68,0.51,13.25,88.57,10.52,54.6,94.45,Aluminiu,Frezare,407,1,Supraincalzire
132,Freza,FREZA HSS Ø8 2F,2580,434.81,0.85,18.19,39.27,0.61,19.8,60.01,Inox,Frezare,452,0,Niciunul
133,Freza,FREZA HSS Ø8 2F,3167,276.42,1.22,11.7,57.23,1.72,17.6,62.91,Aluminiu,Frezare,243,0,Niciunul
134,Freza,FREZA HSS Ø8 2F,1751,368.54,0.73,17.93,43.91,1.74,13.2,70.09,Inox,Frezare,220,0,Niciunul
135,Freza,FREZA HSS Ø8 2F,5177,596.17,2.5,8.73,48.47,1.78,3.9,66.65,Aluminiu,Frezare,346,0,Niciunul
136,Freza,FREZA HSS Ø8 2F,2038,927.57,2.58,9.63,37.23,0.8,9.3,61.64,Aluminiu,Frezare,316,0,Niciunul
137,Freza,FREZA HSS Ø8 2F,2038,494.64,2.31,9.25,38.54,0.55,8,73.76,Otel,Frezare,286,0,Niciunul
138,Freza,FREZA HSS Ø8 2F,1877,881.98,2.73,5.25,143.21,11.11,81.8,87.16,Otel,Frezare,94,1,Vibratii
139,Freza,FREZA HSS Ø8 2F,5293,1199.71,2.49,11.17,53.4,0.72,5.7,71.01,Inox,Frezare,92,0,Niciunul
140,Freza,FREZA HSS Ø8 2F,5151,628.48,2.54,7.12,117.85,7.92,76.2,96.97,Inox,Frezare,20,1,Supraincalzire
141,Freza,FREZA HSS Ø8 2F,4927,845.24,0.52,6.68,50.79,0.57,7.5,66.46,Aluminiu,Frezare,269,0,Niciunul
142,Freza,FREZA HSS Ø8 2F,1933,603.97,0.48,6.47,56.3,0.94,9.7,64.31,Inox,Frezare,65,0,Niciunul
143,Freza,FREZA HSS Ø8 2F,1628,1098.58,2.58,19.87,63.42,1.06,13.8,65.64,Otel,Frezare,14,0,Niciunul
144,Freza,FREZA HSS Ø8 2F,3346,1056.05,0.63,5.13,49.7,1.63,2.9,74.09,Otel,Frezare,413,0,Niciunul
145,Freza,FREZA HSS Ø8 2F,5169,679.74,0.88,18.68,146.38,7.86,61.2,81.03,Inox,Frezare,477,1,Uzura excesiva
146,Freza,FREZA HSS Ø8 2F,3013,1153.59,2.59,9.04,66.73,1.79,18,71.86,Otel,Frezare,467,0,Niciunul
147,Freza,FREZA HSS Ø8 2F,2415,352.83,2.45,16.83,36.18,1.41,6.8,62.09,Otel,Frezare,407,0,Niciunul
148,Freza,FREZA HSS Ø8 2F,5093,1198.04,2.97,15.51,90.91,9.04,71.1,98.12,Otel,Frezare,321,1,Supraincalzire
149,Freza,FREZA HSS Ø8 2F,4526,210.61,0.15,6.17,89.15,3.42,41.4,93.14,Otel,Frezare,106,1,Supraincalzire
150,Freza,FREZA HSS Ø8 2F,4579,1069.2,1.94,15.1,59.97,1.49,9.8,72.57,Otel,Frezare,268,0,Niciunul
151,Freza,FREZA HSS Ø8 2F,2114,1098.26,0.15,15.28,123.15,4.91,52,93.86,Inox,Frezare,270,1,Supraincalzire
152,Freza,FREZA HSS Ø8 2F,3641,1150.78,1.65,18.93,60.7,0.86,18.2,61.54,Aluminiu,Frezare,455,0,Niciunul
153,Freza,FREZA HSS Ø8 2F,4880,755.39,0.26,5.46,135.29,6.07,45.4,87.78,Otel,Frezare,293,1,Supraincalzire
154,Freza,FREZA HSS Ø8 2F,3464,893.2,2.35,15.51,44.06,1.93,16,68.36,Otel,Frezare,306,0,Niciunul
155,Freza,FREZA HSS Ø8 2F,1543,288.34,2.96,6.41,69.46,0.86,2.5,64.03,Aluminiu,Frezare,384,0,Niciunul
156,Freza,FREZA HSS Ø8 2F,4116,1080.09,1.06,5.99,54.49,1.78,16.1,68.71,Otel,Frezare,270,0,Niciunul
157,Freza,FREZA HSS Ø8 2F,5140,298.43,1.69,7.75,55.64,1.79,9.8,69.03,Aluminiu,Frezare,320,0,Niciunul
158,Freza,FREZA HSS Ø8 2F,3427,513.2,1.85,19,69.81,0.65,4.4,61.77,Otel,Frezare,154,0,Niciunul
159,Freza,FREZA HSS Ø8 2F,2236,863.57,2.61,13.07,50.88,0.55,0.4,62.07,Inox,Frezare,423,0,Niciunul
160,Freza,FREZA HSS Ø8 2F,2628,294.22,2.44,11.98,45.48,1.55,18.8,62.98,Inox,Frezare,178,0,Niciunul
161,Freza,FREZA HSS Ø8 2F,4209,327.88,2.41,8.52,112.11,10.1,93.9,96.3,Otel,Frezare,402,1,Supraincalzire
162,Freza,FREZA HSS Ø8 2F,4984,680.14,0.96,5.53,43.24,1.47,7.8,69.9,Otel,Frezare,77,0,Niciunul
163,Freza,FREZA HSS Ø8 2F,3404,1050.55,0.26,14.4,59.1,1.75,8.4,67.18,Inox,Frezare,160,0,Niciunul
164,Freza,FREZA HSS Ø8 2F,4922,937.83,0.69,8.23,62.99,1.38,9.3,70.58,Inox,Frezare,208,0,Niciunul
165,Freza,FREZA HSS Ø8 2F,4235,835.15,2.96,10.59,102.88,11.57,50.1,92.21,Aluminiu,Frezare,459,1,Uzura excesiva
166,Freza,FREZA HSS Ø8 2F,3700,300.03,1.2,7.37,46.75,1.61,2,72,Inox,Frezare,212,0,Niciunul
167,Freza,FREZA HSS Ø8 2F,4262,906.23,2.24,11.1,101.32,7.11,82.3,96.87,Aluminiu,Frezare,99,1,Supraincalzire
168,Freza,FREZA HSS Ø8 2F,2944,252.06,2.24,9.01,42.2,0.92,6.9,71.28,Aluminiu,Frezare,322,0,Niciunul
169,Freza,FREZA HSS Ø8 2F,3934,1128.12,1.55,8.53,48.45,0.64,14,71.86,Aluminiu,Frezare,260,0,Niciunul
170,Freza,FREZA HSS Ø8 2F,4611,284.01,0.63,19.7,67.09,1.31,15.5,63.63,Inox,Frezare,363,0,Niciunul
171,Freza,FREZA HSS Ø8 2F,1883,733.03,0.25,14.12,69.35,1.9,14.5,67.05,Aluminiu,Frezare,352,0,Niciunul
172,Freza,FREZA HSS Ø8 2F,5476,845.03,0.81,18.11,155.4,11.74,78.9,99.38,Otel,Frezare,170,1,Uzura excesiva
173,Freza,FREZA HSS Ø8 2F,2428,844.68,0.42,19.46,37.29,1.78,8.3,72.18,Inox,Frezare,281,0,Niciunul
174,Freza,FREZA HSS Ø8 2F,1822,444.68,2.26,16.8,66.67,0.78,7.3,71.79,Aluminiu,Frezare,233,0,Niciunul
175,Freza,FREZA HSS Ø8 2F,4812,468.58,2.87,14.05,63.44,1.38,1,66.16,Aluminiu,Frezare,454,0,Niciunul
176,Freza,FREZA HSS Ø8 2F,5741,414.3,0.68,12.27,37.94,1.04,9.6,60.28,Inox,Frezare,252,0,Niciunul
177,Freza,FREZA HSS Ø8 2F,4072,579.92,0.41,11.13,38.37,1.2,10.9,73.77,Inox,Frezare,30,0,Niciunul
178,Freza,FREZA HSS Ø8 2F,5647,915.72,0.75,5.35,55.35,1.29,0.9,68.85,Inox,Frezare,40,0,Niciunul
179,Freza,FREZA HSS Ø8 2F,1999,1014.46,0.43,18.74,52.42,1.9,18.2,73.58,Otel,Frezare,403,0,Niciunul
180,Freza,FREZA HSS Ø8 2F,5737,962.7,1.85,19.09,127.31,9.99,98.9,83.53,Otel,Frezare,163,1,Uzura excesiva
181,Freza,FREZA HSS Ø8 2F,2366,300.06,1.14,5.35,62.17,1.45,6.4,64.67,Inox,Frezare,479,0,Niciunul
182,Freza,FREZA HSS Ø8 2F,5938,774.33,0.66,5.53,64.92,0.63,14,63.13,Inox,Frezare,299,0,Niciunul
183,Freza,FREZA HSS Ø8 2F,2985,542.35,1.41,8.22,48.77,1.21,8.4,63.98,Aluminiu,Frezare,287,0,Niciunul
184,Freza,FREZA HSS Ø8 2F,3145,698.49,1.69,9.31,159.3,6.08,41.2,90.46,Aluminiu,Frezare,351,1,Supraincalzire
185,Freza,FREZA HSS Ø8 2F,3507,1078.2,0.49,8.1,43.58,1.13,5,70.93,Otel,Frezare,449,0,Niciunul
186,Freza,FREZA HSS Ø8 2F,3194,678.07,1.8,14.28,61,1.2,2.3,71.36,Aluminiu,Frezare,231,0,Niciunul
187,Freza,FREZA HSS Ø8 2F,3325,1030.09,1.88,8.53,86.58,11.86,86.8,97.08,Otel,Frezare,166,1,Vibratii
188,Freza,FREZA HSS Ø8 2F,5944,624.9,2.23,6.41,65.99,1.3,10.6,62.57,Otel,Frezare,79,0,Niciunul
189,Freza,FREZA HSS Ø8 2F,1862,942.69,1.46,13.48,50.32,0.57,5,65.12,Otel,Frezare,204,0,Niciunul
190,Freza,FREZA HSS Ø8 2F,2978,783.03,3,7.01,39.53,0.62,1.4,70.82,Aluminiu,Frezare,56,0,Niciunul
191,Freza,FREZA HSS Ø8 2F,3816,394.87,2.94,19.95,97.09,10.74,72.1,90.94,Aluminiu,Frezare,499,1,Uzura excesiva
192,Freza,FREZA HSS Ø8 2F,2857,545.68,2.39,19.27,159.36,8.39,91.9,86.73,Aluminiu,Frezare,14,1,Vibratii
193,Freza,FREZA HSS Ø8 2F,3530,794.83,2.65,13.23,97.55,11.38,58.1,88.28,Otel,Frezare,426,1,Vibratii
194,Freza,FREZA HSS Ø8 2F,5583,212.48,2.63,19.02,50.05,1.39,4.2,74.3,Aluminiu,Frezare,300,0,Niciunul
195,Freza,FREZA HSS Ø8 2F,5607,830.91,2.54,8.84,47.03,1,12.2,70.04,Inox,Frezare,419,0,Niciunul
196,Freza,FREZA HSS Ø8 2F,2394,314.49,0.62,11.64,57.26,1.31,8.1,65.11,Otel,Frezare,153,0,Niciunul
197,Freza,FREZA HSS Ø8 2F,5374,537.86,1.11,15.2,129.54,5.54,72.2,97.06,Otel,Frezare,352,1,Vibratii
198,Freza,FREZA HSS Ø8 2F,3008,213.86,2.52,9.68,44.81,1.25,9.2,69.98,Otel,Frezare,400,0,Niciunul
199,Freza,FREZA HSS Ø8 2F,3869,1019.01,1.89,18.79,146.17,4.79,93.7,96.49,Aluminiu,Frezare,499,1,Supraincalzire
200,Freza,FREZA HSS Ø8 2F,2398,1079.6,1.1,19.17,45.13,1.97,13.5,63.39,Aluminiu,Frezare,179,0,Niciunul
201,Freza,FREZA HSS Ø8 2F,1739,643.87,1.36,8.6,117.63,3.07,56.4,82.8,Inox,Frezare,275,1,Uzura excesiva
202,Freza,FREZA HSS Ø8 2F,1632,1070.7,0.41,18.03,38.89,1.48,18.3,64.56,Otel,Frezare,388,0,Niciunul
203,Freza,FREZA HSS Ø8 2F,3293,1146.39,1.64,13.82,38.43,0.72,17.8,73.9,Inox,Frezare,334,0,Niciunul
204,Freza,FREZA HSS Ø8 2F,3754,663.67,1.38,8.26,53.13,1.69,17.5,70.4,Inox,Frezare,271,0,Niciunul
205,Freza,FREZA HSS Ø8 2F,5055,411.78,0.12,19.73,113.11,9.46,50,96.4,Inox,Frezare,110,1,Supraincalzire
206,Freza,FREZA HSS Ø8 2F,1538,610.22,1.11,7.59,55.86,1.71,2.4,60.25,Aluminiu,Frezare,431,0,Niciunul
207,Freza,FREZA HSS Ø8 2F,5851,872.62,0.89,19.56,54.79,0.79,16.1,60.27,Inox,Frezare,158,0,Niciunul
208,Freza,FREZA HSS Ø8 2F,2849,1187.69,1.16,8.16,69.9,1.24,3.5,70.49,Aluminiu,Frezare,232,0,Niciunul
209,Freza,FREZA HSS Ø8 2F,1611,200.8,1.45,12.71,60.65,0.83,11.6,72.08,Aluminiu,Frezare,400,0,Niciunul
210,Freza,FREZA HSS Ø8 2F,4869,897.55,1.55,16.87,37.51,1.86,17.9,65.12,Otel,Frezare,118,0,Niciunul
211,Freza,FREZA HSS Ø8 2F,5806,590.07,1.68,13.23,41.28,1.77,8.2,65.43,Aluminiu,Frezare,208,0,Niciunul
212,Freza,FREZA HSS Ø8 2F,3185,841.73,1.35,15.55,38.26,1.27,14.8,62.38,Aluminiu,Frezare,261,0,Niciunul
213,Freza,FREZA HSS Ø8 2F,5551,1124.04,0.16,13.77,38,1.67,8.6,68.86,Aluminiu,Frezare,103,0,Niciunul
214,Freza,FREZA HSS Ø8 2F,1855,877.05,1.39,11.92,154.34,10.81,52.4,85.85,Aluminiu,Frezare,365,1,Uzura excesiva
215,Freza,FREZA HSS Ø8 2F,2309,635.42,2.15,15.91,37.36,1.1,0.5,62.1,Inox,Frezare,47,0,Niciunul
216,Freza,FREZA HSS Ø8 2F,2911,782.15,1.9,14.64,135.91,7.01,81.4,88.44,Otel,Frezare,293,1,Vibratii
217,Freza,FREZA HSS Ø8 2F,3745,1090.89,0.83,15.41,46.84,0.65,7.5,61.27,Otel,Frezare,250,0,Niciunul
218,Freza,FREZA HSS Ø8 2F,4415,1113.06,1.63,17.38,130.02,6.42,84.4,88.28,Otel,Frezare,246,1,Vibratii
219,Freza,FREZA HSS Ø8 2F,3520,939.45,0.92,9.75,54.02,0.82,18.5,61.06,Aluminiu,Frezare,95,0,Niciunul
220,Freza,FREZA HSS Ø8 2F,2750,1001.1,2.99,13.39,35.41,0.64,10.4,71.05,Inox,Frezare,414,0,Niciunul
221,Freza,FREZA HSS Ø8 2F,2712,522.59,2.35,6.48,60.77,1.29,13.6,62.15,Aluminiu,Frezare,59,0,Niciunul
222,Freza,FREZA HSS Ø8 2F,3131,577.62,1.17,5.82,56.34,1.04,14.8,63.21,Otel,Frezare,194,0,Niciunul
223,Freza,FREZA HSS Ø8 2F,2722,1129.84,2.77,16.09,143.75,4.69,63.8,84.52,Otel,Frezare,471,1,Vibratii
224,Freza,FREZA HSS Ø8 2F,2367,739.56,2.73,13.88,57.16,1.32,10.9,73.92,Otel,Frezare,75,0,Niciunul
225,Freza,FREZA HSS Ø8 2F,2955,703.03,2.55,13.83,44.55,1.62,9.9,65.26,Aluminiu,Frezare,235,0,Niciunul
226,Freza,FREZA HSS Ø8 2F,2764,607.91,2.5,11.51,39.7,0.9,7.6,62.92,Inox,Frezare,201,0,Niciunul
227,Freza,FREZA HSS Ø8 2F,4685,1105.42,2.61,18.73,69.64,0.61,18.6,73.62,Inox,Frezare,174,0,Niciunul
228,Freza,FREZA HSS Ø8 2F,2908,970.37,1.04,13.68,57.47,0.67,1.4,74.36,Aluminiu,Frezare,70,0,Niciunul
229,Freza,FREZA HSS Ø8 2F,5283,600.84,2.34,15.83,55.11,1.04,2.5,63.33,Otel,Frezare,436,0,Niciunul
230,Freza,FREZA HSS Ø8 2F,2148,768.29,1.31,19.89,43.61,1.68,5,68.22,Aluminiu,Frezare,146,0,Niciunul
231,Freza,FREZA HSS Ø8 2F,2756,1076.74,0.14,19.63,110.61,6.28,82.5,92.9,Aluminiu,Frezare,9,1,Vibratii
232,Freza,FREZA HSS Ø8 2F,2959,590.36,1.01,13.34,42.54,1.35,17,60.86,Aluminiu,Frezare,33,0,Niciunul
233,Freza,FREZA HSS Ø8 2F,2712,1084.38,2.33,13.04,35.89,0.85,7.2,63.53,Otel,Frezare,213,0,Niciunul
234,Freza,FREZA HSS Ø8 2F,5697,1086.3,1.71,16.31,60.7,1.91,0.3,61.2,Aluminiu,Frezare,250,0,Niciunul
235,Freza,FREZA HSS Ø8 2F,3845,987.88,0.27,10.4,59.78,1.37,4.9,71.88,Aluminiu,Frezare,196,0,Niciunul
236,Freza,FREZA HSS Ø8 2F,2246,349.89,1.01,15.96,52.1,1.41,13.8,67.42,Aluminiu,Frezare,155,0,Niciunul
237,Freza,FREZA HSS Ø8 2F,3619,811.06,0.86,12.19,147.4,4.03,78.5,86,Inox,Frezare,334,1,Vibratii
238,Freza,FREZA HSS Ø8 2F,5387,909.72,1.01,11.3,146.3,10.53,59.6,88.04,Aluminiu,Frezare,314,1,Uzura excesiva
239,Freza,FREZA HSS Ø8 2F,3681,940.86,0.56,19.01,61.56,1.03,14.7,64.05,Inox,Frezare,96,0,Niciunul
240,Freza,FREZA HSS Ø8 2F,1766,915.39,0.97,12.16,54.78,0.86,4.2,66.68,Inox,Frezare,87,0,Niciunul
241,Freza,FREZA HSS Ø8 2F,3067,914.83,1.46,18.41,59,0.65,11.1,70.44,Aluminiu,Frezare,354,0,Niciunul
242,Freza,FREZA HSS Ø8 2F,3124,391.29,2.39,15.56,95.13,5.07,61.2,90.25,Otel,Frezare,279,1,Vibratii
243,Freza,FREZA HSS Ø8 2F,5889,1168.78,0.49,16.73,108.08,10.32,54.4,86.96,Otel,Frezare,274,1,Supraincalzire
244,Freza,FREZA HSS Ø8 2F,2581,1192.88,1.2,12.6,50.25,1.01,9.3,61.53,Inox,Frezare,317,0,Niciunul
245,Freza,FREZA HSS Ø8 2F,3466,1023.34,2.43,9.56,137.46,10.87,86.1,98.45,Otel,Frezare,267,1,Supraincalzire
246,Freza,FREZA HSS Ø8 2F,2086,444.86,0.57,10.09,62.45,0.92,12.3,60.71,Inox,Frezare,142,0,Niciunul
247,Freza,FREZA HSS Ø8 2F,5789,1170.37,1.31,10.49,62.47,1.35,5,67.92,Aluminiu,Frezare,482,0,Niciunul
248,Freza,FREZA HSS Ø8 2F,3715,810.69,1.86,5.66,41.07,0.9,19.5,65.71,Inox,Frezare,25,0,Niciunul
249,Freza,FREZA HSS Ø8 2F,2347,1177.24,2.9,17.8,36.14,1.5,7.1,66.05,Inox,Frezare,32,0,Niciunul
250,Freza,FREZA HSS Ø8 2F,5703,706.48,0.7,12.07,51.36,0.66,19.7,66.36,Otel,Frezare,335,0,Niciunul
251,Freza,FREZA HSS Ø8 2F,3570,559.4,1.08,15.89,38.5,0.78,15.3,74.34,Otel,Frezare,475,0,Niciunul
252,Freza,FREZA HSS Ø8 2F,3167,1008.91,1.9,8.92,53.93,0.63,15.7,60.67,Aluminiu,Frezare,271,0,Niciunul
253,Freza,FREZA HSS Ø8 2F,5684,1024.86,2.65,10.98,51.62,1.16,0.2,65.69,Otel,Frezare,394,0,Niciunul
254,Freza,FREZA HSS Ø8 2F,1881,967.06,2.29,19.78,46.31,0.7,5.7,74.56,Aluminiu,Frezare,128,0,Niciunul
255,Freza,FREZA HSS Ø8 2F,3972,585.74,2.79,8.69,41.63,1.34,10.8,60.17,Inox,Frezare,110,0,Niciunul
256,Freza,FREZA HSS Ø8 2F,3363,325.6,0.3,10.54,41.37,0.52,17.8,70.55,Aluminiu,Frezare,227,0,Niciunul
257,Freza,FREZA HSS Ø8 2F,1548,1056.4,2.05,13.51,63.28,1.09,6.8,68.33,Inox,Frezare,86,0,Niciunul
258,Freza,FREZA HSS Ø8 2F,1903,826.56,1.26,13.8,54.62,1.28,17.3,65.99,Aluminiu,Frezare,208,0,Niciunul
259,Freza,FREZA HSS Ø8 2F,5166,1044.95,2.72,9.05,158.63,10.62,49.2,88.63,Inox,Frezare,91,1,Uzura excesiva
260,Freza,FREZA HSS Ø8 2F,3027,815.04,0.52,12.15,61.31,1.96,16.3,74.49,Aluminiu,Frezare,155,0,Niciunul
261,Freza,FREZA HSS Ø8 2F,3247,507.56,1.13,9.01,53.11,1.76,19.1,63.45,Otel,Frezare,160,0,Niciunul
262,Freza,FREZA HSS Ø8 2F,3161,585.13,2.25,6.7,67.22,1.84,12.4,67.09,Aluminiu,Frezare,416,0,Niciunul
263,Freza,FREZA HSS Ø8 2F,4295,832.48,1.32,5.84,61.75,1.54,17.5,65.1,Aluminiu,Frezare,264,0,Niciunul
264,Freza,FREZA HSS Ø8 2F,5781,283.59,2.58,7.69,61.17,0.58,18.4,65.04,Aluminiu,Frezare,27,0,Niciunul
265,Freza,FREZA HSS Ø8 2F,4130,605.76,2.84,8.38,135.77,5.12,43.5,88.03,Inox,Frezare,390,1,Supraincalzire
266,Freza,FREZA HSS Ø8 2F,4996,402.13,2.94,15.85,57.72,1.57,4.8,66.6,Aluminiu,Frezare,356,0,Niciunul
267,Freza,FREZA HSS Ø8 2F,3184,291.64,1.04,12.94,50.55,1.44,0.9,63.1,Inox,Frezare,477,0,Niciunul
268,Freza,FREZA HSS Ø8 2F,4547,271.93,1.08,15.22,54.79,1.86,14.9,64.63,Aluminiu,Frezare,389,0,Niciunul
269,Freza,FREZA HSS Ø8 2F,2253,504.14,2.12,19.88,66.84,0.57,7.1,72.61,Inox,Frezare,389,0,Niciunul
270,Freza,FREZA HSS Ø8 2F,2416,804.91,1.55,13.37,44.77,1.98,6.2,74.15,Otel,Frezare,117,0,Niciunul
271,Freza,FREZA HSS Ø8 2F,3867,942.84,2.58,6.82,67.75,1.07,0.9,64.28,Inox,Frezare,153,0,Niciunul
272,Freza,FREZA HSS Ø8 2F,4518,390.3,1.85,10.14,154.08,9.86,78.9,94.28,Otel,Frezare,429,1,Vibratii
273,Freza,FREZA HSS Ø8 2F,5225,728.88,1.86,15.76,43.75,1,16.8,64.8,Aluminiu,Frezare,38,0,Niciunul
274,Freza,FREZA HSS Ø8 2F,3394,447.03,0.98,10.17,62.27,1.48,19.2,71.04,Aluminiu,Frezare,196,0,Niciunul
275,Freza,FREZA HSS Ø8 2F,5705,979.68,0.99,7.77,59.11,1.18,10.1,71.65,Aluminiu,Frezare,203,0,Niciunul
276,Freza,FREZA HSS Ø8 2F,5920,823.74,2.87,18.97,84.78,6.29,98.1,99.88,Aluminiu,Frezare,459,1,Supraincalzire
277,Freza,FREZA HSS Ø8 2F,1782,432.29,2.01,17.23,43.71,1.58,8.9,64.81,Otel,Frezare,29,0,Niciunul
278,Freza,FREZA HSS Ø8 2F,4462,1034.64,2.43,16.29,43.53,1.86,2.3,63.57,Aluminiu,Frezare,403,0,Niciunul
279,Freza,FREZA HSS Ø8 2F,2476,1181.84,0.89,8.59,56.27,1.48,16.6,61.91,Inox,Frezare,193,0,Niciunul
280,Freza,FREZA HSS Ø8 2F,5270,1198.02,0.76,11.44,39.15,0.98,18.5,74.21,Aluminiu,Frezare,123,0,Niciunul
281,Freza,FREZA HSS Ø8 2F,3217,971.48,2.66,19.47,85.44,6.53,76.2,81.56,Aluminiu,Frezare,186,1,Uzura excesiva
282,Freza,FREZA HSS Ø8 2F,2844,906.69,2.44,11.08,43.99,1.18,17.5,66.88,Inox,Frezare,382,0,Niciunul
283,Freza,FREZA HSS Ø8 2F,2177,627.2,2.22,7.61,52.51,1.62,0.6,68.09,Aluminiu,Frezare,1,0,Niciunul
284,Freza,FREZA HSS Ø8 2F,4587,498.58,2.81,7.38,43.09,0.78,1,70.51,Aluminiu,Frezare,159,0,Niciunul
285,Freza,FREZA HSS Ø8 2F,4113,1193,1.62,6.92,59.62,1.77,1.4,62.51,Otel,Frezare,426,0,Niciunul
286,Freza,FREZA HSS Ø8 2F,3683,651.26,0.18,5.42,87.41,10.44,53.1,95.86,Otel,Frezare,310,1,Supraincalzire
287,Freza,FREZA HSS Ø8 2F,2260,644.98,0.34,12.14,35.76,1.5,5.7,62.02,Aluminiu,Frezare,471,0,Niciunul
288,Freza,FREZA HSS Ø8 2F,2136,639.78,1.2,18.01,126.47,7.04,51.7,80.27,Aluminiu,Frezare,281,1,Vibratii
289,Freza,FREZA HSS Ø8 2F,4046,713.67,0.17,11.41,48.26,0.68,2.8,74.37,Aluminiu,Frezare,404,0,Niciunul
290,Freza,FREZA HSS Ø8 2F,2326,794.09,1.93,16.97,35.25,1.09,12.8,73.46,Inox,Frezare,334,0,Niciunul
291,Freza,FREZA HSS Ø8 2F,5129,349.2,2.91,8.06,150.35,7.58,92.8,84.38,Otel,Frezare,431,1,Uzura excesiva
292,Freza,FREZA HSS Ø8 2F,1564,1106.86,2.69,15.02,91.16,6.57,92.9,81.66,Aluminiu,Frezare,105,1,Vibratii
293,Freza,FREZA HSS Ø8 2F,4793,840.21,1.34,12.34,42.37,0.81,18.3,72.76,Inox,Frezare,263,0,Niciunul
294,Freza,FREZA HSS Ø8 2F,3176,365.1,0.96,5.11,40.06,1.56,8.6,67.52,Aluminiu,Frezare,311,0,Niciunul
295,Freza,FREZA HSS Ø8 2F,2695,393.38,2.77,9.3,35.95,1.47,4.9,64.93,Otel,Frezare,319,0,Niciunul
296,Freza,FREZA HSS Ø8 2F,4348,830.05,0.55,8.86,50.51,1.1,1.4,69.32,Aluminiu,Frezare,224,0,Niciunul
297,Freza,FREZA HSS Ø8 2F,5014,765.9,2.19,17.83,41.64,0.59,0.3,66.63,Inox,Frezare,41,0,Niciunul
298,Freza,FREZA HSS Ø8 2F,5559,700.59,0.25,14.87,56.44,0.73,2.6,68.76,Otel,Frezare,494,0,Niciunul
299,Freza,FREZA HSS Ø8 2F,3445,1125.37,1.91,18.25,45,1.26,0.9,69.31,Inox,Frezare,344,0,Niciunul
300,Freza,FREZA HSS Ø8 2F,3472,814.28,2.34,16.34,42.53,1.01,0.3,68.06,Inox,Frezare,350,0,Niciunul
1,Burghiu,CARBIDE DRILL Ø12,3322,295.37,0.23,15.09,58.67,1.94,7.6,72.57,Inox,Gaurire,435,0,Niciunul
2,Burghiu,CARBIDE DRILL Ø12,5269,884.43,1.82,11.34,51.57,1.92,19.7,70.46,Inox,Gaurire,490,0,Niciunul
3,Burghiu,CARBIDE DRILL Ø12,2577,895.83,1.65,18.07,104.96,10.92,71,84.68,Otel,Gaurire,132,1,Uzura excesiva
4,Burghiu,CARBIDE DRILL Ø12,5333,808.13,1.41,12.04,156.82,11.23,88.2,85.7,Otel,Gaurire,112,1,Vibratii
5,Burghiu,CARBIDE DRILL Ø12,5577,997.83,1,14.99,42.47,1.33,13.5,70,Aluminiu,Gaurire,245,0,Niciunul
6,Burghiu,CARBIDE DRILL Ø12,1789,1083.05,2.5,17.13,155.48,8.15,85.6,91.63,Otel,Gaurire,317,1,Vibratii
7,Burghiu,CARBIDE DRILL Ø12,2416,238.7,1.87,10.03,36.28,1.73,16.9,72.81,Otel,Gaurire,447,0,Niciunul
8,Burghiu,CARBIDE DRILL Ø12,5528,630.67,2.88,18.17,53.87,1.67,3.9,67.19,Inox,Gaurire,128,0,Niciunul
9,Burghiu,CARBIDE DRILL Ø12,4959,869.28,2.59,19.55,49.36,1.52,14.2,65.99,Aluminiu,Gaurire,253,0,Niciunul
10,Burghiu,CARBIDE DRILL Ø12,2613,762.87,2.09,19.42,49.26,0.85,12.1,64.32,Aluminiu,Gaurire,33,0,Niciunul
11,Burghiu,CARBIDE DRILL Ø12,4713,628.79,2.27,5.83,67.65,0.72,19.2,68.12,Inox,Gaurire,283,0,Niciunul
12,Burghiu,CARBIDE DRILL Ø12,2784,298.64,2.45,8.31,62.74,1.26,6.7,74.98,Otel,Gaurire,230,0,Niciunul
13,Burghiu,CARBIDE DRILL Ø12,2564,245.46,1.38,5.24,59.43,1.84,13.5,71.33,Inox,Gaurire,316,0,Niciunul
14,Burghiu,CARBIDE DRILL Ø12,3997,736.82,0.63,11.61,157.6,10.2,50.2,80.41,Inox,Gaurire,88,1,Supraincalzire
15,Burghiu,CARBIDE DRILL Ø12,2769,994.81,1.43,19.3,115.65,7.74,97,84.23,Inox,Gaurire,110,1,Vibratii
16,Burghiu,CARBIDE DRILL Ø12,2277,237.44,1.56,16.81,39.56,1.63,19.2,64.43,Otel,Gaurire,314,0,Niciunul
17,Burghiu,CARBIDE DRILL Ø12,3741,758.85,2.69,8.16,42.43,1.25,16.7,64.33,Otel,Gaurire,270,0,Niciunul
18,Burghiu,CARBIDE DRILL Ø12,4214,1107.71,0.89,7.32,69.78,1.94,12.9,72.54,Inox,Gaurire,223,0,Niciunul
19,Burghiu,CARBIDE DRILL Ø12,5852,900.31,0.64,13.5,43.53,1.21,17.7,65.02,Aluminiu,Gaurire,253,0,Niciunul
20,Burghiu,CARBIDE DRILL Ø12,2015,866.13,2.7,19.84,50.41,1.7,13.7,65.46,Otel,Gaurire,110,0,Niciunul
21,Burghiu,CARBIDE DRILL Ø12,5714,886,2.8,11.42,66.91,1.04,0.7,71.6,Otel,Gaurire,397,0,Niciunul
22,Burghiu,CARBIDE DRILL Ø12,3755,807.27,2.14,10.06,58.5,1.26,17.1,64.44,Otel,Gaurire,204,0,Niciunul
23,Burghiu,CARBIDE DRILL Ø12,1578,697.05,1.18,6.93,41.37,1.41,10,62.47,Inox,Gaurire,54,0,Niciunul
24,Burghiu,CARBIDE DRILL Ø12,2433,630.74,0.32,5.41,66.64,1.77,4.5,74.58,Inox,Gaurire,118,0,Niciunul
25,Burghiu,CARBIDE DRILL Ø12,4688,325.17,1.39,14.66,41.13,1.57,17,67.1,Inox,Gaurire,74,0,Niciunul
26,Burghiu,CARBIDE DRILL Ø12,4942,1169.33,1.48,11.53,36.97,1.26,2,61.33,Aluminiu,Gaurire,398,0,Niciunul
27,Burghiu,CARBIDE DRILL Ø12,5308,212.92,1.37,12.38,57.52,1.73,19.4,61.19,Aluminiu,Gaurire,471,0,Niciunul
28,Burghiu,CARBIDE DRILL Ø12,4043,648.85,0.77,16.36,50.35,1.69,1.8,72.3,Inox,Gaurire,43,0,Niciunul
29,Burghiu,CARBIDE DRILL Ø12,5469,605.62,2.85,17.74,47.12,1.2,5.7,62.17,Otel,Gaurire,16,0,Niciunul
30,Burghiu,CARBIDE DRILL Ø12,4865,327.43,0.94,16.39,40.27,1.89,5.3,71.74,Inox,Gaurire,389,0,Niciunul
31,Burghiu,CARBIDE DRILL Ø12,4634,755.98,2.04,16.62,42.68,1.1,11.7,61.81,Aluminiu,Gaurire,114,0,Niciunul
32,Burghiu,CARBIDE DRILL Ø12,2721,584.41,1.9,8.01,42.55,1.44,9.7,73.91,Inox,Gaurire,265,0,Niciunul
33,Burghiu,CARBIDE DRILL Ø12,5932,314.72,0.25,8.54,44.3,0.76,1,70.31,Otel,Gaurire,240,0,Niciunul
34,Burghiu,CARBIDE DRILL Ø12,5875,486.89,1.37,19.76,50.03,1.2,12,65.34,Aluminiu,Gaurire,241,0,Niciunul
35,Burghiu,CARBIDE DRILL Ø12,3318,758.14,0.39,10.18,153.76,4.6,88.3,86.78,Aluminiu,Gaurire,203,1,Vibratii
36,Burghiu,CARBIDE DRILL Ø12,1807,1060,0.49,11.1,45.75,1.32,5.4,70.05,Aluminiu,Gaurire,460,0,Niciunul
37,Burghiu,CARBIDE DRILL Ø12,1966,561.29,1.87,7.08,36.3,1.71,19.5,65.77,Aluminiu,Gaurire,468,0,Niciunul
38,Burghiu,CARBIDE DRILL Ø12,5552,987.75,2.81,9.18,63.6,1.42,3.6,65.29,Inox,Gaurire,40,0,Niciunul
39,Burghiu,CARBIDE DRILL Ø12,4948,684.27,2.07,18.69,96.36,6.81,76.9,91.05,Aluminiu,Gaurire,432,1,Supraincalzire
40,Burghiu,CARBIDE DRILL Ø12,3337,505.03,0.34,6.22,56.14,0.55,16.9,61.73,Otel,Gaurire,447,0,Niciunul
41,Burghiu,CARBIDE DRILL Ø12,3697,201.7,1.46,13.47,55.38,1.85,6.8,67.68,Otel,Gaurire,148,0,Niciunul
42,Burghiu,CARBIDE DRILL Ø12,2042,272.99,2.96,19.59,40.31,1.92,0.1,68.56,Inox,Gaurire,349,0,Niciunul
43,Burghiu,CARBIDE DRILL Ø12,3532,311.64,2.54,5.99,67.2,1.78,6,65.71,Aluminiu,Gaurire,243,0,Niciunul
44,Burghiu,CARBIDE DRILL Ø12,2511,806.67,2.06,6.43,47.93,0.78,19.4,74.95,Otel,Gaurire,159,0,Niciunul
45,Burghiu,CARBIDE DRILL Ø12,2427,200.48,0.87,11.99,81.39,3.1,75.3,97.64,Aluminiu,Gaurire,46,1,Supraincalzire
46,Burghiu,CARBIDE DRILL Ø12,3213,604.11,1.59,9.04,146.09,5.88,93,99.28,Inox,Gaurire,186,1,Vibratii
47,Burghiu,CARBIDE DRILL Ø12,3601,321.66,0.45,19.08,38.48,0.53,18.1,62.72,Inox,Gaurire,4,0,Niciunul
48,Burghiu,CARBIDE DRILL Ø12,4162,1013.19,2.64,5.65,44.55,0.91,19.6,61.37,Otel,Gaurire,378,0,Niciunul
49,Burghiu,CARBIDE DRILL Ø12,4421,951.57,1.03,19.04,59.21,1.22,4.2,60.65,Inox,Gaurire,360,0,Niciunul
50,Burghiu,CARBIDE DRILL Ø12,2932,231.25,1.11,17.61,66.96,0.96,18,65.2,Inox,Gaurire,14,0,Niciunul
51,Burghiu,CARBIDE DRILL Ø12,3386,574.34,0.31,8.11,132.37,10.45,77.9,89.45,Inox,Gaurire,495,1,Supraincalzire
52,Burghiu,CARBIDE DRILL Ø12,1881,867.34,0.42,9.42,65.9,1.93,11.8,73.07,Aluminiu,Gaurire,160,0,Niciunul
53,Burghiu,CARBIDE DRILL Ø12,4010,1095.85,1.3,10.07,52.36,1.22,14,62.19,Inox,Gaurire,328,0,Niciunul
54,Burghiu,CARBIDE DRILL Ø12,4441,230.57,2.6,10.28,37.77,1.5,12.9,67.96,Inox,Gaurire,183,0,Niciunul
55,Burghiu,CARBIDE DRILL Ø12,1798,298.92,0.1,11.6,37.03,1.87,8.5,67.15,Otel,Gaurire,494,0,Niciunul
56,Burghiu,CARBIDE DRILL Ø12,3943,279.49,2.21,17.73,64.14,1.85,18.6,65.6,Aluminiu,Gaurire,480,0,Niciunul
57,Burghiu,CARBIDE DRILL Ø12,3716,677.19,1.5,8.45,58.66,1.59,15.7,66.74,Inox,Gaurire,234,0,Niciunul
58,Burghiu,CARBIDE DRILL Ø12,3172,501.2,0.96,14.15,96.45,8.2,62.7,88.21,Aluminiu,Gaurire,272,1,Vibratii
59,Burghiu,CARBIDE DRILL Ø12,4387,263.87,1.57,13.35,42.27,1.61,16.9,74.81,Inox,Gaurire,379,0,Niciunul
60,Burghiu,CARBIDE DRILL Ø12,5246,691.97,0.68,8.88,42.85,1.98,3.3,72.93,Inox,Gaurire,236,0,Niciunul
61,Burghiu,CARBIDE DRILL Ø12,1835,888.22,0.1,12.46,45.18,0.67,13.3,74.14,Otel,Gaurire,428,0,Niciunul
62,Burghiu,CARBIDE DRILL Ø12,4777,851.38,2,15.16,47.45,1.46,14.5,68.48,Aluminiu,Gaurire,252,0,Niciunul
63,Burghiu,CARBIDE DRILL Ø12,4951,748.85,2.5,17.56,46.71,1.17,6.6,66.42,Aluminiu,Gaurire,494,0,Niciunul
64,Burghiu,CARBIDE DRILL Ø12,3627,857.78,2.04,18.51,51.64,1.4,15.1,72.41,Inox,Gaurire,371,0,Niciunul
65,Burghiu,CARBIDE DRILL Ø12,4782,671.13,2.72,14.42,91.59,8.64,95.9,83.72,Inox,Gaurire,168,1,Supraincalzire
66,Burghiu,CARBIDE DRILL Ø12,2246,1182.76,1.32,12.81,50.04,1.13,18,60.28,Aluminiu,Gaurire,440,0,Niciunul
67,Burghiu,CARBIDE DRILL Ø12,5921,420.85,2.32,15.21,64.74,0.81,6,60.2,Aluminiu,Gaurire,438,0,Niciunul
68,Burghiu,CARBIDE DRILL Ø12,2657,435.91,1.81,15.15,48.96,0.7,7.3,60.2,Otel,Gaurire,330,0,Niciunul
69,Burghiu,CARBIDE DRILL Ø12,3587,1019.33,1.03,13.83,65.51,1.73,3.6,68.85,Inox,Gaurire,455,0,Niciunul
70,Burghiu,CARBIDE DRILL Ø12,2927,277.21,1.82,11.49,64.52,1.1,3.2,60.11,Inox,Gaurire,256,0,Niciunul
71,Burghiu,CARBIDE DRILL Ø12,3470,200.83,2.39,17.81,103.89,11.91,90.4,99.71,Otel,Gaurire,373,1,Vibratii
72,Burghiu,CARBIDE DRILL Ø12,1567,776.59,2.35,10.9,44.82,1.94,1.9,68.64,Inox,Gaurire,423,0,Niciunul
73,Burghiu,CARBIDE DRILL Ø12,2120,237.91,0.73,14.06,104.75,11.67,67.5,88.58,Otel,Gaurire,111,1,Vibratii
74,Burghiu,CARBIDE DRILL Ø12,4712,1138.01,2.66,19.64,147.04,7.4,74.1,93.36,Otel,Gaurire,222,1,Vibratii
75,Burghiu,CARBIDE DRILL Ø12,1695,793.58,2.26,17.13,133.15,10.03,93.3,89.49,Inox,Gaurire,80,1,Supraincalzire
76,Burghiu,CARBIDE DRILL Ø12,2404,952.71,2.85,17.1,47.6,1.08,1.1,63.13,Aluminiu,Gaurire,422,0,Niciunul
77,Burghiu,CARBIDE DRILL Ø12,1709,492.62,1.93,5.05,55.97,0.98,4.4,71.97,Otel,Gaurire,371,0,Niciunul
78,Burghiu,CARBIDE DRILL Ø12,3768,1153.5,2.79,16.63,107.46,10.13,74,81.96,Otel,Gaurire,286,1,Uzura excesiva
79,Burghiu,CARBIDE DRILL Ø12,2961,627.18,0.79,7.16,56.44,1.95,18.3,73.74,Inox,Gaurire,147,0,Niciunul
80,Burghiu,CARBIDE DRILL Ø12,1845,711.07,2.03,16.66,64.19,1.25,18,63.01,Aluminiu,Gaurire,149,0,Niciunul
81,Burghiu,CARBIDE DRILL Ø12,3387,1108.68,0.74,18.78,99.06,11.68,76.1,99.79,Aluminiu,Gaurire,1,1,Supraincalzire
82,Burghiu,CARBIDE DRILL Ø12,5299,687,0.93,17.51,35.5,1.39,17.1,62.46,Inox,Gaurire,277,0,Niciunul
83,Burghiu,CARBIDE DRILL Ø12,5679,1094.24,0.34,8.57,63.13,1.16,10.6,65.06,Otel,Gaurire,340,0,Niciunul
84,Burghiu,CARBIDE DRILL Ø12,5550,1034.7,0.97,18.93,155.68,10.39,40.2,87.87,Aluminiu,Gaurire,31,1,Uzura excesiva
85,Burghiu,CARBIDE DRILL Ø12,5040,612.75,0.58,15.75,85.64,5.16,80.6,83.07,Aluminiu,Gaurire,238,1,Uzura excesiva
86,Burghiu,CARBIDE DRILL Ø12,4023,747.76,0.21,19.92,60.24,0.61,10.4,72.16,Aluminiu,Gaurire,409,0,Niciunul
87,Burghiu,CARBIDE DRILL Ø12,2773,1102.9,1.26,15.67,43.22,0.95,2.9,63.88,Aluminiu,Gaurire,152,0,Niciunul
88,Burghiu,CARBIDE DRILL Ø12,3594,1197.71,1.27,13.05,66.63,1.4,16.1,66.5,Otel,Gaurire,343,0,Niciunul
89,Burghiu,CARBIDE DRILL Ø12,5649,597.38,2.54,18.82,35.19,0.63,3.3,63.92,Otel,Gaurire,130,0,Niciunul
90,Burghiu,CARBIDE DRILL Ø12,4771,685.73,1.41,16.61,64.51,1.7,14,64.25,Aluminiu,Gaurire,90,0,Niciunul
91,Burghiu,CARBIDE DRILL Ø12,5018,834.14,1.23,17.57,61.07,1.65,13.7,69.4,Aluminiu,Gaurire,67,0,Niciunul
92,Burghiu,CARBIDE DRILL Ø12,1557,1086.73,2.16,6.23,65.66,1.39,10.8,68.74,Inox,Gaurire,237,0,Niciunul
93,Burghiu,CARBIDE DRILL Ø12,3378,727.11,1.18,9.77,151.26,9.81,69.8,88.08,Inox,Gaurire,206,1,Uzura excesiva
94,Burghiu,CARBIDE DRILL Ø12,4944,1116.29,1.11,14.38,65.55,1.1,16.6,71.44,Otel,Gaurire,112,0,Niciunul
95,Burghiu,CARBIDE DRILL Ø12,4437,1100.29,2.17,10.11,138.72,3.01,94.1,97.04,Inox,Gaurire,181,1,Vibratii
96,Burghiu,CARBIDE DRILL Ø12,5807,800.31,0.23,6.59,64.94,0.62,19.8,70.1,Otel,Gaurire,313,0,Niciunul
97,Burghiu,CARBIDE DRILL Ø12,2251,1051.2,0.21,12.82,61.74,1.12,9.4,64.35,Otel,Gaurire,462,0,Niciunul
98,Burghiu,CARBIDE DRILL Ø12,4104,317.74,2.66,5.44,91.9,6.59,95.4,80.39,Inox,Gaurire,20,1,Uzura excesiva
99,Burghiu,CARBIDE DRILL Ø12,5715,968.43,2.3,18.01,49.22,0.69,10.8,72.6,Aluminiu,Gaurire,352,0,Niciunul
100,Burghiu,CARBIDE DRILL Ø12,4569,907.99,0.85,9.31,46.73,1.79,8,70.34,Aluminiu,Gaurire,428,0,Niciunul
101,Burghiu,CARBIDE DRILL Ø12,4082,797.47,0.71,8.41,157.6,3.31,56,98.95,Otel,Gaurire,444,1,Uzura excesiva
102,Burghiu,CARBIDE DRILL Ø12,4083,202.55,2.65,10.74,37.53,1.53,4.6,61.28,Inox,Gaurire,387,0,Niciunul
103,Burghiu,CARBIDE DRILL Ø12,5563,1076.02,1.67,6.26,115.56,10.64,99.9,94.96,Aluminiu,Gaurire,115,1,Uzura excesiva
104,Burghiu,CARBIDE DRILL Ø12,1629,403.01,1.94,13.3,156.44,6.71,68.7,82.42,Inox,Gaurire,439,1,Vibratii
105,Burghiu,CARBIDE DRILL Ø12,4060,942.3,1.31,5.15,44.64,1.06,8.8,69.56,Inox,Gaurire,9,0,Niciunul
106,Burghiu,CARBIDE DRILL Ø12,5920,634.57,0.14,16.03,69.94,1.6,6.7,62.51,Aluminiu,Gaurire,190,0,Niciunul
107,Burghiu,CARBIDE DRILL Ø12,4904,907.51,2.46,12.75,61.61,0.99,2,64.76,Aluminiu,Gaurire,481,0,Niciunul
108,Burghiu,CARBIDE DRILL Ø12,1531,361.45,1.64,12.67,40.92,1.65,3.1,68.53,Aluminiu,Gaurire,216,0,Niciunul
109,Burghiu,CARBIDE DRILL Ø12,2343,748.59,2.29,18.06,118.34,10.34,62.1,93.33,Aluminiu,Gaurire,137,1,Vibratii
110,Burghiu,CARBIDE DRILL Ø12,3870,458.53,0.93,19.23,38.9,1.33,7.4,65.81,Inox,Gaurire,83,0,Niciunul
111,Burghiu,CARBIDE DRILL Ø12,1902,1022.1,1.73,5.65,49.21,0.96,8.7,71.92,Aluminiu,Gaurire,234,0,Niciunul
112,Burghiu,CARBIDE DRILL Ø12,5541,885.74,2.79,5.34,44.9,0.94,14.6,62.03,Otel,Gaurire,177,0,Niciunul
113,Burghiu,CARBIDE DRILL Ø12,1836,1005.54,0.9,9.74,63.13,1.56,12.2,69.61,Aluminiu,Gaurire,76,0,Niciunul
114,Burghiu,CARBIDE DRILL Ø12,5511,323.61,2.95,5.13,37.82,0.8,17.4,71.15,Aluminiu,Gaurire,439,0,Niciunul
115,Burghiu,CARBIDE DRILL Ø12,1531,735.44,1.78,16.99,132.43,4.97,65.6,82.25,Inox,Gaurire,223,1,Supraincalzire
116,Burghiu,CARBIDE DRILL Ø12,3339,672.88,0.8,13.58,41.17,1.03,15.4,69.79,Inox,Gaurire,431,0,Niciunul
117,Burghiu,CARBIDE DRILL Ø12,3294,1002.07,1.92,10.57,57.01,1.93,1.1,73.85,Otel,Gaurire,323,0,Niciunul
118,Burghiu,CARBIDE DRILL Ø12,5685,844.92,1.57,16.83,53.08,1.72,14.9,66.51,Otel,Gaurire,318,0,Niciunul
119,Burghiu,CARBIDE DRILL Ø12,1932,507.21,1.65,6.13,67.01,1.25,0.4,73.46,Inox,Gaurire,35,0,Niciunul
120,Burghiu,CARBIDE DRILL Ø12,2975,851.74,1.48,14.45,39.77,0.89,7.7,69.27,Otel,Gaurire,302,0,Niciunul
121,Burghiu,CARBIDE DRILL Ø12,5951,397.93,0.31,5.18,67.47,0.98,6.8,67.11,Otel,Gaurire,72,0,Niciunul
122,Burghiu,CARBIDE DRILL Ø12,5605,349.67,0.45,11.48,60.82,1.04,18.8,67.34,Inox,Gaurire,388,0,Niciunul
123,Burghiu,CARBIDE DRILL Ø12,5881,739.05,0.29,14.12,105.07,7.7,69.7,94.71,Aluminiu,Gaurire,67,1,Uzura excesiva
124,Burghiu,CARBIDE DRILL Ø12,2790,515.68,2.99,14.86,90.27,4.05,97.2,85.17,Inox,Gaurire,53,1,Vibratii
125,Burghiu,CARBIDE DRILL Ø12,2599,1012.55,1.07,5.12,40.9,0.96,13.3,70.67,Otel,Gaurire,158,0,Niciunul
126,Burghiu,CARBIDE DRILL Ø12,2410,407.06,0.14,5.96,54.4,0.99,5.7,60.5,Aluminiu,Gaurire,475,0,Niciunul
127,Burghiu,CARBIDE DRILL Ø12,5048,1077.62,1.46,14.75,62.92,1.84,6.7,62.9,Inox,Gaurire,378,0,Niciunul
128,Burghiu,CARBIDE DRILL Ø12,3696,726.27,1.98,14.88,46.08,0.7,9,64.77,Otel,Gaurire,179,0,Niciunul
129,Burghiu,CARBIDE DRILL Ø12,3945,1064.31,1.52,9.01,41.24,1.69,5.2,68.03,Aluminiu,Gaurire,302,0,Niciunul
130,Burghiu,CARBIDE DRILL Ø12,4663,500.13,1.51,6.18,50.85,1.75,7.4,66.93,Aluminiu,Gaurire,131,0,Niciunul
131,Burghiu,CARBIDE DRILL Ø12,4085,205.03,2.63,19.01,55.54,1.77,7.6,68.77,Otel,Gaurire,125,0,Niciunul
132,Burghiu,CARBIDE DRILL Ø12,4651,247.9,0.52,19.39,46.25,1.66,18.9,65.63,Inox,Gaurire,41,0,Niciunul
133,Burghiu,CARBIDE DRILL Ø12,2312,245.27,0.89,6.02,42.66,0.97,19.2,60.71,Otel,Gaurire,128,0,Niciunul
134,Burghiu,CARBIDE DRILL Ø12,4230,707.63,2.06,18.66,94.26,11.26,90.1,95.92,Inox,Gaurire,413,1,Supraincalzire
135,Burghiu,CARBIDE DRILL Ø12,2924,769.69,1.16,19.35,68.14,1.64,0.7,69.85,Otel,Gaurire,354,0,Niciunul
136,Burghiu,CARBIDE DRILL Ø12,3589,994.75,0.42,10.83,123.87,4.65,83.3,82.33,Inox,Gaurire,257,1,Supraincalzire
137,Burghiu,CARBIDE DRILL Ø12,5417,935.48,0.28,19.94,148.09,5.6,58.9,99.05,Inox,Gaurire,464,1,Uzura excesiva
138,Burghiu,CARBIDE DRILL Ø12,5278,591.64,1.87,19.88,67.47,0.98,14.1,61.18,Inox,Gaurire,111,0,Niciunul
139,Burghiu,CARBIDE DRILL Ø12,4540,636.05,0.35,15.34,49.27,0.85,12.7,72.09,Aluminiu,Gaurire,323,0,Niciunul
140,Burghiu,CARBIDE DRILL Ø12,5402,461.63,1.37,18.18,42.36,1.55,17.9,69.19,Otel,Gaurire,358,0,Niciunul
141,Burghiu,CARBIDE DRILL Ø12,5536,924.14,2.42,11.92,57.62,1.37,5.6,66.12,Aluminiu,Gaurire,489,0,Niciunul
142,Burghiu,CARBIDE DRILL Ø12,1889,395.92,0.58,12.18,69.63,1.63,4.1,61.5,Inox,Gaurire,246,0,Niciunul
143,Burghiu,CARBIDE DRILL Ø12,2187,1162.49,1.97,14.71,44.33,1.93,15.1,62.96,Inox,Gaurire,282,0,Niciunul
144,Burghiu,CARBIDE DRILL Ø12,4211,1196.36,1.9,17.59,36.96,1.12,17.2,73.48,Inox,Gaurire,287,0,Niciunul
145,Burghiu,CARBIDE DRILL Ø12,3062,628.54,0.37,15.25,57.7,1,8.9,73.52,Otel,Gaurire,312,0,Niciunul
146,Burghiu,CARBIDE DRILL Ø12,5969,527.58,0.9,10.82,138.66,8.7,50.1,81.17,Aluminiu,Gaurire,148,1,Vibratii
147,Burghiu,CARBIDE DRILL Ø12,4558,943.52,2.61,11.85,43.13,0.92,4,74.82,Otel,Gaurire,15,0,Niciunul
148,Burghiu,CARBIDE DRILL Ø12,4781,518.27,2,12.94,65.71,1.88,1.8,74.58,Inox,Gaurire,15,0,Niciunul
149,Burghiu,CARBIDE DRILL Ø12,4725,1086.5,0.18,13.67,38.12,1.95,4.4,71.6,Otel,Gaurire,191,0,Niciunul
150,Burghiu,CARBIDE DRILL Ø12,3502,1164.03,1.8,18.43,64.21,1.51,4.4,62.58,Otel,Gaurire,435,0,Niciunul
151,Burghiu,CARBIDE DRILL Ø12,2751,574.24,0.18,8.35,57.15,1.85,8.2,73.68,Inox,Gaurire,343,0,Niciunul
152,Burghiu,CARBIDE DRILL Ø12,1979,324.69,1.19,9.39,47.68,2,13.3,61.36,Inox,Gaurire,163,0,Niciunul
153,Burghiu,CARBIDE DRILL Ø12,5836,287,2.28,9.88,135.75,7.61,62.7,98.67,Inox,Gaurire,107,1,Vibratii
154,Burghiu,CARBIDE DRILL Ø12,1746,1055.46,2.43,16.74,105.35,4.74,40.8,91.46,Otel,Gaurire,145,1,Vibratii
155,Burghiu,CARBIDE DRILL Ø12,2123,448.54,1.58,11.45,47.78,1.53,11.7,63.52,Inox,Gaurire,473,0,Niciunul
156,Burghiu,CARBIDE DRILL Ø12,1690,661.12,0.46,18.49,40.88,0.71,5.1,65.88,Aluminiu,Gaurire,10,0,Niciunul
157,Burghiu,CARBIDE DRILL Ø12,4452,576.26,2.36,18.76,47.26,1,1.6,71.58,Inox,Gaurire,396,0,Niciunul
158,Burghiu,CARBIDE DRILL Ø12,5516,618.17,2.45,16.57,50.52,1.94,6.3,74.74,Aluminiu,Gaurire,431,0,Niciunul
159,Burghiu,CARBIDE DRILL Ø12,3985,650.41,0.81,14.31,64.08,0.62,15.4,62.87,Otel,Gaurire,115,0,Niciunul
160,Burghiu,CARBIDE DRILL Ø12,3112,993.88,1.22,17.2,82.36,3.03,48.6,83.94,Aluminiu,Gaurire,1,1,Vibratii
161,Burghiu,CARBIDE DRILL Ø12,3534,590,2.79,10.73,50,1.49,17.7,67.79,Otel,Gaurire,323,0,Niciunul
162,Burghiu,CARBIDE DRILL Ø12,4071,1097.35,1.71,15.74,62.2,0.77,4.3,63.74,Aluminiu,Gaurire,309,0,Niciunul
163,Burghiu,CARBIDE DRILL Ø12,4243,347.84,0.44,12.28,51.5,1.52,7.4,60.35,Otel,Gaurire,190,0,Niciunul
164,Burghiu,CARBIDE DRILL Ø12,3060,655.86,1.95,16.96,60.7,0.85,14.6,73,Aluminiu,Gaurire,246,0,Niciunul
165,Burghiu,CARBIDE DRILL Ø12,2094,249.99,2.52,19.75,59.38,1.91,5.2,66.04,Aluminiu,Gaurire,369,0,Niciunul
166,Burghiu,CARBIDE DRILL Ø12,3330,961.35,2.84,14.72,45.69,0.61,4.4,62.65,Aluminiu,Gaurire,277,0,Niciunul
167,Burghiu,CARBIDE DRILL Ø12,5613,240.06,0.47,6.06,64.92,1.1,9.4,65.38,Inox,Gaurire,9,0,Niciunul
168,Burghiu,CARBIDE DRILL Ø12,4135,854.44,1.01,10.29,82.88,8.76,80.9,86.87,Inox,Gaurire,233,1,Uzura excesiva
169,Burghiu,CARBIDE DRILL Ø12,3122,204.17,0.89,13.98,45.77,0.55,11.9,72.77,Inox,Gaurire,373,0,Niciunul
170,Burghiu,CARBIDE DRILL Ø12,2318,413.06,0.74,13.22,39.81,0.62,3.6,67.55,Inox,Gaurire,107,0,Niciunul
171,Burghiu,CARBIDE DRILL Ø12,4590,944.31,2.64,13.46,49.9,0.72,17.9,61.82,Inox,Gaurire,277,0,Niciunul
172,Burghiu,CARBIDE DRILL Ø12,2193,442.9,2.13,12.01,119.77,9.45,51,80.93,Aluminiu,Gaurire,137,1,Vibratii
173,Burghiu,CARBIDE DRILL Ø12,2432,255.4,0.12,13.3,56.44,1.03,16.5,66.55,Inox,Gaurire,294,0,Niciunul
174,Burghiu,CARBIDE DRILL Ø12,1912,629.46,0.35,11.25,55.1,0.92,7.8,68.97,Aluminiu,Gaurire,443,0,Niciunul
175,Burghiu,CARBIDE DRILL Ø12,3919,460.37,1.08,9.4,57.95,0.65,17.5,74.17,Otel,Gaurire,46,0,Niciunul
176,Burghiu,CARBIDE DRILL Ø12,2681,936.42,2.18,19.69,140.9,7.18,58.9,92.76,Inox,Gaurire,318,1,Uzura excesiva
177,Burghiu,CARBIDE DRILL Ø12,3585,976.52,1.97,7.32,64.25,1.34,11.5,65.92,Inox,Gaurire,345,0,Niciunul
178,Burghiu,CARBIDE DRILL Ø12,5674,834.64,2.61,18.7,66.15,1.14,8.2,73.32,Inox,Gaurire,308,0,Niciunul
179,Burghiu,CARBIDE DRILL Ø12,5908,1175.26,2.25,18.85,52.41,1.96,2.1,71.34,Aluminiu,Gaurire,156,0,Niciunul
180,Burghiu,CARBIDE DRILL Ø12,2660,1165.17,1.68,6.63,35.54,1.7,8.3,61.65,Inox,Gaurire,235,0,Niciunul
181,Burghiu,CARBIDE DRILL Ø12,5308,1054.39,1.8,17.95,56.73,1.04,12.4,66.79,Inox,Gaurire,301,0,Niciunul
182,Burghiu,CARBIDE DRILL Ø12,1570,474.74,0.69,14.15,147.14,9.25,86.9,92.54,Otel,Gaurire,436,1,Uzura excesiva
183,Burghiu,CARBIDE DRILL Ø12,5711,925.95,1.24,12.34,39.92,0.95,14.5,63.21,Otel,Gaurire,236,0,Niciunul
184,Burghiu,CARBIDE DRILL Ø12,5964,642.12,2.2,6.92,49.43,1.02,10.6,72.97,Inox,Gaurire,387,0,Niciunul
185,Burghiu,CARBIDE DRILL Ø12,4365,303.9,2.63,17.39,68.95,0.92,17.6,70.85,Inox,Gaurire,118,0,Niciunul
186,Burghiu,CARBIDE DRILL Ø12,5943,638.8,2.79,9.77,54.41,1.17,15.1,68.91,Otel,Gaurire,454,0,Niciunul
187,Burghiu,CARBIDE DRILL Ø12,4889,417.23,0.46,17.27,129.44,4.24,70.6,93.78,Otel,Gaurire,127,1,Vibratii
188,Burghiu,CARBIDE DRILL Ø12,3839,751.37,0.89,12.94,134.77,7.09,70.8,92.49,Inox,Gaurire,434,1,Uzura excesiva
189,Burghiu,CARBIDE DRILL Ø12,4544,879.55,0.97,12.85,154.49,10.85,96.9,80.89,Aluminiu,Gaurire,142,1,Vibratii
190,Burghiu,CARBIDE DRILL Ø12,2770,369.68,2.65,10.88,36.55,1.89,10.5,68.36,Aluminiu,Gaurire,288,0,Niciunul
191,Burghiu,CARBIDE DRILL Ø12,5108,486.94,0.55,5,38.74,1.34,10,72.74,Aluminiu,Gaurire,288,0,Niciunul
192,Burghiu,CARBIDE DRILL Ø12,3191,1141.27,1.15,15.77,137.19,8.9,90.4,95.56,Inox,Gaurire,262,1,Vibratii
193,Burghiu,CARBIDE DRILL Ø12,5662,578.24,1.1,5.41,38.9,1.69,19.9,71.3,Otel,Gaurire,304,0,Niciunul
194,Burghiu,CARBIDE DRILL Ø12,3583,473.26,1.31,10.49,44.88,0.9,15.8,73.17,Otel,Gaurire,68,0,Niciunul
195,Burghiu,CARBIDE DRILL Ø12,3631,727.13,2.96,8.65,35.37,1.73,8,71.59,Aluminiu,Gaurire,43,0,Niciunul
196,Burghiu,CARBIDE DRILL Ø12,2446,702.58,0.68,19.4,39.57,0.95,12.2,72.43,Otel,Gaurire,101,0,Niciunul
197,Burghiu,CARBIDE DRILL Ø12,4582,696.76,0.56,17.91,54.69,0.91,18.5,63.26,Otel,Gaurire,88,0,Niciunul
198,Burghiu,CARBIDE DRILL Ø12,3311,484.21,0.47,5.48,63.91,1.5,12.5,63.39,Inox,Gaurire,155,0,Niciunul
199,Burghiu,CARBIDE DRILL Ø12,4001,1012.67,1.51,7.27,99.19,11.04,50.6,82.51,Inox,Gaurire,173,1,Uzura excesiva
200,Burghiu,CARBIDE DRILL Ø12,4411,936.25,2.92,18.55,67.92,1.91,0.7,61.7,Otel,Gaurire,114,0,Niciunul
201,Burghiu,CARBIDE DRILL Ø12,3084,211.67,0.87,12.67,62.45,0.74,7,74.1,Aluminiu,Gaurire,307,0,Niciunul
202,Burghiu,CARBIDE DRILL Ø12,4416,863.53,2.44,11.86,37.12,0.85,12.9,63.92,Aluminiu,Gaurire,471,0,Niciunul
203,Burghiu,CARBIDE DRILL Ø12,3687,365.23,2.16,10.79,57.68,1.49,18.7,71.33,Inox,Gaurire,166,0,Niciunul
204,Burghiu,CARBIDE DRILL Ø12,1911,299.23,1.26,10.5,67,1.05,4.9,60.69,Otel,Gaurire,371,0,Niciunul
205,Burghiu,CARBIDE DRILL Ø12,3493,1173.92,2.44,16.97,68.35,1.52,10.7,67.5,Otel,Gaurire,494,0,Niciunul
206,Burghiu,CARBIDE DRILL Ø12,4786,409.35,0.62,18.84,42.55,1.64,4.6,63.82,Otel,Gaurire,405,0,Niciunul
207,Burghiu,CARBIDE DRILL Ø12,5496,694.39,0.37,8.27,60.46,1.45,3.4,62.18,Otel,Gaurire,265,0,Niciunul
208,Burghiu,CARBIDE DRILL Ø12,5824,736.87,1.61,7.66,60.58,0.59,8.4,71.49,Aluminiu,Gaurire,122,0,Niciunul
209,Burghiu,CARBIDE DRILL Ø12,2617,891.3,2.47,9.85,59.01,0.81,6.6,70.21,Aluminiu,Gaurire,38,0,Niciunul
210,Burghiu,CARBIDE DRILL Ø12,3143,308.9,2.74,13.26,101.14,11.61,64,82.61,Inox,Gaurire,247,1,Uzura excesiva
211,Burghiu,CARBIDE DRILL Ø12,5303,381.39,0.64,17.4,64.44,0.78,6.9,69.21,Aluminiu,Gaurire,378,0,Niciunul
212,Burghiu,CARBIDE DRILL Ø12,3956,549.95,1.83,7.22,40.04,0.56,0.7,61.45,Otel,Gaurire,426,0,Niciunul
213,Burghiu,CARBIDE DRILL Ø12,5177,929.79,0.86,16.81,101.76,3.56,91.6,88.23,Inox,Gaurire,337,1,Supraincalzire
214,Burghiu,CARBIDE DRILL Ø12,4775,469.68,2.69,13.29,65.79,0.73,9,65.68,Aluminiu,Gaurire,263,0,Niciunul
215,Burghiu,CARBIDE DRILL Ø12,2644,651.51,0.5,5.37,149.75,9.27,56.7,80.14,Inox,Gaurire,126,1,Vibratii
216,Burghiu,CARBIDE DRILL Ø12,3207,824.39,2.45,8.73,126.58,4.96,63,83,Inox,Gaurire,139,1,Uzura excesiva
217,Burghiu,CARBIDE DRILL Ø12,5608,784.94,0.83,18.8,53.13,0.85,5.9,60.5,Inox,Gaurire,245,0,Niciunul
218,Burghiu,CARBIDE DRILL Ø12,4159,546.27,0.16,17.09,62.27,0.86,18.4,64.29,Inox,Gaurire,39,0,Niciunul
219,Burghiu,CARBIDE DRILL Ø12,2265,440.07,2.48,19.73,110.95,8.2,54.7,87.08,Inox,Gaurire,114,1,Uzura excesiva
220,Burghiu,CARBIDE DRILL Ø12,1920,621.5,0.48,9.81,43.33,1.75,2,60.07,Aluminiu,Gaurire,303,0,Niciunul
221,Burghiu,CARBIDE DRILL Ø12,3830,325.3,2.72,16.8,131.75,8.02,69.2,90.63,Otel,Gaurire,164,1,Vibratii
222,Burghiu,CARBIDE DRILL Ø12,1500,1064.74,1.55,15.26,53.67,1.07,10.5,61.71,Otel,Gaurire,250,0,Niciunul
223,Burghiu,CARBIDE DRILL Ø12,5999,951.2,0.72,13.69,44.06,1,6.3,74.8,Otel,Gaurire,347,0,Niciunul
224,Burghiu,CARBIDE DRILL Ø12,4451,486.17,1.02,7.54,60.35,1.57,5.3,74.48,Inox,Gaurire,440,0,Niciunul
225,Burghiu,CARBIDE DRILL Ø12,5634,942.08,0.77,16.95,43.6,1.87,1.5,69.61,Otel,Gaurire,6,0,Niciunul
226,Burghiu,CARBIDE DRILL Ø12,2088,662.65,1.24,12.69,112.11,4.83,93.3,86.83,Aluminiu,Gaurire,22,1,Supraincalzire
227,Burghiu,CARBIDE DRILL Ø12,3184,963.06,1.34,12.44,138.73,6.77,88,88.94,Aluminiu,Gaurire,355,1,Uzura excesiva
228,Burghiu,CARBIDE DRILL Ø12,5051,782.38,0.95,13.28,57.83,0.68,19.2,62.82,Otel,Gaurire,91,0,Niciunul
229,Burghiu,CARBIDE DRILL Ø12,2993,525.54,1.48,11.54,55.77,0.68,12.9,64,Otel,Gaurire,404,0,Niciunul
230,Burghiu,CARBIDE DRILL Ø12,5183,1166.71,0.99,6.25,63.55,0.98,5.7,73.12,Inox,Gaurire,412,0,Niciunul
231,Burghiu,CARBIDE DRILL Ø12,3952,389,1.13,7.92,81.12,9.66,55.7,84.84,Aluminiu,Gaurire,394,1,Vibratii
232,Burghiu,CARBIDE DRILL Ø12,1896,841.56,1,5.1,122.24,10.92,66.1,87.56,Inox,Gaurire,443,1,Uzura excesiva
233,Burghiu,CARBIDE DRILL Ø12,3039,1065.14,0.79,18.02,67.35,0.85,12.2,73.16,Otel,Gaurire,168,0,Niciunul
234,Burghiu,CARBIDE DRILL Ø12,5620,248.82,2,11.93,98.68,10.17,59.9,83.37,Otel,Gaurire,469,1,Uzura excesiva
235,Burghiu,CARBIDE DRILL Ø12,2646,222.57,2.92,5.75,69.45,1.29,5.1,65.41,Inox,Gaurire,83,0,Niciunul
236,Burghiu,CARBIDE DRILL Ø12,3143,316.74,1.05,18.68,151.63,8.09,63.1,98.12,Otel,Gaurire,97,1,Supraincalzire
237,Burghiu,CARBIDE DRILL Ø12,5689,1106.74,2.37,9.99,64.35,0.97,11.7,72.46,Aluminiu,Gaurire,255,0,Niciunul
238,Burghiu,CARBIDE DRILL Ø12,4223,952.15,1.79,9.21,123.81,4.43,84.6,94.05,Otel,Gaurire,344,1,Vibratii
239,Burghiu,CARBIDE DRILL Ø12,3011,395.92,0.9,18.6,85.45,5.78,73.6,85.67,Inox,Gaurire,156,1,Vibratii
240,Burghiu,CARBIDE DRILL Ø12,4155,738,2.01,9.43,48.14,1.01,15.2,66.38,Otel,Gaurire,65,0,Niciunul
241,Burghiu,CARBIDE DRILL Ø12,1865,629.36,0.46,10.19,55.1,1.65,12.5,70.84,Otel,Gaurire,455,0,Niciunul
242,Burghiu,CARBIDE DRILL Ø12,2090,1036.01,0.98,16,45.23,1.56,19.2,62.39,Inox,Gaurire,342,0,Niciunul
243,Burghiu,CARBIDE DRILL Ø12,3729,218.46,1.92,7.57,49.43,0.67,7.8,64.88,Inox,Gaurire,89,0,Niciunul
244,Burghiu,CARBIDE DRILL Ø12,1973,208.11,1.6,14.66,113.15,10.85,54.2,89.16,Otel,Gaurire,210,1,Vibratii
245,Burghiu,CARBIDE DRILL Ø12,4078,453.6,2.65,6.12,56.29,1.88,1.3,61.54,Aluminiu,Gaurire,324,0,Niciunul
246,Burghiu,CARBIDE DRILL Ø12,5476,921.09,2.17,7.33,63.1,1.6,10,71.5,Otel,Gaurire,87,0,Niciunul
247,Burghiu,CARBIDE DRILL Ø12,2084,654.19,2.68,7.93,47.93,1.25,7.6,70.25,Aluminiu,Gaurire,114,0,Niciunul
248,Burghiu,CARBIDE DRILL Ø12,5943,448.36,2.42,7.07,67.57,1.53,17.9,65.19,Otel,Gaurire,29,0,Niciunul
249,Burghiu,CARBIDE DRILL Ø12,5763,855.51,2.94,15.14,136.08,6.6,80.5,84.6,Aluminiu,Gaurire,261,1,Supraincalzire
250,Burghiu,CARBIDE DRILL Ø12,4228,425.93,1.3,5.77,68.43,0.83,4,65.42,Otel,Gaurire,41,0,Niciunul
251,Burghiu,CARBIDE DRILL Ø12,3912,525.55,0.47,12.16,42.61,1.74,12,74.53,Otel,Gaurire,287,0,Niciunul
252,Burghiu,CARBIDE DRILL Ø12,2014,903.28,2.18,9.24,127.21,11.99,45.9,91.44,Inox,Gaurire,301,1,Uzura excesiva
253,Burghiu,CARBIDE DRILL Ø12,3576,325.08,2.81,7.28,57.33,1.74,3.6,72.97,Aluminiu,Gaurire,315,0,Niciunul
254,Burghiu,CARBIDE DRILL Ø12,2730,776.58,0.39,13.6,61.47,0.99,6.3,71.21,Otel,Gaurire,210,0,Niciunul
255,Burghiu,CARBIDE DRILL Ø12,4140,233.78,1.92,18.74,46.34,1.93,11.9,71.14,Aluminiu,Gaurire,350,0,Niciunul
256,Burghiu,CARBIDE DRILL Ø12,2948,1173.31,2.95,5.7,56.14,1.44,3.7,60.34,Inox,Gaurire,192,0,Niciunul
257,Burghiu,CARBIDE DRILL Ø12,3443,1153.45,1.68,8.98,62.44,0.8,17.1,69.9,Aluminiu,Gaurire,493,0,Niciunul
258,Burghiu,CARBIDE DRILL Ø12,1963,788.42,1.02,18.59,49.51,0.96,18.6,71.14,Inox,Gaurire,165,0,Niciunul
259,Burghiu,CARBIDE DRILL Ø12,4611,706.38,2.5,16.91,63.12,0.91,15.1,67.56,Inox,Gaurire,454,0,Niciunul
260,Burghiu,CARBIDE DRILL Ø12,4995,289.49,1.5,17.68,97.09,6.52,45.9,82.37,Inox,Gaurire,109,1,Supraincalzire
261,Burghiu,CARBIDE DRILL Ø12,1921,1041.15,0.16,18.24,48.61,1.61,11.7,63.92,Inox,Gaurire,183,0,Niciunul
262,Burghiu,CARBIDE DRILL Ø12,3252,734.88,1.42,7.52,58.84,1.83,11.2,70.42,Inox,Gaurire,244,0,Niciunul
263,Burghiu,CARBIDE DRILL Ø12,4669,922.28,0.64,19.27,43.65,0.8,6.2,65.9,Aluminiu,Gaurire,470,0,Niciunul
264,Burghiu,CARBIDE DRILL Ø12,5939,349.52,0.79,5.38,66.6,0.53,9,70.45,Aluminiu,Gaurire,167,0,Niciunul
265,Burghiu,CARBIDE DRILL Ø12,3382,835.3,2.34,5.59,37.55,1.14,18.1,61.33,Otel,Gaurire,138,0,Niciunul
266,Burghiu,CARBIDE DRILL Ø12,5358,393.52,2.33,8.09,54.13,0.98,6.4,60.23,Inox,Gaurire,420,0,Niciunul
267,Burghiu,CARBIDE DRILL Ø12,4956,1075.01,1.19,13.55,56.43,0.97,12.9,65.79,Inox,Gaurire,375,0,Niciunul
268,Burghiu,CARBIDE DRILL Ø12,2690,433.02,1.22,18.31,138.47,7.97,55.6,83.43,Otel,Gaurire,350,1,Vibratii
269,Burghiu,CARBIDE DRILL Ø12,3662,705.39,2.4,16.38,57.83,0.74,4.2,60.39,Aluminiu,Gaurire,9,0,Niciunul
270,Burghiu,CARBIDE DRILL Ø12,5740,1195.07,1.39,11.96,46.16,0.57,7.8,66.78,Aluminiu,Gaurire,348,0,Niciunul
271,Burghiu,CARBIDE DRILL Ø12,3259,358.92,1.6,18.92,124.91,4.68,62.4,99.55,Aluminiu,Gaurire,436,1,Supraincalzire
272,Burghiu,CARBIDE DRILL Ø12,2290,907.96,2.94,10.43,56.88,0.57,0.6,73.81,Aluminiu,Gaurire,409,0,Niciunul
273,Burghiu,CARBIDE DRILL Ø12,3146,984.61,2.15,5.51,40.92,0.81,1.3,66.21,Aluminiu,Gaurire,37,0,Niciunul
274,Burghiu,CARBIDE DRILL Ø12,5122,607.2,2.53,5.3,65.31,1.9,11.3,62.47,Aluminiu,Gaurire,404,0,Niciunul
275,Burghiu,CARBIDE DRILL Ø12,3668,511.76,2.1,9.93,39.38,1.66,9.7,61.95,Inox,Gaurire,490,0,Niciunul
276,Burghiu,CARBIDE DRILL Ø12,2426,1056.75,1.99,11.32,43.65,1.92,16.5,72.47,Otel,Gaurire,419,0,Niciunul
277,Burghiu,CARBIDE DRILL Ø12,2125,915.81,0.37,8.41,59.76,1.3,18,69.61,Aluminiu,Gaurire,43,0,Niciunul
278,Burghiu,CARBIDE DRILL Ø12,1586,419.33,2.98,16.37,87.64,4.08,90.4,83.71,Inox,Gaurire,160,1,Supraincalzire
279,Burghiu,CARBIDE DRILL Ø12,4534,1040.52,2.63,11.01,62.76,0.79,13.7,62.95,Inox,Gaurire,318,0,Niciunul
280,Burghiu,CARBIDE DRILL Ø12,5191,949.89,1.56,15.69,59.48,1.39,12,61.23,Aluminiu,Gaurire,444,0,Niciunul
281,Burghiu,CARBIDE DRILL Ø12,4599,472.42,0.8,13.52,128.54,11.96,96.3,90.53,Otel,Gaurire,154,1,Supraincalzire
282,Burghiu,CARBIDE DRILL Ø12,5922,1137.04,2.38,8.9,35.85,1.75,17,68.23,Otel,Gaurire,379,0,Niciunul
283,Burghiu,CARBIDE DRILL Ø12,4826,696.97,1.54,16.8,60.5,1.11,13.1,67.83,Inox,Gaurire,275,0,Niciunul
284,Burghiu,CARBIDE DRILL Ø12,5478,276.96,2.46,14.85,53.53,1.59,1.2,66.71,Otel,Gaurire,111,0,Niciunul
285,Burghiu,CARBIDE DRILL Ø12,5958,1012.63,0.36,10.03,44.59,0.89,8.5,62.67,Aluminiu,Gaurire,455,0,Niciunul
286,Burghiu,CARBIDE DRILL Ø12,4969,217.86,1.31,7.3,100.43,11.95,43.7,91.48,Aluminiu,Gaurire,201,1,Vibratii
287,Burghiu,CARBIDE DRILL Ø12,4506,629.54,2.58,10.04,58.77,1.35,10.5,73.48,Aluminiu,Gaurire,119,0,Niciunul
288,Burghiu,CARBIDE DRILL Ø12,1731,777.41,0.78,19.63,49.28,0.97,12.7,72.28,Inox,Gaurire,231,0,Niciunul
289,Burghiu,CARBIDE DRILL Ø12,4249,1091.25,1.28,9.78,37.54,1.23,14.4,72.35,Otel,Gaurire,228,0,Niciunul
290,Burghiu,CARBIDE DRILL Ø12,3786,962.77,1.33,16.39,62.83,0.53,17.2,60.23,Inox,Gaurire,51,0,Niciunul
291,Burghiu,CARBIDE DRILL Ø12,4139,1085.76,0.23,15.16,35.46,1.86,18.9,66.66,Inox,Gaurire,414,0,Niciunul
292,Burghiu,CARBIDE DRILL Ø12,1679,951.07,1.66,6.12,63.05,0.55,15.8,61.02,Aluminiu,Gaurire,392,0,Niciunul
293,Burghiu,CARBIDE DRILL Ø12,4690,742.91,1.91,6.71,35.35,1.82,19.4,65.7,Aluminiu,Gaurire,148,0,Niciunul
294,Burghiu,CARBIDE DRILL Ø12,5900,1034.12,0.61,13.44,54.34,1.35,12.2,73.74,Otel,Gaurire,324,0,Niciunul
295,Burghiu,CARBIDE DRILL Ø12,4994,509.11,1.41,5.85,156.39,9.59,66.1,82.47,Inox,Gaurire,258,1,Vibratii
296,Burghiu,CARBIDE DRILL Ø12,2024,669,0.19,14.86,67.83,0.89,15.9,63.55,Otel,Gaurire,309,0,Niciunul
297,Burghiu,CARBIDE DRILL Ø12,3947,663.16,2.73,19.23,50.31,0.66,0,69.42,Aluminiu,Gaurire,464,0,Niciunul
298,Burghiu,CARBIDE DRILL Ø12,5590,419.42,2.89,14.38,60.17,1.85,18,61.15,Otel,Gaurire,381,0,Niciunul
299,Burghiu,CARBIDE DRILL Ø12,2560,613.41,1.19,11.31,91.25,4.4,55.7,95.95,Inox,Gaurire,33,1,Uzura excesiva
300,Burghiu,CARBIDE DRILL Ø12,4409,803.06,2.59,6.09,67.44,1.99,5.3,64.88,Inox,Gaurire,238,0,Niciunul
1,Burghiu,HSS DRILL Ø6,5751,956.38,1.38,17.79,125.67,9.75,80.8,81.26,Inox,Gaurire,320,1,Vibratii
2,Burghiu,HSS DRILL Ø6,2814,515.9,1.94,15.07,69.47,1.51,16.2,71.96,Aluminiu,Gaurire,472,0,Niciunul
3,Burghiu,HSS DRILL Ø6,2323,556.2,1.43,14.38,104.55,9.13,53.7,82.94,Inox,Gaurire,362,1,Supraincalzire
4,Burghiu,HSS DRILL Ø6,3277,432.63,0.87,13.45,67.43,1.24,9.5,62.07,Inox,Gaurire,495,0,Niciunul
5,Burghiu,HSS DRILL Ø6,3492,406.26,2.14,6.17,106.19,4.38,82,85.52,Otel,Gaurire,23,1,Supraincalzire
6,Burghiu,HSS DRILL Ø6,3426,227.42,2.95,12.72,131.11,8.95,96.2,86.47,Otel,Gaurire,385,1,Vibratii
7,Burghiu,HSS DRILL Ø6,3641,876.28,0.39,13.64,46.88,1.74,4.9,71.01,Otel,Gaurire,2,0,Niciunul
8,Burghiu,HSS DRILL Ø6,2163,945.11,2.42,18.16,120.9,6.54,73.8,95.54,Inox,Gaurire,165,1,Supraincalzire
9,Burghiu,HSS DRILL Ø6,4734,956.74,2.04,12.91,54.82,1.56,8.9,67.6,Otel,Gaurire,336,0,Niciunul
10,Burghiu,HSS DRILL Ø6,1677,900.42,1.58,11.16,94.94,4.85,88.3,92.44,Aluminiu,Gaurire,373,1,Supraincalzire
11,Burghiu,HSS DRILL Ø6,1622,919.26,0.78,7.26,65.58,1.94,7.6,71.84,Aluminiu,Gaurire,420,0,Niciunul
12,Burghiu,HSS DRILL Ø6,4858,1092.6,0.26,7.36,67.32,1.3,19.6,66.91,Inox,Gaurire,400,0,Niciunul
13,Burghiu,HSS DRILL Ø6,4069,1021.65,0.42,17.97,59.4,1.1,0.2,72.03,Aluminiu,Gaurire,161,0,Niciunul
14,Burghiu,HSS DRILL Ø6,3134,983.44,0.66,6.2,48.74,0.81,8.8,74.37,Inox,Gaurire,156,0,Niciunul
15,Burghiu,HSS DRILL Ø6,5234,965.9,1.89,6.1,45.25,1.02,10.4,61.72,Aluminiu,Gaurire,278,0,Niciunul
16,Burghiu,HSS DRILL Ø6,5308,212.61,1.06,19.46,61.63,1.48,19.2,65.48,Inox,Gaurire,406,0,Niciunul
17,Burghiu,HSS DRILL Ø6,3526,908.37,1.91,9.97,126.35,10.51,78.9,93.79,Aluminiu,Gaurire,121,1,Supraincalzire
18,Burghiu,HSS DRILL Ø6,3190,427.49,1.75,15.16,52.64,1.83,18.6,67.8,Otel,Gaurire,29,0,Niciunul
19,Burghiu,HSS DRILL Ø6,2895,415.79,1.31,19.46,55,0.92,16.3,67.53,Aluminiu,Gaurire,189,0,Niciunul
20,Burghiu,HSS DRILL Ø6,1674,505.69,1.48,19.3,67.04,0.82,3.3,68.16,Aluminiu,Gaurire,458,0,Niciunul
21,Burghiu,HSS DRILL Ø6,3838,385.08,2.74,10.24,62.59,0.82,3.9,62.25,Otel,Gaurire,187,0,Niciunul
22,Burghiu,HSS DRILL Ø6,4038,709.63,0.65,15.88,146.12,7.96,74.4,93.87,Aluminiu,Gaurire,158,1,Supraincalzire
23,Burghiu,HSS DRILL Ø6,5018,962.02,2.41,16.65,67.79,1.46,14.6,70.12,Aluminiu,Gaurire,368,0,Niciunul
24,Burghiu,HSS DRILL Ø6,5379,698.27,2.12,5.59,68.89,1.64,7.3,63.59,Otel,Gaurire,399,0,Niciunul
25,Burghiu,HSS DRILL Ø6,5317,1001.85,1.52,19.98,51.16,1.96,8.7,73.26,Inox,Gaurire,419,0,Niciunul
26,Burghiu,HSS DRILL Ø6,3822,401.58,1.96,10.46,104.46,4.73,86.7,83.82,Aluminiu,Gaurire,151,1,Vibratii
27,Burghiu,HSS DRILL Ø6,3149,417.68,0.88,12.89,47.55,0.83,0.3,74.48,Inox,Gaurire,82,0,Niciunul
28,Burghiu,HSS DRILL Ø6,2604,621.06,1.61,17.35,150.39,7.94,71.4,87.66,Otel,Gaurire,383,1,Supraincalzire
29,Burghiu,HSS DRILL Ø6,3208,797.68,2.01,16.04,40.06,1.93,7.6,68.32,Aluminiu,Gaurire,118,0,Niciunul
30,Burghiu,HSS DRILL Ø6,4519,538.14,1.2,18.5,52.03,1.72,11.4,66.03,Inox,Gaurire,351,0,Niciunul
31,Burghiu,HSS DRILL Ø6,4096,1166.05,0.24,15.49,126.06,11.76,67.9,99.59,Inox,Gaurire,462,1,Vibratii
32,Burghiu,HSS DRILL Ø6,5416,363.48,2.02,12,67.47,1.96,1.3,62.47,Aluminiu,Gaurire,21,0,Niciunul
33,Burghiu,HSS DRILL Ø6,5713,1087.58,1.83,11.21,45.55,0.93,19.3,63.65,Otel,Gaurire,23,0,Niciunul
34,Burghiu,HSS DRILL Ø6,3740,786.32,0.82,10.33,56.89,1.93,16.4,60.45,Aluminiu,Gaurire,369,0,Niciunul
35,Burghiu,HSS DRILL Ø6,2402,317.88,2.97,16.03,35.96,0.83,11.7,68.42,Otel,Gaurire,4,0,Niciunul
36,Burghiu,HSS DRILL Ø6,4264,716.52,0.71,8.78,129.83,10.36,41.6,86.74,Aluminiu,Gaurire,105,1,Uzura excesiva
37,Burghiu,HSS DRILL Ø6,5141,753.23,2.6,7,133.63,5.86,82.2,96.86,Otel,Gaurire,253,1,Vibratii
38,Burghiu,HSS DRILL Ø6,5151,584.77,1.86,12.13,115.35,9.23,44.4,99.82,Aluminiu,Gaurire,279,1,Vibratii
39,Burghiu,HSS DRILL Ø6,1601,940.59,1.18,19.18,43.58,1.85,19,70.76,Otel,Gaurire,317,0,Niciunul
40,Burghiu,HSS DRILL Ø6,5763,935.17,2.61,13.43,40.73,1.83,0.9,70.04,Aluminiu,Gaurire,411,0,Niciunul
41,Burghiu,HSS DRILL Ø6,5363,1078.75,0.16,15.36,53.66,0.87,9,60.84,Otel,Gaurire,492,0,Niciunul
42,Burghiu,HSS DRILL Ø6,4798,492.16,2.35,7.74,67.7,1.57,3.1,72.86,Aluminiu,Gaurire,33,0,Niciunul
43,Burghiu,HSS DRILL Ø6,2403,373.71,2.69,17.18,66.78,1.77,19.4,67.78,Inox,Gaurire,89,0,Niciunul
44,Burghiu,HSS DRILL Ø6,2341,1179.52,0.26,7.39,66.98,0.9,0.8,66.17,Otel,Gaurire,118,0,Niciunul
45,Burghiu,HSS DRILL Ø6,4683,651.03,2.82,10.95,53.89,1.89,7,66.97,Otel,Gaurire,348,0,Niciunul
46,Burghiu,HSS DRILL Ø6,4063,807.53,1.55,15.93,66.33,1.61,11,67.35,Otel,Gaurire,22,0,Niciunul
47,Burghiu,HSS DRILL Ø6,5828,417.16,2.59,18.42,52.46,1.13,11.1,65.24,Otel,Gaurire,411,0,Niciunul
48,Burghiu,HSS DRILL Ø6,5028,430.77,1.82,8.07,151.07,6.04,92.3,80.15,Otel,Gaurire,246,1,Uzura excesiva
49,Burghiu,HSS DRILL Ø6,1810,662.68,1.98,19.42,58.92,1.37,6.5,69.05,Aluminiu,Gaurire,306,0,Niciunul
50,Burghiu,HSS DRILL Ø6,2156,979.21,2.01,6.92,40.98,1.87,11.3,65.95,Otel,Gaurire,356,0,Niciunul
51,Burghiu,HSS DRILL Ø6,3022,213.08,2.63,16.94,58.99,0.81,12.7,64.99,Otel,Gaurire,211,0,Niciunul
52,Burghiu,HSS DRILL Ø6,2190,405.66,2.68,14.97,41.87,0.54,19,73.01,Otel,Gaurire,56,0,Niciunul
53,Burghiu,HSS DRILL Ø6,5456,290.06,0.71,14.16,153.06,3.31,94.1,90.36,Otel,Gaurire,303,1,Supraincalzire
54,Burghiu,HSS DRILL Ø6,1944,609.06,1.32,19.9,45.18,0.66,18,74.04,Inox,Gaurire,187,0,Niciunul
55,Burghiu,HSS DRILL Ø6,3088,1071.46,2.08,18.01,47.36,1.18,10.5,73.53,Otel,Gaurire,349,0,Niciunul
56,Burghiu,HSS DRILL Ø6,5741,751.42,0.51,17.18,107.01,9.53,54.2,87.65,Inox,Gaurire,125,1,Supraincalzire
57,Burghiu,HSS DRILL Ø6,4976,1061.54,1.77,5.09,65.71,1.8,7.6,73.95,Inox,Gaurire,69,0,Niciunul
58,Burghiu,HSS DRILL Ø6,3152,945.3,2.88,18.57,54.46,0.97,15.6,69.65,Inox,Gaurire,99,0,Niciunul
59,Burghiu,HSS DRILL Ø6,1906,204.62,0.72,16.47,69.65,1.61,8.7,64.84,Inox,Gaurire,197,0,Niciunul
60,Burghiu,HSS DRILL Ø6,2811,430.58,2.87,19.68,59.89,1.28,5.7,65.48,Otel,Gaurire,330,0,Niciunul
61,Burghiu,HSS DRILL Ø6,5071,690.27,0.95,12.8,140.5,5.75,67.3,86.28,Otel,Gaurire,90,1,Supraincalzire
62,Burghiu,HSS DRILL Ø6,4147,837.27,0.79,7.1,37.6,0.52,19.5,74.54,Otel,Gaurire,208,0,Niciunul
63,Burghiu,HSS DRILL Ø6,5760,1044.88,1.73,12.13,41.72,0.7,19.8,62.21,Otel,Gaurire,337,0,Niciunul
64,Burghiu,HSS DRILL Ø6,3864,1004.91,2.36,5.55,61.12,1.85,4.2,62.61,Otel,Gaurire,162,0,Niciunul
65,Burghiu,HSS DRILL Ø6,3075,1088.17,0.32,10.5,64.79,1.14,1.6,70.39,Inox,Gaurire,230,0,Niciunul
66,Burghiu,HSS DRILL Ø6,4148,660.54,2.01,19.54,104.39,8.81,50.1,92.95,Inox,Gaurire,216,1,Vibratii
67,Burghiu,HSS DRILL Ø6,1889,485.13,1.59,9.59,66.72,1.04,18.2,74.65,Inox,Gaurire,347,0,Niciunul
68,Burghiu,HSS DRILL Ø6,5376,607.68,0.57,10.82,62.07,1.14,4.4,72.17,Otel,Gaurire,52,0,Niciunul
69,Burghiu,HSS DRILL Ø6,2338,921.22,0.3,17.3,49.11,0.92,4.5,67.93,Otel,Gaurire,36,0,Niciunul
70,Burghiu,HSS DRILL Ø6,2212,566.72,1.2,5.68,59.24,1.99,1.9,60.24,Aluminiu,Gaurire,337,0,Niciunul
71,Burghiu,HSS DRILL Ø6,4913,895.34,1.91,16.09,58.26,1.09,15.5,68.47,Aluminiu,Gaurire,459,0,Niciunul
72,Burghiu,HSS DRILL Ø6,1512,901.3,0.72,17.86,141.8,11.21,56.1,92.69,Aluminiu,Gaurire,269,1,Uzura excesiva
73,Burghiu,HSS DRILL Ø6,4146,980.4,0.4,5.78,59.16,0.59,12,62.7,Aluminiu,Gaurire,499,0,Niciunul
74,Burghiu,HSS DRILL Ø6,3749,575.12,2.37,16.07,154.06,8.64,47.2,86.67,Otel,Gaurire,409,1,Vibratii
75,Burghiu,HSS DRILL Ø6,1598,835.69,2.76,5.1,47.63,1.06,6.9,67.78,Aluminiu,Gaurire,19,0,Niciunul
76,Burghiu,HSS DRILL Ø6,2817,940.6,0.78,14.67,57.09,0.96,16.2,71.67,Aluminiu,Gaurire,23,0,Niciunul
77,Burghiu,HSS DRILL Ø6,2174,847.62,0.22,17.51,45.43,1.36,7.2,65.65,Otel,Gaurire,198,0,Niciunul
78,Burghiu,HSS DRILL Ø6,4025,217.71,2.37,19.47,99.25,3.06,79.5,82.63,Aluminiu,Gaurire,458,1,Supraincalzire
79,Burghiu,HSS DRILL Ø6,5328,798.46,1.89,19.8,124.46,8.69,54.6,97.15,Inox,Gaurire,223,1,Supraincalzire
80,Burghiu,HSS DRILL Ø6,3950,1141.2,1.16,7.18,84.1,6.35,66.9,88.87,Inox,Gaurire,312,1,Vibratii
81,Burghiu,HSS DRILL Ø6,2137,312.3,2.33,7,61.68,1.58,7.2,62.42,Aluminiu,Gaurire,332,0,Niciunul
82,Burghiu,HSS DRILL Ø6,2485,254.87,0.49,13.37,39.16,1.81,12.9,64.21,Otel,Gaurire,272,0,Niciunul
83,Burghiu,HSS DRILL Ø6,2776,1087.3,1.36,9.48,47.08,1.92,12.4,69.61,Inox,Gaurire,156,0,Niciunul
84,Burghiu,HSS DRILL Ø6,4294,254.14,0.57,14.77,103.02,7.73,49,93,Aluminiu,Gaurire,489,1,Supraincalzire
85,Burghiu,HSS DRILL Ø6,2260,238.87,2.34,13.06,48.66,1.16,11,64.66,Otel,Gaurire,241,0,Niciunul
86,Burghiu,HSS DRILL Ø6,5799,532.37,0.86,9.96,39.67,1.67,7.2,69.19,Aluminiu,Gaurire,59,0,Niciunul
87,Burghiu,HSS DRILL Ø6,4057,831.49,0.65,7.45,44.32,1.49,5.7,71.48,Aluminiu,Gaurire,187,0,Niciunul
88,Burghiu,HSS DRILL Ø6,3147,915.62,1.47,12.72,94.73,6.67,80.4,81.63,Inox,Gaurire,479,1,Vibratii
89,Burghiu,HSS DRILL Ø6,4140,256.28,0.72,10.31,45.78,0.72,13.1,67.33,Otel,Gaurire,211,0,Niciunul
90,Burghiu,HSS DRILL Ø6,2130,524.88,0.78,15.63,113.77,8.44,85.9,80.1,Aluminiu,Gaurire,264,1,Supraincalzire
91,Burghiu,HSS DRILL Ø6,5104,955.1,1.16,16.47,41.53,1.88,1,71.15,Aluminiu,Gaurire,223,0,Niciunul
92,Burghiu,HSS DRILL Ø6,2323,490.03,1.98,5.21,57.56,1.54,2.9,70.91,Aluminiu,Gaurire,496,0,Niciunul
93,Burghiu,HSS DRILL Ø6,4744,640.52,2.08,17.44,153.71,8.96,95.7,93.84,Aluminiu,Gaurire,288,1,Uzura excesiva
94,Burghiu,HSS DRILL Ø6,2353,468.81,2.03,5.24,45.96,1.38,11.1,74.99,Inox,Gaurire,165,0,Niciunul
95,Burghiu,HSS DRILL Ø6,4686,915.87,0.16,15.43,58.14,0.78,11.4,63.13,Otel,Gaurire,341,0,Niciunul
96,Burghiu,HSS DRILL Ø6,3055,392.42,2.14,5.96,63.78,1.48,13.8,69.23,Otel,Gaurire,59,0,Niciunul
97,Burghiu,HSS DRILL Ø6,2370,1194.03,2.03,15.92,39.86,1.14,12.9,61.26,Otel,Gaurire,20,0,Niciunul
98,Burghiu,HSS DRILL Ø6,4669,776.32,1.27,8.62,99.4,3.71,54.9,90.12,Aluminiu,Gaurire,118,1,Supraincalzire
99,Burghiu,HSS DRILL Ø6,5165,778.17,0.8,7.59,101.17,11.77,60.5,88.47,Inox,Gaurire,452,1,Supraincalzire
100,Burghiu,HSS DRILL Ø6,3131,203.96,0.13,16.71,148.31,5.5,80.7,84.78,Aluminiu,Gaurire,247,1,Supraincalzire
101,Burghiu,HSS DRILL Ø6,3332,1027.88,1.14,13.58,37,1.05,6.2,72.41,Inox,Gaurire,359,0,Niciunul
102,Burghiu,HSS DRILL Ø6,2403,288.39,1.63,10.87,64.18,0.73,18.4,74.01,Otel,Gaurire,257,0,Niciunul
103,Burghiu,HSS DRILL Ø6,5499,1160.95,0.83,14.66,65.6,1.19,14.6,64.14,Inox,Gaurire,399,0,Niciunul
104,Burghiu,HSS DRILL Ø6,2706,631.72,2.57,5.74,51.16,0.88,6.8,72.46,Inox,Gaurire,87,0,Niciunul
105,Burghiu,HSS DRILL Ø6,4848,473.34,0.25,11.05,68.51,0.64,12.8,69.45,Otel,Gaurire,49,0,Niciunul
106,Burghiu,HSS DRILL Ø6,1714,292.66,2.66,14.05,131.97,5.3,52.8,82.97,Aluminiu,Gaurire,290,1,Supraincalzire
107,Burghiu,HSS DRILL Ø6,2983,788.72,0.78,7.26,123.79,5.51,76.8,96.71,Inox,Gaurire,367,1,Uzura excesiva
108,Burghiu,HSS DRILL Ø6,5218,278.97,0.48,17.67,102.24,5.06,75.2,97.12,Inox,Gaurire,424,1,Supraincalzire
109,Burghiu,HSS DRILL Ø6,3280,751.69,2.58,19.49,61.45,0.82,18,65.06,Inox,Gaurire,167,0,Niciunul
110,Burghiu,HSS DRILL Ø6,2247,898.14,0.24,6.31,59.65,1.39,15.7,61.95,Otel,Gaurire,97,0,Niciunul
111,Burghiu,HSS DRILL Ø6,5518,253.85,2.1,15.18,46.36,0.58,12.8,67.68,Inox,Gaurire,334,0,Niciunul
112,Burghiu,HSS DRILL Ø6,3228,1106.48,2.5,7.56,88.03,8.82,58.1,90.43,Inox,Gaurire,381,1,Supraincalzire
113,Burghiu,HSS DRILL Ø6,4451,370.25,2.76,10.22,66.28,0.6,10.7,69.92,Aluminiu,Gaurire,352,0,Niciunul
114,Burghiu,HSS DRILL Ø6,4470,632.92,1.34,10.85,92.71,5.88,83.6,85.98,Aluminiu,Gaurire,492,1,Supraincalzire
115,Burghiu,HSS DRILL Ø6,5003,264.22,1.28,11.11,64.96,0.61,15.3,71.87,Otel,Gaurire,187,0,Niciunul
116,Burghiu,HSS DRILL Ø6,1966,831.5,2.86,11.55,38.76,1.31,17.9,65.98,Inox,Gaurire,320,0,Niciunul
117,Burghiu,HSS DRILL Ø6,2594,275.98,1.95,11.97,80.57,4.54,65,98.25,Inox,Gaurire,479,1,Uzura excesiva
118,Burghiu,HSS DRILL Ø6,4495,1015.09,2.32,5.26,58.95,1.93,19.5,74.13,Aluminiu,Gaurire,208,0,Niciunul
119,Burghiu,HSS DRILL Ø6,2330,621.39,0.22,9.37,65.86,1.22,17.6,70.97,Inox,Gaurire,304,0,Niciunul
120,Burghiu,HSS DRILL Ø6,3549,212.95,0.51,7.42,53.68,1.63,18.2,65.45,Aluminiu,Gaurire,376,0,Niciunul
121,Burghiu,HSS DRILL Ø6,4223,287.52,1.89,19.64,99.92,3.38,54.8,97.2,Aluminiu,Gaurire,82,1,Supraincalzire
122,Burghiu,HSS DRILL Ø6,3852,1085.9,2.57,9.35,129.53,10.89,81.7,83.07,Aluminiu,Gaurire,303,1,Supraincalzire
123,Burghiu,HSS DRILL Ø6,1866,667.12,0.68,11.92,69.46,1.36,19.3,71.91,Aluminiu,Gaurire,252,0,Niciunul
124,Burghiu,HSS DRILL Ø6,4589,239.98,2.32,9.8,147.65,8.06,62.9,96,Aluminiu,Gaurire,438,1,Supraincalzire
125,Burghiu,HSS DRILL Ø6,2624,766.52,2.37,13.97,47.88,1.27,5.6,60.35,Aluminiu,Gaurire,252,0,Niciunul
126,Burghiu,HSS DRILL Ø6,4499,1104.06,1.38,16.49,60.41,1.46,3.2,67.05,Otel,Gaurire,246,0,Niciunul
127,Burghiu,HSS DRILL Ø6,3898,275.45,0.11,13.41,57.47,1.71,15.9,63.8,Aluminiu,Gaurire,435,0,Niciunul
128,Burghiu,HSS DRILL Ø6,5082,753.22,0.47,18.5,64.58,1.95,19.7,69.38,Aluminiu,Gaurire,216,0,Niciunul
129,Burghiu,HSS DRILL Ø6,1581,672.66,0.32,8.16,43.85,1.42,4.9,69.67,Inox,Gaurire,274,0,Niciunul
130,Burghiu,HSS DRILL Ø6,2854,590.32,1.89,6.75,52.51,1.75,17,63.65,Inox,Gaurire,425,0,Niciunul
131,Burghiu,HSS DRILL Ø6,2813,575.97,0.19,9.66,62.4,1.45,9.9,69.99,Otel,Gaurire,279,0,Niciunul
132,Burghiu,HSS DRILL Ø6,3002,509.12,2.33,11.98,92.71,5.95,98.5,83.28,Otel,Gaurire,116,1,Vibratii
133,Burghiu,HSS DRILL Ø6,5014,206.4,1.52,19.08,105.28,8.95,98,80.53,Inox,Gaurire,142,1,Vibratii
134,Burghiu,HSS DRILL Ø6,3204,864.6,2.29,5.71,130.38,7.76,75.8,81.61,Otel,Gaurire,238,1,Uzura excesiva
135,Burghiu,HSS DRILL Ø6,4516,287.38,1.97,10.56,158.28,10.64,78.4,98,Inox,Gaurire,313,1,Uzura excesiva
136,Burghiu,HSS DRILL Ø6,3635,768.52,0.7,13.04,121.85,4.19,44.6,99.04,Otel,Gaurire,331,1,Uzura excesiva
137,Burghiu,HSS DRILL Ø6,5320,757.98,3,19.89,131.81,6.1,47.4,93.58,Otel,Gaurire,307,1,Uzura excesiva
138,Burghiu,HSS DRILL Ø6,4534,839,2.29,15.15,64.85,1.11,17.1,64.05,Otel,Gaurire,460,0,Niciunul
139,Burghiu,HSS DRILL Ø6,5228,349.02,1.24,18.52,37.19,0.72,8.6,71.1,Otel,Gaurire,59,0,Niciunul
140,Burghiu,HSS DRILL Ø6,2783,869.32,0.37,16.97,35.95,0.73,8.6,69.87,Inox,Gaurire,441,0,Niciunul
141,Burghiu,HSS DRILL Ø6,5430,1145.91,1.94,12.17,69.28,1.21,0.5,65.09,Aluminiu,Gaurire,362,0,Niciunul
142,Burghiu,HSS DRILL Ø6,4225,788.84,0.5,5.88,60.78,1.54,3,69.61,Inox,Gaurire,194,0,Niciunul
143,Burghiu,HSS DRILL Ø6,2124,959.72,0.27,13.82,62.58,1.8,9.2,74.28,Otel,Gaurire,146,0,Niciunul
144,Burghiu,HSS DRILL Ø6,3044,525.97,2.75,10.06,59.15,0.71,8,66.08,Otel,Gaurire,482,0,Niciunul
145,Burghiu,HSS DRILL Ø6,2131,274.12,1.22,10.66,50.25,1.09,18.3,60.3,Otel,Gaurire,202,0,Niciunul
146,Burghiu,HSS DRILL Ø6,3662,530.23,2.47,10.76,142.83,11.43,44.8,80.97,Inox,Gaurire,13,1,Vibratii
147,Burghiu,HSS DRILL Ø6,2911,1061.2,2.05,19.49,67.18,1.54,19.7,70.76,Aluminiu,Gaurire,327,0,Niciunul
148,Burghiu,HSS DRILL Ø6,2602,665.24,2.05,12.08,60.61,1.31,11.4,64.79,Inox,Gaurire,346,0,Niciunul
149,Burghiu,HSS DRILL Ø6,3899,756.95,2.89,13.55,95.53,8.07,58.7,86.42,Inox,Gaurire,412,1,Supraincalzire
150,Burghiu,HSS DRILL Ø6,2076,1092.04,2.29,9.58,86.67,5.45,77.5,85.78,Otel,Gaurire,461,1,Uzura excesiva
151,Burghiu,HSS DRILL Ø6,3085,852.01,2.3,9.22,35.45,1.35,8.7,70.01,Inox,Gaurire,451,0,Niciunul
152,Burghiu,HSS DRILL Ø6,4216,304.14,1.96,11.46,35.88,1.39,19.4,65.11,Inox,Gaurire,499,0,Niciunul
153,Burghiu,HSS DRILL Ø6,2728,1126.53,1.63,5.94,41.26,1.94,16.6,69.83,Aluminiu,Gaurire,297,0,Niciunul
154,Burghiu,HSS DRILL Ø6,3848,949.96,2.12,14.29,58.79,1.22,10.9,71.96,Otel,Gaurire,143,0,Niciunul
155,Burghiu,HSS DRILL Ø6,1830,1041.4,2.06,7.93,39.72,1.14,7,63.58,Otel,Gaurire,304,0,Niciunul
156,Burghiu,HSS DRILL Ø6,5871,525.23,2.28,15.79,64.88,1.12,0.4,68.98,Inox,Gaurire,227,0,Niciunul
157,Burghiu,HSS DRILL Ø6,3362,317.27,0.13,16.22,133.16,10.51,94.4,85.19,Otel,Gaurire,434,1,Supraincalzire
158,Burghiu,HSS DRILL Ø6,4964,1067.74,1.92,8.72,48.71,0.89,1.9,61.57,Otel,Gaurire,485,0,Niciunul
159,Burghiu,HSS DRILL Ø6,4751,938,0.66,9.06,56.96,1.69,14.1,61.23,Inox,Gaurire,306,0,Niciunul
160,Burghiu,HSS DRILL Ø6,5906,420.04,0.32,11.03,138.2,6.31,58.5,89.1,Otel,Gaurire,273,1,Vibratii
161,Burghiu,HSS DRILL Ø6,4244,296.74,2.26,10.4,41.9,0.92,0.8,70.69,Otel,Gaurire,310,0,Niciunul
162,Burghiu,HSS DRILL Ø6,5739,214.19,2.97,15.02,152.23,10.64,70.1,80.74,Otel,Gaurire,421,1,Supraincalzire
163,Burghiu,HSS DRILL Ø6,2347,488.1,2,5.93,54.6,1.64,16.1,65.64,Aluminiu,Gaurire,302,0,Niciunul
164,Burghiu,HSS DRILL Ø6,4616,814.53,2.1,15.05,49.38,1.29,7.8,62.11,Inox,Gaurire,123,0,Niciunul
165,Burghiu,HSS DRILL Ø6,2421,240.8,0.87,5,49.36,1.37,15.3,65.03,Aluminiu,Gaurire,88,0,Niciunul
166,Burghiu,HSS DRILL Ø6,5931,277.63,1.51,18.27,80.14,7.56,58.7,93.77,Otel,Gaurire,474,1,Vibratii
167,Burghiu,HSS DRILL Ø6,5326,542.63,2.97,7.7,106.53,10.98,82.7,97.41,Inox,Gaurire,477,1,Uzura excesiva
168,Burghiu,HSS DRILL Ø6,2101,782.95,2.26,17.43,56.76,1.52,5.3,67.24,Aluminiu,Gaurire,242,0,Niciunul
169,Burghiu,HSS DRILL Ø6,2404,321.98,2.33,13.45,68.8,0.88,5.2,66.64,Inox,Gaurire,295,0,Niciunul
170,Burghiu,HSS DRILL Ø6,2316,1125.97,0.8,15.75,115.73,8.41,74.1,89.96,Otel,Gaurire,494,1,Uzura excesiva
171,Burghiu,HSS DRILL Ø6,4801,909.09,2.78,16.58,48.8,0.51,6.2,72.92,Aluminiu,Gaurire,162,0,Niciunul
172,Burghiu,HSS DRILL Ø6,4974,483.49,0.44,16.48,101.09,6.85,54,82.79,Aluminiu,Gaurire,314,1,Uzura excesiva
173,Burghiu,HSS DRILL Ø6,3114,555.24,2.31,15.54,54.36,0.86,14.7,73.02,Aluminiu,Gaurire,263,0,Niciunul
174,Burghiu,HSS DRILL Ø6,3749,705.33,2.42,6.69,68.55,0.92,1.1,66.45,Otel,Gaurire,177,0,Niciunul
175,Burghiu,HSS DRILL Ø6,3051,383.86,1.31,17.56,154.16,5.06,57.3,92.55,Otel,Gaurire,18,1,Supraincalzire
176,Burghiu,HSS DRILL Ø6,3680,1179.61,0.77,9.45,126.46,6.43,81.6,82.99,Inox,Gaurire,40,1,Vibratii
177,Burghiu,HSS DRILL Ø6,3082,884.28,1.29,17.87,66.06,1.5,17.1,61.8,Aluminiu,Gaurire,83,0,Niciunul
178,Burghiu,HSS DRILL Ø6,5050,866.21,0.32,10.7,41.79,0.76,16.5,69.69,Aluminiu,Gaurire,354,0,Niciunul
179,Burghiu,HSS DRILL Ø6,2102,342.98,1.35,9.31,60.25,1.41,2.8,63.93,Aluminiu,Gaurire,47,0,Niciunul
180,Burghiu,HSS DRILL Ø6,4199,634.83,0.63,10.2,48.78,1.87,15.7,61.46,Inox,Gaurire,488,0,Niciunul
181,Burghiu,HSS DRILL Ø6,2071,993.66,2.12,9.23,97.2,11.88,86.5,82.86,Otel,Gaurire,320,1,Vibratii
182,Burghiu,HSS DRILL Ø6,4982,492.17,0.82,14.91,98.4,5.11,95.1,98.53,Aluminiu,Gaurire,221,1,Uzura excesiva
183,Burghiu,HSS DRILL Ø6,1854,711.01,0.63,6.18,39.45,1.22,12.6,64.2,Inox,Gaurire,475,0,Niciunul
184,Burghiu,HSS DRILL Ø6,2327,715.26,0.14,17.58,137.12,4.83,53.4,86.35,Otel,Gaurire,194,1,Vibratii
185,Burghiu,HSS DRILL Ø6,1674,919.42,2.08,15.68,59.16,1.51,14,68.67,Aluminiu,Gaurire,20,0,Niciunul
186,Burghiu,HSS DRILL Ø6,2681,676.29,2.81,15.73,60.27,1.98,2.8,69.17,Aluminiu,Gaurire,429,0,Niciunul
187,Burghiu,HSS DRILL Ø6,4417,720.45,0.65,8.32,43.07,1.06,1,68.92,Otel,Gaurire,413,0,Niciunul
188,Burghiu,HSS DRILL Ø6,5133,389.39,1.43,9.99,113.93,3.27,64.5,84.03,Otel,Gaurire,322,1,Supraincalzire
189,Burghiu,HSS DRILL Ø6,3475,520.81,0.21,9.77,45.43,1.72,10.1,72.39,Inox,Gaurire,359,0,Niciunul
190,Burghiu,HSS DRILL Ø6,3963,634.35,2.38,16.87,104.87,6.41,46.9,80.72,Aluminiu,Gaurire,49,1,Uzura excesiva
191,Burghiu,HSS DRILL Ø6,2507,1198.28,2.76,5.99,37.57,1.82,6.8,72.2,Inox,Gaurire,303,0,Niciunul
192,Burghiu,HSS DRILL Ø6,2772,626.08,0.99,5.57,52.76,1.81,14.3,69.89,Inox,Gaurire,388,0,Niciunul
193,Burghiu,HSS DRILL Ø6,3246,1133.55,0.42,12.93,61.85,0.64,15.7,66.17,Otel,Gaurire,144,0,Niciunul
194,Burghiu,HSS DRILL Ø6,3000,230.61,0.38,14.03,106.68,11.28,78,87.04,Inox,Gaurire,337,1,Supraincalzire
195,Burghiu,HSS DRILL Ø6,3512,651.79,0.74,5.94,44.32,1.09,6.1,61.65,Aluminiu,Gaurire,4,0,Niciunul
196,Burghiu,HSS DRILL Ø6,2832,1073.93,0.88,14.07,114.23,7.9,77.6,97.28,Otel,Gaurire,454,1,Vibratii
197,Burghiu,HSS DRILL Ø6,2790,739.55,1.86,12.68,61.15,1.91,12,61.8,Aluminiu,Gaurire,109,0,Niciunul
198,Burghiu,HSS DRILL Ø6,4120,1014.29,2.76,7.11,154.17,11.33,44.8,98.73,Otel,Gaurire,82,1,Uzura excesiva
199,Burghiu,HSS DRILL Ø6,5691,826.27,1.59,15.35,47.95,0.51,0.6,72.38,Inox,Gaurire,346,0,Niciunul
200,Burghiu,HSS DRILL Ø6,4960,1052.21,0.89,6.96,36.83,0.59,8.2,70.98,Aluminiu,Gaurire,118,0,Niciunul
201,Burghiu,HSS DRILL Ø6,3802,552.82,0.38,16.88,53.94,1.44,6.1,64.88,Aluminiu,Gaurire,436,0,Niciunul
202,Burghiu,HSS DRILL Ø6,3775,913.81,1.39,19.04,49.85,0.96,0.6,60.99,Aluminiu,Gaurire,133,0,Niciunul
203,Burghiu,HSS DRILL Ø6,2548,990.38,1.84,11.37,47.7,1.68,16,61.17,Inox,Gaurire,487,0,Niciunul
204,Burghiu,HSS DRILL Ø6,2698,750.34,2.11,17.86,46.71,0.57,11.9,65.97,Otel,Gaurire,54,0,Niciunul
205,Burghiu,HSS DRILL Ø6,4062,970.66,0.25,18.69,143.9,8.32,63.9,85.47,Inox,Gaurire,67,1,Vibratii
206,Burghiu,HSS DRILL Ø6,3856,1180.19,1.58,15.98,55.92,1.28,4.6,74.04,Aluminiu,Gaurire,346,0,Niciunul
207,Burghiu,HSS DRILL Ø6,3963,292.6,0.97,15.31,53.2,1.45,13.2,66.01,Aluminiu,Gaurire,376,0,Niciunul
208,Burghiu,HSS DRILL Ø6,5669,734.72,1.94,7.87,91.3,6.14,74.7,95.22,Inox,Gaurire,61,1,Uzura excesiva
209,Burghiu,HSS DRILL Ø6,1874,732.58,0.54,15.24,99.8,10.3,96,86.82,Otel,Gaurire,180,1,Supraincalzire
210,Burghiu,HSS DRILL Ø6,3267,366.11,0.75,16.08,151.18,3.15,86.2,85.59,Otel,Gaurire,71,1,Vibratii
211,Burghiu,HSS DRILL Ø6,4591,277.95,1.65,7.57,40.81,1.76,8.2,70.51,Aluminiu,Gaurire,195,0,Niciunul
212,Burghiu,HSS DRILL Ø6,4368,300.95,1.69,11.36,122.7,6.84,64.2,87.72,Aluminiu,Gaurire,70,1,Vibratii
213,Burghiu,HSS DRILL Ø6,3279,801.02,2.34,9.54,58.05,1.2,2.4,66.39,Inox,Gaurire,9,0,Niciunul
214,Burghiu,HSS DRILL Ø6,2731,670.66,0.16,15.75,61.59,1.92,15.4,73.25,Aluminiu,Gaurire,273,0,Niciunul
215,Burghiu,HSS DRILL Ø6,4010,819.21,1.61,6.36,45.95,0.95,8.4,69.28,Inox,Gaurire,211,0,Niciunul
216,Burghiu,HSS DRILL Ø6,5357,743.74,2.33,13.31,59.21,1.27,13.9,61.56,Aluminiu,Gaurire,38,0,Niciunul
217,Burghiu,HSS DRILL Ø6,3194,245.24,2.05,14.54,41.86,0.81,11.7,67.61,Otel,Gaurire,199,0,Niciunul
218,Burghiu,HSS DRILL Ø6,4651,309.4,0.31,10.92,43.52,1.21,16.2,60.21,Inox,Gaurire,168,0,Niciunul
219,Burghiu,HSS DRILL Ø6,2884,666.59,0.94,16.92,35.5,1.63,17.3,62.72,Otel,Gaurire,175,0,Niciunul
220,Burghiu,HSS DRILL Ø6,5125,1167.54,1.65,19.09,50.05,1.46,5.7,64.97,Otel,Gaurire,142,0,Niciunul
221,Burghiu,HSS DRILL Ø6,2908,426.35,0.97,10.34,149.6,10.7,62.7,97.02,Aluminiu,Gaurire,194,1,Vibratii
222,Burghiu,HSS DRILL Ø6,4309,271.5,2.58,5.28,122.64,3.61,95.5,84.13,Otel,Gaurire,286,1,Vibratii
223,Burghiu,HSS DRILL Ø6,5685,476.58,0.51,18.57,101.67,5.27,91.6,91.29,Inox,Gaurire,436,1,Supraincalzire
224,Burghiu,HSS DRILL Ø6,3832,892.73,0.91,19.01,103,6.56,69.8,85.21,Otel,Gaurire,353,1,Vibratii
225,Burghiu,HSS DRILL Ø6,1993,893.61,0.28,13.71,36.42,1.83,1.4,62.74,Aluminiu,Gaurire,289,0,Niciunul
226,Burghiu,HSS DRILL Ø6,4460,505.02,0.28,14.81,37.05,1.63,2.2,69.7,Otel,Gaurire,139,0,Niciunul
227,Burghiu,HSS DRILL Ø6,2098,777.52,2.08,8.41,36.71,1.51,8.5,63.44,Aluminiu,Gaurire,47,0,Niciunul
228,Burghiu,HSS DRILL Ø6,4946,590.57,1.08,13.93,66.45,0.56,9.6,68.53,Otel,Gaurire,363,0,Niciunul
229,Burghiu,HSS DRILL Ø6,3469,799.03,0.11,13.92,37.57,1.23,7,62.32,Otel,Gaurire,161,0,Niciunul
230,Burghiu,HSS DRILL Ø6,4269,986.09,0.77,14.51,137.26,7.97,92.2,83.97,Aluminiu,Gaurire,371,1,Vibratii
231,Burghiu,HSS DRILL Ø6,1666,632.72,2.27,10.73,41.65,1.66,17.6,62.77,Otel,Gaurire,231,0,Niciunul
232,Burghiu,HSS DRILL Ø6,3477,389.93,0.39,8.74,51.39,1.53,10,74.3,Aluminiu,Gaurire,64,0,Niciunul
233,Burghiu,HSS DRILL Ø6,5577,1003.95,1.42,14.11,39.91,1.31,12.9,70.29,Aluminiu,Gaurire,75,0,Niciunul
234,Burghiu,HSS DRILL Ø6,4143,269.58,0.41,6.03,63.42,1.4,8,63.66,Otel,Gaurire,353,0,Niciunul
235,Burghiu,HSS DRILL Ø6,5557,1039.88,0.78,6.99,67.11,0.99,4,60.23,Otel,Gaurire,78,0,Niciunul
236,Burghiu,HSS DRILL Ø6,5171,801.7,0.1,18.69,52.61,1.81,6.9,69.15,Inox,Gaurire,266,0,Niciunul
237,Burghiu,HSS DRILL Ø6,3475,874.94,1.42,6.09,51.31,0.99,10.5,69.2,Otel,Gaurire,283,0,Niciunul
238,Burghiu,HSS DRILL Ø6,3266,1052.43,0.93,12.41,138.59,9.84,53.2,83.09,Aluminiu,Gaurire,68,1,Vibratii
239,Burghiu,HSS DRILL Ø6,4687,784.34,1.9,12.53,135.62,8.24,58.8,88.86,Aluminiu,Gaurire,104,1,Supraincalzire
240,Burghiu,HSS DRILL Ø6,2981,537.54,0.87,6.82,44.82,1.23,19.8,68.04,Inox,Gaurire,95,0,Niciunul
241,Burghiu,HSS DRILL Ø6,3356,755.28,2.87,16.01,133.19,5.61,91.1,80.58,Inox,Gaurire,114,1,Supraincalzire
242,Burghiu,HSS DRILL Ø6,1670,1058.69,2.63,11.24,101.63,6.91,98.8,83.15,Aluminiu,Gaurire,494,1,Vibratii
243,Burghiu,HSS DRILL Ø6,3943,245.1,2.51,14.09,45.38,1.24,12.5,64.96,Otel,Gaurire,485,0,Niciunul
244,Burghiu,HSS DRILL Ø6,3629,449.1,0.69,13.51,36.97,1.3,14.1,68.48,Inox,Gaurire,358,0,Niciunul
245,Burghiu,HSS DRILL Ø6,5685,870.97,2.02,7.95,51.71,0.77,8.7,60.46,Otel,Gaurire,297,0,Niciunul
246,Burghiu,HSS DRILL Ø6,4758,1118.84,2.85,12.77,55.18,0.72,16,62.18,Otel,Gaurire,492,0,Niciunul
247,Burghiu,HSS DRILL Ø6,1574,227.39,0.68,14.45,55.76,1.96,5.5,60.42,Inox,Gaurire,347,0,Niciunul
248,Burghiu,HSS DRILL Ø6,2206,783.44,0.39,17.57,44.82,1.2,5.8,68.9,Inox,Gaurire,59,0,Niciunul
249,Burghiu,HSS DRILL Ø6,4891,831.48,2.57,15.27,63.88,0.83,5.6,72.77,Aluminiu,Gaurire,96,0,Niciunul
250,Burghiu,HSS DRILL Ø6,1676,1135.53,1.28,17.47,49.08,1.42,15.4,64.59,Inox,Gaurire,349,0,Niciunul
251,Burghiu,HSS DRILL Ø6,4519,816.43,2.2,19.46,39.16,1.56,8.2,68.22,Aluminiu,Gaurire,30,0,Niciunul
252,Burghiu,HSS DRILL Ø6,5477,284.33,0.59,19.29,69.85,1.62,15.7,68.23,Inox,Gaurire,314,0,Niciunul
253,Burghiu,HSS DRILL Ø6,2236,623.45,2.06,11.69,145.46,5.13,72.9,89.63,Otel,Gaurire,364,1,Uzura excesiva
254,Burghiu,HSS DRILL Ø6,2138,820.65,2.62,17.31,38.74,1.03,9.1,73.67,Otel,Gaurire,326,0,Niciunul
255,Burghiu,HSS DRILL Ø6,5665,313.56,0.13,5.08,35.47,0.85,13.9,66.27,Otel,Gaurire,422,0,Niciunul
256,Burghiu,HSS DRILL Ø6,3384,677.42,2.55,12.16,65.63,1.37,10,74.98,Aluminiu,Gaurire,5,0,Niciunul
257,Burghiu,HSS DRILL Ø6,1511,717.62,0.49,19.96,118.92,8.31,95.6,85.04,Inox,Gaurire,411,1,Supraincalzire
258,Burghiu,HSS DRILL Ø6,4351,581.83,0.95,15.83,143.27,10.23,71.4,97.03,Inox,Gaurire,292,1,Vibratii
259,Burghiu,HSS DRILL Ø6,2953,456.74,0.17,17.14,117.31,8.63,61,81.63,Inox,Gaurire,228,1,Supraincalzire
260,Burghiu,HSS DRILL Ø6,5419,1189.28,1.31,18.44,126.02,6.02,81.7,91.95,Inox,Gaurire,116,1,Uzura excesiva
261,Burghiu,HSS DRILL Ø6,3824,634.53,2.63,6.32,57.72,0.61,12.2,63.67,Inox,Gaurire,332,0,Niciunul
262,Burghiu,HSS DRILL Ø6,3232,769.51,2.1,10.65,67.85,1.1,19.9,63.24,Inox,Gaurire,128,0,Niciunul
263,Burghiu,HSS DRILL Ø6,3997,307.31,0.41,19.66,93.01,6.74,73.5,99.66,Inox,Gaurire,460,1,Supraincalzire
264,Burghiu,HSS DRILL Ø6,3604,1086.21,0.88,13.52,56.32,1.61,7.7,64.6,Aluminiu,Gaurire,116,0,Niciunul
265,Burghiu,HSS DRILL Ø6,2046,241.34,2.3,11.42,44.76,1.91,13.5,71.21,Inox,Gaurire,452,0,Niciunul
266,Burghiu,HSS DRILL Ø6,3776,1178.45,2.82,8.68,47.73,1.91,0.1,73.97,Otel,Gaurire,443,0,Niciunul
267,Burghiu,HSS DRILL Ø6,4175,410.91,2.76,11.87,65.54,0.95,3.7,65.92,Inox,Gaurire,163,0,Niciunul
268,Burghiu,HSS DRILL Ø6,5312,202.39,1.22,13.11,38.96,1.36,0.6,67.35,Aluminiu,Gaurire,230,0,Niciunul
269,Burghiu,HSS DRILL Ø6,5294,1053.94,0.56,8.15,47.45,0.52,15.3,74,Aluminiu,Gaurire,469,0,Niciunul
270,Burghiu,HSS DRILL Ø6,1786,629.8,0.19,13.92,69.28,1.5,9.8,61.88,Aluminiu,Gaurire,315,0,Niciunul
271,Burghiu,HSS DRILL Ø6,3330,981.25,1.64,6.85,55.18,1.67,1.8,70.13,Otel,Gaurire,123,0,Niciunul
272,Burghiu,HSS DRILL Ø6,4172,545.88,2.19,10.19,158.13,11.86,52,83.79,Inox,Gaurire,151,1,Supraincalzire
273,Burghiu,HSS DRILL Ø6,1527,1031.74,0.28,13.45,57.58,1.55,15.4,70.7,Otel,Gaurire,378,0,Niciunul
274,Burghiu,HSS DRILL Ø6,3632,985.72,2.6,7.06,47.38,1.56,1.1,63.76,Inox,Gaurire,311,0,Niciunul
275,Burghiu,HSS DRILL Ø6,3173,572.64,0.91,15.19,49.68,1.43,10.2,69.03,Aluminiu,Gaurire,5,0,Niciunul
276,Burghiu,HSS DRILL Ø6,5545,685.79,1.69,15.39,47.65,0.98,5.4,62.48,Inox,Gaurire,209,0,Niciunul
277,Burghiu,HSS DRILL Ø6,1891,1053.55,2.62,7.91,36.95,1.18,18.3,73.82,Aluminiu,Gaurire,222,0,Niciunul
278,Burghiu,HSS DRILL Ø6,4864,1094.7,1.38,12.82,97.37,7.86,84.2,82.35,Otel,Gaurire,27,1,Uzura excesiva
279,Burghiu,HSS DRILL Ø6,4916,264.36,2.67,16.1,39.88,1.59,12.4,66.98,Aluminiu,Gaurire,235,0,Niciunul
280,Burghiu,HSS DRILL Ø6,3920,401.06,2.73,6.11,47.58,0.69,11.4,72.85,Aluminiu,Gaurire,229,0,Niciunul
281,Burghiu,HSS DRILL Ø6,3204,589.52,2.96,8.49,60.85,1.19,5.1,74.3,Aluminiu,Gaurire,103,0,Niciunul
282,Burghiu,HSS DRILL Ø6,5521,274.81,1.64,12.93,134.82,10.85,65.8,88.07,Otel,Gaurire,441,1,Vibratii
283,Burghiu,HSS DRILL Ø6,2148,351.8,0.47,5.19,43.62,1.07,18.9,74.68,Otel,Gaurire,85,0,Niciunul
284,Burghiu,HSS DRILL Ø6,4799,939.33,1.34,12.85,45.26,1.68,3.6,61.82,Otel,Gaurire,337,0,Niciunul
285,Burghiu,HSS DRILL Ø6,3428,654.82,0.86,13,157.22,8.21,51.1,85.12,Otel,Gaurire,469,1,Vibratii
286,Burghiu,HSS DRILL Ø6,5820,348.29,1.28,9.62,57.37,1.36,15.7,72.89,Otel,Gaurire,172,0,Niciunul
287,Burghiu,HSS DRILL Ø6,2068,1152.6,0.8,8.89,55.71,0.96,11.8,68.08,Inox,Gaurire,384,0,Niciunul
288,Burghiu,HSS DRILL Ø6,2480,727.52,0.61,18.53,103.33,11.87,68,88.07,Inox,Gaurire,344,1,Supraincalzire
289,Burghiu,HSS DRILL Ø6,3630,972.97,2.22,10.89,40.63,0.56,0.1,66.61,Inox,Gaurire,101,0,Niciunul
290,Burghiu,HSS DRILL Ø6,2082,959.33,0.4,14.81,61.5,0.64,15.4,60.32,Aluminiu,Gaurire,287,0,Niciunul
291,Burghiu,HSS DRILL Ø6,4793,427.58,1.39,19.84,42.85,1.41,12.4,66.24,Inox,Gaurire,187,0,Niciunul
292,Burghiu,HSS DRILL Ø6,4767,975.09,1.51,19.47,64.75,0.89,17.8,71.35,Inox,Gaurire,286,0,Niciunul
293,Burghiu,HSS DRILL Ø6,1687,810.92,0.37,7.46,114.81,11.57,47.7,90.58,Inox,Gaurire,442,1,Vibratii
294,Burghiu,HSS DRILL Ø6,3050,689.07,0.56,7.1,45.09,1.92,8.2,74.11,Inox,Gaurire,412,0,Niciunul
295,Burghiu,HSS DRILL Ø6,3585,1074.12,1.13,19.15,118.43,6.19,85.2,94.05,Aluminiu,Gaurire,118,1,Uzura excesiva
296,Burghiu,HSS DRILL Ø6,3703,921.41,0.91,6.62,65,1.07,11.6,61.79,Aluminiu,Gaurire,176,0,Niciunul
297,Burghiu,HSS DRILL Ø6,1538,1064.73,0.57,11.93,40.62,1.35,12.2,70.02,Aluminiu,Gaurire,132,0,Niciunul
298,Burghiu,HSS DRILL Ø6,4897,1093.22,0.65,17.46,67.11,0.64,3.3,73.34,Inox,Gaurire,341,0,Niciunul
299,Burghiu,HSS DRILL Ø6,3786,299.59,2.12,12.87,46.54,1.54,8.5,71.59,Otel,Gaurire,52,0,Niciunul
300,Burghiu,HSS DRILL Ø6,4128,700.14,2.73,17.56,35.56,1.98,9.7,72.72,Otel,Gaurire,217,0,Niciunul
1,Tarod,TAROD M10 ISO2,3891,843.6,0.81,15.71,61.07,1.28,19.4,68.65,Inox,Filetare,39,0,Niciunul
2,Tarod,TAROD M10 ISO2,2928,930.82,2.6,12.49,60.04,1.75,10,69.9,Otel,Filetare,221,0,Niciunul
3,Tarod,TAROD M10 ISO2,5342,365.56,2.03,7.35,50.69,0.57,1.3,67.6,Inox,Filetare,30,0,Niciunul
4,Tarod,TAROD M10 ISO2,3667,1060.31,2.49,9.98,110.59,10.15,80.9,80.16,Inox,Filetare,416,1,Supraincalzire
5,Tarod,TAROD M10 ISO2,4553,645.17,2.18,10.75,67.63,1.3,14.2,72.96,Aluminiu,Filetare,12,0,Niciunul
6,Tarod,TAROD M10 ISO2,2399,958.01,0.7,10.44,64.44,1.66,5.4,66.17,Otel,Filetare,300,0,Niciunul
7,Tarod,TAROD M10 ISO2,3204,943.95,2.36,11.65,159.72,4.55,42.2,85.44,Inox,Filetare,142,1,Supraincalzire
8,Tarod,TAROD M10 ISO2,5665,1003.63,0.49,15.97,149.44,11.34,64.1,95.26,Inox,Filetare,77,1,Uzura excesiva
9,Tarod,TAROD M10 ISO2,4131,325.82,0.32,12.31,55.36,1.42,17.9,65.76,Otel,Filetare,138,0,Niciunul
10,Tarod,TAROD M10 ISO2,1574,1018.05,2.78,18.8,60.32,0.93,7,66.92,Inox,Filetare,268,0,Niciunul
11,Tarod,TAROD M10 ISO2,3047,680.21,0.53,8.78,50.56,1.7,14.7,74.93,Otel,Filetare,383,0,Niciunul
12,Tarod,TAROD M10 ISO2,2039,371.13,0.8,17.01,40.01,0.58,13.5,60.14,Otel,Filetare,321,0,Niciunul
13,Tarod,TAROD M10 ISO2,5098,609.74,1.58,6.48,129.84,6.88,83,81.94,Aluminiu,Filetare,196,1,Vibratii
14,Tarod,TAROD M10 ISO2,5701,219.53,2.26,17.55,48.65,1.3,4.4,70.86,Otel,Filetare,146,0,Niciunul
15,Tarod,TAROD M10 ISO2,5571,1184.21,1.05,8.26,55.79,0.99,11.3,73.25,Otel,Filetare,55,0,Niciunul
16,Tarod,TAROD M10 ISO2,3983,341.25,2.89,16.35,103.76,4.64,78.4,86.84,Aluminiu,Filetare,242,1,Vibratii
17,Tarod,TAROD M10 ISO2,3706,399.9,0.92,10.1,54.05,0.65,7.1,61.34,Inox,Filetare,23,0,Niciunul
18,Tarod,TAROD M10 ISO2,4853,710.53,0.85,12.15,41.32,1.33,4.8,65.99,Inox,Filetare,7,0,Niciunul
19,Tarod,TAROD M10 ISO2,2680,648.02,0.84,5.66,58.81,1.18,13.5,65.08,Inox,Filetare,289,0,Niciunul
20,Tarod,TAROD M10 ISO2,5529,898.96,2.83,8.12,66.55,1.79,15.2,64.61,Otel,Filetare,89,0,Niciunul
21,Tarod,TAROD M10 ISO2,5201,754.3,0.74,6.53,42.89,1.6,9.5,74.09,Inox,Filetare,365,0,Niciunul
22,Tarod,TAROD M10 ISO2,4998,1102.62,2.01,14.73,117.07,11.83,92.5,87.51,Inox,Filetare,140,1,Vibratii
23,Tarod,TAROD M10 ISO2,4042,415.92,0.47,8.48,141,4.51,85.1,94.62,Aluminiu,Filetare,70,1,Vibratii
24,Tarod,TAROD M10 ISO2,5592,586.16,1.07,9.3,41.47,1.19,5,67.76,Aluminiu,Filetare,252,0,Niciunul
25,Tarod,TAROD M10 ISO2,2175,1114,1.17,18.94,68.05,1.34,8.3,60.73,Otel,Filetare,298,0,Niciunul
26,Tarod,TAROD M10 ISO2,5789,838.54,1,9.61,159.92,10.94,62.3,92.96,Otel,Filetare,13,1,Uzura excesiva
27,Tarod,TAROD M10 ISO2,5686,331.73,1.77,10.68,99.01,10.25,88.9,93.66,Aluminiu,Filetare,424,1,Vibratii
28,Tarod,TAROD M10 ISO2,2021,313.19,2.12,9.28,93.22,11.73,93,84.59,Otel,Filetare,64,1,Uzura excesiva
29,Tarod,TAROD M10 ISO2,4621,461.11,0.98,7.81,91.81,7.77,79.8,84.58,Inox,Filetare,3,1,Vibratii
30,Tarod,TAROD M10 ISO2,4984,473.45,1.91,11.55,64.3,1.89,16.9,69.33,Otel,Filetare,423,0,Niciunul
31,Tarod,TAROD M10 ISO2,2620,540.01,1.81,11.77,93.6,6,79.7,88.98,Aluminiu,Filetare,493,1,Uzura excesiva
32,Tarod,TAROD M10 ISO2,2102,785.22,1.14,11.07,41.33,0.72,3.3,69.24,Otel,Filetare,169,0,Niciunul
33,Tarod,TAROD M10 ISO2,4818,211.19,2.71,12.44,103.31,6.77,47.8,87.4,Otel,Filetare,327,1,Uzura excesiva
34,Tarod,TAROD M10 ISO2,1968,349.96,2.91,19.88,51.36,1,11.7,64.78,Aluminiu,Filetare,343,0,Niciunul
35,Tarod,TAROD M10 ISO2,4645,231.45,1.62,7.98,65.08,0.59,7.7,68.54,Aluminiu,Filetare,209,0,Niciunul
36,Tarod,TAROD M10 ISO2,4509,1081.71,1.96,9.91,48.86,1.83,5.6,60.18,Inox,Filetare,4,0,Niciunul
37,Tarod,TAROD M10 ISO2,3618,679.63,2.91,9.53,137.07,6.42,70.8,95.99,Otel,Filetare,278,1,Supraincalzire
38,Tarod,TAROD M10 ISO2,2713,335.48,1.8,8.23,61.35,1.39,14.9,62.22,Inox,Filetare,208,0,Niciunul
39,Tarod,TAROD M10 ISO2,2610,869.91,0.95,16.89,60.75,0.95,15,64.55,Inox,Filetare,80,0,Niciunul
40,Tarod,TAROD M10 ISO2,2833,733.12,1.05,5.44,127.59,5.28,94,98.84,Aluminiu,Filetare,194,1,Uzura excesiva
41,Tarod,TAROD M10 ISO2,5674,1099.11,1.52,6.26,41.81,1.35,10.7,73.45,Otel,Filetare,368,0,Niciunul
42,Tarod,TAROD M10 ISO2,3902,700.31,2.34,11.82,42.4,1.2,12.4,71.38,Inox,Filetare,456,0,Niciunul
43,Tarod,TAROD M10 ISO2,5207,895.55,2.63,14.27,41.49,1.52,9.4,60.5,Aluminiu,Filetare,280,0,Niciunul
44,Tarod,TAROD M10 ISO2,3516,749.15,0.18,11.65,40.98,1.67,6.4,68.07,Otel,Filetare,424,0,Niciunul
45,Tarod,TAROD M10 ISO2,1701,525.29,2.93,16.07,68.76,0.58,17.3,74.48,Inox,Filetare,336,0,Niciunul
46,Tarod,TAROD M10 ISO2,3816,969.78,2.69,11.28,81.68,11.8,87.6,96.36,Inox,Filetare,347,1,Uzura excesiva
47,Tarod,TAROD M10 ISO2,5632,501.24,2.19,17.81,62.52,0.58,1.4,72.79,Otel,Filetare,493,0,Niciunul
48,Tarod,TAROD M10 ISO2,3289,729.89,2.98,12.66,58.52,1.01,5.8,68.59,Inox,Filetare,331,0,Niciunul
49,Tarod,TAROD M10 ISO2,1882,479.92,2.12,15.12,58.11,0.96,15,71.78,Aluminiu,Filetare,116,0,Niciunul
50,Tarod,TAROD M10 ISO2,3660,835.03,2.63,5.65,63.32,1.61,13.2,65.36,Aluminiu,Filetare,51,0,Niciunul
51,Tarod,TAROD M10 ISO2,4088,549.41,1.09,17.64,68.36,1.87,11.6,71.88,Inox,Filetare,493,0,Niciunul
52,Tarod,TAROD M10 ISO2,2698,569.42,2.46,6.54,112.57,3.01,61.3,98.74,Aluminiu,Filetare,61,1,Supraincalzire
53,Tarod,TAROD M10 ISO2,4214,950.44,1.79,10.99,141.73,5.51,62.6,85.94,Otel,Filetare,491,1,Supraincalzire
54,Tarod,TAROD M10 ISO2,3976,594.09,2.44,14.86,39.74,0.61,8.6,63.36,Aluminiu,Filetare,335,0,Niciunul
55,Tarod,TAROD M10 ISO2,5891,708.08,0.84,15.53,60.24,1.91,4.1,74.17,Inox,Filetare,417,0,Niciunul
56,Tarod,TAROD M10 ISO2,1950,293.35,1.04,16.8,111.93,6.41,72.7,96.59,Aluminiu,Filetare,216,1,Supraincalzire
57,Tarod,TAROD M10 ISO2,3763,915.85,1.01,9.16,84.3,5.46,62.4,99.87,Aluminiu,Filetare,273,1,Vibratii
58,Tarod,TAROD M10 ISO2,3053,310.05,2.38,10.46,62.65,1.21,3.7,70.29,Inox,Filetare,261,0,Niciunul
59,Tarod,TAROD M10 ISO2,3308,886.41,2.2,8.85,94.6,3.85,48.2,82.47,Otel,Filetare,321,1,Uzura excesiva
60,Tarod,TAROD M10 ISO2,2737,866.33,2.12,15.2,62.56,0.92,19.1,63.84,Inox,Filetare,364,0,Niciunul
61,Tarod,TAROD M10 ISO2,4438,299.09,1.25,13.99,52.21,0.95,5.3,63.23,Otel,Filetare,134,0,Niciunul
62,Tarod,TAROD M10 ISO2,2739,1197.42,0.22,10.42,36.44,2,13.8,61.76,Otel,Filetare,464,0,Niciunul
63,Tarod,TAROD M10 ISO2,2413,340.89,1.34,15.6,54.21,1.22,0.3,63.93,Otel,Filetare,499,0,Niciunul
64,Tarod,TAROD M10 ISO2,5680,1008.89,0.53,19.06,53.24,1.41,17.1,68.95,Aluminiu,Filetare,430,0,Niciunul
65,Tarod,TAROD M10 ISO2,4126,505.43,0.87,5.93,62.64,0.76,9.6,61.23,Inox,Filetare,377,0,Niciunul
66,Tarod,TAROD M10 ISO2,4933,883.81,0.3,17.87,52.32,1.74,14,69.4,Aluminiu,Filetare,464,0,Niciunul
67,Tarod,TAROD M10 ISO2,4016,237.19,1.09,12.44,48.81,0.83,4,70.33,Otel,Filetare,9,0,Niciunul
68,Tarod,TAROD M10 ISO2,3988,784.43,0.37,11.82,126.7,8.73,66.4,84.66,Aluminiu,Filetare,362,1,Uzura excesiva
69,Tarod,TAROD M10 ISO2,5302,260.38,2.02,8.21,67.43,1.17,19,67.55,Aluminiu,Filetare,436,0,Niciunul
70,Tarod,TAROD M10 ISO2,2953,1021.94,2.75,9.55,84.53,8.98,79.3,88.64,Inox,Filetare,463,1,Supraincalzire
71,Tarod,TAROD M10 ISO2,5861,1063.5,0.13,8.34,117.4,4.86,54.6,98.28,Inox,Filetare,229,1,Vibratii
72,Tarod,TAROD M10 ISO2,2735,427.62,1.18,6.71,121.57,8.97,92.6,85.04,Otel,Filetare,205,1,Supraincalzire
73,Tarod,TAROD M10 ISO2,5793,680.7,0.19,5.84,57.24,1.45,14.8,67.5,Inox,Filetare,332,0,Niciunul
74,Tarod,TAROD M10 ISO2,3039,610.73,0.96,15.13,47.88,1.11,9.8,66.9,Inox,Filetare,85,0,Niciunul
75,Tarod,TAROD M10 ISO2,4897,1095.76,0.59,6.94,142.77,9.1,98.3,90.13,Inox,Filetare,61,1,Uzura excesiva
76,Tarod,TAROD M10 ISO2,5018,693.44,0.6,7.09,44.62,0.81,13.3,65.38,Aluminiu,Filetare,217,0,Niciunul
77,Tarod,TAROD M10 ISO2,1649,897.81,2.18,9.33,126.67,6.06,60.3,94.25,Aluminiu,Filetare,211,1,Uzura excesiva
78,Tarod,TAROD M10 ISO2,3218,757.62,2.99,14.74,144.24,8.38,41.9,80.05,Otel,Filetare,273,1,Uzura excesiva
79,Tarod,TAROD M10 ISO2,5741,843.07,1.75,13.86,68.98,1.91,1,61.86,Inox,Filetare,152,0,Niciunul
80,Tarod,TAROD M10 ISO2,2854,1052.57,0.15,18.56,60.78,1.39,5.7,68.1,Aluminiu,Filetare,147,0,Niciunul
81,Tarod,TAROD M10 ISO2,2694,786.43,1.52,15.38,46.09,0.89,13.3,63.05,Otel,Filetare,43,0,Niciunul
82,Tarod,TAROD M10 ISO2,2403,759.04,0.49,18.62,59.69,1.95,3,63.79,Otel,Filetare,482,0,Niciunul
83,Tarod,TAROD M10 ISO2,2292,281.98,2.53,10.56,37.6,1.03,15.7,71.91,Otel,Filetare,276,0,Niciunul
84,Tarod,TAROD M10 ISO2,5166,1005.65,1.61,7.98,38.26,1.55,5.5,68.13,Aluminiu,Filetare,205,0,Niciunul
85,Tarod,TAROD M10 ISO2,2910,1090.83,2.27,7.16,110.2,4.5,62.8,87.6,Inox,Filetare,95,1,Supraincalzire
86,Tarod,TAROD M10 ISO2,5728,740.19,0.68,13.31,39.17,1.87,4.4,74.49,Aluminiu,Filetare,2,0,Niciunul
87,Tarod,TAROD M10 ISO2,5504,997.52,2.28,19.9,51.52,1.03,4.6,61,Otel,Filetare,397,0,Niciunul
88,Tarod,TAROD M10 ISO2,5954,846.48,2.68,7.35,40.57,1.17,17.2,60.89,Inox,Filetare,255,0,Niciunul
89,Tarod,TAROD M10 ISO2,5260,948.31,1.66,15.66,35.4,1.64,4.2,60.5,Aluminiu,Filetare,229,0,Niciunul
90,Tarod,TAROD M10 ISO2,5447,266.66,1.1,8.26,41.6,1.79,0.1,72.72,Inox,Filetare,301,0,Niciunul
91,Tarod,TAROD M10 ISO2,2811,421.48,1.54,13.99,61.24,1.56,19.4,65.76,Otel,Filetare,223,0,Niciunul
92,Tarod,TAROD M10 ISO2,3081,1073.43,0.15,15.97,66.44,1.62,10.1,63.21,Aluminiu,Filetare,51,0,Niciunul
93,Tarod,TAROD M10 ISO2,4807,1147.09,2.14,10.73,41.41,1.58,4.1,60.41,Inox,Filetare,405,0,Niciunul
94,Tarod,TAROD M10 ISO2,5754,319.34,2.01,5.33,95.1,4.67,80.1,94.25,Aluminiu,Filetare,316,1,Vibratii
95,Tarod,TAROD M10 ISO2,2406,776.7,0.52,7.13,57.43,0.59,17.7,69.12,Otel,Filetare,241,0,Niciunul
96,Tarod,TAROD M10 ISO2,4126,1128.03,2.35,17.96,42.85,1.92,20,72.44,Otel,Filetare,193,0,Niciunul
97,Tarod,TAROD M10 ISO2,4301,279.48,2.53,19.68,105.57,4.44,48.8,96.53,Aluminiu,Filetare,82,1,Supraincalzire
98,Tarod,TAROD M10 ISO2,3205,1059.7,1.9,9.18,61.12,0.89,6.4,64.2,Otel,Filetare,184,0,Niciunul
99,Tarod,TAROD M10 ISO2,5976,586.75,0.75,15.31,58.55,0.55,0.6,63.09,Otel,Filetare,152,0,Niciunul
100,Tarod,TAROD M10 ISO2,1686,404.67,1.42,11.83,58.77,1.98,11,63.16,Inox,Filetare,46,0,Niciunul
101,Tarod,TAROD M10 ISO2,2013,524.08,1.91,9.81,58.7,1.27,6,73.65,Otel,Filetare,173,0,Niciunul
102,Tarod,TAROD M10 ISO2,4415,778.72,0.86,13.34,59.86,1.44,16.6,68.7,Aluminiu,Filetare,399,0,Niciunul
103,Tarod,TAROD M10 ISO2,3726,1123.17,0.98,6.79,42.37,0.96,10.7,64.29,Aluminiu,Filetare,497,0,Niciunul
104,Tarod,TAROD M10 ISO2,5176,1140.97,2.23,19.64,89.79,5.14,85.9,92.15,Inox,Filetare,169,1,Uzura excesiva
105,Tarod,TAROD M10 ISO2,1951,653.82,1.7,7.8,37.67,1.9,14.9,67.5,Inox,Filetare,289,0,Niciunul
106,Tarod,TAROD M10 ISO2,2805,533.64,2.85,18.37,120.75,9.51,53.7,93.93,Aluminiu,Filetare,166,1,Supraincalzire
107,Tarod,TAROD M10 ISO2,1698,693.89,0.19,10.7,45.27,1.42,9,66.93,Aluminiu,Filetare,465,0,Niciunul
108,Tarod,TAROD M10 ISO2,5010,550.34,0.17,6.99,67.85,0.94,10.7,64.43,Inox,Filetare,58,0,Niciunul
109,Tarod,TAROD M10 ISO2,4665,1122.29,0.1,15.65,36.35,1.26,12.7,71.91,Otel,Filetare,352,0,Niciunul
110,Tarod,TAROD M10 ISO2,1695,273.86,0.8,18.02,115.85,4.11,90.4,95.12,Aluminiu,Filetare,374,1,Supraincalzire
111,Tarod,TAROD M10 ISO2,3610,860.35,0.1,16.39,136.74,10.76,57.6,95.77,Otel,Filetare,457,1,Supraincalzire
112,Tarod,TAROD M10 ISO2,3957,939.82,0.6,9.53,52.96,1.23,18.5,72.69,Otel,Filetare,104,0,Niciunul
113,Tarod,TAROD M10 ISO2,5204,999.55,0.4,8.23,117.6,3.93,82.3,89.55,Aluminiu,Filetare,319,1,Vibratii
114,Tarod,TAROD M10 ISO2,3020,556.35,0.2,8.29,115.98,7.42,51.7,91.6,Aluminiu,Filetare,104,1,Vibratii
115,Tarod,TAROD M10 ISO2,4228,1149.91,2.51,6.75,47.3,1.83,12.3,64.68,Aluminiu,Filetare,309,0,Niciunul
116,Tarod,TAROD M10 ISO2,4516,235.55,2.16,11.61,86.26,11.43,71.4,95.13,Inox,Filetare,227,1,Uzura excesiva
117,Tarod,TAROD M10 ISO2,1779,1164.41,0.34,8.77,67.03,1.72,16.8,66.04,Inox,Filetare,199,0,Niciunul
118,Tarod,TAROD M10 ISO2,5664,778.22,2.96,8.25,56.24,1.97,17.4,69.41,Inox,Filetare,54,0,Niciunul
119,Tarod,TAROD M10 ISO2,3098,248.99,1.84,8.98,84.2,6.72,52.8,93.3,Aluminiu,Filetare,221,1,Supraincalzire
120,Tarod,TAROD M10 ISO2,5986,587.87,0.34,14.16,49.73,1.44,10.3,69,Inox,Filetare,357,0,Niciunul
121,Tarod,TAROD M10 ISO2,5844,1121.39,1.14,17.13,57.71,1.86,9,62.49,Aluminiu,Filetare,425,0,Niciunul
122,Tarod,TAROD M10 ISO2,2674,1124.61,2.51,11.24,91.61,6.57,40.6,89.36,Otel,Filetare,131,1,Uzura excesiva
123,Tarod,TAROD M10 ISO2,5612,953.7,2.89,15.84,39.14,1.98,16.7,68.18,Inox,Filetare,91,0,Niciunul
124,Tarod,TAROD M10 ISO2,2783,670.84,1.11,19.38,60.57,0.67,15.1,66.37,Aluminiu,Filetare,251,0,Niciunul
125,Tarod,TAROD M10 ISO2,3722,1182.01,1.57,19.81,65.01,1.46,5,72.55,Aluminiu,Filetare,413,0,Niciunul
126,Tarod,TAROD M10 ISO2,3319,242.23,2.44,8.24,58.94,0.79,18.7,74.98,Aluminiu,Filetare,499,0,Niciunul
127,Tarod,TAROD M10 ISO2,2142,651.86,0.67,7.15,89.79,8.6,42.6,88.09,Aluminiu,Filetare,332,1,Uzura excesiva
128,Tarod,TAROD M10 ISO2,3247,740.95,2.41,19.54,62.64,0.79,2.4,64.98,Aluminiu,Filetare,204,0,Niciunul
129,Tarod,TAROD M10 ISO2,1637,918.94,0.81,9.86,62.63,1.88,3.5,73.43,Inox,Filetare,228,0,Niciunul
130,Tarod,TAROD M10 ISO2,2348,288.63,1.52,5.07,51.87,0.83,20,60.03,Aluminiu,Filetare,202,0,Niciunul
131,Tarod,TAROD M10 ISO2,2718,933.62,0.41,19.2,155.18,6.98,58.2,91.86,Aluminiu,Filetare,390,1,Vibratii
132,Tarod,TAROD M10 ISO2,3964,875.03,0.17,10.21,40.7,0.68,11.3,72.89,Inox,Filetare,411,0,Niciunul
133,Tarod,TAROD M10 ISO2,4318,375.24,0.38,5.95,106.12,3.75,92.8,97.1,Otel,Filetare,293,1,Vibratii
134,Tarod,TAROD M10 ISO2,1885,1093.92,0.56,13.55,148.94,9.23,70,85.39,Inox,Filetare,202,1,Uzura excesiva
135,Tarod,TAROD M10 ISO2,2676,820.76,0.82,13.31,47.1,0.69,16.2,69.03,Inox,Filetare,159,0,Niciunul
136,Tarod,TAROD M10 ISO2,3989,863.88,2.47,19.28,135.66,9.95,54.1,98.94,Aluminiu,Filetare,286,1,Vibratii
137,Tarod,TAROD M10 ISO2,2554,206.14,1.57,17.63,91.13,7.35,52.9,95.07,Otel,Filetare,444,1,Supraincalzire
138,Tarod,TAROD M10 ISO2,1862,633.18,2.32,10.26,63.25,0.99,15.8,66.48,Aluminiu,Filetare,241,0,Niciunul
139,Tarod,TAROD M10 ISO2,3351,493.21,2.96,13.75,58.31,1.58,16.6,72.68,Inox,Filetare,458,0,Niciunul
140,Tarod,TAROD M10 ISO2,4555,413.71,2.38,9.2,60.1,0.74,3.1,65.08,Inox,Filetare,198,0,Niciunul
141,Tarod,TAROD M10 ISO2,4106,670.58,0.24,10.92,68.82,1.43,18.4,67.41,Inox,Filetare,405,0,Niciunul
142,Tarod,TAROD M10 ISO2,3982,533.25,1.8,18.51,48.47,0.75,17.3,64.58,Aluminiu,Filetare,188,0,Niciunul
143,Tarod,TAROD M10 ISO2,5882,257.41,1.18,7.73,43.96,0.9,11.6,73.78,Aluminiu,Filetare,230,0,Niciunul
144,Tarod,TAROD M10 ISO2,3996,617.96,2.41,11.54,114.67,11.2,91.1,88.64,Otel,Filetare,268,1,Uzura excesiva
145,Tarod,TAROD M10 ISO2,1798,598.15,0.35,18.8,37.52,1.15,17,73.21,Aluminiu,Filetare,356,0,Niciunul
146,Tarod,TAROD M10 ISO2,5772,855.98,1.29,18.68,90.88,5.19,45,86.88,Aluminiu,Filetare,217,1,Vibratii
147,Tarod,TAROD M10 ISO2,4026,763.81,2.36,6.36,52.83,1.09,18.1,68.9,Aluminiu,Filetare,201,0,Niciunul
148,Tarod,TAROD M10 ISO2,1659,950.8,2.89,5.36,61.5,1.93,15.6,60.72,Aluminiu,Filetare,95,0,Niciunul
149,Tarod,TAROD M10 ISO2,5746,366.68,1.97,8.86,56.67,0.94,7.6,64.08,Aluminiu,Filetare,215,0,Niciunul
150,Tarod,TAROD M10 ISO2,2132,534.46,0.51,7.47,42.53,1.88,18.2,71.21,Otel,Filetare,416,0,Niciunul
151,Tarod,TAROD M10 ISO2,4930,448.53,2.83,7.67,36.51,0.99,9.7,67.96,Otel,Filetare,459,0,Niciunul
152,Tarod,TAROD M10 ISO2,5901,1121.88,1.09,17.55,69.67,0.78,16.8,68.96,Inox,Filetare,150,0,Niciunul
153,Tarod,TAROD M10 ISO2,4664,631.71,0.87,16.77,118.73,6.57,95.4,93.13,Otel,Filetare,288,1,Uzura excesiva
154,Tarod,TAROD M10 ISO2,3973,1011.24,1.64,12.58,63.17,1.52,5.5,73.23,Otel,Filetare,492,0,Niciunul
155,Tarod,TAROD M10 ISO2,5420,408.81,2.74,18.56,47.88,1.34,9.9,66.25,Inox,Filetare,41,0,Niciunul
156,Tarod,TAROD M10 ISO2,1791,555.62,1.77,17.51,37.46,1.81,18.3,61.47,Aluminiu,Filetare,57,0,Niciunul
157,Tarod,TAROD M10 ISO2,2179,740.64,2.22,13.67,39.27,1.82,2.7,60.53,Aluminiu,Filetare,281,0,Niciunul
158,Tarod,TAROD M10 ISO2,3621,273.6,0.11,15.75,62.03,0.8,6.7,67.7,Aluminiu,Filetare,440,0,Niciunul
159,Tarod,TAROD M10 ISO2,4444,1039.16,2.81,12.12,37.62,0.79,11.8,73.97,Aluminiu,Filetare,492,0,Niciunul
160,Tarod,TAROD M10 ISO2,2748,750.48,2.34,13.02,38.21,0.92,15.7,60.94,Otel,Filetare,289,0,Niciunul
161,Tarod,TAROD M10 ISO2,4503,288.01,0.86,10.33,60.61,0.76,4.7,61.99,Otel,Filetare,92,0,Niciunul
162,Tarod,TAROD M10 ISO2,3135,533.25,2.05,9.7,84.48,3.45,94.5,87.18,Inox,Filetare,144,1,Supraincalzire
163,Tarod,TAROD M10 ISO2,2733,886.16,0.31,6.56,66.69,1.18,1,64.3,Inox,Filetare,83,0,Niciunul
164,Tarod,TAROD M10 ISO2,3930,909.27,1.65,10.99,148.21,10.83,76.1,80.36,Inox,Filetare,194,1,Supraincalzire
165,Tarod,TAROD M10 ISO2,4611,253.91,0.41,8.91,62.92,1.78,3.3,67.15,Aluminiu,Filetare,317,0,Niciunul
166,Tarod,TAROD M10 ISO2,5168,1104.73,2.07,11.83,58.77,1.78,5.8,67.63,Otel,Filetare,341,0,Niciunul
167,Tarod,TAROD M10 ISO2,1858,1082.68,2.01,16.82,94.49,4.94,80.4,93.19,Inox,Filetare,45,1,Supraincalzire
168,Tarod,TAROD M10 ISO2,5411,567.98,2.48,16.55,110.23,4.36,97.3,94.11,Otel,Filetare,21,1,Vibratii
169,Tarod,TAROD M10 ISO2,4316,865.75,2.44,11.85,150.3,4,91.3,95.32,Inox,Filetare,233,1,Supraincalzire
170,Tarod,TAROD M10 ISO2,4995,1135.44,0.21,12.62,59.5,1.58,11.8,66.57,Aluminiu,Filetare,189,0,Niciunul
171,Tarod,TAROD M10 ISO2,4690,934.25,0.2,11.65,40.19,1.58,19,62.76,Otel,Filetare,30,0,Niciunul
172,Tarod,TAROD M10 ISO2,5810,330.57,2.57,17.4,45.88,0.85,9.7,61.15,Inox,Filetare,393,0,Niciunul
173,Tarod,TAROD M10 ISO2,5181,831.19,0.46,7.45,146.18,6.6,97.6,85.54,Inox,Filetare,328,1,Uzura excesiva
174,Tarod,TAROD M10 ISO2,5667,259.54,2.34,13.89,65.92,1.83,6.9,72.11,Inox,Filetare,328,0,Niciunul
175,Tarod,TAROD M10 ISO2,4094,941.18,1,15.48,47.09,1.21,12.5,66.51,Inox,Filetare,384,0,Niciunul
176,Tarod,TAROD M10 ISO2,5690,755.63,2.79,5.32,39.37,1.37,12.5,64.27,Otel,Filetare,64,0,Niciunul
177,Tarod,TAROD M10 ISO2,5371,445.29,1.6,14.75,63.66,1.9,17.7,63.78,Otel,Filetare,159,0,Niciunul
178,Tarod,TAROD M10 ISO2,1611,524.16,1.9,15.18,43.6,1.29,16.5,65.92,Aluminiu,Filetare,460,0,Niciunul
179,Tarod,TAROD M10 ISO2,1666,894.53,1.51,12.7,51.49,0.71,16.1,69.35,Otel,Filetare,247,0,Niciunul
180,Tarod,TAROD M10 ISO2,5040,279.23,1.32,11.15,60.02,0.57,1.8,68.83,Otel,Filetare,422,0,Niciunul
181,Tarod,TAROD M10 ISO2,3499,930.59,1.96,11.09,53.12,1.19,5.1,73.35,Inox,Filetare,348,0,Niciunul
182,Tarod,TAROD M10 ISO2,2172,378.47,0.78,5.98,39.87,0.62,7.8,74.55,Inox,Filetare,494,0,Niciunul
183,Tarod,TAROD M10 ISO2,3951,887.42,2.81,5.34,66.06,1.55,9.5,64.71,Otel,Filetare,477,0,Niciunul
184,Tarod,TAROD M10 ISO2,2014,475.51,0.5,15.47,53.22,1.8,5.4,69.42,Otel,Filetare,322,0,Niciunul
185,Tarod,TAROD M10 ISO2,5215,357.26,1.93,9.68,52.26,1.67,4.1,67.63,Inox,Filetare,428,0,Niciunul
186,Tarod,TAROD M10 ISO2,5420,883.52,0.68,12.22,87.95,6.25,95.3,90.74,Inox,Filetare,348,1,Vibratii
187,Tarod,TAROD M10 ISO2,2688,573.19,0.21,5.43,63.95,0.77,16.7,65.9,Aluminiu,Filetare,294,0,Niciunul
188,Tarod,TAROD M10 ISO2,2997,319.37,2.14,7.74,36.64,0.73,14.4,71.03,Aluminiu,Filetare,294,0,Niciunul
189,Tarod,TAROD M10 ISO2,3531,830.11,0.85,12.02,37.53,0.97,8.3,66.66,Inox,Filetare,389,0,Niciunul
190,Tarod,TAROD M10 ISO2,2443,1046.24,2.46,11.95,41.97,1.05,10.4,61.44,Inox,Filetare,298,0,Niciunul
191,Tarod,TAROD M10 ISO2,4403,346.37,0.29,5.26,38.1,1.1,0.1,71.72,Otel,Filetare,145,0,Niciunul
192,Tarod,TAROD M10 ISO2,2805,1165.33,1.07,18.25,45.64,0.86,8.4,62.44,Otel,Filetare,298,0,Niciunul
193,Tarod,TAROD M10 ISO2,1977,1061.88,1.61,16.89,68.68,1.38,14.6,66.14,Inox,Filetare,35,0,Niciunul
194,Tarod,TAROD M10 ISO2,3880,680.97,2.82,17.77,101.53,10.78,58.8,82.75,Aluminiu,Filetare,87,1,Uzura excesiva
195,Tarod,TAROD M10 ISO2,2446,1046.22,1.65,18.82,46.73,0.61,13.6,62.32,Inox,Filetare,493,0,Niciunul
196,Tarod,TAROD M10 ISO2,1869,627.94,1.56,11.61,82.19,9.95,82.2,93.69,Inox,Filetare,160,1,Vibratii
197,Tarod,TAROD M10 ISO2,3345,877.71,2.62,13.25,66.39,1.71,2.3,61.82,Inox,Filetare,42,0,Niciunul
198,Tarod,TAROD M10 ISO2,4546,1047.21,2.89,7.38,69.2,1.84,11.4,73.58,Otel,Filetare,67,0,Niciunul
199,Tarod,TAROD M10 ISO2,4795,435.04,0.88,5.8,131.3,7.46,83.9,80.6,Aluminiu,Filetare,320,1,Uzura excesiva
200,Tarod,TAROD M10 ISO2,5697,710.18,2.39,16.28,40.42,0.53,10.8,63.93,Otel,Filetare,287,0,Niciunul
201,Tarod,TAROD M10 ISO2,4017,208.17,1.29,14.31,108.23,8.26,68.3,83.13,Aluminiu,Filetare,277,1,Vibratii
202,Tarod,TAROD M10 ISO2,2580,872.9,1.02,14.48,44.31,1.73,3.8,70.65,Otel,Filetare,389,0,Niciunul
203,Tarod,TAROD M10 ISO2,4688,640.55,0.66,19.11,39.36,0.94,12,74.97,Aluminiu,Filetare,78,0,Niciunul
204,Tarod,TAROD M10 ISO2,1508,515.07,0.89,15.84,60.31,1.56,2.7,61.81,Otel,Filetare,8,0,Niciunul
205,Tarod,TAROD M10 ISO2,1723,891.97,2.01,19.66,91.91,11.69,57.3,86.52,Otel,Filetare,181,1,Uzura excesiva
206,Tarod,TAROD M10 ISO2,5779,348.45,0.44,13.32,40.64,0.73,15.8,73.42,Inox,Filetare,387,0,Niciunul
207,Tarod,TAROD M10 ISO2,4696,344.64,2.14,8.71,39.38,0.73,14.6,72.32,Inox,Filetare,408,0,Niciunul
208,Tarod,TAROD M10 ISO2,3286,882.37,0.34,14.33,67.84,1.2,11.8,71.11,Inox,Filetare,126,0,Niciunul
209,Tarod,TAROD M10 ISO2,1895,1010.63,1.85,7.31,44.87,1.13,3.8,72.41,Inox,Filetare,59,0,Niciunul
210,Tarod,TAROD M10 ISO2,4020,806.68,1.81,16.53,47.38,1.93,6.6,70.28,Aluminiu,Filetare,12,0,Niciunul
211,Tarod,TAROD M10 ISO2,5568,746.32,0.9,11.41,159.34,8.15,43.3,84.21,Otel,Filetare,45,1,Uzura excesiva
212,Tarod,TAROD M10 ISO2,1664,538.34,2.78,5.23,90.09,7.08,82.8,90.53,Otel,Filetare,161,1,Uzura excesiva
213,Tarod,TAROD M10 ISO2,1743,335.15,1.95,11.94,85.69,6.58,85.3,84.67,Inox,Filetare,448,1,Vibratii
214,Tarod,TAROD M10 ISO2,4048,1095.88,2.93,7.22,65.07,1.31,0.2,72,Inox,Filetare,336,0,Niciunul
215,Tarod,TAROD M10 ISO2,5301,562.97,1.72,16.59,48.95,0.7,8.9,62.29,Otel,Filetare,159,0,Niciunul
216,Tarod,TAROD M10 ISO2,3862,1111.56,2.39,11.96,58.35,1.95,6.9,69.96,Inox,Filetare,264,0,Niciunul
217,Tarod,TAROD M10 ISO2,3101,776.95,1.58,12.77,58.62,1.18,2,66.12,Otel,Filetare,354,0,Niciunul
218,Tarod,TAROD M10 ISO2,1698,322.06,0.5,8.89,59.43,1.45,18.5,62.04,Otel,Filetare,242,0,Niciunul
219,Tarod,TAROD M10 ISO2,4074,215.45,2.66,13.46,128.58,6.04,98.1,99.98,Aluminiu,Filetare,37,1,Vibratii
220,Tarod,TAROD M10 ISO2,1927,868.8,0.65,13.17,105.85,7.28,86.5,84.17,Inox,Filetare,115,1,Vibratii
221,Tarod,TAROD M10 ISO2,5636,999.73,1.52,5.07,40.16,1.8,17.5,74.03,Inox,Filetare,158,0,Niciunul
222,Tarod,TAROD M10 ISO2,5353,329.95,0.25,9.72,35.75,1.44,0.2,74.4,Aluminiu,Filetare,232,0,Niciunul
223,Tarod,TAROD M10 ISO2,2371,1020.76,1.55,5.09,35.05,1.44,17,69.94,Otel,Filetare,115,0,Niciunul
224,Tarod,TAROD M10 ISO2,4076,717.18,1.6,7.82,52.27,1.27,7.4,67,Aluminiu,Filetare,172,0,Niciunul
225,Tarod,TAROD M10 ISO2,2373,763.54,2.62,16.66,51.33,1.25,5.1,69.36,Inox,Filetare,474,0,Niciunul
226,Tarod,TAROD M10 ISO2,2676,863.12,1.05,5.9,121.76,6,93.7,84.06,Inox,Filetare,93,1,Supraincalzire
227,Tarod,TAROD M10 ISO2,5373,397.81,1.6,13.46,141.59,7.37,63,81.5,Otel,Filetare,133,1,Vibratii
228,Tarod,TAROD M10 ISO2,5851,436.28,0.92,18.88,65.9,0.62,2.1,61.26,Otel,Filetare,303,0,Niciunul
229,Tarod,TAROD M10 ISO2,1985,438.48,0.65,17.84,61.87,0.88,18,65.59,Inox,Filetare,126,0,Niciunul
230,Tarod,TAROD M10 ISO2,3065,886.63,0.94,12.57,69.22,1.97,16.2,61.91,Inox,Filetare,456,0,Niciunul
231,Tarod,TAROD M10 ISO2,4946,1042.45,2.73,12.15,55.66,1.51,12.7,65.26,Aluminiu,Filetare,167,0,Niciunul
232,Tarod,TAROD M10 ISO2,5336,1100.82,1.46,18.21,48.31,1.52,13.6,63.9,Otel,Filetare,56,0,Niciunul
233,Tarod,TAROD M10 ISO2,2698,425.12,2.49,14.67,85.59,7.36,79.3,97.7,Inox,Filetare,199,1,Uzura excesiva
234,Tarod,TAROD M10 ISO2,2442,743.32,1.42,5.45,65.96,1.51,4.2,62.79,Inox,Filetare,12,0,Niciunul
235,Tarod,TAROD M10 ISO2,4888,207.82,0.22,6.26,51.28,1.17,17.1,66.78,Aluminiu,Filetare,76,0,Niciunul
236,Tarod,TAROD M10 ISO2,5488,543.04,2.37,15.06,57.45,0.64,5.6,71.16,Otel,Filetare,171,0,Niciunul
237,Tarod,TAROD M10 ISO2,2270,263.41,1.97,18.81,67.12,1.6,6.3,62.94,Inox,Filetare,188,0,Niciunul
238,Tarod,TAROD M10 ISO2,3733,1133.07,0.18,15.73,41.05,2,11,61.46,Inox,Filetare,47,0,Niciunul
239,Tarod,TAROD M10 ISO2,5207,234.52,0.12,12.16,80.19,8.25,42.8,87.76,Aluminiu,Filetare,121,1,Supraincalzire
240,Tarod,TAROD M10 ISO2,2222,1075.56,2.86,5.11,68.31,1.95,3.4,70.37,Aluminiu,Filetare,435,0,Niciunul
241,Tarod,TAROD M10 ISO2,1549,840.36,1.93,7.78,69.76,2,7.4,67.11,Inox,Filetare,120,0,Niciunul
242,Tarod,TAROD M10 ISO2,4267,323.38,2.7,7.51,151.08,4.31,57.3,81.42,Inox,Filetare,248,1,Vibratii
243,Tarod,TAROD M10 ISO2,2020,433.62,0.4,9.8,66.44,1.64,2.4,70.35,Inox,Filetare,272,0,Niciunul
244,Tarod,TAROD M10 ISO2,3182,278.16,0.79,5.18,52.49,1.35,19.1,74.98,Otel,Filetare,207,0,Niciunul
245,Tarod,TAROD M10 ISO2,5247,1138.22,0.63,16.02,39,1.02,19.6,68.2,Otel,Filetare,392,0,Niciunul
246,Tarod,TAROD M10 ISO2,4658,942.18,2.77,8.24,51.12,1.14,4.4,73.61,Inox,Filetare,210,0,Niciunul
247,Tarod,TAROD M10 ISO2,1768,408.89,0.66,17.33,42.19,0.94,17,62.94,Otel,Filetare,59,0,Niciunul
248,Tarod,TAROD M10 ISO2,2800,1094.35,1.45,8.67,88.87,10.87,48.6,84.57,Inox,Filetare,380,1,Vibratii
249,Tarod,TAROD M10 ISO2,5058,200.38,1.47,17.15,41.95,1.76,1.7,73.18,Otel,Filetare,204,0,Niciunul
250,Tarod,TAROD M10 ISO2,4071,812.24,1.1,7.14,54.12,1.3,4.4,69.12,Aluminiu,Filetare,249,0,Niciunul
251,Tarod,TAROD M10 ISO2,4349,438.79,2.15,17.42,58.86,1.33,16.2,63.95,Otel,Filetare,51,0,Niciunul
252,Tarod,TAROD M10 ISO2,1858,746.18,2.17,5.02,47.87,1.86,15.2,61.34,Otel,Filetare,210,0,Niciunul
253,Tarod,TAROD M10 ISO2,3200,662.21,1.33,17.49,55.78,1.15,9.7,72.47,Inox,Filetare,338,0,Niciunul
254,Tarod,TAROD M10 ISO2,3510,918.66,1.67,13.42,138.83,10.76,88.9,94.13,Otel,Filetare,306,1,Uzura excesiva
255,Tarod,TAROD M10 ISO2,5961,1065.33,2.45,15.86,61.13,0.71,8.2,64.78,Aluminiu,Filetare,298,0,Niciunul
256,Tarod,TAROD M10 ISO2,4539,327,1.63,14.91,116.48,11.3,64.9,84.45,Otel,Filetare,237,1,Supraincalzire
257,Tarod,TAROD M10 ISO2,5792,240.74,2.78,7.71,95.25,11.39,44.6,85.51,Otel,Filetare,413,1,Supraincalzire
258,Tarod,TAROD M10 ISO2,4630,1054.56,1.28,10.54,124.07,5,69.4,98.04,Inox,Filetare,466,1,Supraincalzire
259,Tarod,TAROD M10 ISO2,2465,672.5,2.97,11.2,59.06,1.21,16.9,60.76,Aluminiu,Filetare,181,0,Niciunul
260,Tarod,TAROD M10 ISO2,5178,788.22,2.79,5.27,45.96,1.75,5.7,63.09,Otel,Filetare,495,0,Niciunul
261,Tarod,TAROD M10 ISO2,3551,1166.19,2.03,17.22,105.48,9.99,71.8,92.02,Aluminiu,Filetare,138,1,Uzura excesiva
262,Tarod,TAROD M10 ISO2,5901,440.16,0.64,14.99,36.77,1.56,12.9,72.65,Inox,Filetare,444,0,Niciunul
263,Tarod,TAROD M10 ISO2,3087,1080.83,0.13,16.73,61.34,1.7,12.6,65.84,Inox,Filetare,456,0,Niciunul
264,Tarod,TAROD M10 ISO2,4265,441.75,1.81,12.61,64.13,1.63,13.9,61.59,Inox,Filetare,401,0,Niciunul
265,Tarod,TAROD M10 ISO2,3109,284.37,2.68,6.07,69.75,1.48,16.1,71.25,Inox,Filetare,213,0,Niciunul
266,Tarod,TAROD M10 ISO2,4665,506.92,1.71,10.51,88.21,5.67,60.4,99.43,Otel,Filetare,116,1,Uzura excesiva
267,Tarod,TAROD M10 ISO2,5318,484.57,1.64,12.42,142.8,8.76,78.3,93.39,Aluminiu,Filetare,476,1,Uzura excesiva
268,Tarod,TAROD M10 ISO2,2393,618.16,0.61,11.18,54.8,1.84,6,71.29,Otel,Filetare,306,0,Niciunul
269,Tarod,TAROD M10 ISO2,2528,609.26,2.66,8.48,60.84,1.71,11.8,69.09,Inox,Filetare,104,0,Niciunul
270,Tarod,TAROD M10 ISO2,5673,1027.07,0.81,15,43.52,1.43,8.5,65.98,Inox,Filetare,8,0,Niciunul
271,Tarod,TAROD M10 ISO2,3697,352.49,0.24,10.44,39.12,1.06,8.9,66.91,Aluminiu,Filetare,274,0,Niciunul
272,Tarod,TAROD M10 ISO2,4531,910.38,0.38,19.71,39.82,0.51,6.4,64.52,Inox,Filetare,274,0,Niciunul
273,Tarod,TAROD M10 ISO2,5636,948.75,1.02,9.62,114.82,3.9,86.3,81.03,Otel,Filetare,379,1,Vibratii
274,Tarod,TAROD M10 ISO2,5258,849.76,2.07,19.72,89.37,8.88,99.7,91.16,Otel,Filetare,483,1,Uzura excesiva
275,Tarod,TAROD M10 ISO2,2270,367.3,0.15,10.19,64.79,1.11,8.5,65.52,Aluminiu,Filetare,401,0,Niciunul
276,Tarod,TAROD M10 ISO2,3873,1146.11,0.55,14.31,38.92,0.79,11.6,65.9,Aluminiu,Filetare,475,0,Niciunul
277,Tarod,TAROD M10 ISO2,5696,534.55,2.16,5.51,51.56,1.65,2.8,74.4,Inox,Filetare,338,0,Niciunul
278,Tarod,TAROD M10 ISO2,4422,800.73,0.89,14.14,149.89,4.66,52.5,97.18,Otel,Filetare,133,1,Vibratii
279,Tarod,TAROD M10 ISO2,5079,272.37,1.13,13.26,64.9,0.97,5.6,63.88,Inox,Filetare,193,0,Niciunul
280,Tarod,TAROD M10 ISO2,1695,712.24,2.85,11.06,69.33,0.52,6.8,60.3,Inox,Filetare,133,0,Niciunul
281,Tarod,TAROD M10 ISO2,1569,758.83,1.39,15.21,50.79,0.89,13.4,68.13,Inox,Filetare,175,0,Niciunul
282,Tarod,TAROD M10 ISO2,3438,732.61,2.46,7.61,37.44,1.64,9.3,61.46,Aluminiu,Filetare,333,0,Niciunul
283,Tarod,TAROD M10 ISO2,4247,204.7,1.99,15.69,53.6,1.72,3.4,74.83,Otel,Filetare,431,0,Niciunul
284,Tarod,TAROD M10 ISO2,1957,350.68,0.14,12.86,56.42,0.69,8,67.15,Otel,Filetare,20,0,Niciunul
285,Tarod,TAROD M10 ISO2,1538,612.42,1.05,8.25,49.19,1.65,14.4,67.39,Aluminiu,Filetare,486,0,Niciunul
286,Tarod,TAROD M10 ISO2,4509,255.67,0.74,9.34,64,0.7,8.9,62.31,Inox,Filetare,167,0,Niciunul
287,Tarod,TAROD M10 ISO2,5075,412.07,2.32,10.44,109.78,10.97,81.4,90.05,Otel,Filetare,239,1,Vibratii
288,Tarod,TAROD M10 ISO2,4084,1149.83,1.72,17.25,159.52,11.5,64.2,84.72,Aluminiu,Filetare,427,1,Supraincalzire
289,Tarod,TAROD M10 ISO2,3072,480.29,2.56,5.6,116.31,9.58,77.9,96.59,Otel,Filetare,330,1,Vibratii
290,Tarod,TAROD M10 ISO2,2404,694.74,2.4,17.61,44.96,1.96,3.6,70.44,Otel,Filetare,113,0,Niciunul
291,Tarod,TAROD M10 ISO2,4935,780.86,0.25,14.84,56.13,1.72,5.9,73.85,Inox,Filetare,187,0,Niciunul
292,Tarod,TAROD M10 ISO2,2142,1168.43,2.63,12.71,55.83,1.15,1.3,60.58,Aluminiu,Filetare,162,0,Niciunul
293,Tarod,TAROD M10 ISO2,5964,1183.87,2.8,14.86,56.5,1.36,13,60.83,Inox,Filetare,169,0,Niciunul
294,Tarod,TAROD M10 ISO2,5819,481.3,0.26,15.76,47.29,0.74,19.4,62.8,Inox,Filetare,394,0,Niciunul
295,Tarod,TAROD M10 ISO2,3116,698.38,1.41,10.68,55.13,0.87,0.4,72.09,Inox,Filetare,444,0,Niciunul
296,Tarod,TAROD M10 ISO2,2116,671.89,1.06,10.27,47.2,1.07,7.8,71.95,Inox,Filetare,218,0,Niciunul
297,Tarod,TAROD M10 ISO2,1583,453.93,0.63,18.24,43.96,1.81,2.1,73.3,Inox,Filetare,197,0,Niciunul
298,Tarod,TAROD M10 ISO2,5790,213.81,0.34,11.45,41.51,1.5,9.5,74.39,Inox,Filetare,356,0,Niciunul
299,Tarod,TAROD M10 ISO2,4256,847.18,1.09,18.56,69.55,1.09,16.3,65.28,Aluminiu,Filetare,484,0,Niciunul
300,Tarod,TAROD M10 ISO2,4431,885.57,1.56,16.73,52.98,1.58,15,61.8,Inox,Filetare,360,0,Niciunul
1,Placuta amovibila,WNMG080408,3443,681.3,1.39,16.02,106.13,7.41,76.3,99.73,Inox,Strunjire,64,1,Supraincalzire
2,Placuta amovibila,WNMG080408,2383,714.8,0.31,5.21,150.85,4.42,62.6,91.38,Inox,Strunjire,71,1,Vibratii
3,Placuta amovibila,WNMG080408,5305,1035.55,1.52,18.27,35.06,1.22,19.8,73.41,Otel,Strunjire,52,0,Niciunul
4,Placuta amovibila,WNMG080408,3917,241.93,2.1,6.88,54.58,1.13,15.1,64.77,Inox,Strunjire,196,0,Niciunul
5,Placuta amovibila,WNMG080408,5177,1033.98,1.5,7.01,42.41,0.62,13.1,69.91,Inox,Strunjire,21,0,Niciunul
6,Placuta amovibila,WNMG080408,5434,1144.15,1.96,17.91,44.92,0.51,9.7,63.7,Otel,Strunjire,1,0,Niciunul
7,Placuta amovibila,WNMG080408,3144,1001.49,0.35,14.11,65.13,0.92,9.5,62.81,Otel,Strunjire,146,0,Niciunul
8,Placuta amovibila,WNMG080408,2453,902.46,1.7,5.84,91.43,8.98,65,91.02,Otel,Strunjire,236,1,Uzura excesiva
9,Placuta amovibila,WNMG080408,2100,958.64,2.48,10.81,81.34,11.61,69.8,94.13,Inox,Strunjire,370,1,Supraincalzire
10,Placuta amovibila,WNMG080408,3512,1061.11,1.03,19.33,63.47,0.56,8.4,62.99,Otel,Strunjire,342,0,Niciunul
11,Placuta amovibila,WNMG080408,2367,1150.94,1.04,15.38,46.46,0.59,5.2,61.3,Otel,Strunjire,478,0,Niciunul
12,Placuta amovibila,WNMG080408,4086,928.53,1.31,13.6,107.83,3.65,95.5,91.76,Otel,Strunjire,406,1,Uzura excesiva
13,Placuta amovibila,WNMG080408,3370,861.24,0.85,5.53,56.48,0.85,3.1,67.3,Inox,Strunjire,311,0,Niciunul
14,Placuta amovibila,WNMG080408,2415,824.9,0.6,17.34,63.39,0.5,19.9,66.73,Aluminiu,Strunjire,345,0,Niciunul
15,Placuta amovibila,WNMG080408,1679,623.19,2.95,11.72,43.99,1.28,13.8,71,Aluminiu,Strunjire,460,0,Niciunul
16,Placuta amovibila,WNMG080408,2708,566.47,2.9,16.81,46.38,0.89,8.4,61.3,Inox,Strunjire,46,0,Niciunul
17,Placuta amovibila,WNMG080408,3260,220.41,1.17,8.47,150.16,6.43,92.7,84.3,Inox,Strunjire,236,1,Uzura excesiva
18,Placuta amovibila,WNMG080408,4735,780.97,2.66,7.52,133.59,5.2,75,91.53,Aluminiu,Strunjire,96,1,Vibratii
19,Placuta amovibila,WNMG080408,2436,886.07,2.89,11.22,64.04,1.62,6.6,67.85,Aluminiu,Strunjire,228,0,Niciunul
20,Placuta amovibila,WNMG080408,3228,1115.02,0.56,15.14,144.96,6.32,74.8,96.29,Aluminiu,Strunjire,72,1,Vibratii
21,Placuta amovibila,WNMG080408,3701,587.19,1.38,15.16,59.76,1.35,2.4,71.06,Aluminiu,Strunjire,147,0,Niciunul
22,Placuta amovibila,WNMG080408,3486,600.61,1.59,6.12,96.65,5.59,43.2,82.18,Aluminiu,Strunjire,342,1,Uzura excesiva
23,Placuta amovibila,WNMG080408,2672,334.37,2.36,11.7,108.86,7.02,51.1,90.1,Aluminiu,Strunjire,187,1,Uzura excesiva
24,Placuta amovibila,WNMG080408,4216,213.26,1.94,8.94,50.06,1.09,11.8,62.3,Inox,Strunjire,386,0,Niciunul
25,Placuta amovibila,WNMG080408,1924,558.35,1.6,15.45,39.07,1.51,7.6,70.18,Aluminiu,Strunjire,335,0,Niciunul
26,Placuta amovibila,WNMG080408,4954,1043.49,2.87,17.17,52.51,1.16,2.1,72.12,Otel,Strunjire,438,0,Niciunul
27,Placuta amovibila,WNMG080408,5986,1013.63,0.81,18.68,137.1,11.87,95.7,96.86,Aluminiu,Strunjire,299,1,Uzura excesiva
28,Placuta amovibila,WNMG080408,4864,465.39,1.79,11.07,125.97,11.51,92.2,85.9,Aluminiu,Strunjire,390,1,Uzura excesiva
29,Placuta amovibila,WNMG080408,4737,1124.72,1.08,9.58,98.11,9.34,45.1,86.18,Aluminiu,Strunjire,301,1,Supraincalzire
30,Placuta amovibila,WNMG080408,3426,719.32,2.74,12.71,63.99,1.74,4,64.6,Aluminiu,Strunjire,120,0,Niciunul
31,Placuta amovibila,WNMG080408,4693,652.24,2.32,5.83,38.59,0.76,1.2,61.19,Inox,Strunjire,19,0,Niciunul
32,Placuta amovibila,WNMG080408,3687,370.82,0.72,15.94,53.19,1.31,10.3,74.42,Aluminiu,Strunjire,351,0,Niciunul
33,Placuta amovibila,WNMG080408,2279,435.33,1.59,10.44,125.8,6.08,95,83.4,Otel,Strunjire,407,1,Supraincalzire
34,Placuta amovibila,WNMG080408,3469,1134.23,0.11,8.19,40.1,1.9,0.3,65.73,Inox,Strunjire,19,0,Niciunul
35,Placuta amovibila,WNMG080408,5068,473.68,1.83,9.54,68.95,1,13.4,71.2,Inox,Strunjire,420,0,Niciunul
36,Placuta amovibila,WNMG080408,4697,546.08,2.16,11.51,43.99,1.74,0.6,65.98,Otel,Strunjire,199,0,Niciunul
37,Placuta amovibila,WNMG080408,4440,1065.12,2.09,5.61,66.15,0.97,1.9,60.64,Otel,Strunjire,429,0,Niciunul
38,Placuta amovibila,WNMG080408,2107,713.08,2.18,18.75,92.84,7.53,82.6,88.71,Aluminiu,Strunjire,65,1,Supraincalzire
39,Placuta amovibila,WNMG080408,3352,857.75,1.13,18.49,41.64,0.85,19.4,74.35,Inox,Strunjire,240,0,Niciunul
40,Placuta amovibila,WNMG080408,3296,927.72,1.2,16.86,38.74,1.51,15.4,70.77,Otel,Strunjire,426,0,Niciunul
41,Placuta amovibila,WNMG080408,2162,430.9,0.49,16.12,63.11,0.6,19.5,61.39,Inox,Strunjire,405,0,Niciunul
42,Placuta amovibila,WNMG080408,4334,1164.9,1.65,6.56,114.44,8.7,89.8,97.22,Inox,Strunjire,484,1,Supraincalzire
43,Placuta amovibila,WNMG080408,4568,351.88,2.84,19.74,48.86,1.99,3.6,69.3,Aluminiu,Strunjire,55,0,Niciunul
44,Placuta amovibila,WNMG080408,2692,1140.81,1.16,5.68,40.82,1.97,19.2,69.99,Inox,Strunjire,382,0,Niciunul
45,Placuta amovibila,WNMG080408,3642,804.57,1.04,11.98,159.03,9.97,46.8,82.85,Inox,Strunjire,383,1,Supraincalzire
46,Placuta amovibila,WNMG080408,4745,337.23,1.49,9.17,66.79,0.76,1.2,67.71,Aluminiu,Strunjire,298,0,Niciunul
47,Placuta amovibila,WNMG080408,3994,814.35,1.04,13.47,62.17,0.75,9.5,65.36,Aluminiu,Strunjire,104,0,Niciunul
48,Placuta amovibila,WNMG080408,3807,1073.4,1.17,14.59,46.85,1.46,11.7,64.17,Inox,Strunjire,422,0,Niciunul
49,Placuta amovibila,WNMG080408,2358,1162.11,0.52,13.4,53.72,1.05,8.5,64.92,Otel,Strunjire,137,0,Niciunul
50,Placuta amovibila,WNMG080408,5326,936.1,2.81,13.62,69.13,0.56,17.9,61.14,Aluminiu,Strunjire,240,0,Niciunul
51,Placuta amovibila,WNMG080408,5938,1005.14,2.7,17.04,43.05,0.67,19.8,74.08,Otel,Strunjire,349,0,Niciunul
52,Placuta amovibila,WNMG080408,4105,378.46,1.01,7.53,81.04,4.12,60.1,84.4,Aluminiu,Strunjire,34,1,Uzura excesiva
53,Placuta amovibila,WNMG080408,4058,546.22,0.61,14.33,37.89,0.62,5,74.27,Aluminiu,Strunjire,201,0,Niciunul
54,Placuta amovibila,WNMG080408,5270,875.75,0.96,13.66,106.53,4.59,79.1,95.45,Otel,Strunjire,286,1,Supraincalzire
55,Placuta amovibila,WNMG080408,2212,793.92,1.43,18.04,64.74,0.99,7.6,73.09,Aluminiu,Strunjire,266,0,Niciunul
56,Placuta amovibila,WNMG080408,4776,689.47,1.16,8.97,69.86,1.17,19.6,66.93,Inox,Strunjire,79,0,Niciunul
57,Placuta amovibila,WNMG080408,3296,315.6,0.75,17.38,51.55,1.89,10.5,66.1,Aluminiu,Strunjire,52,0,Niciunul
58,Placuta amovibila,WNMG080408,4980,200.46,2.13,7.87,63.41,1.51,12.4,65.35,Aluminiu,Strunjire,190,0,Niciunul
59,Placuta amovibila,WNMG080408,3327,537.87,2.14,13.27,56.06,0.8,10.1,60.83,Inox,Strunjire,128,0,Niciunul
60,Placuta amovibila,WNMG080408,2385,664.55,2.83,7.17,119.73,6.78,50.3,97.51,Inox,Strunjire,82,1,Vibratii
61,Placuta amovibila,WNMG080408,1757,1156.64,1.91,13,57.36,1.51,13.8,74.38,Aluminiu,Strunjire,376,0,Niciunul
62,Placuta amovibila,WNMG080408,1537,737.26,0.17,15.54,41.47,1.13,0.6,66.83,Otel,Strunjire,370,0,Niciunul
63,Placuta amovibila,WNMG080408,2821,692.11,2.5,18.13,80.06,11.27,75.3,99.05,Aluminiu,Strunjire,334,1,Vibratii
64,Placuta amovibila,WNMG080408,2887,404.47,2.78,11.94,57.17,0.78,10.7,61.25,Otel,Strunjire,243,0,Niciunul
65,Placuta amovibila,WNMG080408,1852,919.98,2.78,16.44,53.94,0.93,19,65.25,Inox,Strunjire,31,0,Niciunul
66,Placuta amovibila,WNMG080408,4984,1087.02,0.46,9.78,59.27,1.23,9.4,74.65,Aluminiu,Strunjire,324,0,Niciunul
67,Placuta amovibila,WNMG080408,4485,1052.86,1.17,6.04,111.92,6.57,61.7,88.14,Inox,Strunjire,176,1,Supraincalzire
68,Placuta amovibila,WNMG080408,2063,297.17,0.8,16.41,49.19,1.44,16.2,72.87,Aluminiu,Strunjire,287,0,Niciunul
69,Placuta amovibila,WNMG080408,2300,915.28,1.37,17.6,55.22,1.19,15.2,63.95,Inox,Strunjire,352,0,Niciunul
70,Placuta amovibila,WNMG080408,2008,1145.89,1.89,16.57,102.35,11.69,40.4,80.61,Inox,Strunjire,165,1,Supraincalzire
71,Placuta amovibila,WNMG080408,4226,886.78,1.37,17.35,50.25,1,5.1,66.5,Otel,Strunjire,32,0,Niciunul
72,Placuta amovibila,WNMG080408,1599,212.45,0.46,5.09,42.35,0.69,19.4,63.57,Otel,Strunjire,174,0,Niciunul
73,Placuta amovibila,WNMG080408,3532,1086.39,0.28,11.09,53.89,0.7,7.3,60.19,Aluminiu,Strunjire,75,0,Niciunul
74,Placuta amovibila,WNMG080408,3937,647.15,0.98,14.72,63.59,0.61,16.6,66.03,Aluminiu,Strunjire,245,0,Niciunul
75,Placuta amovibila,WNMG080408,5414,382.75,2.36,10.75,60.72,0.57,13.9,73.51,Inox,Strunjire,219,0,Niciunul
76,Placuta amovibila,WNMG080408,4434,298.23,0.63,13.51,109.73,11.04,62.8,94.8,Otel,Strunjire,461,1,Vibratii
77,Placuta amovibila,WNMG080408,3324,884.8,1.59,17.59,129.22,8.91,59.8,97,Aluminiu,Strunjire,290,1,Supraincalzire
78,Placuta amovibila,WNMG080408,1532,619.97,1.66,16.91,67.23,1.51,10,73.97,Inox,Strunjire,483,0,Niciunul
79,Placuta amovibila,WNMG080408,3212,809.57,0.73,17.24,57.13,0.65,15.2,64.24,Otel,Strunjire,45,0,Niciunul
80,Placuta amovibila,WNMG080408,1956,658.11,1.13,8.61,54.76,1.58,3.5,64.12,Inox,Strunjire,329,0,Niciunul
81,Placuta amovibila,WNMG080408,4954,211.59,0.74,11.98,133.12,6.01,87.1,95.98,Aluminiu,Strunjire,404,1,Uzura excesiva
82,Placuta amovibila,WNMG080408,1753,1113.59,2.28,15.37,59.62,1.59,5,64.06,Otel,Strunjire,213,0,Niciunul
83,Placuta amovibila,WNMG080408,2804,723.42,2.77,14.8,36.1,1.57,11.8,64.78,Inox,Strunjire,446,0,Niciunul
84,Placuta amovibila,WNMG080408,5071,865.89,1.62,13.5,141.3,5.34,75.2,93.08,Inox,Strunjire,191,1,Supraincalzire
85,Placuta amovibila,WNMG080408,4146,1006.11,2.82,11.1,63.17,1.78,6.4,74.16,Inox,Strunjire,430,0,Niciunul
86,Placuta amovibila,WNMG080408,3718,549.8,0.17,12.77,54.99,1.77,5.9,67.74,Inox,Strunjire,496,0,Niciunul
87,Placuta amovibila,WNMG080408,3003,1127.11,0.14,5.71,92.27,7.85,63.2,88.59,Inox,Strunjire,62,1,Supraincalzire
88,Placuta amovibila,WNMG080408,1683,802.5,2.8,15.53,61.04,1.31,13.2,74.48,Aluminiu,Strunjire,439,0,Niciunul
89,Placuta amovibila,WNMG080408,4385,723.23,2.74,6.03,51.65,1.36,11.8,74.04,Inox,Strunjire,292,0,Niciunul
90,Placuta amovibila,WNMG080408,3686,474.66,2.45,19.13,134.99,4.3,41.9,87.54,Aluminiu,Strunjire,320,1,Uzura excesiva
91,Placuta amovibila,WNMG080408,4766,447.67,2.05,6.61,111.46,4.49,80.6,90.7,Inox,Strunjire,388,1,Uzura excesiva
92,Placuta amovibila,WNMG080408,3915,576.16,2.24,11.45,116.78,7.11,60.2,89.34,Inox,Strunjire,441,1,Uzura excesiva
93,Placuta amovibila,WNMG080408,4700,684.15,0.71,15.38,54.36,0.57,17.8,73.41,Inox,Strunjire,197,0,Niciunul
94,Placuta amovibila,WNMG080408,5498,438.29,0.88,7.76,38.06,0.8,18.7,67.85,Aluminiu,Strunjire,256,0,Niciunul
95,Placuta amovibila,WNMG080408,5520,725.51,1.63,7.53,54.95,1.13,3.1,69.11,Otel,Strunjire,342,0,Niciunul
96,Placuta amovibila,WNMG080408,4971,1183.3,1.04,12.94,51.48,0.66,16.1,65.29,Aluminiu,Strunjire,310,0,Niciunul
97,Placuta amovibila,WNMG080408,3904,249.39,1.32,10.32,66.3,0.67,16,74.82,Otel,Strunjire,463,0,Niciunul
98,Placuta amovibila,WNMG080408,5802,836.94,0.97,17.23,37.31,1.67,9.8,73.79,Inox,Strunjire,49,0,Niciunul
99,Placuta amovibila,WNMG080408,4361,940.51,2.41,6.72,50.23,1.44,2.2,74.18,Aluminiu,Strunjire,376,0,Niciunul
100,Placuta amovibila,WNMG080408,4542,423.99,2.04,15.03,103.78,11.66,79.6,90.86,Inox,Strunjire,134,1,Supraincalzire
101,Placuta amovibila,WNMG080408,2987,253.84,2.69,14.91,44.72,1.94,9.4,70.46,Inox,Strunjire,250,0,Niciunul
102,Placuta amovibila,WNMG080408,2007,894.78,1.66,15.98,43.16,1.16,7.2,73.67,Otel,Strunjire,252,0,Niciunul
103,Placuta amovibila,WNMG080408,2854,592.2,1.35,8.13,60.63,1.03,13.6,74.27,Aluminiu,Strunjire,374,0,Niciunul
104,Placuta amovibila,WNMG080408,2762,493.93,1.14,6.7,109.04,10.06,62.8,90.61,Inox,Strunjire,362,1,Supraincalzire
105,Placuta amovibila,WNMG080408,4743,587.44,2.71,8.9,81.96,5.76,74.5,80.76,Aluminiu,Strunjire,479,1,Vibratii
106,Placuta amovibila,WNMG080408,5684,789.48,0.99,10.99,58.69,1,0,62.84,Inox,Strunjire,278,0,Niciunul
107,Placuta amovibila,WNMG080408,1902,1197.38,0.99,15.97,94.75,6.1,43.2,99,Aluminiu,Strunjire,437,1,Vibratii
108,Placuta amovibila,WNMG080408,2610,497.43,1.43,10.61,53.52,1.77,12.8,69.83,Aluminiu,Strunjire,27,0,Niciunul
109,Placuta amovibila,WNMG080408,3876,348.66,2.15,19.43,156,11.92,79.5,84.35,Inox,Strunjire,237,1,Vibratii
110,Placuta amovibila,WNMG080408,3404,817.71,2.42,8.09,67.52,1.39,11.3,61.87,Otel,Strunjire,21,0,Niciunul
111,Placuta amovibila,WNMG080408,5693,877.56,1.82,18.84,54.67,1.6,1.4,73.74,Otel,Strunjire,166,0,Niciunul
112,Placuta amovibila,WNMG080408,2082,668.59,1.46,19.21,42.36,1.66,19.6,67.92,Inox,Strunjire,332,0,Niciunul
113,Placuta amovibila,WNMG080408,4984,1063.63,0.76,5.01,50.13,2,10.5,65.37,Otel,Strunjire,457,0,Niciunul
114,Placuta amovibila,WNMG080408,3483,1195.42,2.09,5.24,66.05,1.31,11.7,65.62,Aluminiu,Strunjire,189,0,Niciunul
115,Placuta amovibila,WNMG080408,3500,1024.82,0.87,17.63,45.11,0.51,17.1,64.97,Aluminiu,Strunjire,67,0,Niciunul
116,Placuta amovibila,WNMG080408,5705,610.01,2.74,19.77,43.33,1.57,9.2,68.71,Otel,Strunjire,427,0,Niciunul
117,Placuta amovibila,WNMG080408,5906,758.13,0.5,13.74,37.85,0.93,9,66.38,Aluminiu,Strunjire,61,0,Niciunul
118,Placuta amovibila,WNMG080408,3246,619.37,2.68,13.15,35.56,1.31,17.2,61.62,Otel,Strunjire,78,0,Niciunul
119,Placuta amovibila,WNMG080408,3369,257.71,1.61,7.3,114.07,5.18,91.2,96.12,Inox,Strunjire,376,1,Supraincalzire
120,Placuta amovibila,WNMG080408,3536,1186.86,1.15,5.98,43.55,0.67,1.2,66.15,Inox,Strunjire,371,0,Niciunul
121,Placuta amovibila,WNMG080408,2651,1036.93,0.99,14.15,42.32,1.03,17.6,71.8,Otel,Strunjire,115,0,Niciunul
122,Placuta amovibila,WNMG080408,3716,551.39,1.25,14.83,57.99,0.67,14.8,61.57,Otel,Strunjire,451,0,Niciunul
123,Placuta amovibila,WNMG080408,1717,604.51,0.98,6.6,35.96,0.72,14.4,61.38,Aluminiu,Strunjire,293,0,Niciunul
124,Placuta amovibila,WNMG080408,5044,721.34,0.98,18.05,133.75,10.61,89.7,81.2,Otel,Strunjire,201,1,Vibratii
125,Placuta amovibila,WNMG080408,3129,811.2,1.52,9.04,60.8,1.77,15.1,66.72,Aluminiu,Strunjire,307,0,Niciunul
126,Placuta amovibila,WNMG080408,2305,378.09,2.35,7.02,146.24,6.95,65,95.05,Otel,Strunjire,105,1,Uzura excesiva
127,Placuta amovibila,WNMG080408,1729,1099.24,2.71,15.2,69.66,1.83,16.8,70.4,Otel,Strunjire,229,0,Niciunul
128,Placuta amovibila,WNMG080408,2231,355.51,1.08,13.49,48.09,0.72,13.1,70.54,Aluminiu,Strunjire,168,0,Niciunul
129,Placuta amovibila,WNMG080408,2299,635.99,0.58,10.49,43.96,1.3,2.8,65.2,Aluminiu,Strunjire,483,0,Niciunul
130,Placuta amovibila,WNMG080408,2159,212.09,1.01,5.1,41.68,1.25,17,65.78,Aluminiu,Strunjire,320,0,Niciunul
131,Placuta amovibila,WNMG080408,5009,699,2.73,11.32,55.67,1.52,17.3,70.72,Inox,Strunjire,246,0,Niciunul
132,Placuta amovibila,WNMG080408,2080,866.67,2.05,15.06,46.44,1.05,11.5,64.4,Inox,Strunjire,398,0,Niciunul
133,Placuta amovibila,WNMG080408,2063,1040.81,0.34,7.06,55.94,1.79,2,74.78,Inox,Strunjire,333,0,Niciunul
134,Placuta amovibila,WNMG080408,3453,269.03,1.15,15.63,49.24,1.32,17.8,67.23,Inox,Strunjire,303,0,Niciunul
135,Placuta amovibila,WNMG080408,3554,310.1,2.48,17.02,68.71,1.21,14.8,65.55,Otel,Strunjire,370,0,Niciunul
136,Placuta amovibila,WNMG080408,3068,497.34,2.61,8.28,44.14,0.53,2.8,74.94,Aluminiu,Strunjire,55,0,Niciunul
137,Placuta amovibila,WNMG080408,2608,1016.98,0.33,14.65,54.6,1.84,17.1,65.22,Inox,Strunjire,122,0,Niciunul
138,Placuta amovibila,WNMG080408,4056,1075.07,1.08,13.99,60.98,1.28,13.8,66.88,Aluminiu,Strunjire,452,0,Niciunul
139,Placuta amovibila,WNMG080408,2558,1010.52,1.85,15.98,67.68,1.62,2.6,64.91,Otel,Strunjire,166,0,Niciunul
140,Placuta amovibila,WNMG080408,5268,1196.45,0.79,6.07,152.88,5.29,99.3,87.07,Aluminiu,Strunjire,231,1,Uzura excesiva
141,Placuta amovibila,WNMG080408,5048,576.67,2.79,11.86,55.45,1.2,7.5,67.48,Otel,Strunjire,350,0,Niciunul
142,Placuta amovibila,WNMG080408,3600,274.83,1.63,18.72,118.92,6.03,51.2,83.58,Inox,Strunjire,406,1,Vibratii
143,Placuta amovibila,WNMG080408,4431,1027.83,1.81,11.79,62.76,1.09,8.3,72.56,Inox,Strunjire,303,0,Niciunul
144,Placuta amovibila,WNMG080408,5913,947.45,1.79,6.86,68.88,1.03,2.9,62.71,Otel,Strunjire,451,0,Niciunul
145,Placuta amovibila,WNMG080408,2542,1132.96,1.27,8.76,38.73,1.8,12.9,67.39,Otel,Strunjire,198,0,Niciunul
146,Placuta amovibila,WNMG080408,4828,441.23,0.38,6.61,96.6,7.42,66.4,87.48,Otel,Strunjire,236,1,Supraincalzire
147,Placuta amovibila,WNMG080408,2697,1170.92,2.77,13.71,60.73,0.6,0.4,74.66,Otel,Strunjire,84,0,Niciunul
148,Placuta amovibila,WNMG080408,4392,728.55,0.41,13.96,56.97,0.61,12.8,64.05,Aluminiu,Strunjire,185,0,Niciunul
149,Placuta amovibila,WNMG080408,2945,457.71,2.23,7.24,64.12,1.39,1.2,64.21,Otel,Strunjire,41,0,Niciunul
150,Placuta amovibila,WNMG080408,5704,866.03,2.48,14.24,51.51,1.99,8,64.65,Aluminiu,Strunjire,239,0,Niciunul
151,Placuta amovibila,WNMG080408,1967,692.67,2.72,18.26,50.23,0.59,7.9,69.71,Inox,Strunjire,371,0,Niciunul
152,Placuta amovibila,WNMG080408,5030,1044.88,0.36,19.7,39.16,1.69,11.7,64.88,Otel,Strunjire,80,0,Niciunul
153,Placuta amovibila,WNMG080408,5873,1056.45,0.87,8.77,152.6,7.02,79,85.5,Inox,Strunjire,478,1,Vibratii
154,Placuta amovibila,WNMG080408,3576,765.07,0.28,5.8,45.03,0.88,2.2,63.19,Aluminiu,Strunjire,117,0,Niciunul
155,Placuta amovibila,WNMG080408,1943,228.89,2.39,14.05,151.85,10.53,59.2,89.35,Otel,Strunjire,453,1,Vibratii
156,Placuta amovibila,WNMG080408,4535,650.19,1.65,5.64,69.66,1,19.8,60.79,Otel,Strunjire,206,0,Niciunul
157,Placuta amovibila,WNMG080408,5586,283.54,0.93,17.79,50.35,1.17,2.8,67.7,Aluminiu,Strunjire,271,0,Niciunul
158,Placuta amovibila,WNMG080408,5450,1094.95,2.43,5.3,62.74,0.53,19.3,60.37,Inox,Strunjire,182,0,Niciunul
159,Placuta amovibila,WNMG080408,4878,526.99,1.15,6.48,59.28,0.95,1.1,62.92,Inox,Strunjire,173,0,Niciunul
160,Placuta amovibila,WNMG080408,4130,470.5,1.55,9.96,43.57,1.65,18.1,74.85,Inox,Strunjire,168,0,Niciunul
161,Placuta amovibila,WNMG080408,3403,275.62,0.75,13.03,137.67,10.97,42.2,88.17,Aluminiu,Strunjire,163,1,Uzura excesiva
162,Placuta amovibila,WNMG080408,2718,558.94,0.13,17.64,55.31,1.31,2.2,68.83,Otel,Strunjire,23,0,Niciunul
163,Placuta amovibila,WNMG080408,5357,312.55,1.42,19.27,113.99,5.51,57.8,82.43,Otel,Strunjire,493,1,Uzura excesiva
164,Placuta amovibila,WNMG080408,3494,566.11,2.39,15.77,105.91,5.34,64.9,86.6,Inox,Strunjire,405,1,Supraincalzire
165,Placuta amovibila,WNMG080408,4515,578.1,2.43,18.3,44.69,0.72,15,65,Aluminiu,Strunjire,375,0,Niciunul
166,Placuta amovibila,WNMG080408,2141,762.91,1.14,8.41,61.96,1.33,1.3,67.04,Otel,Strunjire,269,0,Niciunul
167,Placuta amovibila,WNMG080408,3441,259.33,1.95,18.94,121.27,3.61,92,89.09,Inox,Strunjire,57,1,Vibratii
168,Placuta amovibila,WNMG080408,3431,283.64,1.41,13.3,146.65,5.47,90,82.39,Inox,Strunjire,121,1,Uzura excesiva
169,Placuta amovibila,WNMG080408,2901,802.67,2.54,5.56,57.56,1.6,12.4,75,Aluminiu,Strunjire,435,0,Niciunul
170,Placuta amovibila,WNMG080408,3885,926.7,2.57,18.6,116.34,7.5,47.2,88.48,Otel,Strunjire,325,1,Vibratii
171,Placuta amovibila,WNMG080408,5006,679.12,1.34,11.91,38.21,1.13,19.3,67.13,Otel,Strunjire,248,0,Niciunul
172,Placuta amovibila,WNMG080408,4803,618.35,1.78,5.34,44.47,0.74,7.2,61.08,Otel,Strunjire,57,0,Niciunul
173,Placuta amovibila,WNMG080408,1710,1163.64,1.67,6.83,152.54,6.32,69.3,85.65,Inox,Strunjire,485,1,Supraincalzire
174,Placuta amovibila,WNMG080408,2669,1135.22,0.6,13.73,66.67,1.59,12.2,60.8,Otel,Strunjire,362,0,Niciunul
175,Placuta amovibila,WNMG080408,5353,823.53,0.6,19.11,54.64,0.63,16.5,63.23,Inox,Strunjire,140,0,Niciunul
176,Placuta amovibila,WNMG080408,3726,375.2,0.8,6.81,66.33,1.4,6.7,72.93,Aluminiu,Strunjire,358,0,Niciunul
177,Placuta amovibila,WNMG080408,2788,295.51,0.31,17.28,42.78,1.36,2.4,68.11,Otel,Strunjire,190,0,Niciunul
178,Placuta amovibila,WNMG080408,2410,323.48,0.58,5.28,41.69,1.31,6.9,61.17,Otel,Strunjire,360,0,Niciunul
179,Placuta amovibila,WNMG080408,3307,994.73,0.13,12.76,36.32,1.2,14.2,62.44,Inox,Strunjire,94,0,Niciunul
180,Placuta amovibila,WNMG080408,3879,889.62,2.86,15.12,40.25,1.09,3.7,66.39,Aluminiu,Strunjire,446,0,Niciunul
181,Placuta amovibila,WNMG080408,2843,873.5,2.62,17.4,54.25,0.91,11.1,68.62,Aluminiu,Strunjire,300,0,Niciunul
182,Placuta amovibila,WNMG080408,1577,1174.21,1.45,15.55,126.73,11.16,94.5,85.75,Otel,Strunjire,107,1,Supraincalzire
183,Placuta amovibila,WNMG080408,3442,1155.47,2.17,16.14,83.94,9.69,72,95.53,Inox,Strunjire,439,1,Vibratii
184,Placuta amovibila,WNMG080408,1922,916.84,1.27,5.95,44.48,1.15,18.4,64.09,Inox,Strunjire,478,0,Niciunul
185,Placuta amovibila,WNMG080408,5343,663.24,2.31,18.95,38.06,0.9,9.3,67.32,Inox,Strunjire,186,0,Niciunul
186,Placuta amovibila,WNMG080408,2708,418.47,2.28,12.09,80.31,5.25,87.3,81.9,Aluminiu,Strunjire,208,1,Supraincalzire
187,Placuta amovibila,WNMG080408,5409,662.3,1.75,13.54,43.64,1,9.4,60.17,Otel,Strunjire,328,0,Niciunul
188,Placuta amovibila,WNMG080408,3973,537.76,2.31,5.82,67.47,0.8,4.1,74.38,Otel,Strunjire,3,0,Niciunul
189,Placuta amovibila,WNMG080408,3301,276.01,0.71,16.05,47.67,1.25,9.4,71.42,Inox,Strunjire,92,0,Niciunul
190,Placuta amovibila,WNMG080408,3552,800.23,1.64,14.21,50.15,0.51,15.1,65.45,Otel,Strunjire,483,0,Niciunul
191,Placuta amovibila,WNMG080408,2599,1116.58,1.96,11.17,97.99,6.1,65,99.61,Otel,Strunjire,385,1,Uzura excesiva
192,Placuta amovibila,WNMG080408,2616,736.7,0.59,6.8,148.61,6.8,55.6,84.08,Otel,Strunjire,485,1,Supraincalzire
193,Placuta amovibila,WNMG080408,2452,491.67,0.75,11.94,51.64,1.01,15.7,62.2,Inox,Strunjire,468,0,Niciunul
194,Placuta amovibila,WNMG080408,5105,953.7,2.01,9.93,86.2,4.05,50.4,91.62,Inox,Strunjire,445,1,Vibratii
195,Placuta amovibila,WNMG080408,2340,278.93,0.67,17.82,81.77,7.72,99.1,80.11,Inox,Strunjire,294,1,Supraincalzire
196,Placuta amovibila,WNMG080408,3803,848.54,2.9,8.49,40.04,1.66,6.7,62.91,Inox,Strunjire,430,0,Niciunul
197,Placuta amovibila,WNMG080408,3042,710.38,0.98,18.58,38.4,1.51,15.8,70.24,Aluminiu,Strunjire,37,0,Niciunul
198,Placuta amovibila,WNMG080408,4429,436,2.97,13.54,53.07,1.63,4.9,67.8,Inox,Strunjire,330,0,Niciunul
199,Placuta amovibila,WNMG080408,2329,1122.4,0.4,14.4,57.52,0.88,4.4,66.93,Inox,Strunjire,264,0,Niciunul
200,Placuta amovibila,WNMG080408,1994,902.41,2.29,10.61,43.14,1.36,12.9,66.46,Inox,Strunjire,144,0,Niciunul
201,Placuta amovibila,WNMG080408,5259,767.93,2.54,11.27,90.34,7.35,67.8,89.69,Inox,Strunjire,227,1,Vibratii
202,Placuta amovibila,WNMG080408,5596,1141,2.17,11.39,52.61,1.72,2.5,65.81,Aluminiu,Strunjire,260,0,Niciunul
203,Placuta amovibila,WNMG080408,2700,380.19,2.16,11.91,150.3,11.17,64.5,80.7,Otel,Strunjire,486,1,Vibratii
204,Placuta amovibila,WNMG080408,4294,278.83,0.11,6.55,67.03,0.86,7.1,67.34,Inox,Strunjire,417,0,Niciunul
205,Placuta amovibila,WNMG080408,4276,696.07,2.62,16.26,37.89,1.51,6.5,72.61,Inox,Strunjire,374,0,Niciunul
206,Placuta amovibila,WNMG080408,2371,328.13,2.34,16.07,39.61,0.89,8.7,63.06,Aluminiu,Strunjire,115,0,Niciunul
207,Placuta amovibila,WNMG080408,4346,900.07,0.18,7.23,58.4,1.85,3.1,67.85,Inox,Strunjire,490,0,Niciunul
208,Placuta amovibila,WNMG080408,3033,466.06,0.83,5.64,57.66,1.19,9.8,70.67,Inox,Strunjire,237,0,Niciunul
209,Placuta amovibila,WNMG080408,3560,325.81,2.83,13.06,103.18,5.59,91.3,84.25,Otel,Strunjire,458,1,Supraincalzire
210,Placuta amovibila,WNMG080408,3955,713.23,2.99,6.39,59.29,0.9,9.5,66.86,Otel,Strunjire,163,0,Niciunul
211,Placuta amovibila,WNMG080408,4902,839.12,2.53,6.78,48.84,0.7,0.6,70.62,Inox,Strunjire,113,0,Niciunul
212,Placuta amovibila,WNMG080408,2843,623.56,2.99,12.14,50.36,1.82,8,69.91,Otel,Strunjire,213,0,Niciunul
213,Placuta amovibila,WNMG080408,2001,701.9,1.5,9.94,61.67,1.71,2.9,71.71,Otel,Strunjire,123,0,Niciunul
214,Placuta amovibila,WNMG080408,5288,297.68,0.16,13.57,61.36,0.61,7.8,73.36,Otel,Strunjire,104,0,Niciunul
215,Placuta amovibila,WNMG080408,1501,1163.83,1.28,16.76,103.56,6.44,41.1,91.96,Inox,Strunjire,356,1,Uzura excesiva
216,Placuta amovibila,WNMG080408,4381,1045.04,2.64,16.2,37.18,1.72,19.6,73.73,Otel,Strunjire,49,0,Niciunul
217,Placuta amovibila,WNMG080408,1979,624.89,2.04,18.58,95.78,4.62,57.9,87.46,Otel,Strunjire,7,1,Supraincalzire
218,Placuta amovibila,WNMG080408,2527,406.47,0.71,8.25,65.82,1.28,1.7,62.16,Aluminiu,Strunjire,398,0,Niciunul
219,Placuta amovibila,WNMG080408,3116,993.48,0.36,13.51,35.01,1.94,9.3,64.27,Inox,Strunjire,56,0,Niciunul
220,Placuta amovibila,WNMG080408,4574,764.53,2.3,8.79,149.39,9.66,86.4,98.56,Otel,Strunjire,385,1,Uzura excesiva
221,Placuta amovibila,WNMG080408,4650,505.79,1.38,8.92,61.6,1.21,18.8,64.44,Inox,Strunjire,422,0,Niciunul
222,Placuta amovibila,WNMG080408,4787,356.77,2.85,9,57.8,1.25,16.4,70.28,Aluminiu,Strunjire,220,0,Niciunul
223,Placuta amovibila,WNMG080408,2682,444.56,1.26,19.13,54.46,1.74,7.7,68.72,Inox,Strunjire,18,0,Niciunul
224,Placuta amovibila,WNMG080408,2315,722.27,1.88,9.58,66.8,1.53,3.1,69.43,Otel,Strunjire,172,0,Niciunul
225,Placuta amovibila,WNMG080408,1734,221.03,1.77,16.67,40.78,1.08,11.7,69.8,Inox,Strunjire,291,0,Niciunul
226,Placuta amovibila,WNMG080408,1502,275.41,1.57,7.24,49.68,0.64,19.8,70.49,Otel,Strunjire,331,0,Niciunul
227,Placuta amovibila,WNMG080408,3238,464.64,2.91,9.94,51.02,0.64,7,62.42,Otel,Strunjire,196,0,Niciunul
228,Placuta amovibila,WNMG080408,1570,336.19,2.78,19.57,54.92,0.55,7.1,73.89,Aluminiu,Strunjire,380,0,Niciunul
229,Placuta amovibila,WNMG080408,5076,361.65,2.35,9.4,144.43,10.17,54.3,85.03,Otel,Strunjire,52,1,Vibratii
230,Placuta amovibila,WNMG080408,2723,1103.67,0.78,10.13,52.13,1.11,10.5,71.23,Otel,Strunjire,341,0,Niciunul
231,Placuta amovibila,WNMG080408,2336,431.36,2.19,19.13,46.33,1.36,14.6,64.27,Otel,Strunjire,407,0,Niciunul
232,Placuta amovibila,WNMG080408,1799,1009.38,1.12,12.41,64.28,1.07,17.7,70.96,Inox,Strunjire,459,0,Niciunul
233,Placuta amovibila,WNMG080408,1877,690.24,2.26,13.79,62.65,1.93,19.4,63.95,Inox,Strunjire,78,0,Niciunul
234,Placuta amovibila,WNMG080408,4405,947.03,0.75,9.88,35.18,1.01,8.9,66.28,Otel,Strunjire,250,0,Niciunul
235,Placuta amovibila,WNMG080408,4018,1054.85,0.76,6.79,105.05,5.14,43.4,92.23,Aluminiu,Strunjire,420,1,Uzura excesiva
236,Placuta amovibila,WNMG080408,3064,444.65,2.66,11.22,69.26,1.28,5.2,63.11,Inox,Strunjire,220,0,Niciunul
237,Placuta amovibila,WNMG080408,4612,549.46,0.88,9.18,158.6,3.6,57.7,98.66,Aluminiu,Strunjire,5,1,Uzura excesiva
238,Placuta amovibila,WNMG080408,3990,345.88,2.37,12.72,41.55,0.69,4.7,64.72,Otel,Strunjire,249,0,Niciunul
239,Placuta amovibila,WNMG080408,5002,442.31,0.55,11.33,99.77,8.52,52.3,95.6,Aluminiu,Strunjire,64,1,Uzura excesiva
240,Placuta amovibila,WNMG080408,4569,918.43,1.03,5.68,124.79,10.75,42.4,89.78,Otel,Strunjire,208,1,Uzura excesiva
241,Placuta amovibila,WNMG080408,2386,773.53,0.36,6.56,50.83,1.17,16.4,60.03,Aluminiu,Strunjire,81,0,Niciunul
242,Placuta amovibila,WNMG080408,2150,622.55,2.42,19.73,35.91,1.18,17,60.05,Inox,Strunjire,404,0,Niciunul
243,Placuta amovibila,WNMG080408,4505,200.59,1.46,16.19,48.23,1.65,15.5,61.93,Otel,Strunjire,59,0,Niciunul
244,Placuta amovibila,WNMG080408,1597,668.92,1.54,18.17,51.51,1.64,14.8,69.54,Inox,Strunjire,77,0,Niciunul
245,Placuta amovibila,WNMG080408,5014,893.07,1.71,9.85,54.6,1.17,17.1,67.57,Otel,Strunjire,448,0,Niciunul
246,Placuta amovibila,WNMG080408,2185,899.08,2.75,11.26,64.02,1.33,3.9,68.46,Otel,Strunjire,15,0,Niciunul
247,Placuta amovibila,WNMG080408,2658,1043.62,0.23,13.58,37.21,0.95,1.7,70.04,Otel,Strunjire,455,0,Niciunul
248,Placuta amovibila,WNMG080408,4300,428.83,2.2,5.03,69.19,1.71,18.4,65.51,Aluminiu,Strunjire,136,0,Niciunul
249,Placuta amovibila,WNMG080408,3659,1142.65,0.58,18.56,65.41,0.82,0.1,74.31,Inox,Strunjire,63,0,Niciunul
250,Placuta amovibila,WNMG080408,2763,919.29,1.21,9.78,66.05,1.94,0.8,71.69,Inox,Strunjire,492,0,Niciunul
251,Placuta amovibila,WNMG080408,2259,620.04,0.95,18.62,40.32,0.74,10.8,61.25,Otel,Strunjire,410,0,Niciunul
252,Placuta amovibila,WNMG080408,1632,527.02,2.77,18.62,67.73,1.89,17.2,65.1,Otel,Strunjire,240,0,Niciunul
253,Placuta amovibila,WNMG080408,3879,543.19,1.15,13.28,37.79,1.72,15,69.11,Inox,Strunjire,236,0,Niciunul
254,Placuta amovibila,WNMG080408,4637,466.34,2.56,9.29,54.2,0.97,10.6,64.21,Inox,Strunjire,39,0,Niciunul
255,Placuta amovibila,WNMG080408,3692,662.04,1.46,17.16,58.05,1.52,12.7,60.24,Aluminiu,Strunjire,408,0,Niciunul
256,Placuta amovibila,WNMG080408,5215,780.05,1.88,5.55,56.2,1.82,12.3,63.25,Aluminiu,Strunjire,131,0,Niciunul
257,Placuta amovibila,WNMG080408,3597,693.58,0.88,10.85,121.88,8.73,87.4,93,Otel,Strunjire,272,1,Uzura excesiva
258,Placuta amovibila,WNMG080408,1732,683.04,1.5,6.46,54.01,0.69,17.8,60.12,Otel,Strunjire,485,0,Niciunul
259,Placuta amovibila,WNMG080408,2172,883.39,1.71,16.65,47.83,0.81,16.1,67.9,Aluminiu,Strunjire,401,0,Niciunul
260,Placuta amovibila,WNMG080408,2079,394.17,2.45,19.73,105.78,7.52,72.4,86.62,Inox,Strunjire,307,1,Uzura excesiva
261,Placuta amovibila,WNMG080408,2827,309.18,2.77,19.96,57.76,0.94,9.2,63.11,Otel,Strunjire,379,0,Niciunul
262,Placuta amovibila,WNMG080408,5729,350.41,2.29,17.47,39.93,0.72,14.2,68.88,Inox,Strunjire,237,0,Niciunul
263,Placuta amovibila,WNMG080408,3152,920.15,1.94,16.52,60.07,0.57,15.9,64.69,Inox,Strunjire,452,0,Niciunul
264,Placuta amovibila,WNMG080408,3101,271.42,2.21,11.21,37.48,1.08,10.9,66.15,Otel,Strunjire,91,0,Niciunul
265,Placuta amovibila,WNMG080408,2165,724.25,0.64,19.6,43.83,1.69,10.8,71.99,Otel,Strunjire,417,0,Niciunul
266,Placuta amovibila,WNMG080408,1575,1087.58,2.74,12.32,54.29,1.96,14.2,61.37,Aluminiu,Strunjire,153,0,Niciunul
267,Placuta amovibila,WNMG080408,4769,495.78,0.3,7.32,140.33,5.34,48.7,95.43,Aluminiu,Strunjire,131,1,Uzura excesiva
268,Placuta amovibila,WNMG080408,4302,832.34,0.55,16.08,36.77,0.62,2.7,60.23,Otel,Strunjire,162,0,Niciunul
269,Placuta amovibila,WNMG080408,4190,926.24,1.5,5.43,37.03,0.88,17.6,65.54,Aluminiu,Strunjire,357,0,Niciunul
270,Placuta amovibila,WNMG080408,5028,1097.46,0.34,19.84,40.15,1.22,9.8,71.63,Otel,Strunjire,407,0,Niciunul
271,Placuta amovibila,WNMG080408,4957,547.26,0.79,16.99,47.1,1.2,13.5,61.62,Inox,Strunjire,483,0,Niciunul
272,Placuta amovibila,WNMG080408,3975,278.98,1.12,5.36,52.08,1.91,14.6,72.72,Aluminiu,Strunjire,333,0,Niciunul
273,Placuta amovibila,WNMG080408,3354,472.04,1.44,10.04,105.73,8.7,44.7,98.02,Aluminiu,Strunjire,369,1,Vibratii
274,Placuta amovibila,WNMG080408,4753,239.2,2.32,17.07,159.54,4.71,96.8,99.98,Inox,Strunjire,90,1,Vibratii
275,Placuta amovibila,WNMG080408,2689,216.1,1.14,6.13,134.93,6.89,67.3,82.7,Otel,Strunjire,345,1,Vibratii
276,Placuta amovibila,WNMG080408,2428,684.66,0.92,6.15,106.58,3.62,69.1,92.69,Otel,Strunjire,241,1,Vibratii
277,Placuta amovibila,WNMG080408,4638,463.26,0.79,18.66,42.75,1.73,13.4,64.24,Aluminiu,Strunjire,250,0,Niciunul
278,Placuta amovibila,WNMG080408,5394,907.06,1.31,13.39,40.45,0.74,0.4,71.03,Otel,Strunjire,286,0,Niciunul
279,Placuta amovibila,WNMG080408,4740,752.93,2.41,6.38,114.49,4.05,41.7,86.62,Aluminiu,Strunjire,472,1,Supraincalzire
280,Placuta amovibila,WNMG080408,2580,1112.19,1.06,13.15,41.07,1.06,3.7,66.51,Aluminiu,Strunjire,289,0,Niciunul
281,Placuta amovibila,WNMG080408,1967,1105.17,2.36,5.38,106.98,7.12,60.1,95.52,Inox,Strunjire,408,1,Vibratii
282,Placuta amovibila,WNMG080408,1815,862.46,1.23,16.34,60.23,0.79,16.8,69.12,Otel,Strunjire,107,0,Niciunul
283,Placuta amovibila,WNMG080408,1891,966.38,2.39,7.47,135.83,10.7,77.5,83.57,Otel,Strunjire,414,1,Supraincalzire
284,Placuta amovibila,WNMG080408,5516,470.41,2.98,5.6,130.97,3.98,87.5,80.64,Otel,Strunjire,392,1,Supraincalzire
285,Placuta amovibila,WNMG080408,5906,613.77,1.36,17.76,36.71,0.68,12.5,66.48,Inox,Strunjire,28,0,Niciunul
286,Placuta amovibila,WNMG080408,4349,855.46,2.61,16.68,37.36,1.47,4,72.72,Inox,Strunjire,86,0,Niciunul
287,Placuta amovibila,WNMG080408,4240,438.51,0.53,17.11,49.68,0.86,18.6,61.63,Otel,Strunjire,323,0,Niciunul
288,Placuta amovibila,WNMG080408,5823,268.11,2.54,17.76,38.51,0.99,18.7,62.7,Inox,Strunjire,315,0,Niciunul
289,Placuta amovibila,WNMG080408,4322,218.45,2.71,11.67,85.99,8.31,62.5,87.57,Otel,Strunjire,203,1,Uzura excesiva
290,Placuta amovibila,WNMG080408,1944,532.7,0.24,18.9,132.08,7.26,55.7,87.33,Otel,Strunjire,350,1,Vibratii
291,Placuta amovibila,WNMG080408,4547,434.12,2.64,10.03,127.48,5.96,55.4,98.56,Otel,Strunjire,96,1,Supraincalzire
292,Placuta amovibila,WNMG080408,2515,824.64,2.66,7.66,36.75,1.43,16.9,68.94,Aluminiu,Strunjire,186,0,Niciunul
293,Placuta amovibila,WNMG080408,4464,350.01,2.76,7.6,65.29,1.77,0.9,67.99,Inox,Strunjire,317,0,Niciunul
294,Placuta amovibila,WNMG080408,5680,397.98,1.06,10.72,66.5,1.23,2.8,61.3,Aluminiu,Strunjire,24,0,Niciunul
295,Placuta amovibila,WNMG080408,3249,444.16,2.92,11,44.95,1.06,16.5,60.28,Aluminiu,Strunjire,200,0,Niciunul
296,Placuta amovibila,WNMG080408,5869,1198.43,1.82,10.6,48.79,1.18,13.2,71.41,Otel,Strunjire,431,0,Niciunul
297,Placuta amovibila,WNMG080408,1588,1047.71,0.84,8.22,63.55,1.56,4.9,74.42,Otel,Strunjire,302,0,Niciunul
298,Placuta amovibila,WNMG080408,5533,506.45,2.77,10.18,44.3,1.52,0.1,64.96,Aluminiu,Strunjire,313,0,Niciunul
299,Placuta amovibila,WNMG080408,1962,1166.98,2.21,16.56,66.53,1.14,7.5,62.47,Inox,Strunjire,153,0,Niciunul
300,Placuta amovibila,WNMG080408,4878,859.4,0.53,7.64,90.46,10.31,48.5,97.13,Otel,Strunjire,74,1,Uzura excesiva
1,Placuta amovibila,CNMG120408,2678,500.99,0.73,7.85,51.21,0.99,14.7,65.15,Aluminiu,Strunjire,500,0,Niciunul
2,Placuta amovibila,CNMG120408,2611,242.05,0.31,10.82,119.21,5.13,55.6,92.34,Otel,Strunjire,300,1,Vibratii
3,Placuta amovibila,CNMG120408,1617,809.39,2.98,13.89,60.77,0.86,5,61.35,Otel,Strunjire,68,0,Niciunul
4,Placuta amovibila,CNMG120408,5027,315.12,2.41,9.51,66.75,1.9,3.1,71.15,Aluminiu,Strunjire,275,0,Niciunul
5,Placuta amovibila,CNMG120408,5659,340.84,2.23,18.99,122.37,9.34,49.2,83.87,Otel,Strunjire,182,1,Uzura excesiva
6,Placuta amovibila,CNMG120408,5526,832.45,2.1,6.8,62.16,1.15,10.8,61.83,Aluminiu,Strunjire,250,0,Niciunul
7,Placuta amovibila,CNMG120408,2447,846.09,2.8,14.5,100.57,8.28,51.7,98.4,Inox,Strunjire,143,1,Vibratii
8,Placuta amovibila,CNMG120408,2610,1050.63,1.15,15.66,36.46,0.77,4.2,64.91,Aluminiu,Strunjire,478,0,Niciunul
9,Placuta amovibila,CNMG120408,5663,457.97,0.18,12.31,46.59,1.66,4.7,63.04,Otel,Strunjire,395,0,Niciunul
10,Placuta amovibila,CNMG120408,1859,671.44,1.12,16.35,37.27,0.57,14,71.24,Otel,Strunjire,453,0,Niciunul
11,Placuta amovibila,CNMG120408,3759,746.69,2.07,15.8,55.96,1.4,15.2,65.65,Otel,Strunjire,405,0,Niciunul
12,Placuta amovibila,CNMG120408,4819,1103.51,0.27,11.38,41.17,0.78,7.4,62.35,Inox,Strunjire,424,0,Niciunul
13,Placuta amovibila,CNMG120408,5014,544.51,1.96,13.01,68.07,0.85,8.3,64.12,Inox,Strunjire,273,0,Niciunul
14,Placuta amovibila,CNMG120408,4312,272.39,0.39,19.95,60.3,0.6,7.9,61.14,Inox,Strunjire,340,0,Niciunul
15,Placuta amovibila,CNMG120408,5419,1088.14,1.33,16.55,60.48,1.83,0.9,60.36,Aluminiu,Strunjire,13,0,Niciunul
16,Placuta amovibila,CNMG120408,2206,602.27,2.18,7.48,67.78,1.76,3.9,67.96,Otel,Strunjire,123,0,Niciunul
17,Placuta amovibila,CNMG120408,5878,334.98,2.28,5.54,36.03,0.73,19.5,67.68,Aluminiu,Strunjire,484,0,Niciunul
18,Placuta amovibila,CNMG120408,5176,620.47,1.64,18.9,99.25,3.73,72.2,92.13,Aluminiu,Strunjire,206,1,Vibratii
19,Placuta amovibila,CNMG120408,1979,891.76,0.14,8.49,38.56,0.92,12.1,60.38,Otel,Strunjire,30,0,Niciunul
20,Placuta amovibila,CNMG120408,5537,783.66,2.1,8.1,38.45,1.91,19.5,60.55,Aluminiu,Strunjire,319,0,Niciunul
21,Placuta amovibila,CNMG120408,4719,323.67,1.13,9.02,137.15,7.47,51.5,94.33,Otel,Strunjire,22,1,Uzura excesiva
22,Placuta amovibila,CNMG120408,2014,587.26,1.06,19.77,45.34,1.29,4.4,69.99,Inox,Strunjire,134,0,Niciunul
23,Placuta amovibila,CNMG120408,2033,531.8,0.98,19.56,66.52,1.38,3.1,74.01,Inox,Strunjire,485,0,Niciunul
24,Placuta amovibila,CNMG120408,2878,936.34,0.75,12.67,134.03,5.7,91.2,87.83,Aluminiu,Strunjire,346,1,Uzura excesiva
25,Placuta amovibila,CNMG120408,5645,775.45,2.27,10.79,121.4,7.58,59.1,85.98,Aluminiu,Strunjire,496,1,Vibratii
26,Placuta amovibila,CNMG120408,3949,501.36,2.06,14.99,55.2,1.35,10.2,66.53,Aluminiu,Strunjire,482,0,Niciunul
27,Placuta amovibila,CNMG120408,2092,1173.58,0.42,8.17,123.22,9.12,70.3,83.39,Inox,Strunjire,398,1,Vibratii
28,Placuta amovibila,CNMG120408,3281,235.66,0.61,16.89,93.49,5.31,48.4,99.06,Inox,Strunjire,336,1,Vibratii
29,Placuta amovibila,CNMG120408,4525,1107.52,2.46,19.09,84.17,11.82,95.3,87.92,Otel,Strunjire,426,1,Vibratii
30,Placuta amovibila,CNMG120408,3877,211.58,1.38,16.46,80.49,9.4,85.9,83.75,Inox,Strunjire,486,1,Uzura excesiva
31,Placuta amovibila,CNMG120408,1645,1181.17,2.41,9.89,55.93,1.24,17.7,73.66,Otel,Strunjire,404,0,Niciunul
32,Placuta amovibila,CNMG120408,5236,465.22,2.86,17.7,96.61,10.94,83.9,92.99,Aluminiu,Strunjire,237,1,Vibratii
33,Placuta amovibila,CNMG120408,3534,310.26,2.75,18.41,40.21,1.5,10.5,60.3,Otel,Strunjire,398,0,Niciunul
34,Placuta amovibila,CNMG120408,5707,689.96,1,13.48,39.57,0.81,7.2,66.67,Inox,Strunjire,101,0,Niciunul
35,Placuta amovibila,CNMG120408,1696,954.37,0.22,12.09,95.07,5.17,44.6,95.39,Inox,Strunjire,46,1,Vibratii
36,Placuta amovibila,CNMG120408,5550,358.46,1.45,15.63,105.33,10.54,76.5,85.16,Inox,Strunjire,251,1,Uzura excesiva
37,Placuta amovibila,CNMG120408,3364,475.32,2.04,15.78,88.12,10.96,56.3,83.22,Inox,Strunjire,458,1,Vibratii
38,Placuta amovibila,CNMG120408,4313,1166.71,1.59,10.23,51.48,1.05,4.8,69.73,Inox,Strunjire,92,0,Niciunul
39,Placuta amovibila,CNMG120408,5331,1034.75,3,13.6,62.6,1.01,15.1,70.27,Inox,Strunjire,352,0,Niciunul
40,Placuta amovibila,CNMG120408,5487,241.59,0.79,14.11,108.61,7.91,78.1,86.12,Inox,Strunjire,248,1,Supraincalzire
41,Placuta amovibila,CNMG120408,5830,682.08,1.26,11.75,125.87,11.94,90.5,95.43,Otel,Strunjire,130,1,Uzura excesiva
42,Placuta amovibila,CNMG120408,3860,798.1,0.21,8.37,83.19,3.74,76.5,91.35,Aluminiu,Strunjire,89,1,Vibratii
43,Placuta amovibila,CNMG120408,1858,831.5,1.71,7.42,112.06,6.1,85.2,95.13,Aluminiu,Strunjire,267,1,Supraincalzire
44,Placuta amovibila,CNMG120408,2858,255.2,2.57,8.45,51.33,0.53,7.8,73.44,Otel,Strunjire,457,0,Niciunul
45,Placuta amovibila,CNMG120408,2040,1176.43,0.29,10.13,97.34,4.97,51.8,92.87,Otel,Strunjire,425,1,Vibratii
46,Placuta amovibila,CNMG120408,2000,1102.57,1.76,7.22,43.4,0.78,15.1,72.42,Inox,Strunjire,453,0,Niciunul
47,Placuta amovibila,CNMG120408,2241,267.03,1.23,17.6,37.96,0.79,18.1,62.23,Inox,Strunjire,398,0,Niciunul
48,Placuta amovibila,CNMG120408,4783,732.19,1.3,10.25,66.11,0.89,18.5,72.88,Aluminiu,Strunjire,420,0,Niciunul
49,Placuta amovibila,CNMG120408,2012,659.4,0.12,5.47,81.77,10.85,87.2,89.94,Aluminiu,Strunjire,261,1,Uzura excesiva
50,Placuta amovibila,CNMG120408,5594,1172.27,2.34,11.45,109.79,9.06,79.6,97.86,Inox,Strunjire,158,1,Uzura excesiva
51,Placuta amovibila,CNMG120408,2932,325.72,2.95,11.57,52.19,1.07,4.9,66.07,Aluminiu,Strunjire,69,0,Niciunul
52,Placuta amovibila,CNMG120408,3041,955.84,2.54,10.67,128.56,4.18,76.5,89.13,Inox,Strunjire,191,1,Vibratii
53,Placuta amovibila,CNMG120408,2979,319.12,1.24,19.64,65.31,1.18,13.4,72.51,Inox,Strunjire,493,0,Niciunul
54,Placuta amovibila,CNMG120408,3355,1059.35,1.79,14.58,67.7,0.73,8.4,72.08,Otel,Strunjire,493,0,Niciunul
55,Placuta amovibila,CNMG120408,4889,1007.58,1.9,7.9,44.65,1.39,8.5,71.68,Aluminiu,Strunjire,300,0,Niciunul
56,Placuta amovibila,CNMG120408,2213,913.83,2.23,14.89,57.44,1.68,16.9,68.33,Aluminiu,Strunjire,494,0,Niciunul
57,Placuta amovibila,CNMG120408,5650,810.79,0.99,10.12,66.61,0.96,9.5,72.77,Otel,Strunjire,33,0,Niciunul
58,Placuta amovibila,CNMG120408,3062,471.17,0.62,17.5,35.65,0.64,16.2,72.61,Otel,Strunjire,43,0,Niciunul
59,Placuta amovibila,CNMG120408,4774,318.15,0.79,16.96,66.51,1.51,4.3,70.49,Aluminiu,Strunjire,287,0,Niciunul
60,Placuta amovibila,CNMG120408,5220,1192,1.85,10.77,44.3,1.44,13.4,70.27,Inox,Strunjire,343,0,Niciunul
61,Placuta amovibila,CNMG120408,2453,839.49,2.89,5.16,44.99,1.34,15.4,62.58,Otel,Strunjire,287,0,Niciunul
62,Placuta amovibila,CNMG120408,4551,1185.96,2.54,6.48,87.81,9.06,81.2,99.66,Otel,Strunjire,329,1,Uzura excesiva
63,Placuta amovibila,CNMG120408,3389,683.22,0.55,10.73,36,1.92,9.9,67.68,Aluminiu,Strunjire,413,0,Niciunul
64,Placuta amovibila,CNMG120408,5704,360.12,1.29,19.93,115.32,3.46,89.8,83.86,Inox,Strunjire,319,1,Vibratii
65,Placuta amovibila,CNMG120408,1574,922.62,1.78,13.88,158.61,10.62,94.4,93.16,Aluminiu,Strunjire,222,1,Vibratii
66,Placuta amovibila,CNMG120408,2284,554.46,2.02,17.41,94.09,8.59,72.5,97.13,Inox,Strunjire,239,1,Supraincalzire
67,Placuta amovibila,CNMG120408,3064,242.92,1.37,17.78,65.91,1.33,15,66.45,Otel,Strunjire,452,0,Niciunul
68,Placuta amovibila,CNMG120408,5269,970.52,2.69,5.02,50.78,0.64,16.6,64.51,Inox,Strunjire,160,0,Niciunul
69,Placuta amovibila,CNMG120408,3792,714.43,0.35,12.77,47.83,0.97,2.6,63.14,Aluminiu,Strunjire,3,0,Niciunul
70,Placuta amovibila,CNMG120408,2335,844.95,0.99,18.81,55.75,0.7,8.5,62.48,Inox,Strunjire,341,0,Niciunul
71,Placuta amovibila,CNMG120408,1817,348.82,2.86,10.66,53.25,1.89,14.2,73.59,Otel,Strunjire,460,0,Niciunul
72,Placuta amovibila,CNMG120408,5622,788.74,0.78,16.08,152.74,6.47,61,99.45,Inox,Strunjire,272,1,Vibratii
73,Placuta amovibila,CNMG120408,3089,624.02,1.64,5.16,64.58,0.65,12.4,60.51,Aluminiu,Strunjire,138,0,Niciunul
74,Placuta amovibila,CNMG120408,2797,931.49,1.98,15.23,58.97,1.99,3,71.16,Aluminiu,Strunjire,496,0,Niciunul
75,Placuta amovibila,CNMG120408,3804,385.51,2.38,18.42,52.78,0.79,5.6,63.56,Otel,Strunjire,460,0,Niciunul
76,Placuta amovibila,CNMG120408,3978,577.29,0.51,9.38,56.8,0.9,3.2,61.06,Inox,Strunjire,167,0,Niciunul
77,Placuta amovibila,CNMG120408,1734,1070.66,2.71,19.09,51.42,1.58,1.1,71.25,Otel,Strunjire,431,0,Niciunul
78,Placuta amovibila,CNMG120408,1827,944.79,1.09,13.67,57.97,0.58,3.1,72.68,Aluminiu,Strunjire,425,0,Niciunul
79,Placuta amovibila,CNMG120408,2460,432.1,1.17,17.93,83.05,5.8,92.1,94.84,Aluminiu,Strunjire,240,1,Supraincalzire
80,Placuta amovibila,CNMG120408,5898,287.71,2.3,7.95,64.68,1.99,9.9,67.85,Inox,Strunjire,497,0,Niciunul
81,Placuta amovibila,CNMG120408,3924,786.2,1.64,5.35,47.44,0.77,8.9,67.57,Inox,Strunjire,32,0,Niciunul
82,Placuta amovibila,CNMG120408,4459,1109.18,1.81,19.98,47.07,1.22,12.8,74.43,Aluminiu,Strunjire,149,0,Niciunul
83,Placuta amovibila,CNMG120408,2509,740.01,0.14,6.33,58.68,1.65,9.2,71.82,Inox,Strunjire,409,0,Niciunul
84,Placuta amovibila,CNMG120408,5804,572.14,1.53,16.12,67.95,0.84,4.7,60.3,Otel,Strunjire,320,0,Niciunul
85,Placuta amovibila,CNMG120408,2044,961.99,1.76,14.37,58.79,0.82,5.6,63.1,Otel,Strunjire,417,0,Niciunul
86,Placuta amovibila,CNMG120408,4455,716.93,1.8,17.12,127.22,8.99,87,95.72,Otel,Strunjire,35,1,Supraincalzire
87,Placuta amovibila,CNMG120408,3703,1056.66,1.01,19.87,61.47,1.13,7.4,63.86,Inox,Strunjire,376,0,Niciunul
88,Placuta amovibila,CNMG120408,2054,730.83,0.26,13.3,64.62,1.67,15.7,63.83,Otel,Strunjire,193,0,Niciunul
89,Placuta amovibila,CNMG120408,2145,489.68,2.45,10.75,45.99,0.57,3.5,70.16,Otel,Strunjire,349,0,Niciunul
90,Placuta amovibila,CNMG120408,4444,1025.99,1.92,18.28,58,1.12,2.3,61.59,Inox,Strunjire,214,0,Niciunul
91,Placuta amovibila,CNMG120408,2908,477.29,0.55,17.72,65.72,1.91,15.8,69.8,Otel,Strunjire,218,0,Niciunul
92,Placuta amovibila,CNMG120408,3210,1105.12,0.4,12.2,122.36,9.88,41.3,96.04,Otel,Strunjire,128,1,Uzura excesiva
93,Placuta amovibila,CNMG120408,3566,290.28,0.15,9.89,66.68,0.61,17.3,66.6,Inox,Strunjire,331,0,Niciunul
94,Placuta amovibila,CNMG120408,4921,417.08,1.71,11.61,37.77,1.4,3.2,64.97,Inox,Strunjire,143,0,Niciunul
95,Placuta amovibila,CNMG120408,5246,1083.55,1.16,7.04,49.73,1.94,0.2,60.62,Aluminiu,Strunjire,51,0,Niciunul
96,Placuta amovibila,CNMG120408,2202,485.29,0.22,12.7,51.93,0.82,14.2,73.92,Otel,Strunjire,174,0,Niciunul
97,Placuta amovibila,CNMG120408,3321,352.39,0.91,7.62,102.84,7.8,78.5,84.09,Inox,Strunjire,128,1,Vibratii
98,Placuta amovibila,CNMG120408,4851,792.13,2.6,11.32,60.14,1.95,15.6,60.95,Inox,Strunjire,43,0,Niciunul
99,Placuta amovibila,CNMG120408,2662,215.32,0.34,15.52,65.97,1.79,11,60.42,Inox,Strunjire,361,0,Niciunul
100,Placuta amovibila,CNMG120408,3776,408.6,1.3,9.47,43.01,1.59,15.3,60.56,Inox,Strunjire,140,0,Niciunul
101,Placuta amovibila,CNMG120408,5249,638.08,0.22,5.24,52.52,1.78,1.1,67.48,Inox,Strunjire,263,0,Niciunul
102,Placuta amovibila,CNMG120408,5436,466.51,2.17,9.81,52.96,1.11,12,66.73,Inox,Strunjire,300,0,Niciunul
103,Placuta amovibila,CNMG120408,1503,304.2,1.65,15.02,61.1,0.92,5.1,60.49,Aluminiu,Strunjire,182,0,Niciunul
104,Placuta amovibila,CNMG120408,3908,939.01,0.95,18.15,126.19,7.79,99.6,98.3,Otel,Strunjire,337,1,Uzura excesiva
105,Placuta amovibila,CNMG120408,5199,1056.26,2.82,12.45,48.99,1.36,19.3,70.95,Otel,Strunjire,398,0,Niciunul
106,Placuta amovibila,CNMG120408,1502,382.18,1.74,18.42,62.86,1.15,18,70.62,Inox,Strunjire,215,0,Niciunul
107,Placuta amovibila,CNMG120408,4518,701.22,2.68,10.17,117.77,11.88,59.7,86.84,Otel,Strunjire,287,1,Uzura excesiva
108,Placuta amovibila,CNMG120408,3316,1109.73,1,8.11,147.39,10.04,58.5,87.19,Otel,Strunjire,253,1,Supraincalzire
109,Placuta amovibila,CNMG120408,2643,731.71,0.81,11.32,51.88,1.31,12.7,74.9,Otel,Strunjire,385,0,Niciunul
110,Placuta amovibila,CNMG120408,4534,238.25,2.66,19.81,38.35,0.8,17.2,61.03,Aluminiu,Strunjire,437,0,Niciunul
111,Placuta amovibila,CNMG120408,5651,879.46,1.45,5.23,54.96,1.93,4.3,68.31,Inox,Strunjire,329,0,Niciunul
112,Placuta amovibila,CNMG120408,5556,278.74,0.84,7.71,49.28,1.59,0.9,64.92,Otel,Strunjire,183,0,Niciunul
113,Placuta amovibila,CNMG120408,4658,563.56,1.44,13.62,39.49,0.59,10.3,64.75,Inox,Strunjire,80,0,Niciunul
114,Placuta amovibila,CNMG120408,2475,1145.28,2.59,7.98,68.88,1.44,7.6,65.66,Otel,Strunjire,468,0,Niciunul
115,Placuta amovibila,CNMG120408,3712,467.86,0.74,6.48,55.5,1.2,4.2,60.09,Inox,Strunjire,84,0,Niciunul
116,Placuta amovibila,CNMG120408,5571,1081.34,2.66,19.34,46.88,1.02,6.7,73.96,Inox,Strunjire,6,0,Niciunul
117,Placuta amovibila,CNMG120408,2458,572.32,0.89,14.66,53.83,0.78,5.7,65.58,Inox,Strunjire,112,0,Niciunul
118,Placuta amovibila,CNMG120408,4117,968.95,0.61,14.46,42.36,1.27,2.5,73.68,Inox,Strunjire,70,0,Niciunul
119,Placuta amovibila,CNMG120408,1772,1138.34,1.15,12.79,51.03,1.81,13.3,63.99,Inox,Strunjire,200,0,Niciunul
120,Placuta amovibila,CNMG120408,3561,432.86,0.42,13.82,62.16,1.32,17.7,65.29,Inox,Strunjire,345,0,Niciunul
121,Placuta amovibila,CNMG120408,2472,435.68,1.63,17.95,39.7,1.63,1.3,60.04,Inox,Strunjire,170,0,Niciunul
122,Placuta amovibila,CNMG120408,3251,1001.24,1.74,12.23,54.22,0.9,4.8,68.35,Aluminiu,Strunjire,406,0,Niciunul
123,Placuta amovibila,CNMG120408,1594,1008.51,1.19,5.38,43.4,1.53,1.7,61.87,Otel,Strunjire,218,0,Niciunul
124,Placuta amovibila,CNMG120408,2356,815.51,0.4,14.52,54.9,0.88,14.7,69.05,Aluminiu,Strunjire,300,0,Niciunul
125,Placuta amovibila,CNMG120408,3437,1179.8,2.33,19.15,41.61,0.69,14.5,67.08,Otel,Strunjire,451,0,Niciunul
126,Placuta amovibila,CNMG120408,3735,965.61,2.83,9.61,52.36,1.57,10.5,67.16,Inox,Strunjire,294,0,Niciunul
127,Placuta amovibila,CNMG120408,5990,951.8,0.22,14.56,129.9,6.73,74.9,92.34,Inox,Strunjire,98,1,Vibratii
128,Placuta amovibila,CNMG120408,5824,594.05,0.87,17.29,46.83,1.27,3.5,72.67,Otel,Strunjire,406,0,Niciunul
129,Placuta amovibila,CNMG120408,4807,412.49,0.4,16.25,40.16,1.75,17.6,74.72,Inox,Strunjire,468,0,Niciunul
130,Placuta amovibila,CNMG120408,2870,1170.53,1.17,18.67,58.21,1.46,6.3,71.11,Aluminiu,Strunjire,260,0,Niciunul
131,Placuta amovibila,CNMG120408,2360,813.62,0.35,13.25,37.64,1.87,2.7,63.32,Otel,Strunjire,75,0,Niciunul
132,Placuta amovibila,CNMG120408,1920,856.65,0.3,12.47,61.7,1.47,4.8,61.61,Inox,Strunjire,94,0,Niciunul
133,Placuta amovibila,CNMG120408,1612,1057.5,1.43,5.93,50.29,1.13,13.3,60.69,Inox,Strunjire,460,0,Niciunul
134,Placuta amovibila,CNMG120408,5469,468.66,2.08,6.27,64.88,1.97,18.8,60.54,Otel,Strunjire,356,0,Niciunul
135,Placuta amovibila,CNMG120408,2028,263.21,0.83,15.09,51.86,1.57,6.6,63.31,Otel,Strunjire,470,0,Niciunul
136,Placuta amovibila,CNMG120408,1562,214.05,1.43,14.71,42.37,1.56,11.4,63.47,Aluminiu,Strunjire,41,0,Niciunul
137,Placuta amovibila,CNMG120408,4007,493.39,0.25,10.9,116.69,9.06,58.8,92.1,Inox,Strunjire,208,1,Vibratii
138,Placuta amovibila,CNMG120408,2910,1158.62,1.67,15.8,36.89,0.69,0.9,67.32,Inox,Strunjire,169,0,Niciunul
139,Placuta amovibila,CNMG120408,3040,260.19,2.63,5.12,133.89,4.99,69.2,96.16,Aluminiu,Strunjire,374,1,Uzura excesiva
140,Placuta amovibila,CNMG120408,4791,268.97,1.04,15.67,142.07,5.49,93.8,92.21,Otel,Strunjire,99,1,Vibratii
141,Placuta amovibila,CNMG120408,3516,1066.39,1.43,5.05,118.17,3.26,96.4,91.41,Inox,Strunjire,486,1,Supraincalzire
142,Placuta amovibila,CNMG120408,2177,1114.09,1.17,14.55,125.12,8.91,68,95.28,Inox,Strunjire,313,1,Vibratii
143,Placuta amovibila,CNMG120408,5852,1031.56,1.47,19.75,40.32,1.74,12.4,61.77,Aluminiu,Strunjire,296,0,Niciunul
144,Placuta amovibila,CNMG120408,3491,320.23,0.93,8.89,45.65,0.97,0.6,60.99,Otel,Strunjire,457,0,Niciunul
145,Placuta amovibila,CNMG120408,2933,741.49,0.28,17.14,137.72,5.44,99.5,93.96,Otel,Strunjire,491,1,Uzura excesiva
146,Placuta amovibila,CNMG120408,1926,1093.69,0.27,14.25,102.73,11,41.1,87.38,Otel,Strunjire,234,1,Supraincalzire
147,Placuta amovibila,CNMG120408,1579,286.93,2.78,11.9,94.22,11.92,91.8,91.78,Otel,Strunjire,70,1,Vibratii
148,Placuta amovibila,CNMG120408,5601,861.45,1.71,15.76,122.57,9.13,69.4,80.73,Aluminiu,Strunjire,250,1,Vibratii
149,Placuta amovibila,CNMG120408,4791,741.14,1.39,12.2,107.79,11.24,59,91.68,Otel,Strunjire,118,1,Vibratii
150,Placuta amovibila,CNMG120408,2666,288.02,1.85,7.25,35.96,1.23,8.4,63.92,Inox,Strunjire,167,0,Niciunul
151,Placuta amovibila,CNMG120408,3689,899.03,0.57,6.79,50.15,1.19,10.8,73.43,Aluminiu,Strunjire,219,0,Niciunul
152,Placuta amovibila,CNMG120408,5306,1069.34,2.57,18.74,41.08,1.19,8.2,63.66,Aluminiu,Strunjire,183,0,Niciunul
153,Placuta amovibila,CNMG120408,1921,795.78,1.07,5.3,39.51,0.68,19.8,72.31,Aluminiu,Strunjire,138,0,Niciunul
154,Placuta amovibila,CNMG120408,5671,302.11,1.83,18.07,37.86,1.97,0.8,71.89,Otel,Strunjire,73,0,Niciunul
155,Placuta amovibila,CNMG120408,4834,267.59,2.71,6.59,111.64,6.11,86.4,99.73,Inox,Strunjire,34,1,Vibratii
156,Placuta amovibila,CNMG120408,5946,205.88,2.35,14.02,44.91,1.78,19.3,65.06,Inox,Strunjire,205,0,Niciunul
157,Placuta amovibila,CNMG120408,3100,322.94,1.91,13.66,68.66,1.99,1.1,64.67,Aluminiu,Strunjire,54,0,Niciunul
158,Placuta amovibila,CNMG120408,5418,1094.66,1.26,6.69,44.09,1.45,0.1,62.45,Inox,Strunjire,200,0,Niciunul
159,Placuta amovibila,CNMG120408,3091,215.73,0.83,13.13,36.2,1.64,8.9,64.52,Aluminiu,Strunjire,37,0,Niciunul
160,Placuta amovibila,CNMG120408,3779,497.75,2.05,16.4,39.67,0.81,8,70.67,Otel,Strunjire,130,0,Niciunul
161,Placuta amovibila,CNMG120408,2285,342.73,1.52,18.33,69.18,0.9,13.4,64.34,Aluminiu,Strunjire,363,0,Niciunul
162,Placuta amovibila,CNMG120408,2608,477.89,1.09,9.69,38.29,1.1,17.2,73.46,Inox,Strunjire,10,0,Niciunul
163,Placuta amovibila,CNMG120408,3766,948.39,1.96,7.4,67.88,0.96,9,66.75,Inox,Strunjire,408,0,Niciunul
164,Placuta amovibila,CNMG120408,4349,441.31,1.17,17.94,48.8,1.07,6.9,60.52,Otel,Strunjire,399,0,Niciunul
165,Placuta amovibila,CNMG120408,1979,794.78,1.86,17.9,54.89,1.8,0.1,64.55,Otel,Strunjire,176,0,Niciunul
166,Placuta amovibila,CNMG120408,5769,999.66,0.73,8.91,64.74,0.92,1.5,74.51,Aluminiu,Strunjire,482,0,Niciunul
167,Placuta amovibila,CNMG120408,4697,1130.84,2.08,12.09,37.81,1,18.2,63.69,Aluminiu,Strunjire,432,0,Niciunul
168,Placuta amovibila,CNMG120408,3780,603.48,0.7,11.47,49.09,1.06,12.5,64.01,Otel,Strunjire,209,0,Niciunul
169,Placuta amovibila,CNMG120408,5533,463.79,1.2,10.48,107.46,4.65,61.8,81.92,Aluminiu,Strunjire,272,1,Vibratii
170,Placuta amovibila,CNMG120408,2934,201.38,1.81,15.46,68.51,1.1,2.8,71.77,Otel,Strunjire,272,0,Niciunul
171,Placuta amovibila,CNMG120408,2053,830.29,0.55,16.39,64.46,1.08,1.5,65.74,Otel,Strunjire,107,0,Niciunul
172,Placuta amovibila,CNMG120408,4144,803.28,2.42,18.58,48.46,1.34,10.1,72.89,Otel,Strunjire,477,0,Niciunul
173,Placuta amovibila,CNMG120408,5908,583.64,2.75,5.04,45.6,1.74,12.3,70.89,Otel,Strunjire,65,0,Niciunul
174,Placuta amovibila,CNMG120408,5732,758.78,1.41,17.84,40.22,0.65,9,62.92,Aluminiu,Strunjire,402,0,Niciunul
175,Placuta amovibila,CNMG120408,1570,806.43,1.15,8.95,68.49,1.74,17.9,67.18,Aluminiu,Strunjire,34,0,Niciunul
176,Placuta amovibila,CNMG120408,1857,250.65,2.66,14.3,48.16,0.71,15.6,72.14,Inox,Strunjire,200,0,Niciunul
177,Placuta amovibila,CNMG120408,4854,343.55,2.94,17.28,57.67,1.07,2.4,62.59,Otel,Strunjire,282,0,Niciunul
178,Placuta amovibila,CNMG120408,1591,783.03,2.59,6.41,38.16,0.61,6.1,67.35,Otel,Strunjire,101,0,Niciunul
179,Placuta amovibila,CNMG120408,4028,679.94,1.82,16.79,61.51,1.39,9.7,69.05,Aluminiu,Strunjire,105,0,Niciunul
180,Placuta amovibila,CNMG120408,4302,787.3,1.01,11.83,46.94,1.25,16,72.58,Inox,Strunjire,21,0,Niciunul
181,Placuta amovibila,CNMG120408,2499,731.18,1.95,6.27,56.5,0.84,16.6,67.55,Otel,Strunjire,179,0,Niciunul
182,Placuta amovibila,CNMG120408,4578,429.26,2.86,14.54,45.17,1.35,13.8,66.57,Otel,Strunjire,188,0,Niciunul
183,Placuta amovibila,CNMG120408,5493,330.21,1.74,15.52,115.49,9.19,45.6,97.45,Otel,Strunjire,168,1,Vibratii
184,Placuta amovibila,CNMG120408,4517,1185.08,0.43,6.72,65.55,1.46,19.3,74.43,Aluminiu,Strunjire,338,0,Niciunul
185,Placuta amovibila,CNMG120408,4734,1108.79,2.34,15.83,102.37,11.13,70.5,85.31,Otel,Strunjire,378,1,Supraincalzire
186,Placuta amovibila,CNMG120408,3918,480.52,1.63,10.44,115.84,7.79,92.5,87.51,Inox,Strunjire,292,1,Supraincalzire
187,Placuta amovibila,CNMG120408,3463,1080.63,0.97,13.99,41.71,1.26,12.1,73.23,Inox,Strunjire,404,0,Niciunul
188,Placuta amovibila,CNMG120408,4150,441.32,1.67,18.02,47.3,1.65,4.2,70.73,Inox,Strunjire,231,0,Niciunul
189,Placuta amovibila,CNMG120408,4186,1150.51,1.01,8.43,37.79,1.07,3.5,60.53,Otel,Strunjire,405,0,Niciunul
190,Placuta amovibila,CNMG120408,1765,1072.01,2.95,17.36,91.66,3.18,83.5,88.45,Otel,Strunjire,361,1,Uzura excesiva
191,Placuta amovibila,CNMG120408,2355,639.24,1.55,17.91,104.89,5.66,93.2,80.47,Inox,Strunjire,179,1,Supraincalzire
192,Placuta amovibila,CNMG120408,3384,1001.31,1.73,13.89,103.12,10.72,87.3,81.4,Otel,Strunjire,301,1,Supraincalzire
193,Placuta amovibila,CNMG120408,5022,218.83,2.87,11.61,38.33,0.66,17.1,69.27,Inox,Strunjire,451,0,Niciunul
194,Placuta amovibila,CNMG120408,2236,897.54,1.62,5.03,128.48,9.11,58.8,81.2,Inox,Strunjire,234,1,Uzura excesiva
195,Placuta amovibila,CNMG120408,3155,852.85,0.8,15.11,37.09,0.78,8.1,63.55,Otel,Strunjire,179,0,Niciunul
196,Placuta amovibila,CNMG120408,1691,1057.88,2.29,16.48,49.5,1.94,8.8,65.12,Otel,Strunjire,453,0,Niciunul
197,Placuta amovibila,CNMG120408,3613,208.51,1.88,14.87,44.26,1.74,18.3,65.57,Inox,Strunjire,389,0,Niciunul
198,Placuta amovibila,CNMG120408,2645,798.54,0.91,18.1,140.14,3.93,73.9,91.54,Aluminiu,Strunjire,273,1,Uzura excesiva
199,Placuta amovibila,CNMG120408,5145,1120.3,2.5,15.46,59.56,0.72,10.1,63.3,Aluminiu,Strunjire,137,0,Niciunul
200,Placuta amovibila,CNMG120408,5013,698.01,1.01,18.51,148.72,6.6,86.5,95.5,Otel,Strunjire,75,1,Supraincalzire
201,Placuta amovibila,CNMG120408,3420,320.57,2.94,13.61,68.18,1.44,19.2,67.34,Aluminiu,Strunjire,284,0,Niciunul
202,Placuta amovibila,CNMG120408,5945,480.29,1.88,5.71,53.03,0.69,13.4,68.69,Otel,Strunjire,412,0,Niciunul
203,Placuta amovibila,CNMG120408,4404,884.31,1.5,19.49,62.24,1.57,17.1,71.3,Otel,Strunjire,259,0,Niciunul
204,Placuta amovibila,CNMG120408,2046,540.88,0.28,5.41,155.88,5.36,75.2,82.06,Inox,Strunjire,422,1,Uzura excesiva
205,Placuta amovibila,CNMG120408,5062,556.44,1.22,15.18,36.91,1.55,1.5,63.18,Aluminiu,Strunjire,110,0,Niciunul
206,Placuta amovibila,CNMG120408,2378,762.73,2.21,18.51,122.61,4.52,62.9,97.74,Otel,Strunjire,12,1,Supraincalzire
207,Placuta amovibila,CNMG120408,2771,1197.17,1.09,6.68,66.71,0.6,7.6,60.5,Otel,Strunjire,314,0,Niciunul
208,Placuta amovibila,CNMG120408,3063,515.2,0.8,14.15,65.14,1.06,7,61.55,Aluminiu,Strunjire,167,0,Niciunul
209,Placuta amovibila,CNMG120408,3233,424.71,2.5,8.61,157.86,6.15,43.6,93.78,Aluminiu,Strunjire,461,1,Vibratii
210,Placuta amovibila,CNMG120408,4241,484.13,0.92,7.83,46.56,1.22,3.9,66.64,Otel,Strunjire,251,0,Niciunul
211,Placuta amovibila,CNMG120408,4665,1164.58,2.56,19,48.07,1.57,18.4,69.17,Inox,Strunjire,203,0,Niciunul
212,Placuta amovibila,CNMG120408,3916,226.39,0.32,12.93,47.83,1.42,13.7,72.6,Otel,Strunjire,181,0,Niciunul
213,Placuta amovibila,CNMG120408,2200,250.85,0.69,13.51,67.13,1.47,17.3,71.68,Aluminiu,Strunjire,433,0,Niciunul
214,Placuta amovibila,CNMG120408,5404,1170.22,1.85,12.86,44.47,1.97,16.4,72.9,Aluminiu,Strunjire,270,0,Niciunul
215,Placuta amovibila,CNMG120408,3839,1143.79,2.49,5.08,48,1,9.6,68.65,Otel,Strunjire,287,0,Niciunul
216,Placuta amovibila,CNMG120408,4479,629.19,2.61,14.69,95.36,9.25,53.3,81.98,Otel,Strunjire,370,1,Supraincalzire
217,Placuta amovibila,CNMG120408,5825,1048.63,1.93,18.55,116.56,9.95,97.6,86.08,Aluminiu,Strunjire,176,1,Vibratii
218,Placuta amovibila,CNMG120408,3932,1089.36,0.39,17.06,41.23,1.64,15.7,64.16,Aluminiu,Strunjire,181,0,Niciunul
219,Placuta amovibila,CNMG120408,5987,516.9,2.72,14.82,42,1.85,18.4,71.88,Otel,Strunjire,121,0,Niciunul
220,Placuta amovibila,CNMG120408,2011,781.86,2.39,13.01,65.17,0.66,11.8,74.98,Otel,Strunjire,405,0,Niciunul
221,Placuta amovibila,CNMG120408,2844,544.22,0.16,17.66,37.67,1.8,1.9,71.72,Otel,Strunjire,302,0,Niciunul
222,Placuta amovibila,CNMG120408,3233,234.63,0.59,13.07,42.5,0.72,4.3,62.18,Otel,Strunjire,129,0,Niciunul
223,Placuta amovibila,CNMG120408,5022,982.93,0.14,6.54,65.66,0.6,9.9,74.58,Otel,Strunjire,313,0,Niciunul
224,Placuta amovibila,CNMG120408,1766,969.06,0.84,15.43,39.19,1.91,7.5,67.76,Otel,Strunjire,364,0,Niciunul
225,Placuta amovibila,CNMG120408,4921,634.33,1.58,11.47,40.85,1.47,10.9,74.2,Inox,Strunjire,200,0,Niciunul
226,Placuta amovibila,CNMG120408,5299,844.82,2.02,19.35,46.42,1.03,9,69.16,Aluminiu,Strunjire,106,0,Niciunul
227,Placuta amovibila,CNMG120408,2031,932.38,1.97,14.42,62.68,1.94,18.5,63.51,Otel,Strunjire,435,0,Niciunul
228,Placuta amovibila,CNMG120408,4301,211.28,0.16,10.23,49.96,1.91,10.9,61.35,Aluminiu,Strunjire,334,0,Niciunul
229,Placuta amovibila,CNMG120408,4224,636.11,2.88,19.03,63.22,0.83,17.1,60.93,Inox,Strunjire,339,0,Niciunul
230,Placuta amovibila,CNMG120408,2487,290.75,2.47,18.81,59.06,0.7,9.2,65.89,Inox,Strunjire,24,0,Niciunul
231,Placuta amovibila,CNMG120408,5194,682.62,2.58,7.27,49.73,0.51,3,63.34,Inox,Strunjire,83,0,Niciunul
232,Placuta amovibila,CNMG120408,5657,882.42,0.22,11.25,38.96,0.69,7.5,65.48,Otel,Strunjire,11,0,Niciunul
233,Placuta amovibila,CNMG120408,4271,345.92,0.62,11.38,36.5,1.27,2,61,Inox,Strunjire,135,0,Niciunul
234,Placuta amovibila,CNMG120408,5474,717.85,2.84,18.97,139,6.47,98.7,85.61,Otel,Strunjire,251,1,Supraincalzire
235,Placuta amovibila,CNMG120408,3190,683.41,1.74,5.8,38.9,1.16,2.6,68.63,Inox,Strunjire,40,0,Niciunul
236,Placuta amovibila,CNMG120408,2342,1062.02,2.31,15.07,35.13,0.71,1.6,61.25,Aluminiu,Strunjire,430,0,Niciunul
237,Placuta amovibila,CNMG120408,1547,670.9,0.99,10.87,66.09,1.36,11.3,70.94,Otel,Strunjire,15,0,Niciunul
238,Placuta amovibila,CNMG120408,4437,1159.12,2.27,9.88,35.36,0.65,3.8,64.45,Otel,Strunjire,271,0,Niciunul
239,Placuta amovibila,CNMG120408,1668,438.14,1.93,17.48,68.72,0.74,7.6,65.89,Inox,Strunjire,350,0,Niciunul
240,Placuta amovibila,CNMG120408,5514,1191.95,1.14,12.93,56.06,1.55,15.6,74.19,Aluminiu,Strunjire,37,0,Niciunul
241,Placuta amovibila,CNMG120408,2596,1151.71,0.88,7.41,43.7,0.94,11.6,73.88,Otel,Strunjire,107,0,Niciunul
242,Placuta amovibila,CNMG120408,4914,208.41,1.1,10.62,42.38,1.96,17.3,66.83,Otel,Strunjire,36,0,Niciunul
243,Placuta amovibila,CNMG120408,3814,1140.09,2.09,13.02,62.74,1.48,1.2,66.32,Inox,Strunjire,360,0,Niciunul
244,Placuta amovibila,CNMG120408,5545,208.85,1.62,11.26,56.37,1.74,10.4,69.87,Aluminiu,Strunjire,381,0,Niciunul
245,Placuta amovibila,CNMG120408,1666,1093.11,0.76,7.04,46.99,0.83,10.4,61.32,Otel,Strunjire,426,0,Niciunul
246,Placuta amovibila,CNMG120408,3364,1001.82,1.35,19.57,55.21,0.82,11.8,62.74,Aluminiu,Strunjire,118,0,Niciunul
247,Placuta amovibila,CNMG120408,3715,704.63,1.9,14.17,45.43,0.53,11.4,60.13,Inox,Strunjire,344,0,Niciunul
248,Placuta amovibila,CNMG120408,5772,735.11,0.45,11.65,48.71,1.19,0.2,60.45,Aluminiu,Strunjire,123,0,Niciunul
249,Placuta amovibila,CNMG120408,4006,744.32,0.68,9.98,96.39,8.84,96.3,81.32,Inox,Strunjire,111,1,Uzura excesiva
250,Placuta amovibila,CNMG120408,2502,330.03,0.91,13.4,158.2,10.95,83.8,97.21,Aluminiu,Strunjire,495,1,Vibratii
251,Placuta amovibila,CNMG120408,3215,489.62,1.91,14.18,50.66,1.41,19.5,69.98,Otel,Strunjire,232,0,Niciunul
252,Placuta amovibila,CNMG120408,4387,226.1,0.59,15.03,111.32,4.07,52.3,92.29,Aluminiu,Strunjire,164,1,Supraincalzire
253,Placuta amovibila,CNMG120408,5163,393.01,0.72,12.96,130.64,4.8,41.2,88.5,Otel,Strunjire,444,1,Vibratii
254,Placuta amovibila,CNMG120408,2927,265.09,2.38,14.02,55.57,1.99,3.1,61.1,Otel,Strunjire,138,0,Niciunul
255,Placuta amovibila,CNMG120408,1835,792.79,0.23,11.85,64.07,0.97,11.6,68.66,Aluminiu,Strunjire,175,0,Niciunul
256,Placuta amovibila,CNMG120408,4164,205.69,2.51,11.19,53.4,0.84,6.1,62.34,Inox,Strunjire,369,0,Niciunul
257,Placuta amovibila,CNMG120408,5259,1174.77,0.27,5.6,68.75,1.37,17.3,69.42,Otel,Strunjire,232,0,Niciunul
258,Placuta amovibila,CNMG120408,4140,388.63,0.69,7.51,44.67,0.68,12.7,70.45,Otel,Strunjire,111,0,Niciunul
259,Placuta amovibila,CNMG120408,3554,370.07,2.98,6.14,38.67,0.57,10.2,60.54,Aluminiu,Strunjire,397,0,Niciunul
260,Placuta amovibila,CNMG120408,1780,317.68,1.21,13.59,57.04,1.67,1.6,73.03,Aluminiu,Strunjire,251,0,Niciunul
261,Placuta amovibila,CNMG120408,4526,707.2,1.28,8.83,53.21,1.54,12.9,73.36,Otel,Strunjire,270,0,Niciunul
262,Placuta amovibila,CNMG120408,4895,672.35,2.85,18.95,95.33,8.26,91.9,85.87,Aluminiu,Strunjire,76,1,Supraincalzire
263,Placuta amovibila,CNMG120408,4676,1047.22,1.54,15.13,132.88,10.4,94.4,90.17,Otel,Strunjire,95,1,Uzura excesiva
264,Placuta amovibila,CNMG120408,3481,1112.71,2.34,13.28,49.7,1.82,19.2,72.35,Inox,Strunjire,3,0,Niciunul
265,Placuta amovibila,CNMG120408,3041,894.29,1.58,15.59,40.09,0.63,18.5,71.79,Aluminiu,Strunjire,455,0,Niciunul
266,Placuta amovibila,CNMG120408,5997,894.09,2.35,18.59,66.12,1.99,12.8,64.26,Otel,Strunjire,473,0,Niciunul
267,Placuta amovibila,CNMG120408,5069,352.96,2.8,14.06,43.59,1.13,17.2,70.87,Aluminiu,Strunjire,219,0,Niciunul
268,Placuta amovibila,CNMG120408,3148,312.58,1.99,17.87,91.86,7.39,96.8,85.05,Aluminiu,Strunjire,45,1,Vibratii
269,Placuta amovibila,CNMG120408,4896,1006.48,1.08,17.56,47.67,1.83,13.2,66.54,Inox,Strunjire,192,0,Niciunul
270,Placuta amovibila,CNMG120408,1512,1145.31,0.62,8.39,51.85,0.99,19.9,74.96,Otel,Strunjire,180,0,Niciunul
271,Placuta amovibila,CNMG120408,4383,1135.76,1.25,8,56.1,1.66,12.5,72.28,Inox,Strunjire,3,0,Niciunul
272,Placuta amovibila,CNMG120408,5502,786.75,2.86,12.22,37.49,0.95,10.6,71.96,Inox,Strunjire,254,0,Niciunul
273,Placuta amovibila,CNMG120408,4711,570.09,1.34,11.46,63.75,0.79,1.6,63.83,Inox,Strunjire,243,0,Niciunul
274,Placuta amovibila,CNMG120408,2248,837.29,0.59,6.34,158.53,11.91,46.4,93.34,Inox,Strunjire,496,1,Supraincalzire
275,Placuta amovibila,CNMG120408,5255,1089.64,2.7,16.63,65.62,1.14,6.8,70.7,Inox,Strunjire,46,0,Niciunul
276,Placuta amovibila,CNMG120408,2355,661.67,1.81,15.16,122.06,5.48,64.9,91.52,Aluminiu,Strunjire,109,1,Uzura excesiva
277,Placuta amovibila,CNMG120408,3046,528.53,1.53,5.93,61.61,1.95,17.2,64.56,Inox,Strunjire,106,0,Niciunul
278,Placuta amovibila,CNMG120408,5211,690.76,2.91,10.1,45.7,0.62,10.5,68.98,Otel,Strunjire,380,0,Niciunul
279,Placuta amovibila,CNMG120408,2711,426.53,1.76,7.38,59.25,1.89,10.1,68.89,Inox,Strunjire,242,0,Niciunul
280,Placuta amovibila,CNMG120408,2453,1184.59,0.77,13.86,52.54,0.69,5.2,64.72,Aluminiu,Strunjire,399,0,Niciunul
281,Placuta amovibila,CNMG120408,4080,487.32,1.1,14.65,128.59,7.62,73.2,88.79,Aluminiu,Strunjire,446,1,Uzura excesiva
282,Placuta amovibila,CNMG120408,3408,672.59,1.82,7.14,35.26,0.7,5.1,60.76,Inox,Strunjire,52,0,Niciunul
283,Placuta amovibila,CNMG120408,2434,1169.63,0.81,13.23,49.18,1.39,5,65.15,Aluminiu,Strunjire,305,0,Niciunul
284,Placuta amovibila,CNMG120408,5920,421.38,0.35,19.93,66.66,1.34,2.1,61.69,Inox,Strunjire,48,0,Niciunul
285,Placuta amovibila,CNMG120408,2850,601.56,2.22,7.84,107.06,11.41,80.5,95.82,Aluminiu,Strunjire,170,1,Vibratii
286,Placuta amovibila,CNMG120408,2628,1198.29,0.87,7.18,51.45,0.8,13.3,64.76,Otel,Strunjire,196,0,Niciunul
287,Placuta amovibila,CNMG120408,4713,836.88,0.52,6.37,65.94,1.2,18,65.53,Inox,Strunjire,236,0,Niciunul
288,Placuta amovibila,CNMG120408,2291,617.68,2.21,12.51,58.41,1.42,5,68.22,Otel,Strunjire,67,0,Niciunul
289,Placuta amovibila,CNMG120408,4639,663.38,1.86,11.53,54.07,1.33,3.4,70.83,Otel,Strunjire,366,0,Niciunul
290,Placuta amovibila,CNMG120408,1768,545.02,0.6,18.32,38.59,1.03,5.1,74.65,Otel,Strunjire,497,0,Niciunul
291,Placuta amovibila,CNMG120408,4084,282.12,0.69,13.87,36.74,0.73,18.6,71.84,Inox,Strunjire,73,0,Niciunul
292,Placuta amovibila,CNMG120408,2866,965.09,1.42,9.01,52.79,1.52,11.5,64.92,Aluminiu,Strunjire,275,0,Niciunul
293,Placuta amovibila,CNMG120408,3563,628.26,0.82,15.53,132.61,10.99,70.5,83.37,Inox,Strunjire,341,1,Vibratii
294,Placuta amovibila,CNMG120408,4354,967.62,2.1,6.07,61.03,1.64,14.1,70.89,Inox,Strunjire,448,0,Niciunul
295,Placuta amovibila,CNMG120408,4444,511.1,2.04,15.59,52.33,0.89,11.6,73.6,Inox,Strunjire,495,0,Niciunul
296,Placuta amovibila,CNMG120408,5706,736.97,2.87,9.11,53,1.33,17.7,60.48,Inox,Strunjire,59,0,Niciunul
297,Placuta amovibila,CNMG120408,1723,249.29,0.18,19.54,55.51,0.81,12,60.39,Aluminiu,Strunjire,273,0,Niciunul
298,Placuta amovibila,CNMG120408,4079,352.33,0.38,12.39,36.57,1.69,19.7,71.75,Inox,Strunjire,256,0,Niciunul
299,Placuta amovibila,CNMG120408,1958,622.84,2.59,14.38,47.07,1.57,19.1,61.89,Inox,Strunjire,285,0,Niciunul
300,Placuta amovibila,CNMG120408,3320,359.41,0.29,10.98,111.36,8.41,57.5,86.96,Otel,Strunjire,382,1,Uzura excesiva
