ID_Scula,Tip_Scula,Model_Scula,Turatie_RPM,Avans_mm_min,Adancime_Aschiere_mm,Debit_Lichid_racire_L_min,Temperatura_C,Vibratii_mm_s,Uzura_procent,Zgomot_dB,Material_Prelucrat,Tip_Operatie,ID_Lot,Scula_Defecta,Tip_Defect
130,Freza,FREZA CARBURA Ø10 4F,2447,462.24,2.95,17.76,47.22,1.05,7.8,62.29,Inox,Frezare,127,0,Niciunul
298,Burghiu,CARBIDE DRILL Ø12,2610,603.44,2.85,9.98,37.36,1.47,10.7,72.97,Aluminiu,Gaurire,159,0,Niciunul
193,Freza,FREZA CARBURA Ø10 4F,2793,1189.07,1.56,15.6,69.79,1.06,17.5,63.32,Otel,Frezare,345,0,Niciunul
67,Placuta amovibila,CNMG120408,2519,582.01,1.3,18.55,130.82,10.54,70.3,84.57,Aluminiu,Strunjire,246,1,Supraincalzire
78,Burghiu,HSS DRILL Ø6,3776,664.8,1.25,13.88,114.25,8.75,99.1,87.78,Otel,Gaurire,224,1,Vibratii
86,Burghiu,CARBIDE DRILL Ø12,3780,861.03,1.28,19.11,114.83,5.76,72.0,85.7,Aluminiu,Gaurire,425,1,Uzura excesiva
96,Freza,FREZA HSS Ø8 2F,2258,989.39,2.1,19.6,96.5,3.77,93.8,86.91,Otel,Frezare,410,1,Supraincalzire
208,Freza,FREZA HSS Ø8 2F,4499,966.22,1.83,11.83,51.84,1.98,2.9,71.71,Aluminiu,Frezare,87,0,Niciunul
70,Burghiu,HSS DRILL Ø6,2535,939.91,0.78,10.22,144.58,9.65,89.3,94.96,Otel,Gaurire,307,1,Supraincalzire
18,Placuta amovibila,CNMG120408,2169,702.56,2.05,12.27,41.87,1.3,18.9,74.79,Aluminiu,Strunjire,288,0,Niciunul
78,Freza,FREZA CARBURA Ø10 4F,1677,908.81,1.42,10.4,40.0,0.66,1.5,73.97,Inox,Frezare,456,0,Niciunul
283,Burghiu,HSS DRILL Ø6,3774,927.03,2.58,5.35,41.81,1.34,4.7,66.35,Inox,Gaurire,384,0,Niciunul
157,Burghiu,CARBIDE DRILL Ø12,4357,465.73,0.42,17.53,118.6,11.3,43.3,81.58,Otel,Gaurire,203,1,Vibratii
61,Freza,FREZA HSS Ø8 2F,3723,418.88,0.38,12.81,44.94,0.97,4.0,66.51,Otel,Frezare,302,0,Niciunul
110,Burghiu,CARBIDE DRILL Ø12,4264,292.35,0.55,6.13,66.24,1.82,7.6,62.95,Inox,Gaurire,21,0,Niciunul
166,Burghiu,CARBIDE DRILL Ø12,2194,1190.9,0.6,9.45,94.54,4.01,64.4,95.19,Aluminiu,Gaurire,173,1,Vibratii
75,Burghiu,HSS DRILL Ø6,1739,563.57,1.8,5.74,38.32,1.18,0.3,65.97,Aluminiu,Gaurire,291,0,Niciunul
16,Freza,FREZA CARBURA Ø10 4F,4102,661.41,1.36,18.36,50.04,1.63,4.9,67.01,Aluminiu,Frezare,339,0,Niciunul
132,Burghiu,CARBIDE DRILL Ø12,5648,667.28,2.79,16.87,85.15,7.55,75.0,97.12,Aluminiu,Gaurire,62,1,Uzura excesiva
98,Burghiu,HSS DRILL Ø6,2521,851.82,0.73,8.46,129.37,10.76,52.7,94.21,Inox,Gaurire,372,1,Uzura excesiva
66,Placuta amovibila,WNMG080408,2995,977.55,1.85,5.28,42.37,1.86,16.6,60.04,Aluminiu,Strunjire,275,0,Niciunul
179,Freza,FREZA CARBURA Ø10 4F,4484,453.11,2.16,13.35,152.03,3.64,49.6,87.82,Inox,Frezare,213,1,Uzura excesiva
125,Burghiu,CARBIDE DRILL Ø12,2115,1090.96,2.09,11.65,47.47,1.22,9.2,69.96,Inox,Gaurire,448,0,Niciunul
262,Placuta amovibila,WNMG080408,4134,732.33,2.9,6.25,132.95,10.02,78.1,86.84,Inox,Strunjire,382,1,Uzura excesiva
79,Freza,FREZA HSS Ø8 2F,3783,773.85,3.0,14.9,105.75,7.18,85.3,86.71,Aluminiu,Frezare,368,1,Uzura excesiva
189,Tarod,TAROD M10 ISO2,2899,453.97,2.81,15.02,47.54,1.63,13.0,61.85,Inox,Filetare,334,0,Niciunul
98,Freza,FREZA HSS Ø8 2F,5535,1054.17,2.46,15.24,45.9,0.87,0.1,71.99,Otel,Frezare,301,0,Niciunul
37,Tarod,TAROD M10 ISO2,2380,233.67,2.03,15.51,48.49,1.72,2.1,64.68,Aluminiu,Filetare,394,0,Niciunul
209,Burghiu,HSS DRILL Ø6,3273,345.77,0.19,5.55,69.09,1.37,6.7,69.73,Aluminiu,Gaurire,34,0,Niciunul
288,Placuta amovibila,CNMG120408,5257,650.18,0.55,17.14,116.28,4.0,89.3,86.54,Aluminiu,Strunjire,324,1,Supraincalzire
123,Freza,FREZA CARBURA Ø10 4F,4009,432.29,0.8,6.32,60.22,1.32,6.8,65.48,Inox,Frezare,393,0,Niciunul
189,Freza,FREZA CARBURA Ø10 4F,2106,1105.05,1.08,12.62,45.19,1.01,0.4,69.99,Inox,Frezare,265,0,Niciunul
24,Placuta amovibila,CNMG120408,1960,723.07,1.61,17.86,37.63,1.15,4.7,64.88,Aluminiu,Strunjire,262,0,Niciunul
208,Placuta amovibila,CNMG120408,3052,381.39,1.44,7.51,36.26,1.89,18.3,74.53,Aluminiu,Strunjire,373,0,Niciunul
170,Tarod,TAROD M10 ISO2,5302,1009.27,0.26,13.31,111.67,3.52,66.8,87.38,Otel,Filetare,191,1,Uzura excesiva
80,Burghiu,CARBIDE DRILL Ø12,3269,582.0,0.57,18.09,61.08,0.55,14.5,67.36,Aluminiu,Gaurire,99,0,Niciunul
94,Freza,FREZA HSS Ø8 2F,1547,818.94,2.7,13.02,114.97,4.64,75.7,96.14,Inox,Frezare,344,1,Uzura excesiva
270,Freza,FREZA HSS Ø8 2F,2503,673.7,2.34,5.61,151.76,5.66,84.4,95.84,Aluminiu,Frezare,130,1,Supraincalzire
273,Freza,FREZA HSS Ø8 2F,3559,651.95,0.65,11.01,40.15,1.82,19.1,63.74,Inox,Frezare,170,0,Niciunul
180,Placuta amovibila,WNMG080408,3580,310.23,1.43,11.99,53.99,1.54,5.0,71.42,Aluminiu,Strunjire,420,0,Niciunul
33,Placuta amovibila,CNMG120408,4066,558.15,2.19,11.87,62.82,1.12,9.2,65.82,Aluminiu,Strunjire,76,0,Niciunul
243,Burghiu,HSS DRILL Ø6,3619,485.27,0.26,11.65,45.11,1.25,1.3,63.26,Inox,Gaurire,311,0,Niciunul
250,Tarod,TAROD M10 ISO2,3535,1144.02,1.22,10.11,68.29,0.82,7.0,61.9,Inox,Filetare,490,0,Niciunul
18,Tarod,TAROD M10 ISO2,3190,490.26,0.16,12.48,62.26,1.86,4.6,73.02,Inox,Filetare,346,0,Niciunul
199,Placuta amovibila,WNMG080408,5258,630.11,1.05,17.48,37.44,0.57,7.9,63.32,Inox,Strunjire,351,0,Niciunul
289,Burghiu,HSS DRILL Ø6,1644,316.4,2.04,16.54,120.66,5.16,50.2,87.5,Inox,Gaurire,311,1,Supraincalzire
48,Placuta amovibila,WNMG080408,3123,890.72,1.99,8.22,39.74,0.97,16.3,74.73,Inox,Strunjire,94,0,Niciunul
61,Burghiu,CARBIDE DRILL Ø12,1897,827.39,2.46,5.54,117.79,8.71,74.4,89.49,Aluminiu,Gaurire,436,1,Supraincalzire
124,Burghiu,CARBIDE DRILL Ø12,3916,816.22,1.54,8.88,87.83,3.81,91.8,92.06,Aluminiu,Gaurire,286,1,Uzura excesiva
114,Freza,FREZA CARBURA Ø10 4F,5142,1064.51,0.24,5.31,141.62,4.06,60.0,94.6,Aluminiu,Frezare,183,1,Vibratii
139,Freza,FREZA CARBURA Ø10 4F,4997,404.1,1.16,17.1,58.48,1.04,0.1,74.27,Aluminiu,Frezare,219,0,Niciunul
213,Placuta amovibila,WNMG080408,3526,635.57,1.09,17.5,151.37,5.87,91.6,98.76,Inox,Strunjire,72,1,Vibratii
151,Tarod,TAROD M10 ISO2,3638,963.62,2.22,6.51,55.55,0.9,11.8,65.12,Otel,Filetare,102,0,Niciunul
183,Freza,FREZA CARBURA Ø10 4F,1533,513.13,2.72,6.15,38.88,1.79,11.8,61.21,Inox,Frezare,336,0,Niciunul
213,Burghiu,HSS DRILL Ø6,3469,667.85,0.85,17.15,41.55,0.9,8.9,74.86,Otel,Gaurire,270,0,Niciunul
123,Placuta amovibila,WNMG080408,3492,352.8,0.44,5.16,57.4,0.74,8.4,70.13,Aluminiu,Strunjire,314,0,Niciunul
185,Burghiu,CARBIDE DRILL Ø12,5817,205.58,0.61,12.75,143.6,8.71,60.5,91.0,Otel,Gaurire,419,1,Uzura excesiva
44,Freza,FREZA CARBURA Ø10 4F,4882,787.11,0.92,8.43,68.08,0.95,2.0,61.92,Otel,Frezare,166,0,Niciunul
97,Placuta amovibila,CNMG120408,3061,775.62,1.85,16.35,65.3,1.37,13.4,64.37,Inox,Strunjire,376,0,Niciunul
277,Freza,FREZA HSS Ø8 2F,5096,1054.48,0.19,6.21,36.9,1.27,13.6,71.1,Otel,Frezare,289,0,Niciunul
240,Freza,FREZA HSS Ø8 2F,4635,270.82,2.56,13.88,63.94,0.92,14.7,64.83,Inox,Frezare,51,0,Niciunul
59,Freza,FREZA CARBURA Ø10 4F,4847,614.05,0.9,14.07,49.49,1.33,14.5,62.16,Otel,Frezare,245,0,Niciunul
172,Freza,FREZA HSS Ø8 2F,1851,725.79,0.94,19.83,147.37,9.2,49.9,93.27,Otel,Frezare,234,1,Supraincalzire
258,Burghiu,HSS DRILL Ø6,2876,945.57,1.44,6.97,87.5,5.56,69.3,83.03,Otel,Gaurire,433,1,Vibratii
103,Tarod,TAROD M10 ISO2,4619,854.27,2.36,14.25,48.41,1.94,16.3,69.11,Inox,Filetare,330,0,Niciunul
288,Freza,FREZA CARBURA Ø10 4F,4788,803.57,1.83,18.88,63.52,1.35,15.8,66.86,Inox,Frezare,360,0,Niciunul
233,Tarod,TAROD M10 ISO2,5603,1116.34,2.09,14.3,44.09,1.41,5.5,65.24,Aluminiu,Filetare,63,0,Niciunul
206,Tarod,TAROD M10 ISO2,4080,1135.53,2.97,14.22,54.77,0.99,8.8,67.99,Aluminiu,Filetare,86,0,Niciunul
141,Burghiu,HSS DRILL Ø6,5417,1040.62,2.31,17.39,112.46,7.1,90.3,97.12,Inox,Gaurire,369,1,Uzura excesiva
274,Tarod,TAROD M10 ISO2,3632,1181.53,0.87,9.76,50.54,1.17,2.1,68.4,Otel,Filetare,116,0,Niciunul
26,Tarod,TAROD M10 ISO2,4804,270.77,0.22,10.06,66.74,0.6,8.9,66.9,Aluminiu,Filetare,431,0,Niciunul
83,Freza,FREZA HSS Ø8 2F,3780,727.43,2.82,14.17,110.26,4.21,88.5,90.28,Otel,Frezare,258,1,Supraincalzire
228,Burghiu,CARBIDE DRILL Ø12,3747,701.76,1.86,7.27,47.33,0.77,18.7,64.53,Aluminiu,Gaurire,218,0,Niciunul
241,Burghiu,CARBIDE DRILL Ø12,5249,548.23,2.89,6.02,62.29,1.0,4.3,67.73,Inox,Gaurire,263,0,Niciunul
228,Freza,FREZA CARBURA Ø10 4F,5822,529.58,2.4,17.55,97.09,4.74,81.2,81.76,Otel,Frezare,197,1,Supraincalzire
38,Freza,FREZA CARBURA Ø10 4F,1774,744.11,0.66,8.4,36.42,1.72,11.6,74.07,Aluminiu,Frezare,401,0,Niciunul
89,Burghiu,HSS DRILL Ø6,1609,802.94,0.53,12.99,44.0,1.1,11.0,73.65,Inox,Gaurire,27,0,Niciunul
74,Placuta amovibila,CNMG120408,2091,360.96,1.34,11.23,43.28,1.0,15.4,69.61,Otel,Strunjire,277,0,Niciunul
77,Placuta amovibila,CNMG120408,2801,365.8,1.37,10.97,47.83,1.56,5.3,72.65,Aluminiu,Strunjire,285,0,Niciunul
170,Freza,FREZA CARBURA Ø10 4F,3582,900.11,1.81,11.88,39.41,1.21,7.5,65.72,Otel,Frezare,211,0,Niciunul
290,Freza,FREZA HSS Ø8 2F,5435,972.85,2.41,11.13,37.01,1.71,8.1,63.49,Otel,Frezare,443,0,Niciunul
228,Tarod,TAROD M10 ISO2,1505,914.43,1.37,7.75,42.8,0.9,13.8,69.41,Otel,Filetare,236,0,Niciunul
241,Burghiu,HSS DRILL Ø6,1947,513.72,2.34,13.34,49.24,0.58,7.8,72.05,Inox,Gaurire,16,0,Niciunul
211,Placuta amovibila,CNMG120408,4341,422.37,2.82,13.33,48.71,1.88,19.3,69.44,Aluminiu,Strunjire,484,0,Niciunul
68,Tarod,TAROD M10 ISO2,5062,415.88,1.9,13.7,64.85,0.98,4.4,65.66,Aluminiu,Filetare,172,0,Niciunul
223,Burghiu,HSS DRILL Ø6,1532,1105.22,1.29,7.43,58.5,1.2,16.4,63.71,Inox,Gaurire,103,0,Niciunul
54,Freza,FREZA CARBURA Ø10 4F,4107,758.53,2.22,15.47,40.01,1.74,0.4,61.93,Inox,Frezare,412,0,Niciunul
13,Freza,FREZA CARBURA Ø10 4F,3069,1139.15,2.47,12.08,47.86,1.99,5.6,68.73,Otel,Frezare,160,0,Niciunul
200,Tarod,TAROD M10 ISO2,4076,1128.95,0.2,13.79,86.87,7.57,67.9,87.49,Otel,Filetare,200,1,Supraincalzire
93,Freza,FREZA CARBURA Ø10 4F,4986,293.63,0.98,10.53,153.32,3.21,78.4,97.31,Aluminiu,Frezare,348,1,Supraincalzire
122,Tarod,TAROD M10 ISO2,3315,669.98,2.06,13.05,64.94,1.16,16.0,65.8,Aluminiu,Filetare,80,0,Niciunul
256,Tarod,TAROD M10 ISO2,3496,259.04,2.73,11.54,69.5,0.88,5.5,70.44,Aluminiu,Filetare,485,0,Niciunul
125,Placuta amovibila,WNMG080408,3305,232.96,2.25,16.71,61.92,0.88,8.3,71.31,Aluminiu,Strunjire,37,0,Niciunul
72,Burghiu,HSS DRILL Ø6,3494,643.47,0.73,14.2,60.82,1.47,9.6,73.34,Aluminiu,Gaurire,49,0,Niciunul
71,Burghiu,HSS DRILL Ø6,2271,725.83,1.8,9.28,55.13,1.03,19.1,60.03,Otel,Gaurire,374,0,Niciunul
258,Placuta amovibila,CNMG120408,4223,549.04,1.75,7.23,51.21,1.16,9.2,68.12,Inox,Strunjire,330,0,Niciunul
267,Freza,FREZA HSS Ø8 2F,4593,782.15,0.44,14.22,65.18,0.69,4.7,60.19,Inox,Frezare,235,0,Niciunul
12,Freza,FREZA HSS Ø8 2F,4999,241.83,1.21,9.68,58.24,1.88,13.8,63.24,Aluminiu,Frezare,59,0,Niciunul
186,Freza,FREZA CARBURA Ø10 4F,4561,237.97,1.68,19.12,60.53,0.5,14.8,64.91,Otel,Frezare,109,0,Niciunul
185,Freza,FREZA CARBURA Ø10 4F,3784,546.52,1.86,16.32,50.98,1.46,5.9,67.81,Otel,Frezare,494,0,Niciunul
61,Tarod,TAROD M10 ISO2,2500,910.42,2.73,11.71,65.69,1.39,8.4,74.35,Otel,Filetare,163,0,Niciunul
160,Burghiu,HSS DRILL Ø6,5871,400.34,0.46,12.84,65.96,1.9,7.2,66.09,Aluminiu,Gaurire,72,0,Niciunul
261,Burghiu,CARBIDE DRILL Ø12,4198,725.33,0.82,9.88,63.48,1.97,11.3,63.64,Aluminiu,Gaurire,98,0,Niciunul
105,Freza,FREZA HSS Ø8 2F,2735,1001.08,2.49,11.94,90.82,8.21,52.9,97.99,Otel,Frezare,314,1,Vibratii
266,Tarod,TAROD M10 ISO2,4901,299.85,0.36,13.48,155.77,10.98,75.9,86.57,Inox,Filetare,255,1,Vibratii
132,Placuta amovibila,WNMG080408,4127,965.36,0.93,6.08,132.84,10.02,42.1,87.66,Aluminiu,Strunjire,284,1,Vibratii
227,Tarod,TAROD M10 ISO2,3182,767.9,0.37,11.7,35.62,2.0,14.5,73.06,Otel,Filetare,140,0,Niciunul
264,Burghiu,CARBIDE DRILL Ø12,2801,1199.11,1.87,17.01,55.15,1.24,18.9,62.78,Aluminiu,Gaurire,129,0,Niciunul
16,Freza,FREZA HSS Ø8 2F,5284,438.88,1.65,9.35,96.9,7.95,72.8,91.13,Inox,Frezare,308,1,Supraincalzire
70,Freza,FREZA CARBURA Ø10 4F,3837,857.16,0.44,18.85,139.71,11.31,41.8,80.85,Inox,Frezare,276,1,Uzura excesiva
265,Placuta amovibila,WNMG080408,5610,820.63,1.59,19.58,41.29,1.91,18.6,74.5,Otel,Strunjire,260,0,Niciunul
211,Freza,FREZA HSS Ø8 2F,3529,373.08,2.62,13.98,56.53,0.54,13.4,73.42,Aluminiu,Frezare,208,0,Niciunul
296,Burghiu,CARBIDE DRILL Ø12,4226,331.88,2.32,11.07,135.67,3.03,94.7,80.39,Inox,Gaurire,282,1,Uzura excesiva
96,Burghiu,CARBIDE DRILL Ø12,2255,409.45,2.14,10.19,39.13,1.05,9.1,62.18,Otel,Gaurire,275,0,Niciunul
245,Placuta amovibila,WNMG080408,3897,805.69,0.17,17.52,47.44,0.98,9.8,74.17,Inox,Strunjire,385,0,Niciunul
36,Tarod,TAROD M10 ISO2,4156,670.12,0.2,18.52,132.3,5.47,67.9,82.93,Aluminiu,Filetare,208,1,Uzura excesiva
175,Burghiu,HSS DRILL Ø6,1658,354.97,0.65,8.9,49.84,1.09,1.9,66.01,Inox,Gaurire,281,0,Niciunul
169,Burghiu,CARBIDE DRILL Ø12,2809,1097.64,2.93,14.02,136.73,8.82,76.5,91.81,Aluminiu,Gaurire,438,1,Supraincalzire
248,Burghiu,CARBIDE DRILL Ø12,2521,938.72,2.41,15.6,39.78,1.63,11.6,65.27,Otel,Gaurire,211,0,Niciunul
250,Placuta amovibila,WNMG080408,4047,1195.84,1.73,9.11,62.27,0.89,0.3,64.44,Inox,Strunjire,217,0,Niciunul
102,Freza,FREZA HSS Ø8 2F,1617,681.7,2.57,18.9,51.2,1.51,17.3,71.6,Aluminiu,Frezare,227,0,Niciunul
140,Burghiu,HSS DRILL Ø6,5586,571.28,1.07,18.52,61.57,1.02,0.0,64.17,Otel,Gaurire,198,0,Niciunul
74,Placuta amovibila,WNMG080408,4464,443.57,1.93,17.98,147.85,9.51,65.2,99.68,Otel,Strunjire,302,1,Uzura excesiva
196,Freza,FREZA HSS Ø8 2F,3274,1196.34,1.69,9.96,66.78,1.1,13.4,65.9,Inox,Frezare,166,0,Niciunul
282,Freza,FREZA CARBURA Ø10 4F,5391,352.13,1.33,18.3,155.32,9.97,66.7,84.59,Aluminiu,Frezare,319,1,Supraincalzire
105,Placuta amovibila,WNMG080408,1775,797.75,2.11,11.74,41.15,0.79,5.3,73.41,Aluminiu,Strunjire,403,0,Niciunul
196,Burghiu,CARBIDE DRILL Ø12,3243,1167.31,2.89,14.93,68.28,0.55,5.4,67.62,Aluminiu,Gaurire,251,0,Niciunul
129,Placuta amovibila,WNMG080408,1532,336.84,0.27,7.34,154.82,9.54,41.1,90.16,Otel,Strunjire,393,1,Vibratii
245,Freza,FREZA HSS Ø8 2F,4182,665.34,1.39,9.84,68.93,1.27,6.8,62.75,Aluminiu,Frezare,144,0,Niciunul
62,Burghiu,CARBIDE DRILL Ø12,2632,1055.65,0.7,8.88,35.81,0.72,11.3,63.82,Inox,Gaurire,428,0,Niciunul
75,Tarod,TAROD M10 ISO2,2692,944.79,0.58,8.38,39.1,1.36,4.3,61.57,Otel,Filetare,170,0,Niciunul
118,Tarod,TAROD M10 ISO2,2019,240.14,1.78,14.67,123.35,5.06,60.0,98.2,Otel,Filetare,78,1,Supraincalzire
176,Burghiu,HSS DRILL Ø6,4584,402.94,2.16,6.26,122.54,9.73,84.2,99.58,Inox,Gaurire,165,1,Supraincalzire
250,Placuta amovibila,CNMG120408,3333,387.58,2.56,5.86,58.4,1.65,2.3,61.42,Otel,Strunjire,248,0,Niciunul
165,Burghiu,HSS DRILL Ø6,2025,966.48,1.39,15.94,153.11,7.55,89.7,86.89,Inox,Gaurire,105,1,Vibratii
232,Placuta amovibila,WNMG080408,2093,683.57,0.1,10.24,64.6,1.59,2.8,65.74,Inox,Strunjire,153,0,Niciunul
193,Burghiu,HSS DRILL Ø6,5735,834.03,1.62,11.82,48.3,1.95,8.0,73.02,Aluminiu,Gaurire,304,0,Niciunul
278,Placuta amovibila,WNMG080408,5156,698.48,1.77,7.18,38.38,1.67,3.5,64.95,Inox,Strunjire,110,0,Niciunul
105,Placuta amovibila,CNMG120408,1546,507.38,0.52,16.1,131.42,7.11,50.1,93.56,Inox,Strunjire,295,1,Uzura excesiva
72,Freza,FREZA CARBURA Ø10 4F,2029,1111.37,0.7,14.87,50.39,1.6,2.5,71.09,Inox,Frezare,344,0,Niciunul
197,Burghiu,CARBIDE DRILL Ø12,1899,515.75,0.9,17.48,55.36,1.34,19.4,69.3,Aluminiu,Gaurire,346,0,Niciunul
137,Freza,FREZA CARBURA Ø10 4F,3126,403.19,2.3,7.71,61.3,1.73,15.6,61.83,Otel,Frezare,85,0,Niciunul
199,Burghiu,HSS DRILL Ø6,5777,304.2,2.15,10.08,45.49,0.84,0.4,73.91,Aluminiu,Gaurire,154,0,Niciunul
13,Placuta amovibila,CNMG120408,3092,980.43,0.44,15.3,56.1,1.34,19.0,63.25,Inox,Strunjire,170,0,Niciunul
34,Burghiu,HSS DRILL Ø6,3480,281.77,1.62,14.58,108.89,11.02,66.7,80.46,Aluminiu,Gaurire,346,1,Vibratii
84,Burghiu,CARBIDE DRILL Ø12,4557,246.65,1.84,6.67,67.31,1.27,0.4,65.41,Aluminiu,Gaurire,79,0,Niciunul
5,Placuta amovibila,WNMG080408,5678,640.49,0.93,17.32,61.59,1.69,17.9,63.03,Aluminiu,Strunjire,355,0,Niciunul
51,Burghiu,CARBIDE DRILL Ø12,3625,1183.58,1.93,13.86,61.61,0.91,18.3,63.41,Otel,Gaurire,218,0,Niciunul
19,Placuta amovibila,WNMG080408,2334,753.52,0.32,15.45,93.47,7.79,54.4,81.55,Inox,Strunjire,248,1,Vibratii
178,Burghiu,CARBIDE DRILL Ø12,2604,269.97,2.24,10.31,84.15,10.82,61.8,89.32,Otel,Gaurire,250,1,Vibratii
192,Placuta amovibila,CNMG120408,1640,341.71,2.21,11.15,48.46,0.53,14.9,63.27,Otel,Strunjire,9,0,Niciunul
104,Freza,FREZA HSS Ø8 2F,4840,674.24,0.57,9.9,35.35,0.66,17.8,63.73,Aluminiu,Frezare,46,0,Niciunul
87,Tarod,TAROD M10 ISO2,4758,609.11,1.25,12.7,48.9,1.07,9.7,68.71,Inox,Filetare,442,0,Niciunul
205,Placuta amovibila,WNMG080408,2108,743.02,2.23,17.41,62.01,1.43,19.7,61.57,Aluminiu,Strunjire,483,0,Niciunul
246,Placuta amovibila,CNMG120408,3988,535.83,0.11,15.61,48.41,0.58,12.0,73.99,Otel,Strunjire,55,0,Niciunul
1,Freza,FREZA CARBURA Ø10 4F,2252,1151.98,0.39,8.49,42.19,0.81,4.2,65.04,Inox,Frezare,436,0,Niciunul
32,Tarod,TAROD M10 ISO2,4486,713.67,1.74,13.54,65.9,1.51,14.8,70.34,Aluminiu,Filetare,154,0,Niciunul
263,Freza,FREZA HSS Ø8 2F,3894,500.4,2.78,17.94,39.07,1.7,3.8,63.25,Inox,Frezare,395,0,Niciunul
149,Freza,FREZA HSS Ø8 2F,4169,1015.08,2.7,9.35,40.11,1.44,17.8,62.93,Aluminiu,Frezare,180,0,Niciunul
267,Placuta amovibila,WNMG080408,2722,274.96,0.82,12.48,149.35,4.06,73.6,99.22,Otel,Strunjire,490,1,Vibratii
165,Placuta amovibila,CNMG120408,3410,832.97,0.36,17.12,49.6,1.79,12.0,62.33,Inox,Strunjire,366,0,Niciunul
49,Placuta amovibila,CNMG120408,1934,959.36,2.12,7.25,109.44,6.5,88.7,82.14,Inox,Strunjire,116,1,Uzura excesiva
22,Placuta amovibila,WNMG080408,4404,316.69,2.62,13.18,65.54,1.82,0.2,68.49,Inox,Strunjire,359,0,Niciunul
20,Burghiu,CARBIDE DRILL Ø12,1668,1027.19,2.48,17.58,60.55,1.84,15.0,70.14,Aluminiu,Gaurire,373,0,Niciunul
296,Placuta amovibila,WNMG080408,2203,340.27,1.26,6.81,58.63,0.8,15.8,68.27,Aluminiu,Strunjire,388,0,Niciunul
190,Freza,FREZA CARBURA Ø10 4F,1757,509.11,2.59,16.37,53.8,1.91,18.4,68.08,Aluminiu,Frezare,187,0,Niciunul
251,Freza,FREZA HSS Ø8 2F,2577,395.87,1.31,13.42,63.07,1.95,10.2,61.68,Aluminiu,Frezare,294,0,Niciunul
70,Freza,FREZA HSS Ø8 2F,4899,675.88,2.14,7.84,62.32,1.16,4.1,69.9,Inox,Frezare,239,0,Niciunul
9,Burghiu,HSS DRILL Ø6,3271,270.39,2.02,11.05,51.78,1.32,18.5,62.33,Aluminiu,Gaurire,110,0,Niciunul
195,Placuta amovibila,WNMG080408,2878,556.26,2.32,19.18,64.82,1.48,4.5,74.64,Otel,Strunjire,262,0,Niciunul
17,Burghiu,CARBIDE DRILL Ø12,5181,1077.12,2.96,8.24,39.95,1.68,18.1,72.43,Inox,Gaurire,342,0,Niciunul
147,Burghiu,CARBIDE DRILL Ø12,1789,878.84,2.71,10.69,121.95,11.7,88.9,84.97,Inox,Gaurire,426,1,Supraincalzire
99,Burghiu,CARBIDE DRILL Ø12,5187,988.72,0.43,16.91,43.8,1.19,15.0,62.73,Inox,Gaurire,398,0,Niciunul
135,Freza,FREZA CARBURA Ø10 4F,3887,251.83,0.59,6.35,152.92,5.09,53.3,99.8,Otel,Frezare,143,1,Vibratii
246,Freza,FREZA CARBURA Ø10 4F,4581,912.01,1.19,11.57,51.34,0.7,0.7,70.2,Inox,Frezare,441,0,Niciunul
263,Tarod,TAROD M10 ISO2,1555,285.93,0.79,17.33,52.56,0.86,6.6,71.58,Aluminiu,Filetare,178,0,Niciunul
1,Tarod,TAROD M10 ISO2,5438,801.3,0.54,11.11,69.22,1.34,5.1,73.54,Inox,Filetare,54,0,Niciunul
132,Placuta amovibila,CNMG120408,5516,316.81,0.35,12.78,39.38,1.24,13.4,64.33,Inox,Strunjire,139,0,Niciunul
143,Burghiu,HSS DRILL Ø6,2232,870.59,1.96,10.1,36.63,0.74,15.6,67.79,Aluminiu,Gaurire,469,0,Niciunul
64,Placuta amovibila,WNMG080408,3091,430.65,2.2,14.9,65.56,0.81,4.9,74.96,Otel,Strunjire,164,0,Niciunul
2,Burghiu,HSS DRILL Ø6,1908,1020.64,1.48,15.23,39.15,0.83,17.4,68.89,Otel,Gaurire,277,0,Niciunul
147,Burghiu,HSS DRILL Ø6,3862,756.4,1.8,19.75,90.96,7.93,74.3,82.98,Aluminiu,Gaurire,88,1,Supraincalzire
87,Placuta amovibila,WNMG080408,4161,531.67,0.5,8.04,40.4,0.61,14.1,74.36,Aluminiu,Strunjire,39,0,Niciunul
23,Freza,FREZA HSS Ø8 2F,2510,995.38,1.39,8.3,38.0,1.26,12.2,73.02,Otel,Frezare,25,0,Niciunul
273,Tarod,TAROD M10 ISO2,2125,953.1,2.42,6.16,36.3,1.83,3.2,70.82,Aluminiu,Filetare,1,0,Niciunul
162,Burghiu,CARBIDE DRILL Ø12,3066,940.63,1.87,15.67,115.38,5.71,55.2,97.33,Inox,Gaurire,49,1,Uzura excesiva
73,Placuta amovibila,CNMG120408,2857,1137.85,1.16,9.96,58.07,1.92,6.3,73.01,Aluminiu,Strunjire,284,0,Niciunul
76,Burghiu,HSS DRILL Ø6,3756,995.43,2.17,13.33,69.82,0.53,10.9,66.6,Otel,Gaurire,22,0,Niciunul
46,Freza,FREZA HSS Ø8 2F,4487,902.59,2.28,17.14,102.76,4.42,61.4,99.09,Inox,Frezare,189,1,Supraincalzire
256,Burghiu,CARBIDE DRILL Ø12,3431,550.64,0.17,13.51,67.34,1.81,15.1,74.44,Otel,Gaurire,336,0,Niciunul
213,Freza,FREZA CARBURA Ø10 4F,2580,235.46,1.24,10.86,42.87,1.77,0.2,72.31,Inox,Frezare,133,0,Niciunul
144,Freza,FREZA CARBURA Ø10 4F,4034,466.62,1.7,16.28,153.68,5.27,99.2,84.92,Otel,Frezare,150,1,Uzura excesiva
244,Burghiu,CARBIDE DRILL Ø12,5923,702.9,2.52,7.57,106.33,8.73,86.3,87.2,Aluminiu,Gaurire,490,1,Supraincalzire
199,Tarod,TAROD M10 ISO2,5187,488.0,2.63,5.46,83.25,4.66,93.9,89.3,Inox,Filetare,94,1,Uzura excesiva
269,Burghiu,CARBIDE DRILL Ø12,2395,842.42,1.82,18.52,41.76,1.4,2.9,64.72,Inox,Gaurire,264,0,Niciunul
185,Tarod,TAROD M10 ISO2,3736,877.8,1.83,16.18,67.81,0.78,11.4,61.37,Aluminiu,Filetare,429,0,Niciunul
34,Placuta amovibila,CNMG120408,2553,383.66,1.23,7.59,48.33,1.65,13.8,74.0,Aluminiu,Strunjire,251,0,Niciunul
269,Freza,FREZA HSS Ø8 2F,3391,464.86,0.36,13.47,149.09,3.66,49.7,95.46,Inox,Frezare,175,1,Vibratii
64,Burghiu,CARBIDE DRILL Ø12,2759,1039.76,0.54,10.09,40.55,1.92,3.2,63.31,Inox,Gaurire,193,0,Niciunul
273,Burghiu,HSS DRILL Ø6,3742,481.5,1.03,9.01,48.77,1.34,9.2,71.36,Otel,Gaurire,129,0,Niciunul
180,Freza,FREZA HSS Ø8 2F,3103,882.71,1.09,19.04,145.21,7.85,62.9,82.01,Inox,Frezare,44,1,Uzura excesiva
9,Freza,FREZA CARBURA Ø10 4F,2670,244.54,2.84,11.06,49.72,1.4,0.4,74.06,Otel,Frezare,8,0,Niciunul
242,Freza,FREZA CARBURA Ø10 4F,2932,1132.13,0.78,8.65,151.36,11.02,67.3,93.46,Otel,Frezare,82,1,Supraincalzire
271,Burghiu,CARBIDE DRILL Ø12,2617,1113.17,0.97,7.95,63.27,1.1,3.0,62.03,Aluminiu,Gaurire,66,0,Niciunul
234,Placuta amovibila,CNMG120408,5493,355.85,1.64,8.76,49.28,1.61,19.5,71.36,Inox,Strunjire,410,0,Niciunul
240,Freza,FREZA CARBURA Ø10 4F,2103,953.93,0.17,16.53,61.97,1.55,14.9,74.38,Aluminiu,Frezare,240,0,Niciunul
20,Freza,FREZA HSS Ø8 2F,4294,260.02,0.95,17.76,67.07,1.87,11.3,61.54,Inox,Frezare,176,0,Niciunul
15,Freza,FREZA CARBURA Ø10 4F,5907,922.88,1.1,15.56,115.5,3.61,97.8,82.42,Aluminiu,Frezare,295,1,Uzura excesiva
233,Freza,FREZA HSS Ø8 2F,1872,562.77,0.89,14.63,57.08,1.1,7.8,63.4,Otel,Frezare,174,0,Niciunul
223,Placuta amovibila,WNMG080408,4754,438.62,1.13,19.34,49.45,1.56,1.4,62.91,Aluminiu,Strunjire,126,0,Niciunul
93,Freza,FREZA HSS Ø8 2F,2546,731.3,0.82,10.95,42.35,1.14,14.2,63.72,Otel,Frezare,338,0,Niciunul
160,Placuta amovibila,CNMG120408,4124,1068.33,2.69,12.78,58.86,1.17,6.9,63.04,Inox,Strunjire,115,0,Niciunul
173,Freza,FREZA CARBURA Ø10 4F,5038,414.33,0.71,12.3,133.62,4.29,79.6,94.93,Otel,Frezare,425,1,Supraincalzire
258,Freza,FREZA CARBURA Ø10 4F,4445,884.51,2.63,11.03,47.46,1.65,0.7,73.54,Aluminiu,Frezare,495,0,Niciunul
297,Placuta amovibila,WNMG080408,4918,446.95,1.24,18.0,80.51,4.55,82.0,95.17,Inox,Strunjire,298,1,Vibratii
55,Freza,FREZA HSS Ø8 2F,4108,355.1,1.25,8.09,38.6,1.89,1.7,62.41,Otel,Frezare,382,0,Niciunul
65,Freza,FREZA HSS Ø8 2F,5609,310.18,1.94,8.43,55.97,1.26,4.1,65.85,Otel,Frezare,313,0,Niciunul
194,Burghiu,CARBIDE DRILL Ø12,1622,975.89,2.03,19.25,64.94,1.53,7.3,68.82,Otel,Gaurire,295,0,Niciunul
72,Placuta amovibila,CNMG120408,2796,752.32,0.53,9.72,135.65,3.13,40.1,85.31,Aluminiu,Strunjire,105,1,Supraincalzire
159,Placuta amovibila,CNMG120408,3221,294.42,2.5,9.09,68.83,1.25,4.6,68.34,Otel,Strunjire,329,0,Niciunul
221,Placuta amovibila,WNMG080408,4115,949.8,0.49,16.51,49.82,0.83,2.8,74.03,Otel,Strunjire,331,0,Niciunul
160,Placuta amovibila,WNMG080408,1948,664.75,2.09,12.43,131.4,4.3,86.4,88.84,Aluminiu,Strunjire,26,1,Supraincalzire
46,Placuta amovibila,WNMG080408,3184,512.73,0.73,12.22,52.4,0.55,14.3,64.41,Aluminiu,Strunjire,5,0,Niciunul
64,Freza,FREZA HSS Ø8 2F,4878,822.53,1.49,14.01,40.8,0.78,3.7,65.0,Inox,Frezare,496,0,Niciunul
53,Tarod,TAROD M10 ISO2,4393,249.31,0.32,9.42,53.02,0.99,1.6,70.81,Inox,Filetare,339,0,Niciunul
158,Placuta amovibila,WNMG080408,2573,278.74,2.8,7.1,46.63,1.51,8.1,64.0,Otel,Strunjire,308,0,Niciunul
86,Freza,FREZA CARBURA Ø10 4F,5471,552.61,2.6,9.37,55.66,1.05,15.5,70.87,Inox,Frezare,119,0,Niciunul
141,Placuta amovibila,WNMG080408,4106,1043.22,2.13,15.69,58.85,1.29,11.6,64.36,Otel,Strunjire,296,0,Niciunul
165,Burghiu,CARBIDE DRILL Ø12,5940,630.64,1.12,14.6,101.01,10.44,74.3,97.02,Otel,Gaurire,60,1,Uzura excesiva
124,Burghiu,HSS DRILL Ø6,1828,263.53,2.92,18.88,38.84,1.27,5.2,73.67,Inox,Gaurire,335,0,Niciunul
229,Freza,FREZA CARBURA Ø10 4F,3956,339.83,0.26,13.0,83.5,7.27,96.7,81.82,Inox,Frezare,391,1,Vibratii
11,Burghiu,HSS DRILL Ø6,1605,1085.79,0.28,5.72,56.29,1.63,17.9,62.67,Inox,Gaurire,382,0,Niciunul
292,Burghiu,CARBIDE DRILL Ø12,1831,659.15,1.16,11.16,53.02,1.75,8.2,69.6,Otel,Gaurire,133,0,Niciunul
106,Placuta amovibila,WNMG080408,4809,290.06,1.25,5.66,60.39,0.91,14.1,65.62,Otel,Strunjire,206,0,Niciunul
223,Burghiu,CARBIDE DRILL Ø12,2538,504.26,0.12,13.41,47.38,1.05,9.1,60.75,Aluminiu,Gaurire,89,0,Niciunul
29,Freza,FREZA CARBURA Ø10 4F,4899,399.5,2.25,18.64,44.27,1.97,8.1,68.23,Otel,Frezare,153,0,Niciunul
292,Placuta amovibila,CNMG120408,5524,1017.09,0.51,13.62,94.35,4.1,87.7,83.63,Otel,Strunjire,435,1,Uzura excesiva
48,Freza,FREZA HSS Ø8 2F,4456,932.54,1.76,9.6,44.87,1.88,4.6,68.74,Inox,Frezare,38,0,Niciunul
152,Freza,FREZA CARBURA Ø10 4F,3282,620.84,1.39,14.4,55.35,1.64,5.8,67.72,Aluminiu,Frezare,174,0,Niciunul
39,Burghiu,CARBIDE DRILL Ø12,2961,709.32,0.8,9.69,122.25,9.58,45.3,90.27,Inox,Gaurire,357,1,Supraincalzire
224,Freza,FREZA CARBURA Ø10 4F,2730,478.44,1.99,15.6,61.11,1.8,3.0,60.64,Inox,Frezare,382,0,Niciunul
156,Freza,FREZA CARBURA Ø10 4F,5417,517.0,2.16,7.59,44.19,0.61,6.3,63.44,Otel,Frezare,210,0,Niciunul
254,Burghiu,HSS DRILL Ø6,4603,292.36,1.51,17.2,64.46,1.34,3.2,74.18,Otel,Gaurire,282,0,Niciunul
145,Placuta amovibila,WNMG080408,4695,1171.65,2.39,19.32,53.76,1.74,15.2,67.18,Aluminiu,Strunjire,256,0,Niciunul
114,Tarod,TAROD M10 ISO2,3971,1198.15,0.6,15.32,51.33,1.04,11.5,71.14,Otel,Filetare,198,0,Niciunul
132,Freza,FREZA HSS Ø8 2F,2249,1023.28,0.49,5.52,52.64,0.69,1.2,66.05,Inox,Frezare,301,0,Niciunul
117,Placuta amovibila,CNMG120408,2284,835.63,0.58,16.36,51.7,1.63,16.9,64.17,Aluminiu,Strunjire,88,0,Niciunul
278,Freza,FREZA CARBURA Ø10 4F,4845,451.38,1.82,17.85,147.79,4.67,53.7,84.11,Otel,Frezare,371,1,Uzura excesiva
203,Freza,FREZA HSS Ø8 2F,5072,833.72,1.52,14.79,134.58,10.03,59.6,89.12,Otel,Frezare,322,1,Supraincalzire
129,Placuta amovibila,CNMG120408,2847,695.35,1.53,11.5,37.5,1.1,1.8,66.8,Otel,Strunjire,89,0,Niciunul
234,Freza,FREZA HSS Ø8 2F,3489,322.67,0.25,12.78,37.17,1.8,16.9,61.41,Aluminiu,Frezare,396,0,Niciunul
38,Burghiu,CARBIDE DRILL Ø12,2714,1121.43,2.64,8.16,35.98,0.62,9.6,64.5,Inox,Gaurire,29,0,Niciunul
86,Placuta amovibila,CNMG120408,1583,486.91,0.73,17.73,64.54,1.79,9.7,65.17,Inox,Strunjire,322,0,Niciunul
290,Tarod,TAROD M10 ISO2,2592,252.63,0.97,10.35,51.54,1.45,13.7,70.63,Aluminiu,Filetare,251,0,Niciunul
107,Burghiu,CARBIDE DRILL Ø12,1622,1133.67,1.39,9.82,44.34,1.9,3.9,73.81,Inox,Gaurire,67,0,Niciunul
101,Freza,FREZA CARBURA Ø10 4F,5137,1088.34,0.73,12.72,100.15,5.03,88.7,80.8,Inox,Frezare,135,1,Vibratii
150,Burghiu,CARBIDE DRILL Ø12,5522,838.85,1.39,5.63,62.0,0.57,4.8,60.4,Inox,Gaurire,132,0,Niciunul
85,Placuta amovibila,WNMG080408,5348,780.05,1.42,8.91,43.92,1.41,8.8,64.45,Otel,Strunjire,414,0,Niciunul
61,Burghiu,HSS DRILL Ø6,2118,1096.98,1.41,15.01,140.37,6.06,70.8,86.7,Inox,Gaurire,254,1,Uzura excesiva
191,Freza,FREZA CARBURA Ø10 4F,5820,668.67,1.82,17.28,68.74,1.62,1.6,74.96,Inox,Frezare,277,0,Niciunul
60,Tarod,TAROD M10 ISO2,5452,1113.7,2.06,11.67,59.59,0.99,9.3,67.16,Aluminiu,Filetare,499,0,Niciunul
285,Freza,FREZA CARBURA Ø10 4F,3072,398.95,0.59,19.49,86.07,5.32,97.1,99.44,Inox,Frezare,486,1,Uzura excesiva
116,Burghiu,HSS DRILL Ø6,1865,832.84,2.69,17.28,43.97,1.43,18.0,71.52,Aluminiu,Gaurire,499,0,Niciunul
222,Placuta amovibila,CNMG120408,4270,872.14,2.35,18.74,55.41,0.5,11.8,72.3,Inox,Strunjire,348,0,Niciunul
71,Tarod,TAROD M10 ISO2,3217,276.94,0.45,14.55,55.11,0.73,5.7,72.39,Inox,Filetare,341,0,Niciunul
198,Burghiu,HSS DRILL Ø6,5601,1154.37,0.4,13.09,53.14,1.95,5.8,70.98,Inox,Gaurire,61,0,Niciunul
249,Burghiu,CARBIDE DRILL Ø12,1977,1199.92,1.82,18.49,46.32,1.12,15.3,61.15,Aluminiu,Gaurire,470,0,Niciunul
19,Tarod,TAROD M10 ISO2,1975,1024.1,1.48,8.55,108.96,7.92,87.5,84.04,Otel,Filetare,458,1,Uzura excesiva
245,Freza,FREZA CARBURA Ø10 4F,3837,1027.77,1.93,18.74,58.15,0.58,5.9,62.01,Otel,Frezare,82,0,Niciunul
227,Freza,FREZA CARBURA Ø10 4F,2945,671.07,2.1,18.11,48.98,1.26,19.4,74.89,Inox,Frezare,156,0,Niciunul
93,Placuta amovibila,CNMG120408,2783,252.76,0.24,11.73,51.94,1.24,13.9,68.01,Inox,Strunjire,366,0,Niciunul
119,Burghiu,HSS DRILL Ø6,2746,1076.79,0.68,5.74,54.02,1.61,11.0,64.16,Otel,Gaurire,420,0,Niciunul
152,Freza,FREZA HSS Ø8 2F,5397,297.6,1.32,16.27,95.04,8.09,42.3,87.65,Otel,Frezare,176,1,Vibratii
153,Tarod,TAROD M10 ISO2,4576,1078.66,0.68,13.97,61.7,1.38,2.3,60.0,Aluminiu,Filetare,494,0,Niciunul
120,Tarod,TAROD M10 ISO2,4578,735.92,1.54,7.9,53.53,1.87,16.8,66.75,Otel,Filetare,397,0,Niciunul
276,Burghiu,HSS DRILL Ø6,4355,1133.33,0.22,19.99,56.74,0.93,0.7,67.67,Otel,Gaurire,42,0,Niciunul
188,Placuta amovibila,WNMG080408,3505,544.46,2.16,10.07,94.22,10.36,88.1,89.41,Otel,Strunjire,247,1,Uzura excesiva
127,Freza,FREZA CARBURA Ø10 4F,4325,527.38,0.13,18.27,48.49,1.54,11.2,74.57,Otel,Frezare,55,0,Niciunul
218,Placuta amovibila,CNMG120408,3707,985.21,1.19,6.96,157.77,7.38,63.1,92.65,Inox,Strunjire,299,1,Vibratii
71,Freza,FREZA HSS Ø8 2F,4428,550.89,2.86,6.47,63.7,1.43,16.5,74.86,Otel,Frezare,405,0,Niciunul
187,Placuta amovibila,WNMG080408,5419,853.46,1.81,12.5,51.52,1.37,4.0,69.79,Otel,Strunjire,375,0,Niciunul
248,Burghiu,HSS DRILL Ø6,4968,635.25,1.73,9.38,134.06,4.33,44.3,97.91,Otel,Gaurire,110,1,Supraincalzire
124,Placuta amovibila,WNMG080408,4453,312.85,1.87,19.33,153.74,9.77,70.9,92.65,Inox,Strunjire,119,1,Uzura excesiva
153,Placuta amovibila,CNMG120408,3401,407.36,1.98,7.28,136.72,10.45,98.0,80.34,Inox,Strunjire,426,1,Vibratii
295,Placuta amovibila,WNMG080408,1514,253.19,0.45,19.41,62.86,1.34,12.5,74.05,Otel,Strunjire,349,0,Niciunul
176,Tarod,TAROD M10 ISO2,5485,910.04,2.55,15.42,52.77,0.94,11.8,67.27,Otel,Filetare,349,0,Niciunul
32,Placuta amovibila,CNMG120408,2185,375.69,2.4,17.08,45.78,1.59,10.7,62.96,Inox,Strunjire,41,0,Niciunul
259,Freza,FREZA CARBURA Ø10 4F,2395,954.22,0.48,11.79,36.31,1.37,5.2,68.07,Aluminiu,Frezare,390,0,Niciunul
169,Freza,FREZA CARBURA Ø10 4F,4418,733.78,1.01,19.3,105.23,3.88,67.6,98.75,Otel,Frezare,408,1,Uzura excesiva
53,Freza,FREZA HSS Ø8 2F,1907,791.37,2.46,6.05,81.28,9.27,83.2,92.58,Aluminiu,Frezare,227,1,Supraincalzire
168,Burghiu,CARBIDE DRILL Ø12,5553,951.03,1.22,19.92,128.67,6.11,76.3,90.03,Aluminiu,Gaurire,157,1,Vibratii
220,Burghiu,CARBIDE DRILL Ø12,3449,566.64,2.54,18.49,101.83,7.68,47.8,88.47,Otel,Gaurire,268,1,Vibratii
1,Placuta amovibila,CNMG120408,4751,303.65,2.26,9.67,116.08,11.8,67.0,81.96,Inox,Strunjire,458,1,Vibratii
247,Placuta amovibila,WNMG080408,3796,239.62,0.71,10.58,64.07,0.74,2.7,72.78,Otel,Strunjire,465,0,Niciunul
196,Placuta amovibila,CNMG120408,3068,1048.24,1.55,13.97,148.63,3.14,65.4,89.52,Inox,Strunjire,98,1,Supraincalzire
5,Tarod,TAROD M10 ISO2,1984,377.82,0.42,7.72,36.86,0.77,15.6,65.43,Inox,Filetare,266,0,Niciunul
283,Burghiu,CARBIDE DRILL Ø12,5023,554.04,2.5,11.87,42.93,1.71,10.3,69.58,Aluminiu,Gaurire,13,0,Niciunul
50,Freza,FREZA HSS Ø8 2F,5124,483.59,2.43,6.85,130.68,3.23,90.7,90.44,Aluminiu,Frezare,427,1,Vibratii
111,Freza,FREZA CARBURA Ø10 4F,2792,663.36,0.97,9.41,69.28,1.25,5.6,70.81,Inox,Frezare,416,0,Niciunul
128,Freza,FREZA CARBURA Ø10 4F,5871,984.28,1.88,8.21,39.39,1.67,7.9,67.42,Inox,Frezare,123,0,Niciunul
246,Tarod,TAROD M10 ISO2,1627,1134.69,0.61,9.9,151.8,10.68,93.6,99.01,Aluminiu,Filetare,291,1,Vibratii
229,Freza,FREZA HSS Ø8 2F,3185,1178.64,2.28,15.09,44.74,1.47,5.5,62.26,Inox,Frezare,251,0,Niciunul
129,Tarod,TAROD M10 ISO2,3423,499.51,1.24,10.2,157.79,7.49,73.3,88.8,Otel,Filetare,281,1,Uzura excesiva
279,Placuta amovibila,CNMG120408,4508,1180.75,1.31,16.07,45.84,0.61,7.7,61.93,Otel,Strunjire,438,0,Niciunul
205,Placuta amovibila,CNMG120408,2596,542.48,1.56,14.46,46.21,1.81,9.8,71.75,Otel,Strunjire,126,0,Niciunul
201,Placuta amovibila,WNMG080408,2416,668.65,2.43,19.66,154.94,4.1,76.4,93.79,Otel,Strunjire,499,1,Uzura excesiva
7,Freza,FREZA HSS Ø8 2F,5630,780.86,1.01,17.94,58.77,1.52,5.9,74.55,Aluminiu,Frezare,351,0,Niciunul
261,Freza,FREZA HSS Ø8 2F,4721,644.34,0.51,15.65,44.42,1.62,13.5,64.21,Aluminiu,Frezare,434,0,Niciunul
15,Burghiu,CARBIDE DRILL Ø12,2348,286.56,1.36,16.99,41.49,1.58,4.2,70.19,Inox,Gaurire,21,0,Niciunul
224,Placuta amovibila,WNMG080408,5977,417.62,1.28,9.75,67.98,1.39,18.7,68.34,Aluminiu,Strunjire,113,0,Niciunul
235,Freza,FREZA CARBURA Ø10 4F,2001,617.73,1.66,17.91,107.87,11.26,97.5,96.94,Inox,Frezare,217,1,Supraincalzire
296,Freza,FREZA CARBURA Ø10 4F,1948,756.1,1.64,13.29,37.7,1.04,0.9,73.44,Aluminiu,Frezare,186,0,Niciunul
11,Placuta amovibila,WNMG080408,1810,898.53,1.42,7.53,47.91,1.41,4.3,60.55,Aluminiu,Strunjire,150,0,Niciunul
43,Burghiu,CARBIDE DRILL Ø12,3387,630.89,2.41,19.07,120.43,3.96,80.7,84.16,Aluminiu,Gaurire,52,1,Supraincalzire
137,Burghiu,HSS DRILL Ø6,2570,1129.47,0.41,11.83,129.77,7.23,59.3,98.07,Aluminiu,Gaurire,343,1,Uzura excesiva
81,Freza,FREZA HSS Ø8 2F,3498,419.61,2.88,12.37,64.0,1.61,5.2,73.59,Otel,Frezare,112,0,Niciunul
100,Tarod,TAROD M10 ISO2,3946,608.83,1.83,8.33,44.54,1.52,1.2,62.5,Otel,Filetare,296,0,Niciunul
79,Placuta amovibila,CNMG120408,3340,723.43,2.42,6.17,38.15,0.64,13.3,74.48,Otel,Strunjire,357,0,Niciunul
106,Burghiu,CARBIDE DRILL Ø12,2034,944.43,1.52,18.04,68.92,0.52,4.5,62.75,Aluminiu,Gaurire,445,0,Niciunul
28,Burghiu,HSS DRILL Ø6,2038,1027.37,2.9,17.74,48.61,1.65,4.3,64.24,Otel,Gaurire,178,0,Niciunul
178,Placuta amovibila,CNMG120408,5320,506.05,0.85,11.9,49.3,1.94,7.7,70.67,Otel,Strunjire,442,0,Niciunul
86,Tarod,TAROD M10 ISO2,2987,614.76,0.88,14.17,54.54,1.38,2.7,68.7,Otel,Filetare,7,0,Niciunul
55,Freza,FREZA CARBURA Ø10 4F,2890,259.16,1.2,7.5,68.23,1.96,10.7,66.16,Otel,Frezare,133,0,Niciunul
264,Tarod,TAROD M10 ISO2,4170,917.97,2.63,13.18,118.81,4.37,76.0,92.21,Otel,Filetare,359,1,Uzura excesiva
67,Tarod,TAROD M10 ISO2,3674,826.13,2.18,17.44,111.32,11.55,72.4,94.79,Inox,Filetare,148,1,Supraincalzire
172,Tarod,TAROD M10 ISO2,3490,312.53,1.83,5.84,54.84,0.98,7.2,69.45,Otel,Filetare,153,0,Niciunul
85,Freza,FREZA CARBURA Ø10 4F,3839,680.67,1.83,11.06,36.43,1.91,3.0,68.59,Inox,Frezare,433,0,Niciunul
222,Burghiu,CARBIDE DRILL Ø12,2473,256.44,1.84,16.28,51.67,1.04,2.4,71.45,Aluminiu,Gaurire,94,0,Niciunul
186,Placuta amovibila,CNMG120408,1637,304.91,2.72,14.94,35.69,1.61,16.0,68.26,Aluminiu,Strunjire,199,0,Niciunul
231,Placuta amovibila,WNMG080408,1808,1030.0,2.81,13.97,37.96,0.86,19.5,66.18,Inox,Strunjire,322,0,Niciunul
230,Burghiu,HSS DRILL Ø6,2601,338.55,0.24,15.22,45.74,0.61,18.3,67.68,Inox,Gaurire,254,0,Niciunul
244,Placuta amovibila,CNMG120408,2236,568.32,2.05,19.16,46.93,1.4,10.4,63.52,Aluminiu,Strunjire,336,0,Niciunul
24,Freza,FREZA HSS Ø8 2F,2507,1066.8,2.44,9.38,66.12,1.44,9.3,71.94,Inox,Frezare,356,0,Niciunul
126,Freza,FREZA HSS Ø8 2F,2853,760.95,1.63,19.75,40.07,1.46,17.0,73.83,Otel,Frezare,304,0,Niciunul
149,Burghiu,CARBIDE DRILL Ø12,5722,1132.52,2.57,17.73,48.1,1.18,14.1,70.27,Aluminiu,Gaurire,369,0,Niciunul
219,Burghiu,HSS DRILL Ø6,2873,822.92,0.4,11.35,36.52,0.69,12.0,70.88,Otel,Gaurire,135,0,Niciunul
27,Tarod,TAROD M10 ISO2,5893,714.99,1.13,7.41,47.12,0.79,8.9,72.28,Inox,Filetare,317,0,Niciunul
70,Tarod,TAROD M10 ISO2,5407,277.99,1.38,6.1,64.49,1.23,4.6,68.31,Otel,Filetare,371,0,Niciunul
279,Freza,FREZA CARBURA Ø10 4F,5735,573.57,0.57,17.1,122.05,8.75,83.1,99.06,Aluminiu,Frezare,101,1,Supraincalzire
243,Freza,FREZA HSS Ø8 2F,4678,717.87,2.1,7.42,41.93,0.88,8.4,66.62,Inox,Frezare,143,0,Niciunul
243,Tarod,TAROD M10 ISO2,2685,865.74,0.13,6.8,37.64,1.89,9.5,71.53,Inox,Filetare,191,0,Niciunul
51,Burghiu,HSS DRILL Ø6,2462,854.39,0.66,7.43,43.82,0.65,0.5,60.8,Inox,Gaurire,499,0,Niciunul
275,Placuta amovibila,WNMG080408,4529,701.32,1.19,19.81,62.45,0.7,14.5,74.56,Otel,Strunjire,130,0,Niciunul
202,Freza,FREZA CARBURA Ø10 4F,2628,759.22,2.23,12.12,49.13,1.34,5.4,68.53,Otel,Frezare,487,0,Niciunul
50,Placuta amovibila,WNMG080408,5714,513.03,1.82,13.88,42.24,1.98,19.9,74.84,Aluminiu,Strunjire,349,0,Niciunul
268,Burghiu,CARBIDE DRILL Ø12,5104,384.0,0.88,16.36,62.26,1.71,19.4,62.24,Otel,Gaurire,259,0,Niciunul
161,Freza,FREZA HSS Ø8 2F,5879,823.63,2.07,5.85,58.4,0.52,11.0,61.73,Aluminiu,Frezare,17,0,Niciunul
138,Freza,FREZA HSS Ø8 2F,4899,773.05,1.37,13.23,99.77,11.01,92.4,98.52,Otel,Frezare,147,1,Vibratii
276,Freza,FREZA HSS Ø8 2F,4290,873.68,1.3,10.76,66.92,0.57,0.6,71.22,Inox,Frezare,211,0,Niciunul
194,Placuta amovibila,CNMG120408,1543,722.0,2.1,11.16,131.94,10.92,50.3,84.09,Inox,Strunjire,413,1,Vibratii
64,Tarod,TAROD M10 ISO2,3823,1042.64,2.57,19.91,59.31,1.12,11.3,60.06,Otel,Filetare,359,0,Niciunul
68,Freza,FREZA CARBURA Ø10 4F,2892,1073.16,0.93,14.31,125.78,4.94,93.6,98.14,Aluminiu,Frezare,319,1,Vibratii
276,Tarod,TAROD M10 ISO2,4027,200.97,0.83,19.62,88.67,9.79,84.4,80.28,Inox,Filetare,278,1,Supraincalzire
208,Burghiu,CARBIDE DRILL Ø12,4296,1012.09,1.5,6.59,51.63,1.65,8.0,65.47,Inox,Gaurire,229,0,Niciunul
77,Burghiu,CARBIDE DRILL Ø12,2046,824.31,2.03,14.83,53.97,1.87,6.7,72.63,Inox,Gaurire,397,0,Niciunul
135,Burghiu,CARBIDE DRILL Ø12,3995,873.0,2.55,5.05,60.95,0.96,14.3,65.57,Otel,Gaurire,430,0,Niciunul
215,Burghiu,CARBIDE DRILL Ø12,4310,1169.14,1.56,14.97,41.95,1.87,3.0,67.74,Aluminiu,Gaurire,170,0,Niciunul
159,Placuta amovibila,WNMG080408,2528,330.43,2.93,16.31,49.3,1.01,1.3,61.16,Aluminiu,Strunjire,478,0,Niciunul
59,Burghiu,CARBIDE DRILL Ø12,1731,223.28,0.62,8.18,58.71,1.21,4.0,61.16,Aluminiu,Gaurire,367,0,Niciunul
193,Burghiu,CARBIDE DRILL Ø12,4224,1076.54,2.41,19.68,46.47,1.95,12.7,72.18,Inox,Gaurire,10,0,Niciunul
21,Burghiu,CARBIDE DRILL Ø12,5785,341.85,2.36,17.1,65.06,0.69,5.6,68.3,Otel,Gaurire,372,0,Niciunul
89,Burghiu,CARBIDE DRILL Ø12,1914,289.02,2.92,15.19,56.95,0.9,19.5,63.79,Otel,Gaurire,211,0,Niciunul
229,Placuta amovibila,CNMG120408,2420,683.38,1.15,5.52,56.91,1.14,14.8,72.32,Aluminiu,Strunjire,93,0,Niciunul
234,Freza,FREZA CARBURA Ø10 4F,1718,1024.57,1.16,9.95,120.41,3.84,68.7,95.2,Inox,Frezare,394,1,Vibratii
80,Placuta amovibila,WNMG080408,5673,613.55,2.5,9.49,45.69,1.52,17.6,66.65,Inox,Strunjire,296,0,Niciunul
19,Placuta amovibila,CNMG120408,3041,1040.32,0.89,9.67,64.13,1.15,5.4,65.88,Aluminiu,Strunjire,235,0,Niciunul
60,Burghiu,CARBIDE DRILL Ø12,2565,437.37,0.6,18.13,156.96,9.76,87.0,87.33,Inox,Gaurire,329,1,Uzura excesiva
25,Placuta amovibila,WNMG080408,2255,1088.49,0.89,7.9,41.59,0.91,12.0,72.07,Aluminiu,Strunjire,80,0,Niciunul
179,Tarod,TAROD M10 ISO2,1893,241.38,1.33,13.07,63.97,1.11,11.4,67.6,Otel,Filetare,428,0,Niciunul
65,Placuta amovibila,WNMG080408,4574,1168.14,1.57,6.77,60.76,0.85,12.5,60.82,Aluminiu,Strunjire,391,0,Niciunul
171,Burghiu,HSS DRILL Ø6,4132,284.12,0.9,16.47,54.36,1.65,5.0,73.96,Aluminiu,Gaurire,59,0,Niciunul
100,Burghiu,HSS DRILL Ø6,2453,595.25,1.58,13.3,49.84,1.55,19.6,65.78,Inox,Gaurire,164,0,Niciunul
23,Tarod,TAROD M10 ISO2,4026,302.98,1.13,8.67,44.65,0.71,13.0,73.59,Inox,Filetare,338,0,Niciunul
198,Freza,FREZA CARBURA Ø10 4F,2596,468.77,1.56,17.35,45.67,0.87,1.9,72.68,Otel,Frezare,314,0,Niciunul
56,Placuta amovibila,WNMG080408,2392,478.58,0.2,12.73,55.04,1.58,16.8,73.14,Aluminiu,Strunjire,268,0,Niciunul
228,Freza,FREZA HSS Ø8 2F,5063,365.38,1.46,17.16,54.26,1.11,10.0,72.28,Inox,Frezare,243,0,Niciunul
148,Placuta amovibila,CNMG120408,2144,467.28,0.74,17.52,43.25,1.67,3.7,69.9,Otel,Strunjire,163,0,Niciunul
271,Burghiu,HSS DRILL Ø6,3036,1088.09,2.11,15.99,55.08,1.67,17.2,73.14,Inox,Gaurire,450,0,Niciunul
215,Tarod,TAROD M10 ISO2,2286,958.61,2.19,15.15,38.93,1.14,11.7,66.19,Otel,Filetare,82,0,Niciunul
293,Placuta amovibila,WNMG080408,3822,608.84,2.8,8.4,41.97,1.21,0.8,68.92,Aluminiu,Strunjire,395,0,Niciunul
144,Tarod,TAROD M10 ISO2,2060,698.13,1.75,12.14,148.65,5.44,67.7,85.25,Otel,Filetare,12,1,Vibratii
212,Freza,FREZA HSS Ø8 2F,4575,869.03,1.83,9.2,36.19,1.32,15.5,64.23,Aluminiu,Frezare,150,0,Niciunul
217,Placuta amovibila,WNMG080408,5954,1154.85,1.91,9.23,105.03,7.2,81.5,91.06,Inox,Strunjire,458,1,Vibratii
289,Placuta amovibila,CNMG120408,3427,491.15,1.35,7.85,68.36,1.22,18.8,65.35,Inox,Strunjire,176,0,Niciunul
59,Burghiu,HSS DRILL Ø6,3824,661.68,2.37,7.29,67.67,1.98,8.1,70.59,Inox,Gaurire,304,0,Niciunul
206,Burghiu,HSS DRILL Ø6,5438,561.58,0.61,18.84,41.35,1.11,16.2,64.75,Aluminiu,Gaurire,477,0,Niciunul
132,Burghiu,HSS DRILL Ø6,5709,748.18,0.12,10.56,37.31,1.37,9.5,62.18,Otel,Gaurire,373,0,Niciunul
92,Placuta amovibila,CNMG120408,2654,216.48,0.18,13.5,37.39,1.48,16.6,73.2,Otel,Strunjire,137,0,Niciunul
127,Burghiu,CARBIDE DRILL Ø12,4456,423.12,1.57,19.63,38.59,1.89,4.7,71.6,Otel,Gaurire,420,0,Niciunul
95,Tarod,TAROD M10 ISO2,3908,975.0,0.57,17.82,47.07,1.5,16.5,66.64,Aluminiu,Filetare,148,0,Niciunul
151,Placuta amovibila,WNMG080408,3847,503.54,1.33,6.52,54.43,1.78,1.2,61.74,Inox,Strunjire,100,0,Niciunul
70,Burghiu,CARBIDE DRILL Ø12,5211,375.53,0.92,11.82,81.01,8.29,60.1,92.91,Inox,Gaurire,389,1,Supraincalzire
41,Freza,FREZA CARBURA Ø10 4F,1966,557.52,0.23,18.03,55.49,1.07,16.5,64.11,Aluminiu,Frezare,229,0,Niciunul
207,Freza,FREZA CARBURA Ø10 4F,4313,215.05,2.45,12.95,39.95,0.78,16.3,69.1,Otel,Frezare,298,0,Niciunul
53,Burghiu,HSS DRILL Ø6,3511,490.41,0.2,15.63,55.65,1.07,6.1,69.85,Inox,Gaurire,401,0,Niciunul
237,Burghiu,CARBIDE DRILL Ø12,5782,539.51,0.46,14.19,96.75,11.67,62.6,98.01,Inox,Gaurire,453,1,Vibratii
128,Burghiu,CARBIDE DRILL Ø12,4335,411.42,1.85,16.39,123.65,11.79,96.5,92.13,Otel,Gaurire,173,1,Uzura excesiva
286,Burghiu,CARBIDE DRILL Ø12,2173,664.27,1.68,16.24,69.59,0.83,17.0,71.0,Inox,Gaurire,248,0,Niciunul
185,Placuta amovibila,WNMG080408,5997,505.95,2.38,14.95,96.13,3.56,59.9,97.45,Inox,Strunjire,187,1,Uzura excesiva
96,Placuta amovibila,CNMG120408,2316,413.5,2.97,16.11,59.02,1.48,20.0,64.21,Inox,Strunjire,221,0,Niciunul
16,Burghiu,HSS DRILL Ø6,2134,382.15,2.62,8.44,111.76,9.47,88.5,87.99,Inox,Gaurire,311,1,Supraincalzire
108,Freza,FREZA CARBURA Ø10 4F,1760,338.23,0.5,14.87,52.15,0.78,0.7,66.74,Otel,Frezare,14,0,Niciunul
35,Freza,FREZA CARBURA Ø10 4F,3935,582.77,2.27,19.48,155.12,6.85,68.9,98.98,Aluminiu,Frezare,186,1,Uzura excesiva
91,Freza,FREZA CARBURA Ø10 4F,1526,1111.31,1.95,10.54,38.75,1.19,5.1,70.92,Inox,Frezare,288,0,Niciunul
122,Placuta amovibila,CNMG120408,4655,802.32,1.28,8.35,98.37,8.89,82.8,86.52,Otel,Strunjire,205,1,Vibratii
247,Tarod,TAROD M10 ISO2,1975,1038.28,0.99,14.2,97.97,7.97,83.3,84.04,Inox,Filetare,339,1,Uzura excesiva
7,Placuta amovibila,CNMG120408,2127,968.81,1.72,8.74,65.79,1.49,17.7,70.92,Inox,Strunjire,210,0,Niciunul
257,Tarod,TAROD M10 ISO2,1949,936.57,1.73,19.89,61.55,0.56,12.7,72.43,Aluminiu,Filetare,460,0,Niciunul
226,Placuta amovibila,CNMG120408,4231,1150.51,2.51,6.91,119.04,10.96,55.6,97.4,Aluminiu,Strunjire,422,1,Vibratii
47,Placuta amovibila,CNMG120408,1754,813.82,1.72,19.16,65.39,1.99,6.7,68.05,Inox,Strunjire,26,0,Niciunul
136,Burghiu,CARBIDE DRILL Ø12,3120,656.41,2.12,15.51,123.74,5.55,82.4,82.82,Aluminiu,Gaurire,421,1,Vibratii
149,Freza,FREZA CARBURA Ø10 4F,2335,353.05,2.0,15.26,54.67,1.2,5.5,68.68,Otel,Frezare,114,0,Niciunul
237,Burghiu,HSS DRILL Ø6,3625,582.56,0.37,8.72,106.91,10.11,48.8,88.18,Otel,Gaurire,417,1,Supraincalzire
121,Burghiu,HSS DRILL Ø6,3369,921.21,0.58,19.11,135.27,6.57,49.7,94.51,Otel,Gaurire,412,1,Supraincalzire
233,Burghiu,HSS DRILL Ø6,2092,989.02,2.24,18.66,67.69,1.78,19.3,74.25,Inox,Gaurire,436,0,Niciunul
48,Tarod,TAROD M10 ISO2,5573,567.15,0.66,12.49,36.82,1.55,9.5,66.14,Otel,Filetare,299,0,Niciunul
33,Burghiu,HSS DRILL Ø6,2589,1062.38,0.78,12.25,52.49,1.49,3.3,65.06,Inox,Gaurire,5,0,Niciunul
209,Freza,FREZA HSS Ø8 2F,2349,440.32,0.42,8.14,67.8,1.23,5.0,72.3,Otel,Frezare,253,0,Niciunul
146,Burghiu,HSS DRILL Ø6,5708,576.31,2.01,11.88,35.66,1.17,7.7,65.47,Otel,Gaurire,364,0,Niciunul
158,Burghiu,CARBIDE DRILL Ø12,3378,815.29,0.35,15.23,37.28,1.37,14.3,63.82,Aluminiu,Gaurire,476,0,Niciunul
97,Freza,FREZA CARBURA Ø10 4F,1683,214.84,1.1,6.29,37.57,0.79,16.0,70.64,Aluminiu,Frezare,66,0,Niciunul
45,Freza,FREZA CARBURA Ø10 4F,2967,799.44,2.15,18.43,45.34,1.18,11.5,65.37,Otel,Frezare,65,0,Niciunul
143,Placuta amovibila,WNMG080408,3948,304.69,2.33,19.46,42.91,0.73,12.6,69.42,Otel,Strunjire,139,0,Niciunul
258,Tarod,TAROD M10 ISO2,4713,447.59,0.5,14.37,91.71,8.29,62.1,88.3,Inox,Filetare,140,1,Uzura excesiva
109,Burghiu,HSS DRILL Ø6,4250,595.54,2.13,15.51,65.3,0.67,9.0,70.47,Aluminiu,Gaurire,117,0,Niciunul
254,Placuta amovibila,CNMG120408,1709,276.63,2.04,15.74,52.69,0.64,11.8,61.43,Otel,Strunjire,449,0,Niciunul
33,Tarod,TAROD M10 ISO2,2434,639.54,2.66,11.77,36.73,1.44,17.0,73.35,Aluminiu,Filetare,45,0,Niciunul
249,Freza,FREZA CARBURA Ø10 4F,3572,242.71,2.75,8.05,121.91,3.65,73.2,94.6,Aluminiu,Frezare,473,1,Uzura excesiva
250,Freza,FREZA CARBURA Ø10 4F,3764,909.49,0.2,10.41,58.69,1.09,1.6,65.9,Aluminiu,Frezare,255,0,Niciunul
26,Burghiu,HSS DRILL Ø6,4603,453.7,2.54,6.36,68.85,1.94,14.3,68.51,Otel,Gaurire,479,0,Niciunul
4,Burghiu,HSS DRILL Ø6,1608,1196.0,1.62,6.36,84.03,11.99,55.9,89.86,Aluminiu,Gaurire,24,1,Supraincalzire
271,Freza,FREZA HSS Ø8 2F,2744,206.15,2.95,6.16,158.32,5.22,62.8,96.64,Aluminiu,Frezare,103,1,Supraincalzire
174,Burghiu,HSS DRILL Ø6,5225,1004.36,1.73,19.12,47.59,1.18,14.9,60.34,Aluminiu,Gaurire,164,0,Niciunul
10,Burghiu,CARBIDE DRILL Ø12,4407,611.24,2.54,11.22,51.74,1.66,16.2,68.59,Aluminiu,Gaurire,169,0,Niciunul
123,Freza,FREZA HSS Ø8 2F,5233,1083.58,0.38,11.9,60.05,1.58,12.5,63.61,Otel,Frezare,87,0,Niciunul
199,Freza,FREZA HSS Ø8 2F,4013,646.35,2.77,8.27,35.62,0.71,9.4,64.11,Otel,Frezare,81,0,Niciunul
203,Placuta amovibila,CNMG120408,2952,230.95,2.33,9.92,41.07,1.45,8.5,68.54,Inox,Strunjire,471,0,Niciunul
133,Placuta amovibila,CNMG120408,1569,406.58,2.65,15.82,49.63,0.75,10.2,72.69,Otel,Strunjire,97,0,Niciunul
151,Freza,FREZA CARBURA Ø10 4F,2138,828.56,0.13,14.61,37.62,1.41,12.2,70.97,Aluminiu,Frezare,490,0,Niciunul
101,Placuta amovibila,WNMG080408,1974,1087.75,0.44,15.71,58.91,1.5,9.4,70.54,Aluminiu,Strunjire,339,0,Niciunul
293,Freza,FREZA CARBURA Ø10 4F,4234,1042.42,1.06,14.91,42.61,0.9,8.4,72.24,Inox,Frezare,36,0,Niciunul
178,Burghiu,HSS DRILL Ø6,4859,288.89,0.69,7.98,50.35,0.58,11.8,71.31,Otel,Gaurire,438,0,Niciunul
166,Tarod,TAROD M10 ISO2,4225,603.36,1.65,11.19,94.98,11.89,73.9,98.49,Aluminiu,Filetare,219,1,Supraincalzire
80,Placuta amovibila,CNMG120408,2930,338.25,1.4,19.88,41.96,1.71,16.2,69.08,Inox,Strunjire,422,0,Niciunul
102,Burghiu,HSS DRILL Ø6,2471,979.46,2.01,12.03,37.12,1.99,13.3,60.04,Aluminiu,Gaurire,167,0,Niciunul
175,Placuta amovibila,WNMG080408,3227,1073.59,0.31,6.34,62.83,1.56,1.3,65.87,Otel,Strunjire,302,0,Niciunul
214,Burghiu,HSS DRILL Ø6,5984,1114.28,1.99,8.06,41.64,1.91,19.4,72.62,Otel,Gaurire,93,0,Niciunul
27,Freza,FREZA HSS Ø8 2F,2769,1142.56,1.15,5.79,35.32,1.18,12.5,68.59,Aluminiu,Frezare,269,0,Niciunul
251,Freza,FREZA CARBURA Ø10 4F,2728,588.27,1.67,13.17,36.02,1.47,7.0,60.41,Aluminiu,Frezare,441,0,Niciunul
17,Freza,FREZA HSS Ø8 2F,4688,770.15,2.0,16.97,62.44,1.79,19.2,63.78,Inox,Frezare,458,0,Niciunul
242,Placuta amovibila,WNMG080408,3597,460.14,1.15,9.43,53.48,1.29,12.8,69.13,Inox,Strunjire,376,0,Niciunul
16,Placuta amovibila,WNMG080408,4927,993.22,0.13,10.74,116.74,10.5,84.7,98.02,Inox,Strunjire,43,1,Uzura excesiva
232,Tarod,TAROD M10 ISO2,5626,312.57,2.53,9.12,67.81,0.89,2.9,65.13,Inox,Filetare,299,0,Niciunul
210,Tarod,TAROD M10 ISO2,2972,768.96,1.64,7.08,109.03,3.53,69.3,85.22,Inox,Filetare,153,1,Supraincalzire
26,Placuta amovibila,WNMG080408,2677,559.72,0.84,14.45,112.68,10.67,40.3,94.18,Inox,Strunjire,164,1,Vibratii
213,Burghiu,CARBIDE DRILL Ø12,5975,499.6,2.24,16.96,65.13,1.99,5.3,66.83,Otel,Gaurire,482,0,Niciunul
38,Burghiu,HSS DRILL Ø6,4446,545.19,0.91,18.25,58.02,1.96,10.7,70.34,Inox,Gaurire,356,0,Niciunul
92,Freza,FREZA CARBURA Ø10 4F,5597,1173.85,0.37,10.32,47.71,1.01,15.6,62.47,Inox,Frezare,283,0,Niciunul
39,Placuta amovibila,WNMG080408,2964,882.59,1.52,18.88,39.63,1.56,16.9,60.87,Aluminiu,Strunjire,118,0,Niciunul
110,Tarod,TAROD M10 ISO2,3603,475.94,2.23,7.6,53.8,0.56,9.8,69.75,Inox,Filetare,295,0,Niciunul
236,Freza,FREZA HSS Ø8 2F,5399,735.11,2.42,9.36,54.18,1.89,5.3,71.03,Inox,Frezare,83,0,Niciunul
25,Burghiu,HSS DRILL Ø6,4464,600.86,1.6,10.82,41.86,1.17,7.0,63.05,Aluminiu,Gaurire,427,0,Niciunul
282,Placuta amovibila,WNMG080408,3789,881.83,0.53,12.33,69.2,0.54,5.4,68.79,Inox,Strunjire,473,0,Niciunul
14,Placuta amovibila,CNMG120408,3445,366.61,0.98,14.94,47.57,1.17,8.4,70.69,Otel,Strunjire,351,0,Niciunul
239,Freza,FREZA HSS Ø8 2F,3576,893.6,2.62,19.45,51.51,1.32,17.1,74.17,Otel,Frezare,287,0,Niciunul
86,Burghiu,HSS DRILL Ø6,3231,967.63,2.04,16.0,42.63,0.57,12.4,71.91,Otel,Gaurire,40,0,Niciunul
21,Freza,FREZA HSS Ø8 2F,2287,899.03,2.37,10.88,124.82,6.51,70.3,92.59,Aluminiu,Frezare,291,1,Uzura excesiva
166,Freza,FREZA HSS Ø8 2F,2378,604.99,1.48,7.11,44.34,1.57,3.7,67.93,Inox,Frezare,164,0,Niciunul
210,Freza,FREZA CARBURA Ø10 4F,3285,970.76,2.02,9.8,69.95,0.68,9.2,72.4,Otel,Frezare,319,0,Niciunul
237,Tarod,TAROD M10 ISO2,2653,510.54,1.66,12.38,92.29,4.52,68.2,85.69,Inox,Filetare,64,1,Vibratii
139,Burghiu,HSS DRILL Ø6,5651,702.84,1.46,16.73,116.89,11.21,99.5,81.61,Otel,Gaurire,308,1,Supraincalzire
99,Tarod,TAROD M10 ISO2,1880,674.71,2.2,12.59,157.17,5.6,63.8,98.04,Inox,Filetare,378,1,Uzura excesiva
192,Tarod,TAROD M10 ISO2,3132,590.99,2.96,11.23,39.65,1.34,3.5,74.89,Aluminiu,Filetare,240,0,Niciunul
261,Burghiu,HSS DRILL Ø6,4545,204.18,2.95,7.67,42.99,0.73,0.8,74.19,Aluminiu,Gaurire,127,0,Niciunul
91,Freza,FREZA HSS Ø8 2F,5061,249.88,2.58,6.57,37.74,0.62,19.8,61.81,Otel,Frezare,214,0,Niciunul
262,Tarod,TAROD M10 ISO2,3204,405.45,2.49,14.16,45.12,1.24,2.0,69.6,Otel,Filetare,91,0,Niciunul
253,Freza,FREZA CARBURA Ø10 4F,1553,780.32,2.4,12.51,52.97,0.54,11.9,72.72,Aluminiu,Frezare,1,0,Niciunul
280,Burghiu,HSS DRILL Ø6,5986,617.13,2.09,12.14,50.33,1.51,18.8,62.25,Inox,Gaurire,128,0,Niciunul
17,Placuta amovibila,CNMG120408,1580,425.01,1.53,9.81,68.26,1.7,14.9,61.82,Inox,Strunjire,156,0,Niciunul
4,Freza,FREZA CARBURA Ø10 4F,5838,260.35,0.99,11.24,59.21,1.83,4.0,63.77,Otel,Frezare,277,0,Niciunul
44,Tarod,TAROD M10 ISO2,4318,441.7,0.28,16.46,124.35,6.79,58.8,80.93,Inox,Filetare,38,1,Vibratii
210,Burghiu,HSS DRILL Ø6,2122,252.26,2.26,6.02,84.84,9.1,71.5,80.2,Inox,Gaurire,385,1,Supraincalzire
130,Placuta amovibila,CNMG120408,2329,363.56,0.56,15.45,46.23,0.94,14.6,67.91,Aluminiu,Strunjire,315,0,Niciunul
83,Freza,FREZA CARBURA Ø10 4F,5778,899.98,1.72,16.26,61.17,1.37,1.8,70.15,Inox,Frezare,108,0,Niciunul
286,Placuta amovibila,CNMG120408,1592,784.65,2.32,18.64,37.51,1.52,6.2,70.25,Otel,Strunjire,100,0,Niciunul
13,Burghiu,HSS DRILL Ø6,2516,855.17,0.64,7.4,68.51,1.17,14.0,71.31,Otel,Gaurire,411,0,Niciunul
137,Tarod,TAROD M10 ISO2,5565,573.63,0.22,13.99,136.02,8.87,96.0,97.23,Aluminiu,Filetare,182,1,Uzura excesiva
236,Placuta amovibila,CNMG120408,1599,816.93,2.76,11.67,62.11,1.3,19.0,62.03,Aluminiu,Strunjire,119,0,Niciunul
253,Placuta amovibila,WNMG080408,3914,722.12,2.52,13.93,36.27,1.64,16.8,63.18,Inox,Strunjire,238,0,Niciunul
32,Freza,FREZA CARBURA Ø10 4F,5189,1106.73,0.65,17.37,47.94,1.97,19.9,61.11,Otel,Frezare,411,0,Niciunul
129,Burghiu,HSS DRILL Ø6,5571,911.2,1.38,19.42,53.31,1.93,6.0,73.36,Aluminiu,Gaurire,79,0,Niciunul
94,Tarod,TAROD M10 ISO2,5887,1053.19,1.94,15.89,80.26,9.53,73.5,91.28,Inox,Filetare,466,1,Uzura excesiva
267,Placuta amovibila,CNMG120408,5128,784.05,1.27,5.37,36.31,0.59,7.8,72.25,Aluminiu,Strunjire,99,0,Niciunul
30,Freza,FREZA HSS Ø8 2F,2296,1060.7,0.68,16.44,39.16,1.17,12.8,67.97,Inox,Frezare,87,0,Niciunul
120,Burghiu,CARBIDE DRILL Ø12,4976,1074.87,2.53,16.41,105.85,10.55,68.1,93.15,Otel,Gaurire,440,1,Vibratii
54,Burghiu,CARBIDE DRILL Ø12,1845,1009.47,1.3,6.3,104.99,4.22,56.2,83.17,Otel,Gaurire,332,1,Supraincalzire
113,Burghiu,HSS DRILL Ø6,5330,662.12,1.81,6.26,65.08,0.84,16.0,61.49,Aluminiu,Gaurire,395,0,Niciunul
201,Freza,FREZA HSS Ø8 2F,2618,796.27,1.79,12.43,116.1,3.59,62.7,89.77,Inox,Frezare,357,1,Uzura excesiva
108,Burghiu,CARBIDE DRILL Ø12,5342,242.5,1.99,13.84,46.43,1.84,15.2,64.22,Otel,Gaurire,351,0,Niciunul
211,Burghiu,HSS DRILL Ø6,5312,558.22,1.36,10.07,54.14,1.59,13.9,66.24,Aluminiu,Gaurire,226,0,Niciunul
192,Freza,FREZA HSS Ø8 2F,4787,778.44,0.35,17.11,68.04,0.55,15.0,61.22,Aluminiu,Frezare,455,0,Niciunul
252,Tarod,TAROD M10 ISO2,5830,271.99,1.85,15.68,149.4,3.15,89.4,81.29,Aluminiu,Filetare,191,1,Supraincalzire
81,Burghiu,CARBIDE DRILL Ø12,5355,314.49,2.82,14.94,69.73,0.56,11.1,66.03,Inox,Gaurire,347,0,Niciunul
84,Placuta amovibila,CNMG120408,2997,540.67,1.86,7.42,69.75,1.14,13.4,71.0,Aluminiu,Strunjire,149,0,Niciunul
263,Freza,FREZA CARBURA Ø10 4F,3819,709.08,1.97,11.62,43.1,0.78,3.5,62.0,Aluminiu,Frezare,194,0,Niciunul
68,Freza,FREZA HSS Ø8 2F,3643,568.53,0.31,11.52,37.69,0.82,14.3,72.87,Otel,Frezare,487,0,Niciunul
148,Tarod,TAROD M10 ISO2,5099,679.68,2.6,7.86,35.48,1.01,8.1,65.21,Aluminiu,Filetare,225,0,Niciunul
289,Tarod,TAROD M10 ISO2,5996,216.83,0.3,16.33,111.57,4.05,83.1,99.22,Inox,Filetare,261,1,Uzura excesiva
186,Freza,FREZA HSS Ø8 2F,5883,418.99,0.55,7.08,61.89,0.66,4.9,72.95,Otel,Frezare,244,0,Niciunul
129,Freza,FREZA HSS Ø8 2F,2157,335.55,1.5,6.2,55.98,0.83,4.5,72.54,Inox,Frezare,349,0,Niciunul
11,Placuta amovibila,CNMG120408,2086,693.18,1.05,6.52,35.97,1.71,14.3,69.72,Aluminiu,Strunjire,471,0,Niciunul
57,Burghiu,CARBIDE DRILL Ø12,5251,989.29,2.49,19.63,51.36,0.63,12.4,64.66,Aluminiu,Gaurire,448,0,Niciunul
206,Freza,FREZA CARBURA Ø10 4F,4254,751.55,2.05,19.47,46.38,1.85,19.8,73.38,Otel,Frezare,269,0,Niciunul
219,Freza,FREZA HSS Ø8 2F,5794,923.27,1.61,19.32,39.99,1.51,12.1,74.94,Otel,Frezare,304,0,Niciunul
47,Placuta amovibila,WNMG080408,2052,1186.37,2.27,14.32,47.91,1.29,19.7,74.29,Otel,Strunjire,19,0,Niciunul
85,Burghiu,HSS DRILL Ø6,2046,286.36,1.24,5.93,59.02,0.75,9.6,64.37,Otel,Gaurire,325,0,Niciunul
24,Burghiu,CARBIDE DRILL Ø12,2446,1171.96,2.94,18.28,65.89,0.72,14.2,74.83,Aluminiu,Gaurire,115,0,Niciunul
223,Freza,FREZA HSS Ø8 2F,1800,663.75,1.4,10.28,127.65,9.38,73.8,95.1,Inox,Frezare,14,1,Supraincalzire
286,Tarod,TAROD M10 ISO2,1727,902.43,1.33,12.55,50.07,1.37,11.4,64.83,Otel,Filetare,146,0,Niciunul
245,Placuta amovibila,CNMG120408,1807,608.33,0.64,9.05,45.09,0.98,8.7,62.78,Otel,Strunjire,121,0,Niciunul
297,Burghiu,CARBIDE DRILL Ø12,3697,283.3,2.7,14.19,40.87,1.26,16.3,65.38,Aluminiu,Gaurire,56,0,Niciunul
168,Tarod,TAROD M10 ISO2,2117,780.7,1.53,10.47,81.06,4.76,74.9,90.52,Aluminiu,Filetare,369,1,Uzura excesiva
159,Freza,FREZA HSS Ø8 2F,2333,1189.26,1.39,17.44,94.02,11.92,44.2,88.4,Inox,Frezare,79,1,Vibratii
204,Burghiu,CARBIDE DRILL Ø12,2886,607.34,2.04,11.51,47.7,0.64,2.3,65.78,Otel,Gaurire,32,0,Niciunul
175,Freza,FREZA CARBURA Ø10 4F,1649,232.13,2.26,11.73,95.44,9.43,91.5,80.71,Otel,Frezare,246,1,Vibratii
246,Freza,FREZA HSS Ø8 2F,1684,1068.5,2.93,14.78,51.05,0.79,14.8,63.03,Aluminiu,Frezare,344,0,Niciunul
62,Placuta amovibila,CNMG120408,4189,242.77,2.89,17.99,64.72,1.39,5.5,67.95,Aluminiu,Strunjire,339,0,Niciunul
73,Tarod,TAROD M10 ISO2,2368,445.58,0.4,13.06,116.82,11.64,50.7,93.04,Aluminiu,Filetare,405,1,Uzura excesiva
201,Burghiu,HSS DRILL Ø6,2103,1022.36,1.27,9.33,40.49,0.69,9.2,63.7,Otel,Gaurire,28,0,Niciunul
299,Placuta amovibila,WNMG080408,3787,911.65,0.57,11.68,64.77,0.91,15.0,69.79,Inox,Strunjire,259,0,Niciunul
102,Placuta amovibila,CNMG120408,4270,665.23,0.49,7.97,56.46,1.97,1.2,74.29,Inox,Strunjire,72,0,Niciunul
251,Placuta amovibila,CNMG120408,2372,334.45,2.6,6.01,87.03,10.76,64.3,99.87,Inox,Strunjire,52,1,Vibratii
259,Burghiu,CARBIDE DRILL Ø12,3640,468.14,2.5,14.82,62.76,1.27,17.0,71.93,Otel,Gaurire,258,0,Niciunul
143,Burghiu,CARBIDE DRILL Ø12,1883,514.94,0.93,12.33,49.96,0.64,10.1,66.0,Aluminiu,Gaurire,452,0,Niciunul
240,Placuta amovibila,WNMG080408,4143,318.95,1.42,5.15,36.14,0.67,2.0,60.5,Aluminiu,Strunjire,226,0,Niciunul
57,Freza,FREZA CARBURA Ø10 4F,3877,881.63,0.17,13.93,40.92,1.21,11.4,64.17,Inox,Frezare,336,0,Niciunul
262,Placuta amovibila,CNMG120408,2135,444.17,2.56,8.0,47.61,1.91,5.2,70.58,Inox,Strunjire,298,0,Niciunul
295,Burghiu,HSS DRILL Ø6,1974,937.92,0.53,16.66,57.43,1.27,16.3,67.18,Otel,Gaurire,439,0,Niciunul
299,Placuta amovibila,CNMG120408,1827,557.18,0.45,18.41,35.32,1.69,1.8,73.57,Inox,Strunjire,100,0,Niciunul
32,Burghiu,HSS DRILL Ø6,1743,481.91,0.48,15.02,41.72,1.18,14.4,68.28,Otel,Gaurire,56,0,Niciunul
249,Placuta amovibila,CNMG120408,4084,205.14,0.9,14.58,109.83,4.54,84.0,85.18,Otel,Strunjire,186,1,Vibratii
128,Freza,FREZA HSS Ø8 2F,2301,817.89,2.7,15.33,156.06,5.65,79.1,86.12,Otel,Frezare,500,1,Vibratii
138,Tarod,TAROD M10 ISO2,2405,361.42,2.38,19.43,80.34,8.31,54.6,83.32,Inox,Filetare,472,1,Vibratii
280,Freza,FREZA CARBURA Ø10 4F,2946,359.66,0.17,18.55,48.86,0.81,9.7,73.38,Aluminiu,Frezare,127,0,Niciunul
220,Burghiu,HSS DRILL Ø6,5206,442.77,1.51,19.27,66.3,0.57,19.1,63.76,Inox,Gaurire,437,0,Niciunul
118,Freza,FREZA HSS Ø8 2F,3378,669.09,1.2,5.4,61.8,1.38,9.6,65.15,Otel,Frezare,17,0,Niciunul
199,Placuta amovibila,CNMG120408,4853,201.91,0.7,5.83,100.5,10.06,92.0,88.58,Aluminiu,Strunjire,249,1,Uzura excesiva
165,Placuta amovibila,WNMG080408,4405,814.61,2.48,6.48,58.76,1.78,16.6,70.39,Aluminiu,Strunjire,452,0,Niciunul
206,Placuta amovibila,WNMG080408,1627,310.5,0.17,9.61,156.37,7.88,65.5,83.21,Aluminiu,Strunjire,226,1,Supraincalzire
74,Burghiu,HSS DRILL Ø6,4604,1066.19,0.61,10.37,50.51,0.67,13.2,64.81,Aluminiu,Gaurire,12,0,Niciunul
170,Burghiu,CARBIDE DRILL Ø12,4619,959.56,2.36,7.37,129.07,6.85,85.3,82.02,Otel,Gaurire,18,1,Uzura excesiva
124,Placuta amovibila,CNMG120408,4509,1123.71,0.57,18.59,65.94,0.51,18.5,73.5,Aluminiu,Strunjire,391,0,Niciunul
82,Freza,FREZA HSS Ø8 2F,4866,391.29,1.99,7.35,65.36,1.78,18.0,67.73,Otel,Frezare,15,0,Niciunul
121,Tarod,TAROD M10 ISO2,4112,692.43,0.57,8.54,38.3,1.87,9.9,63.5,Aluminiu,Filetare,27,0,Niciunul
153,Burghiu,CARBIDE DRILL Ø12,3546,1105.03,2.77,8.41,133.61,11.08,93.1,95.12,Otel,Gaurire,350,1,Uzura excesiva
146,Freza,FREZA CARBURA Ø10 4F,2684,786.34,0.14,11.82,37.55,0.77,15.2,71.77,Otel,Frezare,139,0,Niciunul
174,Placuta amovibila,CNMG120408,4992,992.69,0.88,16.7,36.41,1.18,2.3,64.22,Aluminiu,Strunjire,287,0,Niciunul
298,Tarod,TAROD M10 ISO2,1653,961.16,1.42,11.52,131.2,5.67,41.3,90.36,Aluminiu,Filetare,137,1,Vibratii
101,Burghiu,HSS DRILL Ø6,3530,627.36,1.53,14.94,46.52,0.66,14.3,66.09,Aluminiu,Gaurire,173,0,Niciunul
144,Placuta amovibila,CNMG120408,4617,300.27,2.63,16.9,56.69,1.23,7.2,64.35,Inox,Strunjire,135,0,Niciunul
248,Freza,FREZA CARBURA Ø10 4F,1779,526.82,0.38,15.83,43.6,1.61,17.8,73.98,Inox,Frezare,59,0,Niciunul
189,Placuta amovibila,CNMG120408,4300,525.67,2.38,18.29,66.83,1.14,13.4,66.25,Otel,Strunjire,130,0,Niciunul
272,Placuta amovibila,CNMG120408,4896,286.96,2.15,5.62,68.66,1.96,9.7,73.95,Otel,Strunjire,19,0,Niciunul
123,Burghiu,CARBIDE DRILL Ø12,4940,605.08,1.36,18.12,101.06,7.71,54.6,87.36,Aluminiu,Gaurire,280,1,Vibratii
152,Tarod,TAROD M10 ISO2,4284,804.58,1.98,10.32,149.08,4.94,85.8,85.64,Inox,Filetare,133,1,Vibratii
97,Burghiu,HSS DRILL Ø6,3935,293.42,1.04,19.58,68.93,1.25,10.3,70.46,Inox,Gaurire,173,0,Niciunul
18,Burghiu,CARBIDE DRILL Ø12,5415,1149.66,2.56,16.45,52.41,0.86,16.9,65.47,Inox,Gaurire,126,0,Niciunul
163,Placuta amovibila,CNMG120408,1752,596.27,0.55,14.65,62.52,1.78,8.4,70.63,Inox,Strunjire,116,0,Niciunul
277,Burghiu,CARBIDE DRILL Ø12,2090,1136.41,2.59,5.32,139.61,9.45,43.9,95.31,Otel,Gaurire,412,1,Uzura excesiva
262,Burghiu,CARBIDE DRILL Ø12,4276,591.65,1.68,12.25,44.12,1.95,17.0,74.3,Otel,Gaurire,374,0,Niciunul
90,Placuta amovibila,CNMG120408,3430,506.71,1.17,19.58,58.22,1.96,11.6,67.64,Otel,Strunjire,246,0,Niciunul
217,Tarod,TAROD M10 ISO2,5700,294.94,2.68,11.37,56.92,1.69,14.5,74.13,Aluminiu,Filetare,80,0,Niciunul
134,Placuta amovibila,CNMG120408,3445,482.43,0.42,6.91,47.22,1.77,8.9,69.5,Aluminiu,Strunjire,138,0,Niciunul
148,Burghiu,HSS DRILL Ø6,5925,1158.75,0.64,14.21,67.17,1.61,6.9,66.46,Inox,Gaurire,21,0,Niciunul
275,Tarod,TAROD M10 ISO2,5420,698.05,2.56,11.45,94.37,8.11,81.7,91.05,Otel,Filetare,69,1,Vibratii
120,Burghiu,HSS DRILL Ø6,5601,690.96,1.16,13.15,46.19,0.66,9.3,74.28,Otel,Gaurire,436,0,Niciunul
189,Burghiu,HSS DRILL Ø6,2973,988.44,0.51,19.61,50.4,0.86,0.2,62.86,Inox,Gaurire,402,0,Niciunul
111,Tarod,TAROD M10 ISO2,5886,357.78,2.82,15.89,69.87,0.53,12.0,70.59,Inox,Filetare,424,0,Niciunul
71,Placuta amovibila,WNMG080408,2543,881.38,0.12,12.72,47.17,1.7,6.2,61.35,Otel,Strunjire,94,0,Niciunul
300,Burghiu,CARBIDE DRILL Ø12,3678,233.29,2.14,7.55,59.16,2.0,0.2,66.52,Aluminiu,Gaurire,177,0,Niciunul
294,Burghiu,HSS DRILL Ø6,1643,987.54,1.53,6.27,41.76,1.58,14.9,64.64,Aluminiu,Gaurire,173,0,Niciunul
24,Placuta amovibila,WNMG080408,2131,1014.14,1.47,15.92,53.25,1.46,12.8,61.01,Otel,Strunjire,145,0,Niciunul
197,Burghiu,HSS DRILL Ø6,4588,837.96,2.5,6.04,86.1,8.72,71.4,85.43,Otel,Gaurire,68,1,Vibratii
109,Tarod,TAROD M10 ISO2,2378,329.2,2.85,6.67,49.66,1.31,16.0,73.47,Inox,Filetare,241,0,Niciunul
52,Freza,FREZA CARBURA Ø10 4F,1681,448.84,1.53,9.42,58.73,1.25,9.7,72.25,Inox,Frezare,232,0,Niciunul
128,Placuta amovibila,WNMG080408,5055,873.46,2.99,10.73,42.02,1.53,3.0,67.89,Inox,Strunjire,174,0,Niciunul
254,Freza,FREZA CARBURA Ø10 4F,5260,864.76,0.27,8.84,138.35,9.78,75.1,80.17,Aluminiu,Frezare,95,1,Supraincalzire
89,Placuta amovibila,WNMG080408,2079,842.54,0.21,16.16,84.73,11.88,68.6,81.9,Aluminiu,Strunjire,435,1,Uzura excesiva
239,Tarod,TAROD M10 ISO2,5957,755.26,2.51,19.96,57.82,1.06,2.7,62.5,Otel,Filetare,154,0,Niciunul
205,Freza,FREZA CARBURA Ø10 4F,3658,379.28,2.39,15.03,44.98,1.62,0.3,66.73,Otel,Frezare,355,0,Niciunul
238,Freza,FREZA HSS Ø8 2F,3119,883.15,0.42,6.93,50.16,1.41,14.9,67.21,Aluminiu,Frezare,234,0,Niciunul
238,Tarod,TAROD M10 ISO2,2988,373.0,2.01,12.69,65.45,0.71,12.1,66.73,Inox,Filetare,295,0,Niciunul
121,Freza,FREZA CARBURA Ø10 4F,2175,497.33,0.43,7.71,109.05,3.29,48.4,91.49,Otel,Frezare,242,1,Uzura excesiva
258,Freza,FREZA HSS Ø8 2F,3065,724.89,2.33,12.79,50.22,0.58,1.8,61.59,Inox,Frezare,453,0,Niciunul
13,Placuta amovibila,WNMG080408,3827,655.6,2.45,8.7,141.59,7.58,79.3,82.64,Aluminiu,Strunjire,384,1,Uzura excesiva
60,Freza,FREZA CARBURA Ø10 4F,1813,1161.46,2.99,14.74,55.0,0.84,2.4,64.77,Otel,Frezare,47,0,Niciunul
10,Placuta amovibila,CNMG120408,3694,662.59,1.8,14.88,67.81,1.77,11.3,67.6,Inox,Strunjire,216,0,Niciunul
56,Tarod,TAROD M10 ISO2,5829,706.33,0.42,9.39,87.61,9.91,54.2,99.62,Aluminiu,Filetare,202,1,Vibratii
238,Burghiu,HSS DRILL Ø6,5512,440.53,1.07,19.99,107.2,6.09,43.8,94.13,Aluminiu,Gaurire,131,1,Uzura excesiva
209,Placuta amovibila,WNMG080408,5948,356.81,2.84,19.49,41.01,1.32,14.7,73.38,Inox,Strunjire,188,0,Niciunul
89,Placuta amovibila,CNMG120408,4447,293.68,2.7,13.34,36.12,1.08,5.2,73.52,Inox,Strunjire,17,0,Niciunul
229,Placuta amovibila,WNMG080408,3452,430.63,0.54,13.17,120.62,10.5,67.4,82.7,Otel,Strunjire,397,1,Vibratii
79,Freza,FREZA CARBURA Ø10 4F,4827,218.07,1.53,7.67,57.45,0.65,14.0,65.47,Inox,Frezare,259,0,Niciunul
36,Freza,FREZA HSS Ø8 2F,2242,369.03,1.41,8.31,37.34,0.7,9.8,63.33,Otel,Frezare,28,0,Niciunul
98,Placuta amovibila,CNMG120408,3582,496.33,0.23,12.05,62.43,1.72,4.9,66.98,Otel,Strunjire,404,0,Niciunul
67,Freza,FREZA CARBURA Ø10 4F,2316,350.69,0.85,17.5,55.74,0.95,13.7,71.87,Otel,Frezare,472,0,Niciunul
181,Tarod,TAROD M10 ISO2,4031,400.2,0.83,8.33,58.18,0.78,10.0,64.38,Otel,Filetare,484,0,Niciunul
28,Burghiu,CARBIDE DRILL Ø12,2030,216.33,0.26,8.88,137.31,6.64,59.0,89.89,Inox,Gaurire,131,1,Vibratii
285,Burghiu,HSS DRILL Ø6,5409,861.61,1.32,15.2,69.52,1.47,18.6,60.09,Inox,Gaurire,460,0,Niciunul
80,Freza,FREZA HSS Ø8 2F,5268,874.97,2.38,9.41,84.85,3.76,51.1,88.5,Otel,Frezare,207,1,Supraincalzire
191,Tarod,TAROD M10 ISO2,2853,343.68,0.28,13.78,121.68,4.75,97.3,97.77,Aluminiu,Filetare,431,1,Vibratii
34,Freza,FREZA HSS Ø8 2F,2844,601.98,2.76,19.14,58.51,1.64,17.5,70.19,Otel,Frezare,401,0,Niciunul
203,Burghiu,HSS DRILL Ø6,5095,470.1,2.82,9.67,58.72,1.1,4.3,68.77,Inox,Gaurire,496,0,Niciunul
249,Tarod,TAROD M10 ISO2,3116,516.08,2.84,13.18,37.9,1.11,16.5,63.51,Otel,Filetare,32,0,Niciunul
220,Freza,FREZA HSS Ø8 2F,3118,747.5,2.78,19.49,129.69,3.01,53.8,88.94,Otel,Frezare,483,1,Vibratii
43,Placuta amovibila,WNMG080408,4358,636.44,0.54,18.76,44.32,0.79,1.9,67.88,Inox,Strunjire,3,0,Niciunul
107,Placuta amovibila,CNMG120408,5651,1148.48,2.19,17.49,45.43,0.96,12.0,66.3,Otel,Strunjire,485,0,Niciunul
40,Placuta amovibila,WNMG080408,5211,389.8,2.24,11.76,42.83,1.18,10.9,61.64,Inox,Strunjire,146,0,Niciunul
81,Burghiu,HSS DRILL Ø6,4800,859.92,1.7,15.99,47.41,1.33,14.0,70.41,Aluminiu,Gaurire,458,0,Niciunul
75,Freza,FREZA HSS Ø8 2F,5424,673.03,1.09,12.39,62.38,1.14,13.3,68.3,Aluminiu,Frezare,156,0,Niciunul
37,Burghiu,CARBIDE DRILL Ø12,3553,603.55,0.94,13.84,42.07,1.68,10.5,60.05,Aluminiu,Gaurire,416,0,Niciunul
203,Tarod,TAROD M10 ISO2,5318,1124.13,2.15,7.45,133.41,4.45,44.2,98.87,Inox,Filetare,475,1,Uzura excesiva
89,Tarod,TAROD M10 ISO2,5544,1171.97,1.21,5.51,40.27,0.75,10.3,63.6,Inox,Filetare,136,0,Niciunul
287,Tarod,TAROD M10 ISO2,2956,925.19,1.39,9.24,91.11,7.84,62.6,82.66,Aluminiu,Filetare,209,1,Vibratii
88,Placuta amovibila,WNMG080408,2994,447.42,0.2,15.58,67.47,0.89,3.5,63.64,Otel,Strunjire,333,0,Niciunul
114,Burghiu,CARBIDE DRILL Ø12,5026,509.84,0.94,11.68,82.85,10.21,56.8,86.36,Aluminiu,Gaurire,284,1,Supraincalzire
245,Burghiu,CARBIDE DRILL Ø12,2680,508.3,0.1,10.27,128.66,10.44,91.6,91.76,Inox,Gaurire,283,1,Supraincalzire
67,Burghiu,CARBIDE DRILL Ø12,5737,964.31,1.27,10.47,44.08,1.51,1.1,61.73,Inox,Gaurire,327,0,Niciunul
290,Placuta amovibila,WNMG080408,5867,569.56,0.12,13.88,126.63,7.99,82.7,92.45,Aluminiu,Strunjire,10,1,Uzura excesiva
252,Placuta amovibila,WNMG080408,4854,353.17,0.83,6.0,39.32,1.39,4.8,72.44,Aluminiu,Strunjire,316,0,Niciunul
121,Burghiu,CARBIDE DRILL Ø12,5185,1128.7,1.43,8.88,109.27,9.37,50.4,95.45,Otel,Gaurire,423,1,Supraincalzire
172,Burghiu,HSS DRILL Ø6,5786,335.98,0.17,16.01,40.31,1.66,8.8,68.48,Inox,Gaurire,455,0,Niciunul
103,Burghiu,CARBIDE DRILL Ø12,4987,1078.71,0.74,14.46,154.12,6.51,53.3,87.63,Inox,Gaurire,242,1,Uzura excesiva
7,Burghiu,CARBIDE DRILL Ø12,3146,377.84,0.29,5.27,63.04,1.76,5.6,70.91,Aluminiu,Gaurire,438,0,Niciunul
135,Tarod,TAROD M10 ISO2,3038,662.31,1.25,9.2,51.52,1.81,9.0,64.74,Aluminiu,Filetare,479,0,Niciunul
149,Placuta amovibila,CNMG120408,5068,861.92,1.06,13.72,60.66,1.5,9.7,74.74,Aluminiu,Strunjire,497,0,Niciunul
114,Freza,FREZA HSS Ø8 2F,2792,1015.28,0.44,16.92,144.22,3.55,98.7,99.18,Aluminiu,Frezare,409,1,Supraincalzire
127,Placuta amovibila,CNMG120408,1719,1141.85,1.69,19.04,63.45,0.89,9.1,64.69,Inox,Strunjire,448,0,Niciunul
37,Freza,FREZA CARBURA Ø10 4F,5526,641.01,2.25,19.2,47.55,1.03,4.8,71.86,Aluminiu,Frezare,329,0,Niciunul
228,Burghiu,HSS DRILL Ø6,5206,485.05,0.91,14.62,109.88,5.52,57.8,89.45,Otel,Gaurire,307,1,Vibratii
270,Placuta amovibila,WNMG080408,1963,708.37,2.54,12.13,83.14,11.6,70.3,83.36,Otel,Strunjire,241,1,Vibratii
164,Freza,FREZA CARBURA Ø10 4F,5898,448.96,0.27,6.64,57.51,1.73,2.0,72.71,Aluminiu,Frezare,384,0,Niciunul
8,Burghiu,CARBIDE DRILL Ø12,2110,1150.95,2.84,6.65,38.95,1.33,13.9,64.56,Inox,Gaurire,345,0,Niciunul
268,Freza,FREZA CARBURA Ø10 4F,2194,407.2,2.19,12.71,42.71,0.55,1.6,71.7,Inox,Frezare,213,0,Niciunul
42,Freza,FREZA HSS Ø8 2F,1987,428.51,1.91,5.88,112.56,10.45,58.1,91.97,Otel,Frezare,235,1,Vibratii
34,Placuta amovibila,WNMG080408,5002,334.93,1.18,8.37,59.99,1.37,19.0,69.69,Inox,Strunjire,95,0,Niciunul
187,Freza,FREZA HSS Ø8 2F,3333,441.38,0.56,5.93,39.47,1.78,11.4,74.96,Otel,Frezare,281,0,Niciunul
15,Tarod,TAROD M10 ISO2,3646,923.53,1.54,5.34,63.21,1.91,9.5,68.16,Otel,Filetare,5,0,Niciunul
294,Freza,FREZA HSS Ø8 2F,2297,799.68,1.76,13.58,145.93,4.17,76.3,90.64,Otel,Frezare,196,1,Supraincalzire
168,Placuta amovibila,CNMG120408,2694,955.3,2.85,17.35,60.36,1.16,5.4,63.81,Otel,Strunjire,414,0,Niciunul
105,Burghiu,CARBIDE DRILL Ø12,5720,716.05,1.46,15.91,61.64,1.17,3.3,62.04,Aluminiu,Gaurire,76,0,Niciunul
224,Burghiu,CARBIDE DRILL Ø12,3991,288.37,0.2,15.22,106.56,9.56,72.1,99.41,Otel,Gaurire,321,1,Uzura excesiva
219,Placuta amovibila,WNMG080408,3872,578.07,0.47,18.09,66.46,0.68,13.5,63.32,Aluminiu,Strunjire,279,0,Niciunul
102,Tarod,TAROD M10 ISO2,3711,1189.0,0.88,16.17,55.78,1.77,0.7,65.71,Otel,Filetare,450,0,Niciunul
24,Tarod,TAROD M10 ISO2,3360,1004.16,2.08,16.37,65.76,1.13,4.0,74.12,Aluminiu,Filetare,386,0,Niciunul
43,Freza,FREZA CARBURA Ø10 4F,1769,710.78,1.03,14.74,53.83,1.29,11.7,71.83,Aluminiu,Frezare,407,0,Niciunul
110,Placuta amovibila,CNMG120408,4801,899.92,0.23,14.41,36.46,0.57,18.0,61.71,Otel,Strunjire,49,0,Niciunul
239,Placuta amovibila,WNMG080408,3712,476.37,0.89,18.09,48.34,0.62,5.1,63.88,Otel,Strunjire,71,0,Niciunul
196,Burghiu,HSS DRILL Ø6,1911,1168.47,0.13,9.66,114.12,8.85,60.6,89.35,Otel,Gaurire,72,1,Uzura excesiva
54,Placuta amovibila,CNMG120408,1668,720.28,0.54,11.26,67.47,1.8,4.6,71.62,Otel,Strunjire,452,0,Niciunul
246,Burghiu,HSS DRILL Ø6,5843,1146.68,0.75,6.31,57.93,1.83,11.2,68.78,Aluminiu,Gaurire,411,0,Niciunul
108,Burghiu,HSS DRILL Ø6,2047,569.36,0.99,17.9,66.61,1.11,12.5,69.01,Aluminiu,Gaurire,51,0,Niciunul
225,Burghiu,CARBIDE DRILL Ø12,4923,965.72,0.4,16.77,42.51,1.7,10.9,72.36,Otel,Gaurire,167,0,Niciunul
41,Placuta amovibila,WNMG080408,1686,371.94,1.21,15.06,37.43,1.36,13.8,71.36,Aluminiu,Strunjire,152,0,Niciunul
189,Placuta amovibila,WNMG080408,5629,1126.84,0.61,19.04,51.27,0.51,3.7,65.47,Aluminiu,Strunjire,331,0,Niciunul
110,Freza,FREZA HSS Ø8 2F,2807,657.9,0.56,5.87,39.68,1.55,19.4,70.68,Aluminiu,Frezare,236,0,Niciunul
264,Freza,FREZA CARBURA Ø10 4F,2854,559.44,2.55,18.64,53.53,0.67,12.8,69.28,Aluminiu,Frezare,499,0,Niciunul
98,Burghiu,CARBIDE DRILL Ø12,4044,853.84,1.55,13.88,40.88,1.33,0.1,65.86,Otel,Gaurire,59,0,Niciunul
157,Placuta amovibila,CNMG120408,4888,1107.88,1.8,7.85,129.97,3.02,60.8,90.3,Otel,Strunjire,326,1,Supraincalzire
227,Placuta amovibila,CNMG120408,3895,1183.78,2.42,17.18,48.99,0.83,17.6,72.68,Aluminiu,Strunjire,311,0,Niciunul
69,Freza,FREZA HSS Ø8 2F,2100,587.97,0.68,16.21,145.98,10.79,66.1,92.16,Aluminiu,Frezare,192,1,Supraincalzire
37,Placuta amovibila,WNMG080408,3143,955.97,0.27,15.73,36.65,0.59,13.8,70.65,Aluminiu,Strunjire,343,0,Niciunul
85,Freza,FREZA HSS Ø8 2F,4498,245.26,2.54,18.46,103.27,5.86,72.7,90.35,Inox,Frezare,215,1,Supraincalzire
178,Placuta amovibila,WNMG080408,5045,732.49,2.09,17.5,93.7,5.69,52.3,90.92,Aluminiu,Strunjire,266,1,Vibratii
60,Placuta amovibila,CNMG120408,4314,847.58,2.89,16.68,53.02,0.63,1.9,61.1,Otel,Strunjire,319,0,Niciunul
157,Freza,FREZA HSS Ø8 2F,5888,214.63,1.46,10.95,105.99,9.41,68.2,83.73,Aluminiu,Frezare,235,1,Uzura excesiva
135,Burghiu,HSS DRILL Ø6,3811,639.6,2.07,8.41,63.82,1.01,16.5,74.79,Inox,Gaurire,445,0,Niciunul
229,Burghiu,HSS DRILL Ø6,3720,1000.7,0.96,5.89,55.77,0.75,18.2,70.18,Inox,Gaurire,117,0,Niciunul
15,Placuta amovibila,CNMG120408,2120,980.4,2.24,18.47,59.85,1.24,16.9,74.9,Inox,Strunjire,309,0,Niciunul
201,Burghiu,CARBIDE DRILL Ø12,3321,340.94,2.57,6.65,59.15,0.85,1.6,67.2,Otel,Gaurire,237,0,Niciunul
77,Burghiu,HSS DRILL Ø6,3329,929.9,1.65,9.6,46.93,1.28,9.8,64.97,Inox,Gaurire,241,0,Niciunul
141,Freza,FREZA CARBURA Ø10 4F,4824,262.78,2.6,18.9,37.63,0.52,4.0,62.07,Otel,Frezare,35,0,Niciunul
277,Placuta amovibila,CNMG120408,3624,1192.7,1.52,19.32,96.28,5.73,89.6,90.39,Inox,Strunjire,63,1,Vibratii
69,Tarod,TAROD M10 ISO2,3587,401.32,2.88,13.02,51.37,1.86,19.2,62.29,Aluminiu,Filetare,69,0,Niciunul
183,Burghiu,HSS DRILL Ø6,5024,970.03,2.08,10.38,87.13,10.07,99.9,95.74,Otel,Gaurire,11,1,Uzura excesiva
265,Placuta amovibila,CNMG120408,4556,1018.24,0.93,6.91,47.2,1.83,15.9,67.04,Aluminiu,Strunjire,243,0,Niciunul
287,Freza,FREZA HSS Ø8 2F,4036,251.71,2.63,6.75,123.28,7.46,42.0,98.65,Inox,Frezare,319,1,Vibratii
33,Freza,FREZA CARBURA Ø10 4F,1928,1025.86,2.04,12.33,39.58,0.94,1.5,73.52,Inox,Frezare,307,0,Niciunul
1,Freza,FREZA HSS Ø8 2F,4429,607.61,2.73,9.45,67.34,1.08,10.1,62.93,Otel,Frezare,83,0,Niciunul
183,Freza,FREZA HSS Ø8 2F,5612,247.14,0.6,6.41,63.13,1.32,15.1,60.17,Otel,Frezare,396,0,Niciunul
289,Freza,FREZA HSS Ø8 2F,3861,317.6,0.77,5.68,50.6,0.52,18.1,74.58,Aluminiu,Frezare,116,0,Niciunul
133,Burghiu,HSS DRILL Ø6,5138,1165.39,2.91,15.41,149.74,7.34,89.8,84.77,Aluminiu,Gaurire,132,1,Uzura excesiva
188,Burghiu,CARBIDE DRILL Ø12,3372,1138.46,2.12,6.59,136.82,7.45,83.4,94.86,Otel,Gaurire,432,1,Uzura excesiva
134,Freza,FREZA CARBURA Ø10 4F,2615,547.16,1.48,8.19,66.94,0.93,0.9,64.95,Otel,Frezare,252,0,Niciunul
78,Placuta amovibila,WNMG080408,4351,544.58,1.5,16.08,54.19,1.45,7.9,62.77,Aluminiu,Strunjire,344,0,Niciunul
218,Burghiu,CARBIDE DRILL Ø12,2351,488.0,0.37,9.63,62.89,0.7,2.8,70.11,Aluminiu,Gaurire,113,0,Niciunul
146,Placuta amovibila,WNMG080408,2458,225.4,1.44,10.78,53.01,0.98,10.7,69.31,Aluminiu,Strunjire,205,0,Niciunul
99,Placuta amovibila,CNMG120408,5038,328.31,2.61,13.06,147.74,4.63,84.7,81.04,Inox,Strunjire,3,1,Supraincalzire
217,Placuta amovibila,CNMG120408,5621,1194.91,0.14,6.21,35.31,1.98,8.4,68.87,Inox,Strunjire,311,0,Niciunul
8,Placuta amovibila,CNMG120408,4241,771.76,2.65,16.71,81.92,10.39,56.3,91.41,Aluminiu,Strunjire,238,1,Supraincalzire
181,Placuta amovibila,CNMG120408,1676,624.95,2.01,7.75,47.52,1.15,10.0,68.15,Aluminiu,Strunjire,270,0,Niciunul
168,Freza,FREZA HSS Ø8 2F,4503,1067.39,2.64,10.64,141.75,10.04,64.6,94.89,Otel,Frezare,181,1,Vibratii
88,Freza,FREZA HSS Ø8 2F,2651,603.21,0.21,17.62,55.99,1.78,7.9,65.51,Aluminiu,Frezare,125,0,Niciunul
1,Placuta amovibila,WNMG080408,3410,834.58,2.03,16.49,36.64,0.74,1.7,68.31,Aluminiu,Strunjire,178,0,Niciunul
286,Freza,FREZA CARBURA Ø10 4F,3420,558.87,1.49,5.71,66.27,0.5,4.2,70.31,Aluminiu,Frezare,121,0,Niciunul
42,Burghiu,CARBIDE DRILL Ø12,3514,889.37,2.91,16.17,40.58,1.49,10.9,67.18,Aluminiu,Gaurire,240,0,Niciunul
138,Placuta amovibila,CNMG120408,2074,695.84,2.46,6.57,47.97,0.85,10.4,70.09,Aluminiu,Strunjire,330,0,Niciunul
235,Placuta amovibila,WNMG080408,5535,888.4,0.89,14.12,66.91,1.47,0.2,64.02,Otel,Strunjire,29,0,Niciunul
292,Freza,FREZA CARBURA Ø10 4F,5287,639.71,2.92,14.42,56.57,1.4,1.8,67.5,Inox,Frezare,313,0,Niciunul
153,Freza,FREZA HSS Ø8 2F,3011,769.19,0.63,7.87,55.05,1.61,14.2,74.74,Otel,Frezare,327,0,Niciunul
271,Tarod,TAROD M10 ISO2,4337,282.07,2.35,17.88,62.66,1.12,5.0,70.19,Otel,Filetare,140,0,Niciunul
81,Freza,FREZA CARBURA Ø10 4F,5594,1018.05,1.91,10.89,62.94,0.69,4.2,67.77,Inox,Frezare,499,0,Niciunul
202,Placuta amovibila,WNMG080408,4058,636.14,0.98,12.09,52.52,1.29,5.8,64.85,Inox,Strunjire,349,0,Niciunul
298,Placuta amovibila,WNMG080408,5110,204.04,1.33,19.58,66.71,1.25,15.4,61.09,Otel,Strunjire,446,0,Niciunul
155,Placuta amovibila,WNMG080408,5670,888.91,1.3,10.31,55.65,0.53,18.2,74.69,Otel,Strunjire,166,0,Niciunul
274,Placuta amovibila,CNMG120408,2837,819.23,1.74,19.46,35.73,0.72,1.3,73.53,Otel,Strunjire,445,0,Niciunul
84,Placuta amovibila,WNMG080408,2009,935.81,0.86,12.19,65.19,1.39,9.6,63.26,Aluminiu,Strunjire,435,0,Niciunul
228,Placuta amovibila,WNMG080408,5800,329.17,2.26,17.76,69.91,1.6,3.6,67.28,Aluminiu,Strunjire,465,0,Niciunul
252,Burghiu,HSS DRILL Ø6,5258,1075.15,0.18,18.82,48.63,0.55,8.1,65.4,Inox,Gaurire,398,0,Niciunul
104,Freza,FREZA CARBURA Ø10 4F,3302,1057.18,1.78,5.62,60.48,0.92,14.3,68.79,Inox,Frezare,12,0,Niciunul
100,Freza,FREZA CARBURA Ø10 4F,4935,671.97,2.84,17.17,120.66,5.68,73.2,95.56,Inox,Frezare,269,1,Uzura excesiva
72,Burghiu,CARBIDE DRILL Ø12,3398,680.58,1.69,17.98,38.22,1.27,19.9,60.76,Otel,Gaurire,20,0,Niciunul
82,Burghiu,HSS DRILL Ø6,5460,1045.17,1.99,5.19,37.61,1.99,2.0,69.0,Aluminiu,Gaurire,71,0,Niciunul
124,Freza,FREZA CARBURA Ø10 4F,5675,967.21,2.45,7.71,149.68,10.29,67.6,96.02,Otel,Frezare,460,1,Vibratii
124,Tarod,TAROD M10 ISO2,4199,432.43,2.16,10.1,51.85,1.87,4.0,63.02,Aluminiu,Filetare,328,0,Niciunul
193,Tarod,TAROD M10 ISO2,2002,566.29,2.69,9.0,48.15,0.84,16.3,71.93,Inox,Filetare,260,0,Niciunul
66,Freza,FREZA HSS Ø8 2F,1918,1036.02,2.71,18.5,151.47,10.81,62.3,96.66,Inox,Frezare,205,1,Uzura excesiva
20,Placuta amovibila,WNMG080408,2838,944.34,1.01,8.43,119.57,11.54,54.1,95.83,Otel,Strunjire,432,1,Supraincalzire
161,Burghiu,HSS DRILL Ø6,5120,535.72,1.47,11.58,47.75,1.62,19.8,60.2,Aluminiu,Gaurire,86,0,Niciunul
265,Tarod,TAROD M10 ISO2,5388,920.64,2.5,5.39,52.59,1.43,3.7,69.88,Inox,Filetare,382,0,Niciunul
251,Tarod,TAROD M10 ISO2,4038,206.67,2.99,9.31,47.05,1.63,3.3,68.3,Aluminiu,Filetare,78,0,Niciunul
119,Freza,FREZA CARBURA Ø10 4F,4276,913.97,1.86,14.85,81.6,3.58,55.2,81.29,Inox,Frezare,495,1,Uzura excesiva
32,Placuta amovibila,WNMG080408,3629,209.19,1.2,13.46,66.15,1.37,17.2,61.87,Aluminiu,Strunjire,184,0,Niciunul
35,Burghiu,HSS DRILL Ø6,4630,384.89,0.17,16.24,116.64,6.07,57.1,87.43,Aluminiu,Gaurire,279,1,Supraincalzire
155,Freza,FREZA CARBURA Ø10 4F,4066,1116.46,1.6,6.73,47.17,1.23,7.9,66.83,Otel,Frezare,163,0,Niciunul
87,Burghiu,HSS DRILL Ø6,4180,261.15,1.9,9.36,51.14,0.67,9.2,64.36,Inox,Gaurire,217,0,Niciunul
76,Placuta amovibila,CNMG120408,5651,745.24,0.72,10.15,53.11,1.85,2.5,64.17,Otel,Strunjire,492,0,Niciunul
238,Placuta amovibila,WNMG080408,2046,748.3,1.05,13.6,88.84,7.09,95.9,85.88,Inox,Strunjire,321,1,Vibratii
266,Placuta amovibila,WNMG080408,4337,821.26,0.72,16.77,56.18,1.87,11.2,74.43,Aluminiu,Strunjire,254,0,Niciunul
164,Tarod,TAROD M10 ISO2,1956,561.78,2.03,17.49,60.0,1.93,1.4,72.44,Otel,Filetare,148,0,Niciunul
202,Placuta amovibila,CNMG120408,3211,708.34,2.3,18.73,66.62,1.57,7.1,69.15,Otel,Strunjire,157,0,Niciunul
28,Placuta amovibila,CNMG120408,4581,1107.49,1.63,11.89,52.51,1.87,2.3,71.39,Aluminiu,Strunjire,309,0,Niciunul
7,Burghiu,HSS DRILL Ø6,5439,528.97,0.44,17.08,60.89,0.84,3.3,61.82,Aluminiu,Gaurire,346,0,Niciunul
297,Freza,FREZA HSS Ø8 2F,1505,879.67,2.01,18.64,50.73,0.64,9.2,71.29,Inox,Frezare,312,0,Niciunul
166,Placuta amovibila,WNMG080408,5085,976.51,1.35,6.23,64.01,1.49,3.8,63.63,Otel,Strunjire,296,0,Niciunul
209,Freza,FREZA CARBURA Ø10 4F,4157,1101.56,2.84,9.47,51.26,1.39,17.6,67.08,Inox,Frezare,378,0,Niciunul
2,Placuta amovibila,CNMG120408,4910,941.61,0.3,8.97,59.94,1.48,14.5,61.04,Otel,Strunjire,372,0,Niciunul
176,Placuta amovibila,WNMG080408,4554,461.43,1.92,9.22,41.93,1.59,10.6,61.42,Aluminiu,Strunjire,105,0,Niciunul
237,Placuta amovibila,CNMG120408,3922,942.66,1.6,8.34,55.35,1.64,17.6,62.47,Otel,Strunjire,318,0,Niciunul
6,Placuta amovibila,WNMG080408,2076,903.97,0.7,11.18,159.3,5.53,93.3,84.4,Inox,Strunjire,430,1,Uzura excesiva
218,Placuta amovibila,WNMG080408,4779,1191.6,1.03,9.42,57.9,1.79,14.5,69.33,Aluminiu,Strunjire,493,0,Niciunul
283,Freza,FREZA CARBURA Ø10 4F,4409,1185.04,0.97,12.33,58.19,1.38,10.8,71.06,Aluminiu,Frezare,31,0,Niciunul
226,Freza,FREZA CARBURA Ø10 4F,5271,840.99,0.78,8.89,118.61,11.5,48.2,84.09,Inox,Frezare,465,1,Supraincalzire
163,Freza,FREZA CARBURA Ø10 4F,4000,564.84,0.98,5.61,92.79,4.54,54.8,99.81,Aluminiu,Frezare,438,1,Supraincalzire
21,Freza,FREZA CARBURA Ø10 4F,2350,223.72,1.46,15.29,61.65,0.56,9.9,61.51,Inox,Frezare,365,0,Niciunul
174,Placuta amovibila,WNMG080408,3216,663.63,2.56,6.84,68.19,1.81,0.6,64.89,Aluminiu,Strunjire,86,0,Niciunul
45,Placuta amovibila,CNMG120408,3077,525.05,2.86,11.79,55.77,0.75,19.8,71.68,Inox,Strunjire,77,0,Niciunul
116,Tarod,TAROD M10 ISO2,4000,982.98,2.7,16.05,67.4,0.57,4.4,74.97,Aluminiu,Filetare,342,0,Niciunul
270,Freza,FREZA CARBURA Ø10 4F,4863,685.29,2.05,17.89,44.44,1.66,8.7,69.47,Inox,Frezare,214,0,Niciunul
58,Placuta amovibila,CNMG120408,5289,219.93,2.07,8.64,159.82,4.57,42.6,86.66,Otel,Strunjire,411,1,Supraincalzire
75,Freza,FREZA CARBURA Ø10 4F,4216,413.74,0.9,11.79,45.56,1.46,7.8,67.25,Aluminiu,Frezare,33,0,Niciunul
29,Burghiu,CARBIDE DRILL Ø12,4899,644.67,1.19,13.53,65.92,0.51,8.9,65.75,Aluminiu,Gaurire,85,0,Niciunul
175,Placuta amovibila,CNMG120408,4906,1182.16,0.88,9.71,50.45,1.71,1.9,74.05,Otel,Strunjire,213,0,Niciunul
163,Placuta amovibila,WNMG080408,4688,821.92,2.88,17.65,130.8,10.75,58.3,80.87,Otel,Strunjire,330,1,Vibratii
100,Freza,FREZA HSS Ø8 2F,4662,814.47,1.99,10.19,38.52,1.51,19.8,74.58,Aluminiu,Frezare,50,0,Niciunul
27,Freza,FREZA CARBURA Ø10 4F,5859,484.17,1.29,17.6,137.78,5.56,67.1,98.38,Inox,Frezare,288,1,Uzura excesiva
12,Tarod,TAROD M10 ISO2,5453,602.3,2.26,14.42,57.35,1.71,6.4,65.73,Otel,Filetare,62,0,Niciunul
104,Placuta amovibila,CNMG120408,5494,554.12,2.01,10.6,42.91,0.52,1.2,65.54,Inox,Strunjire,401,0,Niciunul
106,Burghiu,HSS DRILL Ø6,5014,931.48,0.26,8.69,36.32,0.73,13.5,61.95,Inox,Gaurire,388,0,Niciunul
252,Freza,FREZA HSS Ø8 2F,1824,311.09,0.94,15.75,139.35,9.75,95.6,85.74,Inox,Frezare,164,1,Supraincalzire
179,Placuta amovibila,WNMG080408,5851,1112.35,2.54,11.71,41.01,1.07,0.2,66.07,Otel,Strunjire,149,0,Niciunul
138,Freza,FREZA CARBURA Ø10 4F,3996,657.77,1.49,5.85,66.89,1.65,15.0,64.92,Aluminiu,Frezare,323,0,Niciunul
42,Burghiu,HSS DRILL Ø6,2740,529.94,1.86,7.14,116.55,8.35,66.0,92.16,Inox,Gaurire,93,1,Vibratii
98,Tarod,TAROD M10 ISO2,1503,823.2,1.29,12.63,112.98,3.9,73.2,84.04,Inox,Filetare,322,1,Vibratii
35,Tarod,TAROD M10 ISO2,2132,236.63,2.99,8.67,47.71,0.66,15.1,66.44,Otel,Filetare,79,0,Niciunul
193,Placuta amovibila,WNMG080408,2050,627.08,0.28,11.67,96.7,9.81,43.5,87.62,Aluminiu,Strunjire,494,1,Supraincalzire
37,Burghiu,HSS DRILL Ø6,4847,921.22,2.56,11.95,45.41,1.48,18.6,70.04,Aluminiu,Gaurire,423,0,Niciunul
173,Tarod,TAROD M10 ISO2,2205,1002.24,1.93,9.97,104.02,11.64,86.5,84.42,Aluminiu,Filetare,236,1,Uzura excesiva
261,Tarod,TAROD M10 ISO2,4175,546.52,0.94,10.79,60.9,1.06,19.2,68.38,Aluminiu,Filetare,371,0,Niciunul
178,Freza,FREZA CARBURA Ø10 4F,4902,509.88,0.75,10.62,60.91,1.88,11.1,72.13,Aluminiu,Frezare,17,0,Niciunul
23,Placuta amovibila,WNMG080408,5444,764.95,2.03,12.38,89.56,9.51,82.1,95.58,Inox,Strunjire,189,1,Uzura excesiva
259,Freza,FREZA HSS Ø8 2F,1880,651.64,2.47,14.67,60.19,1.9,2.1,62.03,Aluminiu,Frezare,482,0,Niciunul
275,Burghiu,CARBIDE DRILL Ø12,1982,701.74,1.61,15.88,66.55,0.57,15.4,68.68,Aluminiu,Gaurire,79,0,Niciunul
107,Freza,FREZA CARBURA Ø10 4F,5153,219.39,2.01,11.36,124.15,7.97,94.8,88.71,Inox,Frezare,114,1,Uzura excesiva
260,Burghiu,CARBIDE DRILL Ø12,3387,566.19,1.84,13.42,59.22,1.31,2.6,67.3,Otel,Gaurire,343,0,Niciunul
284,Burghiu,CARBIDE DRILL Ø12,2593,950.95,2.1,11.56,111.07,10.42,89.1,95.15,Aluminiu,Gaurire,124,1,Vibratii
112,Placuta amovibila,WNMG080408,5742,1181.35,1.38,5.55,141.67,5.62,87.4,86.58,Inox,Strunjire,431,1,Supraincalzire
274,Freza,FREZA HSS Ø8 2F,1916,1183.75,1.7,8.95,127.16,11.32,59.9,81.74,Inox,Frezare,355,1,Uzura excesiva
234,Burghiu,HSS DRILL Ø6,4545,694.53,0.46,19.19,144.04,5.22,71.1,86.44,Aluminiu,Gaurire,35,1,Uzura excesiva
293,Tarod,TAROD M10 ISO2,2298,397.92,1.21,14.32,68.7,0.79,15.7,71.73,Inox,Filetare,77,0,Niciunul
75,Placuta amovibila,WNMG080408,3214,261.53,2.36,5.29,60.78,1.11,6.3,71.89,Inox,Strunjire,80,0,Niciunul
211,Tarod,TAROD M10 ISO2,5548,777.41,1.28,5.0,42.96,1.84,7.4,74.78,Inox,Filetare,493,0,Niciunul
151,Burghiu,HSS DRILL Ø6,4168,493.1,2.81,10.51,60.8,0.72,19.9,63.92,Inox,Gaurire,132,0,Niciunul
300,Placuta amovibila,WNMG080408,5805,592.33,1.41,18.57,40.23,1.17,19.7,69.47,Aluminiu,Strunjire,476,0,Niciunul
6,Freza,FREZA HSS Ø8 2F,2112,359.02,1.45,13.82,50.28,1.02,2.1,72.03,Inox,Frezare,475,0,Niciunul
260,Freza,FREZA CARBURA Ø10 4F,3961,892.1,1.43,19.77,104.17,3.29,77.2,90.09,Aluminiu,Frezare,69,1,Vibratii
78,Placuta amovibila,CNMG120408,4693,431.47,0.53,6.39,57.28,1.21,15.3,60.75,Otel,Strunjire,61,0,Niciunul
111,Freza,FREZA HSS Ø8 2F,4881,983.09,0.44,19.22,108.71,8.0,69.1,83.23,Inox,Frezare,158,1,Uzura excesiva
177,Placuta amovibila,CNMG120408,4790,486.48,2.21,19.85,46.81,1.68,0.6,65.01,Aluminiu,Strunjire,390,0,Niciunul
295,Tarod,TAROD M10 ISO2,5328,603.57,2.55,10.09,65.38,1.77,2.2,66.6,Aluminiu,Filetare,201,0,Niciunul
74,Freza,FREZA CARBURA Ø10 4F,5654,942.41,1.98,19.94,52.61,1.75,18.7,70.87,Aluminiu,Frezare,35,0,Niciunul
50,Placuta amovibila,CNMG120408,2396,850.25,1.69,16.73,52.05,1.03,9.3,65.97,Otel,Strunjire,476,0,Niciunul
270,Burghiu,CARBIDE DRILL Ø12,2850,591.54,2.45,17.31,47.46,1.01,4.5,65.04,Aluminiu,Gaurire,126,0,Niciunul
197,Freza,FREZA HSS Ø8 2F,4355,1099.55,2.89,15.59,58.56,1.24,4.1,74.37,Aluminiu,Frezare,373,0,Niciunul
177,Freza,FREZA HSS Ø8 2F,5617,1189.06,0.33,5.53,35.53,0.75,2.3,74.97,Inox,Frezare,155,0,Niciunul
128,Tarod,TAROD M10 ISO2,5404,302.68,1.82,16.74,58.91,1.93,16.5,61.55,Inox,Filetare,370,0,Niciunul
234,Placuta amovibila,WNMG080408,5359,552.28,0.24,19.57,50.36,1.97,0.2,63.65,Inox,Strunjire,256,0,Niciunul
120,Placuta amovibila,CNMG120408,1934,1017.14,0.35,17.36,64.96,1.93,19.4,60.47,Aluminiu,Strunjire,163,0,Niciunul
18,Placuta amovibila,WNMG080408,5204,351.55,1.27,19.16,143.85,3.48,44.7,85.36,Otel,Strunjire,40,1,Supraincalzire
118,Burghiu,CARBIDE DRILL Ø12,4907,292.73,2.53,10.46,35.27,1.43,10.0,69.01,Inox,Gaurire,49,0,Niciunul
219,Tarod,TAROD M10 ISO2,3267,858.8,2.75,9.12,35.7,0.69,15.8,67.65,Otel,Filetare,387,0,Niciunul
147,Freza,FREZA HSS Ø8 2F,5360,595.91,1.87,10.98,54.36,0.97,17.7,60.87,Otel,Frezare,188,0,Niciunul
233,Burghiu,CARBIDE DRILL Ø12,3154,569.35,2.03,13.57,66.17,1.77,15.8,61.59,Inox,Gaurire,122,0,Niciunul
68,Burghiu,HSS DRILL Ø6,1766,448.03,1.89,19.58,42.58,1.54,17.1,74.31,Aluminiu,Gaurire,299,0,Niciunul
88,Tarod,TAROD M10 ISO2,3729,621.76,2.61,9.53,40.56,0.97,8.4,68.61,Aluminiu,Filetare,243,0,Niciunul
195,Burghiu,HSS DRILL Ø6,3975,456.44,2.98,17.72,50.71,1.39,18.6,67.36,Inox,Gaurire,50,0,Niciunul
29,Burghiu,HSS DRILL Ø6,4309,282.34,2.97,5.76,91.16,9.73,82.8,81.61,Aluminiu,Gaurire,102,1,Supraincalzire
169,Burghiu,HSS DRILL Ø6,5243,770.68,2.93,19.91,49.3,0.85,16.6,71.0,Otel,Gaurire,306,0,Niciunul
2,Placuta amovibila,WNMG080408,1907,491.96,1.4,14.74,131.28,7.36,86.5,81.57,Inox,Strunjire,274,1,Vibratii
77,Placuta amovibila,WNMG080408,1927,629.74,1.69,10.31,150.75,8.1,43.8,89.82,Inox,Strunjire,221,1,Vibratii
96,Placuta amovibila,WNMG080408,4032,307.65,0.29,12.56,94.7,4.03,53.0,97.08,Inox,Strunjire,417,1,Uzura excesiva
218,Burghiu,HSS DRILL Ø6,3526,476.39,2.57,19.58,56.62,1.28,7.6,72.34,Aluminiu,Gaurire,105,0,Niciunul
254,Placuta amovibila,WNMG080408,4448,848.03,2.43,6.5,56.64,0.71,2.6,73.53,Otel,Strunjire,215,0,Niciunul
194,Freza,FREZA CARBURA Ø10 4F,4558,1065.46,1.95,18.23,50.57,1.33,15.5,61.33,Otel,Frezare,156,0,Niciunul
118,Placuta amovibila,WNMG080408,5116,1188.67,0.71,13.69,55.2,1.63,11.8,63.75,Otel,Strunjire,51,0,Niciunul
135,Placuta amovibila,WNMG080408,4844,1136.04,2.67,17.25,118.2,3.04,80.2,99.92,Inox,Strunjire,92,1,Vibratii
39,Freza,FREZA CARBURA Ø10 4F,4224,456.11,2.91,15.43,59.23,1.65,1.1,61.9,Aluminiu,Frezare,400,0,Niciunul
29,Freza,FREZA HSS Ø8 2F,1645,1062.92,1.91,13.57,52.68,1.35,4.4,64.47,Inox,Frezare,2,0,Niciunul
232,Freza,FREZA CARBURA Ø10 4F,3164,1097.04,2.9,6.45,38.15,0.69,14.2,62.64,Inox,Frezare,488,0,Niciunul
95,Freza,FREZA HSS Ø8 2F,4881,996.99,2.44,7.83,110.17,6.13,89.4,87.89,Inox,Frezare,86,1,Uzura excesiva
4,Burghiu,CARBIDE DRILL Ø12,3182,1193.68,0.43,6.39,45.16,1.96,19.0,64.04,Inox,Gaurire,248,0,Niciunul
108,Placuta amovibila,CNMG120408,4367,1046.57,0.47,5.81,83.71,7.9,42.5,85.44,Otel,Strunjire,283,1,Vibratii
278,Burghiu,CARBIDE DRILL Ø12,1617,244.56,0.23,16.54,53.33,1.08,13.8,60.67,Aluminiu,Gaurire,200,0,Niciunul
49,Burghiu,HSS DRILL Ø6,4419,1115.12,2.56,13.8,66.47,0.65,15.0,64.72,Aluminiu,Gaurire,296,0,Niciunul
251,Burghiu,HSS DRILL Ø6,2669,573.43,0.48,14.18,146.5,6.64,77.3,91.56,Otel,Gaurire,190,1,Vibratii
173,Burghiu,CARBIDE DRILL Ø12,5489,417.75,2.17,5.17,121.25,8.24,45.2,81.55,Inox,Gaurire,71,1,Supraincalzire
57,Tarod,TAROD M10 ISO2,2071,545.26,2.56,8.58,37.6,0.74,13.6,72.34,Otel,Filetare,252,0,Niciunul
214,Placuta amovibila,CNMG120408,5122,1191.96,2.14,12.37,117.61,8.58,41.0,93.41,Otel,Strunjire,166,1,Uzura excesiva
43,Burghiu,HSS DRILL Ø6,3534,408.84,2.72,19.64,61.66,1.24,8.6,65.97,Otel,Gaurire,485,0,Niciunul
99,Burghiu,HSS DRILL Ø6,2504,973.25,1.0,19.74,129.5,3.43,90.0,83.63,Inox,Gaurire,92,1,Supraincalzire
4,Placuta amovibila,WNMG080408,2157,770.24,0.42,15.66,67.99,1.19,9.0,60.09,Inox,Strunjire,302,0,Niciunul
116,Placuta amovibila,WNMG080408,3705,307.36,2.97,5.15,65.84,0.77,7.1,60.45,Inox,Strunjire,256,0,Niciunul
212,Freza,FREZA CARBURA Ø10 4F,2888,367.5,2.79,8.87,54.51,1.4,18.0,68.88,Inox,Frezare,91,0,Niciunul
26,Freza,FREZA CARBURA Ø10 4F,1528,634.55,0.28,7.93,54.28,0.54,6.3,61.66,Otel,Frezare,245,0,Niciunul
91,Tarod,TAROD M10 ISO2,2125,1062.73,2.45,12.45,58.4,0.79,4.3,61.78,Inox,Filetare,359,0,Niciunul
16,Tarod,TAROD M10 ISO2,4114,811.36,2.15,8.17,115.61,5.37,77.3,84.27,Aluminiu,Filetare,133,1,Supraincalzire
45,Freza,FREZA HSS Ø8 2F,2210,1111.03,1.7,19.92,108.55,9.09,99.1,87.32,Inox,Frezare,316,1,Uzura excesiva
250,Burghiu,HSS DRILL Ø6,1514,627.16,2.51,6.48,42.34,1.13,15.2,73.53,Aluminiu,Gaurire,473,0,Niciunul
14,Placuta amovibila,WNMG080408,3764,489.17,1.18,14.63,37.31,0.65,10.0,68.81,Aluminiu,Strunjire,189,0,Niciunul
88,Burghiu,HSS DRILL Ø6,4665,596.46,1.64,18.36,55.22,0.9,6.8,63.61,Inox,Gaurire,294,0,Niciunul
281,Tarod,TAROD M10 ISO2,4573,561.14,1.25,15.0,43.31,0.78,16.5,74.98,Otel,Filetare,131,0,Niciunul
280,Burghiu,CARBIDE DRILL Ø12,5603,837.54,1.96,5.31,125.74,6.42,90.4,90.36,Otel,Gaurire,417,1,Supraincalzire
250,Freza,FREZA HSS Ø8 2F,2780,267.78,0.15,11.69,35.46,0.92,2.7,68.84,Aluminiu,Frezare,475,0,Niciunul
136,Placuta amovibila,CNMG120408,4027,738.98,2.98,9.48,145.65,7.91,72.8,89.75,Otel,Strunjire,69,1,Vibratii
69,Placuta amovibila,CNMG120408,2065,476.74,2.39,12.78,92.05,11.95,99.8,83.5,Aluminiu,Strunjire,442,1,Vibratii
154,Freza,FREZA CARBURA Ø10 4F,3167,300.81,2.51,19.79,127.57,8.7,46.9,92.07,Otel,Frezare,303,1,Vibratii
288,Placuta amovibila,WNMG080408,4355,1095.78,1.91,5.9,41.49,1.64,14.7,70.9,Otel,Strunjire,307,0,Niciunul
194,Placuta amovibila,WNMG080408,5227,221.65,1.65,14.47,61.81,1.85,16.7,60.43,Aluminiu,Strunjire,97,0,Niciunul
262,Freza,FREZA CARBURA Ø10 4F,2822,311.94,0.84,6.33,41.21,1.4,14.0,66.24,Aluminiu,Frezare,435,0,Niciunul
268,Freza,FREZA HSS Ø8 2F,5140,250.84,2.54,5.59,57.85,1.88,5.9,68.99,Aluminiu,Frezare,491,0,Niciunul
242,Burghiu,CARBIDE DRILL Ø12,2822,1080.95,1.78,11.7,44.06,1.54,1.5,61.58,Otel,Gaurire,445,0,Niciunul
190,Tarod,TAROD M10 ISO2,5452,515.26,0.4,18.23,159.93,10.32,74.8,93.44,Inox,Filetare,42,1,Uzura excesiva
97,Freza,FREZA HSS Ø8 2F,1516,402.12,1.81,12.22,49.49,1.27,8.8,60.84,Inox,Frezare,225,0,Niciunul
298,Freza,FREZA CARBURA Ø10 4F,4917,762.09,1.27,9.61,67.11,1.45,9.1,64.24,Inox,Frezare,377,0,Niciunul
7,Tarod,TAROD M10 ISO2,3241,1070.51,0.44,13.11,40.08,0.98,14.9,70.02,Inox,Filetare,98,0,Niciunul
143,Placuta amovibila,CNMG120408,3207,492.52,2.65,8.5,64.37,1.61,6.9,70.42,Inox,Strunjire,443,0,Niciunul
82,Freza,FREZA CARBURA Ø10 4F,4050,1110.84,2.08,6.98,108.81,4.0,81.6,87.97,Aluminiu,Frezare,270,1,Supraincalzire
277,Burghiu,HSS DRILL Ø6,4688,319.69,2.0,16.42,43.41,1.84,6.4,68.56,Inox,Gaurire,247,0,Niciunul
60,Freza,FREZA HSS Ø8 2F,4419,805.88,2.64,15.64,52.24,1.53,6.7,73.67,Inox,Frezare,230,0,Niciunul
95,Placuta amovibila,CNMG120408,3859,217.01,2.31,7.34,66.94,0.96,0.6,73.13,Inox,Strunjire,316,0,Niciunul
259,Tarod,TAROD M10 ISO2,3455,329.34,0.95,17.69,38.57,1.69,9.5,74.5,Otel,Filetare,237,0,Niciunul
81,Placuta amovibila,CNMG120408,5867,1064.17,0.72,17.43,69.96,1.03,19.0,72.81,Otel,Strunjire,493,0,Niciunul
200,Burghiu,CARBIDE DRILL Ø12,3354,545.11,1.71,8.91,43.72,0.83,2.6,72.22,Otel,Gaurire,328,0,Niciunul
249,Burghiu,HSS DRILL Ø6,1505,1067.22,0.84,10.26,69.48,0.64,20.0,66.29,Inox,Gaurire,358,0,Niciunul
41,Tarod,TAROD M10 ISO2,4528,554.46,1.6,19.05,43.32,0.65,3.6,69.55,Otel,Filetare,449,0,Niciunul
189,Freza,FREZA HSS Ø8 2F,4300,608.6,0.8,9.01,66.67,1.93,13.9,63.57,Otel,Frezare,205,0,Niciunul
19,Freza,FREZA CARBURA Ø10 4F,2898,832.14,2.55,7.13,42.82,1.36,7.9,64.69,Otel,Frezare,201,0,Niciunul
239,Burghiu,CARBIDE DRILL Ø12,3016,1034.28,1.2,11.35,57.14,1.78,0.0,73.66,Inox,Gaurire,102,0,Niciunul
61,Placuta amovibila,CNMG120408,1733,403.78,1.5,9.54,35.04,0.65,9.6,62.82,Inox,Strunjire,489,0,Niciunul
286,Burghiu,HSS DRILL Ø6,1592,412.56,2.96,8.14,84.88,10.62,48.3,86.34,Inox,Gaurire,90,1,Supraincalzire
245,Tarod,TAROD M10 ISO2,5869,794.27,2.08,18.34,55.04,0.94,19.7,60.22,Inox,Filetare,326,0,Niciunul
222,Placuta amovibila,WNMG080408,1656,811.42,2.28,12.96,68.28,1.35,18.8,73.4,Inox,Strunjire,470,0,Niciunul
279,Tarod,TAROD M10 ISO2,5112,1152.71,0.81,14.71,120.01,3.48,49.3,88.26,Otel,Filetare,375,1,Supraincalzire
89,Freza,FREZA HSS Ø8 2F,4849,957.11,0.31,7.77,39.37,1.92,9.7,61.46,Otel,Frezare,79,0,Niciunul
155,Tarod,TAROD M10 ISO2,3428,1083.01,2.48,16.03,61.05,1.85,15.2,65.3,Aluminiu,Filetare,8,0,Niciunul
172,Burghiu,CARBIDE DRILL Ø12,2362,971.04,2.41,12.31,35.0,1.83,5.4,62.95,Aluminiu,Gaurire,69,0,Niciunul
255,Placuta amovibila,WNMG080408,5456,905.91,0.52,13.94,67.2,0.99,17.6,68.1,Aluminiu,Strunjire,346,0,Niciunul
130,Freza,FREZA HSS Ø8 2F,1541,867.59,1.06,9.15,44.38,1.5,12.9,71.84,Otel,Frezare,128,0,Niciunul
11,Freza,FREZA HSS Ø8 2F,4813,970.48,2.83,12.08,60.01,0.56,12.7,66.62,Inox,Frezare,469,0,Niciunul
58,Freza,FREZA HSS Ø8 2F,2183,869.68,0.65,5.62,113.23,9.32,72.1,86.96,Aluminiu,Frezare,389,1,Uzura excesiva
118,Freza,FREZA CARBURA Ø10 4F,3022,889.72,2.22,5.62,39.44,1.86,10.6,68.72,Otel,Frezare,349,0,Niciunul
112,Burghiu,CARBIDE DRILL Ø12,1571,420.17,2.94,6.08,67.33,0.81,6.7,63.79,Otel,Gaurire,9,0,Niciunul
38,Placuta amovibila,WNMG080408,5672,882.21,2.19,9.79,40.48,1.37,8.1,70.98,Inox,Strunjire,122,0,Niciunul
90,Burghiu,CARBIDE DRILL Ø12,2102,567.79,1.41,18.78,53.55,0.79,8.5,61.37,Aluminiu,Gaurire,198,0,Niciunul
205,Freza,FREZA HSS Ø8 2F,2230,359.93,0.98,5.56,55.48,0.82,14.9,68.66,Otel,Frezare,16,0,Niciunul
150,Freza,FREZA HSS Ø8 2F,3929,903.96,0.6,15.73,67.33,0.64,3.2,66.4,Otel,Frezare,254,0,Niciunul
71,Burghiu,CARBIDE DRILL Ø12,2281,1141.2,1.31,14.1,62.18,1.64,6.7,73.18,Inox,Gaurire,455,0,Niciunul
280,Freza,FREZA HSS Ø8 2F,2466,947.64,0.92,7.35,143.58,11.18,77.3,82.41,Aluminiu,Frezare,487,1,Vibratii
24,Freza,FREZA CARBURA Ø10 4F,2555,753.09,1.77,12.67,52.37,0.94,16.8,74.53,Aluminiu,Frezare,496,0,Niciunul
225,Placuta amovibila,WNMG080408,4863,570.89,1.96,13.28,41.05,0.86,12.1,69.35,Aluminiu,Strunjire,210,0,Niciunul
217,Freza,FREZA CARBURA Ø10 4F,3423,481.39,0.61,19.87,133.86,11.41,83.4,98.7,Aluminiu,Frezare,374,1,Uzura excesiva
131,Placuta amovibila,WNMG080408,2940,261.23,0.9,19.43,38.28,1.5,19.8,65.42,Otel,Strunjire,166,0,Niciunul
116,Placuta amovibila,CNMG120408,3145,203.53,2.58,7.82,67.12,0.71,11.4,61.56,Otel,Strunjire,243,0,Niciunul
147,Placuta amovibila,WNMG080408,3760,930.2,2.28,5.26,46.41,1.46,15.1,71.55,Otel,Strunjire,365,0,Niciunul
284,Placuta amovibila,CNMG120408,5334,457.58,0.25,10.02,133.83,7.35,47.4,97.25,Aluminiu,Strunjire,76,1,Vibratii
272,Burghiu,HSS DRILL Ø6,3143,1088.75,1.83,8.62,61.54,1.45,10.2,61.46,Otel,Gaurire,494,0,Niciunul
139,Placuta amovibila,WNMG080408,2081,451.77,1.32,18.76,84.34,11.33,83.8,87.67,Inox,Strunjire,88,1,Supraincalzire
215,Placuta amovibila,CNMG120408,2051,662.52,2.9,6.07,61.4,1.92,10.7,73.96,Inox,Strunjire,182,0,Niciunul
149,Tarod,TAROD M10 ISO2,3538,433.13,2.81,16.04,155.79,11.82,89.8,94.7,Otel,Filetare,439,1,Uzura excesiva
103,Freza,FREZA CARBURA Ø10 4F,2526,1072.71,2.12,11.16,120.76,10.99,87.4,91.12,Inox,Frezare,312,1,Vibratii
133,Tarod,TAROD M10 ISO2,2380,352.06,2.2,16.51,60.32,1.77,5.8,73.01,Aluminiu,Filetare,227,0,Niciunul
268,Placuta amovibila,WNMG080408,1979,1097.81,1.78,13.74,46.82,0.8,7.0,74.25,Inox,Strunjire,137,0,Niciunul
31,Freza,FREZA CARBURA Ø10 4F,2968,441.03,1.69,18.28,99.0,7.3,47.3,94.82,Otel,Frezare,314,1,Supraincalzire
126,Placuta amovibila,CNMG120408,2192,664.4,1.71,7.27,51.83,1.31,2.8,66.43,Aluminiu,Strunjire,106,0,Niciunul
277,Placuta amovibila,WNMG080408,3326,1169.71,1.78,15.42,64.91,0.72,6.3,62.12,Aluminiu,Strunjire,444,0,Niciunul
76,Burghiu,CARBIDE DRILL Ø12,5738,287.02,1.59,7.17,69.72,1.18,4.5,69.08,Aluminiu,Gaurire,479,0,Niciunul
117,Tarod,TAROD M10 ISO2,5040,1099.52,1.4,5.56,62.48,1.52,8.5,64.43,Otel,Filetare,8,0,Niciunul
120,Freza,FREZA CARBURA Ø10 4F,4210,984.73,2.6,19.91,47.21,1.25,0.8,67.36,Inox,Frezare,115,0,Niciunul
207,Tarod,TAROD M10 ISO2,5692,728.49,0.82,7.51,53.82,0.7,18.8,66.36,Aluminiu,Filetare,80,0,Niciunul
117,Burghiu,HSS DRILL Ø6,1775,492.2,2.76,18.6,45.12,1.63,11.4,68.77,Aluminiu,Gaurire,344,0,Niciunul
71,Freza,FREZA CARBURA Ø10 4F,4287,1012.97,0.75,19.22,35.5,0.75,19.3,67.07,Inox,Frezare,445,0,Niciunul
63,Freza,FREZA CARBURA Ø10 4F,5484,305.41,0.12,14.32,60.33,0.56,9.7,70.27,Inox,Frezare,445,0,Niciunul
198,Freza,FREZA HSS Ø8 2F,5667,549.54,2.08,19.35,62.87,0.61,10.7,67.77,Otel,Frezare,69,0,Niciunul
162,Placuta amovibila,CNMG120408,3027,738.59,2.65,10.09,44.84,1.05,10.4,74.67,Otel,Strunjire,47,0,Niciunul
181,Freza,FREZA CARBURA Ø10 4F,2767,979.35,0.49,13.83,64.72,1.98,4.5,62.96,Otel,Frezare,180,0,Niciunul
183,Burghiu,CARBIDE DRILL Ø12,4259,626.15,0.3,14.64,59.43,0.88,12.7,69.69,Otel,Gaurire,444,0,Niciunul
91,Placuta amovibila,WNMG080408,4466,991.88,0.55,19.89,59.13,0.79,8.6,60.3,Inox,Strunjire,196,0,Niciunul
96,Freza,FREZA CARBURA Ø10 4F,3799,381.14,1.52,15.88,51.21,0.95,2.1,63.2,Aluminiu,Frezare,90,0,Niciunul
275,Burghiu,HSS DRILL Ø6,4537,760.44,0.1,16.25,57.99,1.73,19.6,70.39,Inox,Gaurire,119,0,Niciunul
142,Placuta amovibila,WNMG080408,4963,1016.0,1.68,10.13,146.0,4.91,95.6,93.18,Aluminiu,Strunjire,378,1,Uzura excesiva
78,Tarod,TAROD M10 ISO2,4827,1161.88,0.26,13.57,61.39,1.74,11.2,67.27,Inox,Filetare,237,0,Niciunul
271,Placuta amovibila,CNMG120408,3815,867.89,2.44,13.86,43.73,0.67,5.1,65.36,Aluminiu,Strunjire,467,0,Niciunul
84,Tarod,TAROD M10 ISO2,4330,262.73,2.3,11.31,55.52,1.24,5.6,71.32,Inox,Filetare,434,0,Niciunul
94,Burghiu,HSS DRILL Ø6,3857,448.2,1.79,14.19,67.05,0.96,3.5,63.84,Aluminiu,Gaurire,355,0,Niciunul
259,Burghiu,HSS DRILL Ø6,3897,295.83,1.27,18.49,49.97,0.62,3.8,66.91,Aluminiu,Gaurire,365,0,Niciunul
281,Burghiu,HSS DRILL Ø6,5541,888.53,2.71,12.24,67.94,1.59,16.0,72.7,Aluminiu,Gaurire,37,0,Niciunul
167,Placuta amovibila,WNMG080408,3964,545.86,1.67,15.2,106.33,3.88,75.8,89.1,Otel,Strunjire,82,1,Vibratii
121,Freza,FREZA HSS Ø8 2F,4559,927.39,2.16,19.76,52.85,1.04,7.6,63.86,Inox,Frezare,188,0,Niciunul
192,Freza,FREZA CARBURA Ø10 4F,3851,466.92,0.49,18.56,47.78,1.54,6.0,71.23,Aluminiu,Frezare,72,0,Niciunul
257,Placuta amovibila,CNMG120408,2386,1072.17,0.22,10.33,61.62,1.87,0.5,63.79,Otel,Strunjire,437,0,Niciunul
202,Tarod,TAROD M10 ISO2,1950,1176.46,0.25,16.26,39.58,1.6,6.0,72.69,Otel,Filetare,119,0,Niciunul
162,Burghiu,HSS DRILL Ø6,2255,915.88,2.36,11.26,67.11,1.81,2.5,68.44,Otel,Gaurire,346,0,Niciunul
2,Freza,FREZA CARBURA Ø10 4F,5480,1092.76,0.14,12.83,86.06,6.74,44.0,84.08,Otel,Frezare,292,1,Vibratii
59,Tarod,TAROD M10 ISO2,5947,1032.04,0.58,13.85,58.84,0.79,4.3,60.99,Aluminiu,Filetare,24,0,Niciunul
68,Placuta amovibila,WNMG080408,5261,437.88,1.82,16.4,43.82,1.02,6.7,63.69,Inox,Strunjire,180,0,Niciunul
271,Freza,FREZA CARBURA Ø10 4F,5269,956.94,1.94,11.17,47.23,0.78,7.5,71.61,Aluminiu,Frezare,300,0,Niciunul
80,Freza,FREZA CARBURA Ø10 4F,2705,318.19,1.61,8.09,65.58,1.34,12.0,72.59,Otel,Frezare,71,0,Niciunul
109,Placuta amovibila,CNMG120408,2751,1189.75,0.64,16.73,144.02,7.96,96.2,89.83,Aluminiu,Strunjire,146,1,Supraincalzire
63,Burghiu,HSS DRILL Ø6,2060,1153.73,1.01,19.47,39.97,0.67,16.9,62.93,Aluminiu,Gaurire,450,0,Niciunul
191,Burghiu,CARBIDE DRILL Ø12,5367,916.92,1.79,6.99,64.76,0.58,0.5,69.68,Aluminiu,Gaurire,261,0,Niciunul
151,Freza,FREZA HSS Ø8 2F,1858,658.35,2.93,18.29,130.31,9.33,46.7,89.96,Inox,Frezare,45,1,Vibratii
91,Burghiu,HSS DRILL Ø6,3959,1183.74,2.83,17.26,120.8,5.84,61.7,92.4,Aluminiu,Gaurire,85,1,Vibratii
296,Burghiu,HSS DRILL Ø6,1743,746.86,2.42,7.93,37.53,0.58,16.3,62.83,Inox,Gaurire,408,0,Niciunul
182,Tarod,TAROD M10 ISO2,2776,280.61,0.11,7.54,137.72,8.21,74.2,89.95,Inox,Filetare,180,1,Supraincalzire
177,Freza,FREZA CARBURA Ø10 4F,5515,1028.96,2.01,18.41,59.15,1.1,8.1,61.81,Otel,Frezare,49,0,Niciunul
153,Burghiu,HSS DRILL Ø6,4018,1072.62,0.89,12.52,54.51,1.49,12.2,64.52,Aluminiu,Gaurire,439,0,Niciunul
201,Freza,FREZA CARBURA Ø10 4F,4878,611.17,2.03,13.23,49.31,0.95,18.5,60.16,Otel,Frezare,291,0,Niciunul
101,Burghiu,CARBIDE DRILL Ø12,5053,948.66,0.18,6.43,51.04,0.51,9.2,64.99,Otel,Gaurire,494,0,Niciunul
159,Tarod,TAROD M10 ISO2,4078,694.19,0.12,9.21,45.16,0.51,14.6,73.67,Aluminiu,Filetare,241,0,Niciunul
205,Burghiu,HSS DRILL Ø6,4386,1099.45,2.37,8.6,47.14,0.95,8.4,68.51,Otel,Gaurire,147,0,Niciunul
208,Burghiu,HSS DRILL Ø6,5910,709.52,1.46,12.04,52.52,1.1,3.1,61.16,Inox,Gaurire,262,0,Niciunul
48,Freza,FREZA CARBURA Ø10 4F,2100,276.54,0.14,16.61,101.85,7.78,48.5,98.65,Otel,Frezare,346,1,Vibratii
119,Tarod,TAROD M10 ISO2,2209,314.91,1.49,11.67,104.77,10.13,52.3,95.63,Inox,Filetare,16,1,Supraincalzire
100,Burghiu,CARBIDE DRILL Ø12,4156,230.84,0.87,8.22,50.41,1.08,16.6,73.72,Otel,Gaurire,173,0,Niciunul
167,Burghiu,HSS DRILL Ø6,1614,290.17,1.07,18.29,46.51,1.31,8.0,67.26,Otel,Gaurire,192,0,Niciunul
285,Placuta amovibila,WNMG080408,4036,203.47,2.5,14.58,36.48,1.72,10.1,64.66,Aluminiu,Strunjire,382,0,Niciunul
174,Freza,FREZA HSS Ø8 2F,1610,658.11,1.94,17.63,40.26,1.5,6.7,71.59,Otel,Frezare,471,0,Niciunul
166,Placuta amovibila,CNMG120408,4218,539.29,1.2,8.27,41.38,1.89,14.8,70.03,Otel,Strunjire,24,0,Niciunul
195,Freza,FREZA CARBURA Ø10 4F,4693,294.93,0.55,5.09,38.78,0.97,14.3,65.14,Aluminiu,Frezare,405,0,Niciunul
187,Freza,FREZA CARBURA Ø10 4F,2053,645.15,2.3,7.01,159.25,11.56,68.8,90.0,Aluminiu,Frezare,323,1,Supraincalzire
53,Burghiu,CARBIDE DRILL Ø12,2467,623.85,2.6,9.5,48.59,1.94,14.9,61.94,Otel,Gaurire,83,0,Niciunul
226,Burghiu,CARBIDE DRILL Ø12,2591,1183.54,2.73,15.84,42.56,1.17,9.6,65.4,Inox,Gaurire,371,0,Niciunul
31,Burghiu,HSS DRILL Ø6,4923,286.4,1.05,18.17,136.03,6.7,83.9,97.71,Aluminiu,Gaurire,416,1,Uzura excesiva
28,Tarod,TAROD M10 ISO2,1654,1057.14,0.65,12.84,50.07,1.8,6.4,70.18,Aluminiu,Filetare,41,0,Niciunul
35,Placuta amovibila,WNMG080408,3249,231.17,1.07,6.84,134.47,8.99,58.6,85.48,Otel,Strunjire,300,1,Uzura excesiva
275,Freza,FREZA CARBURA Ø10 4F,2507,695.72,0.33,18.65,49.63,1.28,13.9,63.55,Otel,Frezare,360,0,Niciunul
79,Tarod,TAROD M10 ISO2,2927,1010.48,0.87,11.97,36.83,0.75,17.3,64.62,Inox,Filetare,61,0,Niciunul
294,Placuta amovibila,WNMG080408,5984,275.79,1.66,10.89,154.85,10.54,43.3,97.31,Otel,Strunjire,162,1,Vibratii
46,Burghiu,CARBIDE DRILL Ø12,3206,918.16,0.85,14.65,115.12,11.55,56.7,86.09,Inox,Gaurire,171,1,Vibratii
247,Freza,FREZA HSS Ø8 2F,5402,1094.75,0.35,12.62,63.45,0.97,9.9,64.48,Otel,Frezare,232,0,Niciunul
171,Freza,FREZA HSS Ø8 2F,2727,538.1,2.47,12.98,63.46,0.52,16.7,67.35,Aluminiu,Frezare,477,0,Niciunul
76,Freza,FREZA CARBURA Ø10 4F,2130,691.28,2.94,11.89,136.1,7.3,56.5,93.23,Inox,Frezare,46,1,Supraincalzire
152,Burghiu,CARBIDE DRILL Ø12,2162,319.19,1.45,12.15,36.5,1.35,7.4,71.11,Otel,Gaurire,252,0,Niciunul
296,Placuta amovibila,CNMG120408,2404,546.71,1.89,17.14,41.95,1.33,19.4,61.62,Inox,Strunjire,367,0,Niciunul
92,Burghiu,HSS DRILL Ø6,1801,279.0,2.11,18.93,49.54,1.28,8.5,67.48,Aluminiu,Gaurire,460,0,Niciunul
95,Burghiu,HSS DRILL Ø6,5132,407.45,2.45,11.22,48.16,0.64,8.9,66.3,Aluminiu,Gaurire,233,0,Niciunul
21,Placuta amovibila,CNMG120408,3471,411.8,1.0,9.49,104.68,8.13,82.4,96.47,Aluminiu,Strunjire,262,1,Supraincalzire
79,Placuta amovibila,WNMG080408,3041,1067.82,1.01,14.15,64.97,1.92,1.7,63.39,Aluminiu,Strunjire,104,0,Niciunul
294,Freza,FREZA CARBURA Ø10 4F,1750,797.68,0.41,12.96,110.84,10.96,41.1,94.91,Inox,Frezare,281,1,Uzura excesiva
28,Freza,FREZA CARBURA Ø10 4F,3834,653.2,0.38,19.54,69.47,1.82,8.5,66.52,Otel,Frezare,235,0,Niciunul
14,Freza,FREZA CARBURA Ø10 4F,4347,250.48,2.31,5.17,64.7,0.93,19.7,66.58,Otel,Frezare,75,0,Niciunul
209,Burghiu,CARBIDE DRILL Ø12,1898,858.12,1.05,8.99,118.16,11.67,73.2,99.94,Inox,Gaurire,294,1,Uzura excesiva
177,Tarod,TAROD M10 ISO2,2942,494.18,1.48,11.69,40.38,1.02,2.6,74.46,Aluminiu,Filetare,151,0,Niciunul
283,Freza,FREZA HSS Ø8 2F,4954,987.78,1.25,8.68,48.83,1.32,2.8,71.78,Otel,Frezare,215,0,Niciunul
47,Freza,FREZA HSS Ø8 2F,3642,510.93,2.11,17.22,56.93,0.53,3.1,62.57,Otel,Frezare,430,0,Niciunul
220,Tarod,TAROD M10 ISO2,2620,1000.35,1.96,19.72,69.73,0.84,16.3,60.65,Otel,Filetare,22,0,Niciunul
240,Tarod,TAROD M10 ISO2,1728,591.76,2.73,8.51,141.25,11.1,91.9,87.57,Otel,Filetare,486,1,Vibratii
88,Placuta amovibila,CNMG120408,1607,260.61,0.17,6.35,69.81,1.77,11.4,73.38,Aluminiu,Strunjire,343,0,Niciunul
174,Freza,FREZA CARBURA Ø10 4F,5938,258.77,0.54,19.86,64.6,1.1,15.0,74.75,Inox,Frezare,104,0,Niciunul
162,Tarod,TAROD M10 ISO2,5893,799.79,0.22,7.84,49.61,1.91,19.3,63.08,Inox,Filetare,273,0,Niciunul
257,Burghiu,HSS DRILL Ø6,2461,268.63,0.66,5.4,64.88,1.55,5.4,71.01,Otel,Gaurire,44,0,Niciunul
235,Freza,FREZA HSS Ø8 2F,1918,700.13,2.94,9.36,41.26,1.26,13.0,72.33,Otel,Frezare,63,0,Niciunul
158,Freza,FREZA HSS Ø8 2F,4677,1182.68,1.04,15.12,44.03,0.71,19.8,64.93,Inox,Frezare,227,0,Niciunul
290,Freza,FREZA CARBURA Ø10 4F,5911,1043.02,0.28,18.64,89.23,4.08,65.1,86.49,Inox,Frezare,390,1,Supraincalzire
200,Placuta amovibila,WNMG080408,2841,917.4,0.86,17.9,36.36,0.51,16.6,67.92,Inox,Strunjire,467,0,Niciunul
274,Burghiu,HSS DRILL Ø6,1706,737.61,2.6,6.39,55.67,1.81,5.2,63.71,Inox,Gaurire,318,0,Niciunul
216,Placuta amovibila,CNMG120408,1922,200.39,0.94,15.78,38.93,1.81,18.8,62.78,Inox,Strunjire,492,0,Niciunul
145,Burghiu,HSS DRILL Ø6,1810,371.96,0.92,14.05,59.27,0.73,16.0,63.38,Aluminiu,Gaurire,17,0,Niciunul
224,Freza,FREZA HSS Ø8 2F,4348,1004.38,0.13,7.05,57.09,1.4,7.2,71.54,Otel,Frezare,92,0,Niciunul
131,Placuta amovibila,CNMG120408,5016,259.63,2.5,18.38,62.52,1.35,7.5,74.68,Otel,Strunjire,347,0,Niciunul
141,Burghiu,CARBIDE DRILL Ø12,3912,640.42,0.15,10.61,49.17,0.96,4.1,74.17,Aluminiu,Gaurire,468,0,Niciunul
58,Burghiu,HSS DRILL Ø6,2747,1170.59,1.21,19.24,68.31,1.18,17.6,70.43,Otel,Gaurire,434,0,Niciunul
102,Freza,FREZA CARBURA Ø10 4F,4678,918.66,2.4,10.68,44.85,0.79,19.1,62.97,Otel,Frezare,321,0,Niciunul
5,Freza,FREZA CARBURA Ø10 4F,3215,798.07,0.82,14.91,35.19,1.93,1.8,60.03,Aluminiu,Frezare,199,0,Niciunul
212,Tarod,TAROD M10 ISO2,3427,953.24,2.59,19.9,147.29,8.08,41.4,82.67,Inox,Filetare,105,1,Uzura excesiva
167,Freza,FREZA CARBURA Ø10 4F,3610,703.17,0.8,11.79,141.41,3.6,72.4,95.54,Aluminiu,Frezare,176,1,Vibratii
40,Tarod,TAROD M10 ISO2,2050,822.85,0.38,8.02,36.92,1.01,3.5,70.9,Otel,Filetare,19,0,Niciunul
180,Freza,FREZA CARBURA Ø10 4F,1933,363.36,2.32,11.15,92.45,11.02,97.5,85.36,Inox,Frezare,118,1,Uzura excesiva
39,Placuta amovibila,CNMG120408,3128,371.96,1.86,7.56,61.59,1.95,2.8,68.23,Otel,Strunjire,316,0,Niciunul
156,Freza,FREZA HSS Ø8 2F,1580,1058.24,0.72,14.71,67.08,0.93,6.6,65.64,Inox,Frezare,6,0,Niciunul
74,Burghiu,CARBIDE DRILL Ø12,3123,690.25,1.32,7.58,52.79,1.17,7.7,66.62,Aluminiu,Gaurire,383,0,Niciunul
55,Placuta amovibila,WNMG080408,4265,421.63,2.65,17.03,46.69,1.84,8.3,70.87,Otel,Strunjire,227,0,Niciunul
106,Freza,FREZA CARBURA Ø10 4F,4503,1069.67,2.58,9.91,128.97,11.37,66.1,95.0,Otel,Frezare,381,1,Uzura excesiva
287,Placuta amovibila,WNMG080408,3036,1188.93,2.7,18.98,139.67,7.41,99.7,81.7,Aluminiu,Strunjire,40,1,Vibratii
193,Freza,FREZA HSS Ø8 2F,3743,1172.46,0.33,15.76,36.16,1.34,11.7,65.19,Otel,Frezare,83,0,Niciunul
112,Tarod,TAROD M10 ISO2,4350,1139.34,1.08,11.26,159.76,5.89,47.0,87.53,Inox,Filetare,278,1,Uzura excesiva
228,Placuta amovibila,CNMG120408,2837,638.68,1.18,14.46,62.8,1.13,8.7,65.32,Otel,Strunjire,37,0,Niciunul
115,Burghiu,CARBIDE DRILL Ø12,2799,466.31,0.86,12.33,144.74,3.03,45.0,80.08,Otel,Gaurire,429,1,Uzura excesiva
275,Freza,FREZA HSS Ø8 2F,1835,229.22,1.47,9.93,52.18,1.85,0.8,73.92,Inox,Frezare,276,0,Niciunul
227,Freza,FREZA HSS Ø8 2F,2421,906.19,0.55,12.59,58.74,1.4,6.6,61.88,Inox,Frezare,481,0,Niciunul
293,Burghiu,CARBIDE DRILL Ø12,4173,310.21,0.11,13.0,56.5,1.72,19.1,64.78,Otel,Gaurire,384,0,Niciunul
210,Placuta amovibila,CNMG120408,5488,294.95,0.21,10.76,53.03,1.96,13.7,70.92,Aluminiu,Strunjire,404,0,Niciunul
83,Tarod,TAROD M10 ISO2,5106,842.11,2.67,7.14,106.53,11.03,86.8,96.54,Inox,Filetare,378,1,Vibratii
256,Placuta amovibila,CNMG120408,4646,617.26,2.76,15.07,133.23,10.99,87.3,90.8,Otel,Strunjire,468,1,Supraincalzire
264,Placuta amovibila,CNMG120408,4419,714.87,0.4,5.83,129.25,9.77,51.4,92.24,Inox,Strunjire,413,1,Vibratii
76,Placuta amovibila,WNMG080408,5334,779.64,1.39,14.7,52.3,1.82,18.9,70.48,Otel,Strunjire,482,0,Niciunul
41,Placuta amovibila,CNMG120408,4465,480.45,2.96,8.47,54.51,0.79,1.3,74.73,Inox,Strunjire,475,0,Niciunul
144,Placuta amovibila,WNMG080408,1966,1170.52,1.2,11.14,50.36,0.72,18.6,60.34,Otel,Strunjire,78,0,Niciunul
31,Burghiu,CARBIDE DRILL Ø12,1747,608.64,0.65,15.73,152.7,11.51,56.5,90.39,Inox,Gaurire,75,1,Uzura excesiva
282,Freza,FREZA HSS Ø8 2F,3073,915.3,0.62,12.56,140.85,3.91,65.5,83.84,Inox,Frezare,323,1,Vibratii
224,Tarod,TAROD M10 ISO2,5303,1131.43,0.31,9.32,67.53,1.09,12.8,71.67,Inox,Filetare,187,0,Niciunul
82,Burghiu,CARBIDE DRILL Ø12,3636,640.23,2.74,19.13,64.12,0.63,19.4,72.15,Inox,Gaurire,37,0,Niciunul
133,Placuta amovibila,WNMG080408,5746,990.09,2.81,13.72,119.89,4.65,89.0,92.0,Aluminiu,Strunjire,298,1,Uzura excesiva
112,Burghiu,HSS DRILL Ø6,1709,497.51,0.18,18.17,50.59,1.4,11.9,70.11,Inox,Gaurire,496,0,Niciunul
123,Burghiu,HSS DRILL Ø6,2979,862.66,0.58,12.45,40.54,1.35,19.4,71.05,Otel,Gaurire,353,0,Niciunul
226,Freza,FREZA HSS Ø8 2F,1547,433.78,0.22,14.67,144.88,11.82,50.5,98.47,Otel,Frezare,2,1,Supraincalzire
289,Freza,FREZA CARBURA Ø10 4F,4698,209.52,0.21,6.14,47.32,1.02,9.5,69.61,Aluminiu,Frezare,142,0,Niciunul
70,Placuta amovibila,CNMG120408,4145,789.08,2.7,10.89,45.22,0.99,15.0,69.32,Aluminiu,Strunjire,101,0,Niciunul
283,Placuta amovibila,WNMG080408,1868,296.9,1.56,17.64,35.38,1.42,5.6,73.75,Inox,Strunjire,416,0,Niciunul
115,Placuta amovibila,CNMG120408,4806,649.73,1.66,5.49,40.69,1.88,19.9,71.27,Otel,Strunjire,222,0,Niciunul
193,Placuta amovibila,CNMG120408,2919,633.12,2.29,6.97,64.75,1.86,12.9,68.67,Aluminiu,Strunjire,340,0,Niciunul
190,Burghiu,CARBIDE DRILL Ø12,2892,630.24,2.17,18.21,124.23,6.33,64.4,91.26,Inox,Gaurire,110,1,Supraincalzire
292,Tarod,TAROD M10 ISO2,4054,968.34,1.35,17.08,99.82,6.52,84.9,85.54,Aluminiu,Filetare,277,1,Supraincalzire
187,Burghiu,CARBIDE DRILL Ø12,5288,454.29,2.16,10.72,64.13,1.02,9.4,66.48,Inox,Gaurire,143,0,Niciunul
241,Placuta amovibila,WNMG080408,1990,376.38,1.02,18.65,37.16,0.8,18.7,72.07,Otel,Strunjire,235,0,Niciunul
96,Burghiu,HSS DRILL Ø6,2105,787.07,2.01,11.86,64.95,1.23,17.1,63.82,Otel,Gaurire,102,0,Niciunul
15,Burghiu,HSS DRILL Ø6,5034,235.45,2.69,14.34,67.88,1.64,16.4,62.1,Aluminiu,Gaurire,457,0,Niciunul
197,Tarod,TAROD M10 ISO2,5864,830.92,0.8,12.06,45.41,1.08,10.1,69.78,Aluminiu,Filetare,81,0,Niciunul
255,Burghiu,CARBIDE DRILL Ø12,4998,794.55,1.92,17.23,53.41,1.38,19.6,68.23,Aluminiu,Gaurire,348,0,Niciunul
272,Freza,FREZA HSS Ø8 2F,3834,1084.21,1.13,15.02,53.84,1.65,13.4,64.51,Otel,Frezare,350,0,Niciunul
105,Freza,FREZA CARBURA Ø10 4F,4578,798.54,1.38,17.27,147.88,11.82,83.3,97.74,Inox,Frezare,158,1,Supraincalzire
179,Burghiu,HSS DRILL Ø6,5466,678.48,1.46,7.52,57.98,1.68,18.4,72.19,Inox,Gaurire,477,0,Niciunul
197,Placuta amovibila,CNMG120408,4203,305.34,0.53,17.05,36.34,1.92,5.6,62.82,Otel,Strunjire,382,0,Niciunul
175,Freza,FREZA HSS Ø8 2F,4075,1159.77,0.69,18.73,149.42,10.59,93.3,97.33,Inox,Frezare,386,1,Supraincalzire
156,Burghiu,HSS DRILL Ø6,3484,473.33,0.24,10.9,66.16,1.47,11.9,66.42,Aluminiu,Gaurire,279,0,Niciunul
135,Freza,FREZA HSS Ø8 2F,5960,366.9,2.75,12.25,38.59,1.64,6.7,66.49,Otel,Frezare,356,0,Niciunul
152,Burghiu,HSS DRILL Ø6,2428,1033.72,1.11,12.25,90.41,4.8,45.9,99.64,Otel,Gaurire,119,1,Uzura excesiva
164,Placuta amovibila,WNMG080408,4840,391.9,0.91,6.27,63.39,1.72,6.3,69.01,Otel,Strunjire,269,0,Niciunul
231,Burghiu,HSS DRILL Ø6,4527,636.14,2.18,19.06,63.74,1.44,15.6,60.36,Inox,Gaurire,452,0,Niciunul
17,Tarod,TAROD M10 ISO2,5861,344.24,1.78,5.19,41.53,0.76,6.8,72.02,Otel,Filetare,225,0,Niciunul
58,Tarod,TAROD M10 ISO2,5338,781.81,1.84,5.04,41.03,1.97,19.7,71.24,Otel,Filetare,238,0,Niciunul
168,Freza,FREZA CARBURA Ø10 4F,5117,412.38,0.8,17.93,98.11,9.99,47.0,91.54,Aluminiu,Frezare,69,1,Vibratii
3,Placuta amovibila,WNMG080408,1768,1044.89,0.95,19.38,60.68,1.93,15.9,72.99,Otel,Strunjire,351,0,Niciunul
210,Freza,FREZA HSS Ø8 2F,2262,680.4,1.38,15.61,64.93,0.97,10.4,61.11,Otel,Frezare,107,0,Niciunul
288,Freza,FREZA HSS Ø8 2F,5599,880.43,2.22,18.22,114.32,11.9,44.1,92.09,Aluminiu,Frezare,377,1,Vibratii
254,Burghiu,CARBIDE DRILL Ø12,1745,1055.93,2.35,8.48,46.46,1.48,4.3,71.94,Inox,Gaurire,251,0,Niciunul
31,Tarod,TAROD M10 ISO2,2470,672.41,2.25,6.76,44.43,1.79,7.2,70.86,Aluminiu,Filetare,267,0,Niciunul
98,Placuta amovibila,WNMG080408,1841,531.86,1.32,10.51,111.28,6.24,59.6,85.22,Otel,Strunjire,297,1,Vibratii
294,Burghiu,CARBIDE DRILL Ø12,1752,498.16,2.96,15.45,54.46,1.1,16.4,70.52,Aluminiu,Gaurire,239,0,Niciunul
186,Placuta amovibila,WNMG080408,3815,352.03,2.92,11.82,47.77,0.94,6.6,65.49,Otel,Strunjire,100,0,Niciunul
174,Burghiu,CARBIDE DRILL Ø12,2833,1165.67,0.53,15.91,53.54,1.17,15.6,73.2,Otel,Gaurire,172,0,Niciunul
130,Burghiu,HSS DRILL Ø6,3309,321.86,0.75,17.2,39.34,0.56,19.8,60.3,Aluminiu,Gaurire,49,0,Niciunul
230,Placuta amovibila,WNMG080408,3520,973.51,1.61,9.66,108.2,9.31,77.0,99.97,Inox,Strunjire,434,1,Uzura excesiva
173,Placuta amovibila,WNMG080408,4658,1064.84,0.48,13.64,139.45,10.65,68.5,85.58,Aluminiu,Strunjire,23,1,Supraincalzire
255,Placuta amovibila,CNMG120408,2854,963.87,0.84,15.96,37.0,0.93,5.3,61.06,Aluminiu,Strunjire,25,0,Niciunul
8,Placuta amovibila,WNMG080408,2868,1045.98,1.47,17.1,60.96,1.69,11.8,69.71,Aluminiu,Strunjire,299,0,Niciunul
191,Burghiu,HSS DRILL Ø6,4674,361.9,0.12,7.7,81.51,5.05,74.0,82.29,Otel,Gaurire,323,1,Vibratii
295,Freza,FREZA HSS Ø8 2F,1659,998.46,2.86,14.3,43.95,1.39,14.2,66.4,Inox,Frezare,9,0,Niciunul
258,Placuta amovibila,WNMG080408,2181,1099.38,2.25,5.54,140.81,9.87,84.2,80.48,Inox,Strunjire,420,1,Uzura excesiva
99,Freza,FREZA HSS Ø8 2F,5983,372.04,2.34,10.07,42.2,1.5,16.1,71.7,Aluminiu,Frezare,485,0,Niciunul
217,Burghiu,HSS DRILL Ø6,2517,874.92,0.76,19.61,103.34,7.23,86.6,94.47,Aluminiu,Gaurire,227,1,Supraincalzire
31,Placuta amovibila,CNMG120408,1613,512.45,1.88,19.58,63.86,1.93,9.0,65.89,Aluminiu,Strunjire,227,0,Niciunul
59,Placuta amovibila,WNMG080408,4817,1030.5,0.16,12.13,90.32,4.67,75.9,90.08,Aluminiu,Strunjire,316,1,Vibratii
10,Burghiu,HSS DRILL Ø6,2232,960.01,2.27,6.12,45.64,1.61,8.5,70.76,Inox,Gaurire,146,0,Niciunul
226,Burghiu,HSS DRILL Ø6,1821,590.27,2.57,14.73,37.16,1.41,14.4,65.52,Aluminiu,Gaurire,40,0,Niciunul
155,Freza,FREZA HSS Ø8 2F,4336,1088.36,1.83,14.73,111.08,10.6,48.9,95.2,Otel,Frezare,145,1,Supraincalzire
90,Burghiu,HSS DRILL Ø6,4071,935.65,1.96,17.7,53.76,1.87,0.4,66.62,Aluminiu,Gaurire,337,0,Niciunul
17,Freza,FREZA CARBURA Ø10 4F,5649,379.12,2.83,10.18,144.44,3.04,94.0,82.61,Inox,Frezare,496,1,Vibratii
185,Freza,FREZA HSS Ø8 2F,1625,391.73,1.94,8.09,43.62,0.81,3.0,70.24,Aluminiu,Frezare,177,0,Niciunul
62,Burghiu,HSS DRILL Ø6,2319,1076.05,1.86,14.51,58.15,1.19,10.3,74.03,Otel,Gaurire,257,0,Niciunul
221,Tarod,TAROD M10 ISO2,5858,413.45,2.57,5.8,67.92,1.16,3.4,73.69,Aluminiu,Filetare,453,0,Niciunul
261,Placuta amovibila,CNMG120408,3160,928.99,0.54,7.06,143.72,3.3,67.4,87.51,Aluminiu,Strunjire,144,1,Supraincalzire
100,Placuta amovibila,WNMG080408,4228,1105.12,0.53,12.36,60.03,1.94,15.5,61.01,Otel,Strunjire,238,0,Niciunul
235,Tarod,TAROD M10 ISO2,2413,587.14,0.3,17.59,53.88,1.03,2.2,62.97,Aluminiu,Filetare,22,0,Niciunul
66,Burghiu,CARBIDE DRILL Ø12,5603,279.92,1.22,8.01,49.07,1.71,6.0,73.97,Otel,Gaurire,191,0,Niciunul
56,Burghiu,CARBIDE DRILL Ø12,2140,248.57,0.89,8.07,157.8,11.38,43.7,93.03,Aluminiu,Gaurire,125,1,Vibratii
92,Placuta amovibila,WNMG080408,1565,659.84,2.33,7.47,41.58,1.77,1.9,60.88,Inox,Strunjire,461,0,Niciunul
154,Burghiu,HSS DRILL Ø6,3568,859.89,1.48,18.33,87.64,11.08,75.7,80.51,Aluminiu,Gaurire,42,1,Uzura excesiva
282,Burghiu,CARBIDE DRILL Ø12,4438,226.64,2.84,16.89,63.49,0.95,0.7,69.99,Aluminiu,Gaurire,42,0,Niciunul
9,Placuta amovibila,WNMG080408,3011,265.4,1.09,15.16,69.59,0.89,13.5,63.38,Aluminiu,Strunjire,390,0,Niciunul
225,Tarod,TAROD M10 ISO2,2418,516.48,0.53,14.3,37.93,1.67,18.5,65.84,Otel,Filetare,255,0,Niciunul
289,Placuta amovibila,WNMG080408,5099,764.03,1.92,17.06,48.49,0.97,11.0,70.59,Inox,Strunjire,107,0,Niciunul
235,Burghiu,CARBIDE DRILL Ø12,3915,968.23,2.35,14.31,59.18,1.4,19.2,60.34,Otel,Gaurire,80,0,Niciunul
44,Burghiu,HSS DRILL Ø6,4122,1135.76,1.79,16.87,159.11,6.27,96.9,91.27,Inox,Gaurire,348,1,Vibratii
43,Placuta amovibila,CNMG120408,5943,511.35,1.09,9.92,60.53,0.81,13.6,68.42,Inox,Strunjire,24,0,Niciunul
167,Burghiu,CARBIDE DRILL Ø12,2611,711.69,1.93,19.07,52.39,1.02,5.8,61.41,Aluminiu,Gaurire,128,0,Niciunul
87,Freza,FREZA CARBURA Ø10 4F,2272,580.96,0.83,14.9,60.35,1.98,10.3,61.97,Otel,Frezare,338,0,Niciunul
260,Placuta amovibila,WNMG080408,4732,492.62,1.59,12.12,66.35,0.97,18.0,74.46,Aluminiu,Strunjire,84,0,Niciunul
26,Freza,FREZA HSS Ø8 2F,3110,282.18,0.49,16.7,65.98,0.82,0.9,74.53,Aluminiu,Frezare,134,0,Niciunul
233,Placuta amovibila,CNMG120408,5305,955.08,0.33,6.6,56.24,0.77,11.1,72.7,Aluminiu,Strunjire,114,0,Niciunul
281,Burghiu,CARBIDE DRILL Ø12,2629,665.48,2.51,16.13,84.69,10.27,52.2,91.46,Inox,Gaurire,432,1,Supraincalzire
12,Burghiu,HSS DRILL Ø6,5734,762.32,0.41,11.11,36.03,1.18,17.6,63.37,Otel,Gaurire,277,0,Niciunul
276,Burghiu,CARBIDE DRILL Ø12,5912,406.81,0.15,9.26,53.92,0.99,9.3,60.7,Otel,Gaurire,194,0,Niciunul
45,Placuta amovibila,WNMG080408,2107,715.53,1.25,17.83,44.24,1.25,11.7,69.8,Otel,Strunjire,224,0,Niciunul
127,Placuta amovibila,WNMG080408,1902,788.08,0.34,5.01,102.43,10.11,42.9,91.65,Aluminiu,Strunjire,211,1,Supraincalzire
196,Freza,FREZA CARBURA Ø10 4F,2569,500.87,1.02,11.72,83.96,7.85,81.4,93.82,Otel,Frezare,453,1,Supraincalzire
73,Burghiu,CARBIDE DRILL Ø12,1927,1143.16,0.92,11.26,64.38,0.85,14.5,61.66,Aluminiu,Gaurire,122,0,Niciunul
215,Burghiu,HSS DRILL Ø6,3932,616.84,0.69,11.85,67.45,0.74,7.6,65.43,Inox,Gaurire,457,0,Niciunul
261,Placuta amovibila,WNMG080408,1902,1167.75,2.91,19.14,35.8,1.41,2.3,67.66,Otel,Strunjire,278,0,Niciunul
287,Placuta amovibila,CNMG120408,2237,318.56,1.36,15.81,97.85,10.57,79.3,83.83,Inox,Strunjire,210,1,Uzura excesiva
119,Freza,FREZA HSS Ø8 2F,1857,1157.73,2.64,9.63,49.39,0.52,3.6,61.85,Inox,Frezare,206,0,Niciunul
122,Burghiu,HSS DRILL Ø6,3819,750.62,2.27,7.11,101.92,8.05,75.1,90.68,Otel,Gaurire,84,1,Vibratii
3,Burghiu,CARBIDE DRILL Ø12,4384,435.52,2.76,10.46,50.22,1.32,10.1,70.28,Otel,Gaurire,270,0,Niciunul
95,Burghiu,CARBIDE DRILL Ø12,5419,467.22,1.95,12.94,150.86,5.49,53.3,91.56,Otel,Gaurire,169,1,Supraincalzire
36,Placuta amovibila,CNMG120408,2751,1099.1,2.88,5.3,68.15,1.77,16.4,73.07,Aluminiu,Strunjire,15,0,Niciunul
84,Burghiu,HSS DRILL Ø6,2603,498.55,1.43,11.7,69.69,1.76,1.2,60.83,Inox,Gaurire,382,0,Niciunul
176,Freza,FREZA CARBURA Ø10 4F,1988,345.8,2.46,10.67,64.22,1.22,14.8,65.83,Aluminiu,Frezare,478,0,Niciunul
211,Freza,FREZA CARBURA Ø10 4F,5848,829.15,0.2,7.1,61.92,1.33,18.6,66.9,Inox,Frezare,434,0,Niciunul
231,Placuta amovibila,CNMG120408,3500,684.85,1.33,18.71,66.61,1.79,2.8,72.66,Inox,Strunjire,125,0,Niciunul
111,Placuta amovibila,WNMG080408,4460,598.13,2.12,15.2,41.0,1.55,2.8,66.41,Aluminiu,Strunjire,127,0,Niciunul
140,Placuta amovibila,CNMG120408,4253,497.99,1.65,19.14,65.01,0.7,2.5,74.85,Aluminiu,Strunjire,489,0,Niciunul
53,Freza,FREZA CARBURA Ø10 4F,1869,503.59,1.12,16.1,43.0,1.04,16.2,71.46,Inox,Frezare,391,0,Niciunul
10,Freza,FREZA HSS Ø8 2F,3866,531.09,0.4,10.37,57.2,1.24,18.5,71.89,Aluminiu,Frezare,273,0,Niciunul
43,Freza,FREZA HSS Ø8 2F,3092,1015.6,2.97,8.66,63.13,1.95,9.0,61.55,Aluminiu,Frezare,92,0,Niciunul
87,Burghiu,CARBIDE DRILL Ø12,1556,910.98,2.39,16.22,60.04,1.53,9.6,65.72,Aluminiu,Gaurire,170,0,Niciunul
123,Tarod,TAROD M10 ISO2,2726,504.04,2.85,18.33,36.31,0.58,1.1,67.39,Inox,Filetare,343,0,Niciunul
88,Freza,FREZA CARBURA Ø10 4F,2481,257.39,1.0,18.68,49.64,0.64,3.2,74.44,Otel,Frezare,496,0,Niciunul
125,Freza,FREZA HSS Ø8 2F,2253,296.2,0.63,8.73,49.91,1.95,7.3,65.61,Aluminiu,Frezare,4,0,Niciunul
40,Freza,FREZA CARBURA Ø10 4F,3849,1088.87,2.6,9.59,44.22,1.48,2.2,66.15,Otel,Frezare,466,0,Niciunul
263,Placuta amovibila,WNMG080408,3587,912.54,2.51,10.49,88.07,11.99,88.6,88.27,Otel,Strunjire,23,1,Supraincalzire
138,Placuta amovibila,WNMG080408,2258,610.64,0.97,13.41,35.74,0.57,7.4,73.26,Aluminiu,Strunjire,229,0,Niciunul
155,Burghiu,CARBIDE DRILL Ø12,4254,969.27,0.92,17.42,64.85,1.47,19.0,70.25,Aluminiu,Gaurire,208,0,Niciunul
232,Burghiu,HSS DRILL Ø6,5171,284.91,0.44,5.46,56.72,1.02,0.7,66.1,Inox,Gaurire,324,0,Niciunul
274,Burghiu,CARBIDE DRILL Ø12,1799,781.78,1.9,7.97,103.99,3.98,99.1,93.29,Inox,Gaurire,271,1,Vibratii
140,Placuta amovibila,WNMG080408,5594,660.22,0.92,17.29,57.45,0.77,10.3,63.79,Otel,Strunjire,251,0,Niciunul
92,Burghiu,CARBIDE DRILL Ø12,2465,258.86,0.9,15.8,37.04,1.97,0.6,69.32,Aluminiu,Gaurire,405,0,Niciunul
253,Burghiu,CARBIDE DRILL Ø12,4588,424.72,2.99,19.64,46.14,1.46,11.8,67.94,Otel,Gaurire,255,0,Niciunul
25,Tarod,TAROD M10 ISO2,4620,734.21,0.23,13.93,44.57,0.83,12.7,61.15,Otel,Filetare,490,0,Niciunul
154,Burghiu,CARBIDE DRILL Ø12,1617,833.31,2.48,18.33,156.78,4.0,43.2,85.01,Inox,Gaurire,418,1,Supraincalzire
142,Freza,FREZA CARBURA Ø10 4F,4289,1164.33,1.78,17.77,110.65,4.06,78.7,81.86,Otel,Frezare,178,1,Uzura excesiva
144,Freza,FREZA HSS Ø8 2F,2397,213.19,0.24,17.93,50.49,0.69,13.2,72.11,Otel,Frezare,291,0,Niciunul
230,Burghiu,CARBIDE DRILL Ø12,4109,339.81,2.64,6.84,48.79,0.56,4.2,61.15,Aluminiu,Gaurire,360,0,Niciunul
239,Burghiu,HSS DRILL Ø6,3895,350.38,1.27,6.88,54.19,1.32,13.1,68.07,Aluminiu,Gaurire,468,0,Niciunul
125,Burghiu,HSS DRILL Ø6,3173,410.98,1.13,13.88,52.3,0.88,8.4,71.83,Inox,Gaurire,224,0,Niciunul
75,Placuta amovibila,CNMG120408,3825,559.65,1.66,14.15,126.02,6.84,98.2,81.62,Inox,Strunjire,291,1,Supraincalzire
269,Burghiu,HSS DRILL Ø6,1802,540.31,1.79,16.27,128.47,6.81,73.9,96.49,Inox,Gaurire,406,1,Uzura excesiva
89,Freza,FREZA CARBURA Ø10 4F,4779,604.6,2.58,6.7,66.04,0.62,12.4,68.55,Aluminiu,Frezare,108,0,Niciunul
91,Burghiu,CARBIDE DRILL Ø12,3110,522.76,1.25,19.45,48.35,1.31,4.9,63.79,Inox,Gaurire,350,0,Niciunul
131,Burghiu,HSS DRILL Ø6,4764,233.45,1.28,16.36,40.62,1.1,0.4,71.7,Otel,Gaurire,388,0,Niciunul
26,Burghiu,CARBIDE DRILL Ø12,5640,910.17,1.05,19.7,101.82,3.63,64.2,92.36,Inox,Gaurire,481,1,Uzura excesiva
235,Placuta amovibila,CNMG120408,3486,1089.83,2.22,17.78,36.01,0.59,10.2,73.47,Inox,Strunjire,157,0,Niciunul
215,Freza,FREZA HSS Ø8 2F,1887,1058.94,1.78,9.27,100.41,9.82,82.0,97.59,Aluminiu,Frezare,432,1,Vibratii
63,Burghiu,CARBIDE DRILL Ø12,4148,958.91,0.35,11.45,64.64,1.13,17.4,64.19,Inox,Gaurire,184,0,Niciunul
182,Placuta amovibila,WNMG080408,1623,213.06,1.01,6.19,51.85,1.75,12.9,62.85,Inox,Strunjire,56,0,Niciunul
46,Freza,FREZA CARBURA Ø10 4F,5896,576.67,1.76,10.79,49.69,1.04,1.1,66.12,Aluminiu,Frezare,142,0,Niciunul
145,Freza,FREZA CARBURA Ø10 4F,4248,765.79,2.97,9.09,52.16,1.05,12.2,70.25,Otel,Frezare,88,0,Niciunul
230,Freza,FREZA CARBURA Ø10 4F,2949,284.09,2.58,15.64,63.24,1.36,12.7,69.12,Inox,Frezare,474,0,Niciunul
107,Freza,FREZA HSS Ø8 2F,2080,704.52,1.42,5.18,115.45,10.87,63.2,97.98,Otel,Frezare,129,1,Vibratii
238,Burghiu,CARBIDE DRILL Ø12,3731,319.28,2.58,5.17,86.79,4.13,80.0,90.87,Otel,Gaurire,134,1,Supraincalzire
104,Burghiu,CARBIDE DRILL Ø12,5717,747.78,2.84,7.98,65.21,1.81,10.5,69.97,Aluminiu,Gaurire,242,0,Niciunul
58,Freza,FREZA CARBURA Ø10 4F,3624,456.93,1.29,5.75,49.54,1.3,7.3,66.1,Inox,Frezare,150,0,Niciunul
282,Placuta amovibila,CNMG120408,5273,1196.17,0.55,6.69,111.87,3.57,49.9,88.96,Aluminiu,Strunjire,301,1,Supraincalzire
54,Tarod,TAROD M10 ISO2,2703,1087.94,1.3,16.56,143.61,5.75,80.9,84.4,Inox,Filetare,292,1,Supraincalzire
278,Freza,FREZA HSS Ø8 2F,3864,717.07,2.72,18.66,46.48,1.14,0.2,66.9,Aluminiu,Frezare,70,0,Niciunul
242,Placuta amovibila,CNMG120408,4400,684.07,0.23,16.8,49.54,0.81,13.5,70.86,Aluminiu,Strunjire,460,0,Niciunul
165,Tarod,TAROD M10 ISO2,1616,683.61,1.22,6.28,53.83,0.86,19.6,72.05,Aluminiu,Filetare,242,0,Niciunul
54,Placuta amovibila,WNMG080408,4996,434.16,0.64,18.88,43.84,0.54,19.9,71.97,Inox,Strunjire,24,0,Niciunul
128,Burghiu,HSS DRILL Ø6,5062,337.48,0.7,16.35,67.36,1.2,1.9,65.9,Otel,Gaurire,450,0,Niciunul
169,Placuta amovibila,CNMG120408,3957,796.85,2.12,19.63,40.32,1.2,6.8,63.57,Otel,Strunjire,82,0,Niciunul
180,Burghiu,CARBIDE DRILL Ø12,5310,429.95,1.65,9.16,40.34,1.49,17.3,61.49,Inox,Gaurire,497,0,Niciunul
276,Placuta amovibila,CNMG120408,3647,493.78,2.19,7.12,50.0,1.87,17.5,70.66,Otel,Strunjire,124,0,Niciunul
204,Burghiu,HSS DRILL Ø6,5988,879.15,3.0,16.29,69.43,1.74,14.8,65.65,Otel,Gaurire,155,0,Niciunul
235,Burghiu,HSS DRILL Ø6,1866,534.18,2.97,8.57,54.93,1.69,12.0,65.9,Inox,Gaurire,175,0,Niciunul
289,Burghiu,CARBIDE DRILL Ø12,5676,485.43,1.64,8.85,105.76,9.19,94.1,98.44,Aluminiu,Gaurire,478,1,Supraincalzire
81,Placuta amovibila,WNMG080408,2912,928.92,2.82,19.2,56.99,1.24,19.4,65.21,Inox,Strunjire,458,0,Niciunul
62,Freza,FREZA CARBURA Ø10 4F,4409,874.4,1.99,17.31,54.82,1.97,19.0,66.84,Inox,Frezare,297,0,Niciunul
219,Placuta amovibila,CNMG120408,2286,631.31,0.39,8.24,53.02,0.98,3.7,63.45,Aluminiu,Strunjire,130,0,Niciunul
252,Placuta amovibila,CNMG120408,4784,1092.71,2.14,15.97,118.75,9.48,87.2,87.65,Aluminiu,Strunjire,171,1,Supraincalzire
290,Burghiu,CARBIDE DRILL Ø12,3762,364.91,0.4,14.11,35.1,1.75,2.0,72.16,Inox,Gaurire,224,0,Niciunul
195,Placuta amovibila,CNMG120408,4854,1142.28,0.11,18.74,57.44,1.05,6.8,62.36,Otel,Strunjire,441,0,Niciunul
3,Freza,FREZA CARBURA Ø10 4F,4774,1131.09,1.89,7.08,51.23,1.35,17.9,60.02,Inox,Frezare,136,0,Niciunul
97,Burghiu,CARBIDE DRILL Ø12,3388,689.59,1.15,6.96,56.01,1.96,4.7,69.34,Inox,Gaurire,315,0,Niciunul
131,Freza,FREZA HSS Ø8 2F,4226,1047.39,2.71,15.67,146.79,10.15,90.0,96.55,Aluminiu,Frezare,298,1,Vibratii
31,Freza,FREZA HSS Ø8 2F,2808,503.55,0.11,17.27,43.25,2.0,16.9,66.0,Aluminiu,Frezare,65,0,Niciunul
110,Freza,FREZA CARBURA Ø10 4F,2872,231.82,0.73,13.37,61.72,1.56,10.3,61.19,Otel,Frezare,317,0,Niciunul
136,Tarod,TAROD M10 ISO2,2407,1194.01,0.99,5.94,36.47,0.6,14.5,65.24,Otel,Filetare,449,0,Niciunul
183,Tarod,TAROD M10 ISO2,5074,596.61,1.64,12.43,35.63,1.89,3.7,67.95,Inox,Filetare,24,0,Niciunul
219,Burghiu,CARBIDE DRILL Ø12,1810,1029.01,1.93,8.61,59.94,0.99,18.1,63.29,Aluminiu,Gaurire,177,0,Niciunul
157,Burghiu,HSS DRILL Ø6,2721,820.74,1.29,18.0,49.61,0.58,0.7,70.22,Aluminiu,Gaurire,149,0,Niciunul
266,Burghiu,CARBIDE DRILL Ø12,4832,436.71,1.96,6.36,65.8,1.22,18.4,71.1,Otel,Gaurire,322,0,Niciunul
155,Placuta amovibila,CNMG120408,1637,457.09,0.69,14.16,50.03,0.6,16.6,63.54,Otel,Strunjire,451,0,Niciunul
262,Freza,FREZA HSS Ø8 2F,2377,717.49,1.06,12.35,158.89,10.14,51.6,82.85,Aluminiu,Frezare,440,1,Vibratii
225,Freza,FREZA HSS Ø8 2F,5664,860.88,2.48,10.86,44.47,0.52,2.4,63.4,Aluminiu,Frezare,365,0,Niciunul
105,Burghiu,HSS DRILL Ø6,3012,1006.03,0.18,13.4,129.13,7.46,74.7,84.05,Aluminiu,Gaurire,78,1,Uzura excesiva
297,Burghiu,HSS DRILL Ø6,4734,685.06,0.82,9.37,39.55,0.58,4.1,66.67,Otel,Gaurire,132,0,Niciunul
270,Placuta amovibila,CNMG120408,1729,1024.26,2.5,5.32,50.7,1.12,6.7,69.04,Inox,Strunjire,449,0,Niciunul
141,Freza,FREZA HSS Ø8 2F,5026,781.21,0.18,9.07,47.82,0.67,7.6,73.02,Otel,Frezare,433,0,Niciunul
263,Burghiu,CARBIDE DRILL Ø12,3883,301.07,0.74,5.98,41.62,1.14,13.0,60.85,Otel,Gaurire,483,0,Niciunul
161,Freza,FREZA CARBURA Ø10 4F,1603,328.92,2.62,19.55,58.01,1.23,13.5,73.57,Aluminiu,Frezare,66,0,Niciunul
109,Freza,FREZA HSS Ø8 2F,5624,238.46,2.64,9.77,127.91,7.08,88.4,92.24,Inox,Frezare,287,1,Uzura excesiva
196,Placuta amovibila,WNMG080408,2028,1028.29,2.88,12.93,60.51,1.12,10.4,60.72,Aluminiu,Strunjire,126,0,Niciunul
295,Burghiu,CARBIDE DRILL Ø12,5577,893.14,1.69,7.24,53.74,0.8,7.8,67.39,Inox,Gaurire,189,0,Niciunul
12,Freza,FREZA CARBURA Ø10 4F,2573,1187.96,2.03,19.36,38.76,1.52,0.2,72.08,Otel,Frezare,91,0,Niciunul
63,Freza,FREZA HSS Ø8 2F,5887,828.95,1.24,11.6,142.88,3.97,79.7,98.09,Otel,Frezare,293,1,Supraincalzire
11,Tarod,TAROD M10 ISO2,5752,1152.8,2.3,8.24,57.11,1.83,3.7,68.13,Inox,Filetare,400,0,Niciunul
157,Tarod,TAROD M10 ISO2,4700,267.62,2.23,9.08,48.95,1.4,11.9,68.8,Inox,Filetare,467,0,Niciunul
211,Placuta amovibila,WNMG080408,3187,1101.56,1.54,15.73,59.69,0.59,12.2,66.05,Inox,Strunjire,284,0,Niciunul
256,Freza,FREZA HSS Ø8 2F,3148,294.39,1.44,6.92,85.63,7.23,43.0,91.7,Aluminiu,Frezare,34,1,Vibratii
31,Placuta amovibila,WNMG080408,4517,409.42,1.97,12.04,66.98,1.22,10.0,74.61,Aluminiu,Strunjire,343,0,Niciunul
88,Burghiu,CARBIDE DRILL Ø12,4176,1030.76,1.13,6.27,56.11,1.92,1.0,70.72,Inox,Gaurire,237,0,Niciunul
50,Tarod,TAROD M10 ISO2,4437,335.43,1.46,12.52,39.44,1.7,15.6,65.21,Otel,Filetare,106,0,Niciunul
285,Freza,FREZA HSS Ø8 2F,1711,734.66,2.17,12.19,52.8,1.15,6.9,61.97,Inox,Frezare,97,0,Niciunul
259,Placuta amovibila,CNMG120408,2136,1141.12,2.29,16.16,62.03,0.92,10.9,67.98,Aluminiu,Strunjire,96,0,Niciunul
242,Burghiu,HSS DRILL Ø6,2431,1056.07,0.88,19.27,93.5,6.03,85.1,98.43,Inox,Gaurire,472,1,Supraincalzire
46,Tarod,TAROD M10 ISO2,5626,298.96,1.21,13.92,105.02,7.28,70.6,94.09,Inox,Filetare,109,1,Vibratii
22,Burghiu,CARBIDE DRILL Ø12,5807,943.01,2.97,17.59,57.48,1.83,9.0,73.78,Otel,Gaurire,352,0,Niciunul
49,Burghiu,CARBIDE DRILL Ø12,4823,907.94,2.95,8.9,111.71,9.01,66.2,94.72,Otel,Gaurire,112,1,Supraincalzire
198,Placuta amovibila,WNMG080408,2228,1001.35,0.74,5.69,53.68,1.11,4.6,67.61,Aluminiu,Strunjire,59,0,Niciunul
244,Tarod,TAROD M10 ISO2,1676,496.18,1.33,18.96,46.37,0.63,1.0,60.69,Aluminiu,Filetare,400,0,Niciunul
254,Freza,FREZA HSS Ø8 2F,5057,396.44,1.91,9.7,39.7,0.94,12.4,63.57,Otel,Frezare,160,0,Niciunul
38,Placuta amovibila,CNMG120408,3146,606.6,0.88,19.54,42.13,1.9,6.5,74.84,Inox,Strunjire,78,0,Niciunul
144,Burghiu,CARBIDE DRILL Ø12,5702,1085.62,2.03,7.92,62.45,1.49,7.4,65.21,Aluminiu,Gaurire,400,0,Niciunul
167,Freza,FREZA HSS Ø8 2F,2446,358.18,1.99,16.3,147.14,4.65,68.7,83.81,Inox,Frezare,60,1,Vibratii
105,Tarod,TAROD M10 ISO2,2602,744.41,2.55,8.55,44.51,1.71,7.1,66.52,Inox,Filetare,322,0,Niciunul
94,Placuta amovibila,CNMG120408,4737,743.56,1.17,5.54,111.23,4.18,52.6,93.19,Otel,Strunjire,1,1,Uzura excesiva
221,Freza,FREZA HSS Ø8 2F,3604,289.56,1.79,10.58,50.44,1.33,3.5,60.62,Otel,Frezare,129,0,Niciunul
112,Freza,FREZA CARBURA Ø10 4F,4657,1055.76,1.32,17.2,52.6,1.07,3.4,70.75,Otel,Frezare,291,0,Niciunul
290,Burghiu,HSS DRILL Ø6,3227,591.88,0.82,14.17,50.38,1.15,18.2,64.34,Otel,Gaurire,40,0,Niciunul
107,Burghiu,HSS DRILL Ø6,3701,238.66,1.55,18.47,60.86,1.73,3.8,68.99,Aluminiu,Gaurire,111,0,Niciunul
182,Burghiu,HSS DRILL Ø6,2501,921.26,2.27,5.77,45.65,0.53,6.3,62.6,Otel,Gaurire,389,0,Niciunul
298,Placuta amovibila,CNMG120408,5866,379.52,2.44,8.27,60.38,1.46,14.8,63.42,Inox,Strunjire,262,0,Niciunul
282,Burghiu,HSS DRILL Ø6,1733,278.95,1.58,19.16,61.79,1.42,1.0,74.41,Aluminiu,Gaurire,165,0,Niciunul
90,Tarod,TAROD M10 ISO2,2000,293.76,0.34,8.3,44.92,1.52,19.0,65.73,Inox,Filetare,433,0,Niciunul
179,Burghiu,CARBIDE DRILL Ø12,5994,1170.83,1.94,18.18,92.32,10.22,79.6,84.42,Otel,Gaurire,365,1,Uzura excesiva
13,Tarod,TAROD M10 ISO2,5097,626.28,1.88,6.1,68.88,1.65,17.0,74.37,Inox,Filetare,460,0,Niciunul
136,Burghiu,HSS DRILL Ø6,4853,785.61,1.8,9.41,38.19,1.7,20.0,61.97,Aluminiu,Gaurire,493,0,Niciunul
42,Tarod,TAROD M10 ISO2,4621,497.84,1.59,18.32,90.01,11.76,43.9,80.85,Otel,Filetare,431,1,Vibratii
246,Burghiu,CARBIDE DRILL Ø12,4009,976.43,2.7,17.1,48.65,1.25,10.8,73.05,Aluminiu,Gaurire,424,0,Niciunul
76,Tarod,TAROD M10 ISO2,2648,381.55,1.6,15.66,46.5,0.88,14.3,64.57,Aluminiu,Filetare,337,0,Niciunul
297,Tarod,TAROD M10 ISO2,3937,522.98,0.24,11.06,51.52,0.59,17.1,66.26,Otel,Filetare,151,0,Niciunul
267,Burghiu,CARBIDE DRILL Ø12,4272,828.18,2.56,19.33,53.32,1.62,0.2,67.97,Otel,Gaurire,361,0,Niciunul
173,Placuta amovibila,CNMG120408,4003,964.75,0.53,18.26,50.26,0.74,1.1,73.64,Otel,Strunjire,239,0,Niciunul
170,Burghiu,HSS DRILL Ø6,1528,713.92,0.29,5.84,47.02,1.99,7.7,69.23,Otel,Gaurire,350,0,Niciunul
214,Tarod,TAROD M10 ISO2,4437,481.39,1.57,12.67,58.52,1.8,9.8,63.91,Otel,Filetare,416,0,Niciunul
290,Placuta amovibila,CNMG120408,4373,1005.36,0.97,18.82,84.88,4.19,85.6,88.47,Aluminiu,Strunjire,400,1,Supraincalzire
299,Tarod,TAROD M10 ISO2,5693,590.19,1.89,10.16,100.09,6.79,90.2,80.51,Otel,Filetare,92,1,Uzura excesiva
113,Placuta amovibila,CNMG120408,3279,1194.51,2.1,14.8,46.12,1.93,1.9,71.9,Aluminiu,Strunjire,332,0,Niciunul
231,Tarod,TAROD M10 ISO2,3448,425.92,1.05,8.34,62.05,1.79,5.5,66.01,Aluminiu,Filetare,206,0,Niciunul
45,Burghiu,CARBIDE DRILL Ø12,5875,234.01,0.36,9.12,68.15,1.99,13.4,62.64,Aluminiu,Gaurire,41,0,Niciunul
6,Burghiu,CARBIDE DRILL Ø12,4685,1194.62,2.48,17.69,56.39,1.87,13.4,67.76,Otel,Gaurire,50,0,Niciunul
92,Freza,FREZA HSS Ø8 2F,5581,1026.93,1.25,12.87,55.82,1.58,2.9,66.19,Inox,Frezare,179,0,Niciunul
279,Freza,FREZA HSS Ø8 2F,5142,1176.58,2.63,9.08,50.02,1.9,3.8,66.03,Inox,Frezare,184,0,Niciunul
226,Placuta amovibila,WNMG080408,2064,536.71,3.0,7.08,40.76,0.54,12.8,71.73,Otel,Strunjire,324,0,Niciunul
221,Burghiu,HSS DRILL Ø6,3435,566.29,1.25,7.62,65.49,0.95,14.5,65.71,Otel,Gaurire,179,0,Niciunul
147,Freza,FREZA CARBURA Ø10 4F,2613,305.51,0.92,16.38,130.2,6.55,57.9,98.53,Inox,Frezare,168,1,Supraincalzire
214,Freza,FREZA CARBURA Ø10 4F,5296,470.93,1.36,12.33,49.24,1.37,0.4,65.32,Otel,Frezare,305,0,Niciunul
285,Burghiu,CARBIDE DRILL Ø12,1913,1085.27,0.99,7.27,46.59,1.51,9.2,65.47,Aluminiu,Gaurire,237,0,Niciunul
21,Burghiu,HSS DRILL Ø6,3632,427.3,2.01,19.26,107.26,6.08,91.3,89.34,Inox,Gaurire,399,1,Vibratii
61,Freza,FREZA CARBURA Ø10 4F,2130,266.91,2.01,8.48,46.06,1.26,12.4,64.95,Inox,Frezare,341,0,Niciunul
121,Placuta amovibila,WNMG080408,5239,746.4,0.83,6.82,60.19,0.52,11.4,64.26,Aluminiu,Strunjire,239,0,Niciunul
23,Burghiu,HSS DRILL Ø6,1683,397.91,2.58,5.86,60.5,1.54,14.1,62.4,Aluminiu,Gaurire,426,0,Niciunul
39,Freza,FREZA HSS Ø8 2F,5327,1143.54,2.23,18.07,60.86,1.67,17.2,71.21,Aluminiu,Frezare,331,0,Niciunul
56,Burghiu,HSS DRILL Ø6,2397,237.0,1.77,9.96,44.82,1.1,10.1,62.7,Otel,Gaurire,463,0,Niciunul
162,Freza,FREZA CARBURA Ø10 4F,4722,427.19,2.81,8.66,57.62,1.68,4.9,74.68,Otel,Frezare,235,0,Niciunul
279,Burghiu,CARBIDE DRILL Ø12,1842,470.31,1.31,13.55,39.66,1.91,11.2,68.75,Aluminiu,Gaurire,395,0,Niciunul
79,Burghiu,CARBIDE DRILL Ø12,2067,839.29,1.83,14.8,36.65,1.55,10.7,70.69,Aluminiu,Gaurire,86,0,Niciunul
22,Tarod,TAROD M10 ISO2,4297,609.33,1.54,5.89,69.59,1.95,15.3,71.86,Inox,Filetare,163,0,Niciunul
278,Tarod,TAROD M10 ISO2,3822,208.89,2.67,14.17,103.78,5.77,53.3,92.04,Aluminiu,Filetare,23,1,Vibratii
63,Tarod,TAROD M10 ISO2,3026,256.91,1.08,17.14,90.08,7.74,96.4,82.09,Inox,Filetare,218,1,Supraincalzire
134,Freza,FREZA HSS Ø8 2F,3017,1124.8,1.13,19.44,93.31,4.1,48.2,97.5,Aluminiu,Frezare,136,1,Supraincalzire
192,Placuta amovibila,WNMG080408,3011,792.89,0.78,15.79,35.12,0.67,1.1,63.77,Otel,Strunjire,365,0,Niciunul
52,Placuta amovibila,CNMG120408,4388,983.96,2.87,16.03,46.42,0.85,15.7,69.43,Inox,Strunjire,137,0,Niciunul
118,Placuta amovibila,CNMG120408,4492,301.87,0.67,13.72,43.72,0.68,13.7,70.28,Otel,Strunjire,122,0,Niciunul
132,Freza,FREZA CARBURA Ø10 4F,1815,882.35,2.24,7.36,61.54,1.48,6.3,62.68,Aluminiu,Frezare,249,0,Niciunul
53,Placuta amovibila,WNMG080408,4484,328.87,2.81,12.09,61.88,1.79,19.9,72.12,Otel,Strunjire,32,0,Niciunul
150,Freza,FREZA CARBURA Ø10 4F,1727,275.61,2.15,6.33,57.93,1.54,19.1,69.99,Inox,Frezare,251,0,Niciunul
263,Burghiu,HSS DRILL Ø6,2961,858.59,2.2,18.58,53.63,1.61,13.5,64.69,Aluminiu,Gaurire,356,0,Niciunul
56,Freza,FREZA HSS Ø8 2F,5407,292.92,2.15,5.38,45.9,1.81,18.8,74.53,Aluminiu,Frezare,486,0,Niciunul
154,Placuta amovibila,WNMG080408,1883,863.02,0.19,9.51,152.7,4.57,96.0,89.46,Aluminiu,Strunjire,491,1,Uzura excesiva
10,Freza,FREZA CARBURA Ø10 4F,4928,714.9,0.86,18.12,51.45,0.57,19.3,72.5,Aluminiu,Frezare,218,0,Niciunul
276,Freza,FREZA CARBURA Ø10 4F,2879,542.09,1.57,10.92,50.45,1.21,10.6,69.5,Aluminiu,Frezare,126,0,Niciunul
42,Freza,FREZA CARBURA Ø10 4F,2595,753.22,1.54,16.12,80.08,9.03,53.0,89.27,Aluminiu,Frezare,55,1,Vibratii
164,Placuta amovibila,CNMG120408,3354,560.88,0.21,13.6,64.09,1.72,3.7,62.77,Otel,Strunjire,409,0,Niciunul
299,Burghiu,HSS DRILL Ø6,1978,1104.08,0.77,14.6,62.28,1.02,13.4,68.21,Otel,Gaurire,146,0,Niciunul
220,Freza,FREZA CARBURA Ø10 4F,2116,956.76,2.75,9.86,54.5,1.49,0.7,73.94,Otel,Frezare,235,0,Niciunul
113,Freza,FREZA HSS Ø8 2F,3598,634.96,0.28,8.15,127.38,11.54,81.8,84.04,Otel,Frezare,182,1,Vibratii
47,Burghiu,HSS DRILL Ø6,5347,990.38,0.5,5.17,51.67,1.19,0.4,66.17,Aluminiu,Gaurire,329,0,Niciunul
117,Freza,FREZA HSS Ø8 2F,1918,451.49,2.01,9.63,58.87,1.16,6.5,61.51,Aluminiu,Frezare,280,0,Niciunul
20,Placuta amovibila,CNMG120408,4440,671.08,1.97,14.18,63.96,0.79,6.0,60.64,Inox,Strunjire,498,0,Niciunul
268,Tarod,TAROD M10 ISO2,5843,387.71,1.61,14.34,36.9,1.34,19.5,69.62,Aluminiu,Filetare,469,0,Niciunul
244,Freza,FREZA HSS Ø8 2F,5840,843.33,0.32,9.13,140.28,9.0,48.2,86.06,Aluminiu,Frezare,296,1,Uzura excesiva
150,Placuta amovibila,WNMG080408,5282,549.55,1.55,15.33,66.04,1.15,19.3,61.29,Aluminiu,Strunjire,52,0,Niciunul
38,Tarod,TAROD M10 ISO2,3636,318.92,2.9,15.78,66.12,0.73,5.1,71.32,Otel,Filetare,11,0,Niciunul
3,Placuta amovibila,CNMG120408,2929,540.12,2.28,14.53,121.5,3.32,97.1,98.59,Inox,Strunjire,81,1,Supraincalzire
94,Freza,FREZA CARBURA Ø10 4F,3145,308.83,1.66,18.44,124.55,3.53,97.8,97.15,Inox,Frezare,78,1,Uzura excesiva
183,Placuta amovibila,WNMG080408,3519,242.66,2.6,7.65,126.78,8.71,41.5,87.4,Otel,Strunjire,284,1,Vibratii
116,Freza,FREZA CARBURA Ø10 4F,5557,874.99,2.58,11.97,56.12,1.98,5.8,73.19,Aluminiu,Frezare,97,0,Niciunul
95,Freza,FREZA CARBURA Ø10 4F,4434,669.54,2.38,6.28,41.42,1.62,12.9,65.49,Aluminiu,Frezare,326,0,Niciunul
248,Placuta amovibila,WNMG080408,3823,201.37,0.67,17.11,51.26,0.67,1.1,69.15,Inox,Strunjire,180,0,Niciunul
37,Placuta amovibila,CNMG120408,4321,1091.86,1.88,19.61,69.23,1.81,11.6,64.07,Inox,Strunjire,325,0,Niciunul
260,Freza,FREZA HSS Ø8 2F,2700,230.84,1.73,5.1,50.39,0.51,19.5,66.42,Otel,Frezare,11,0,Niciunul
59,Freza,FREZA HSS Ø8 2F,2662,1190.56,0.72,6.95,48.97,1.93,7.8,68.83,Otel,Frezare,180,0,Niciunul
29,Placuta amovibila,WNMG080408,1993,297.27,2.48,15.0,95.82,6.99,96.9,93.1,Aluminiu,Strunjire,313,1,Supraincalzire
282,Tarod,TAROD M10 ISO2,2445,527.57,0.43,15.66,46.28,1.51,2.6,61.39,Otel,Filetare,105,0,Niciunul
47,Tarod,TAROD M10 ISO2,4304,842.3,1.39,19.62,66.51,0.91,7.0,74.77,Aluminiu,Filetare,449,0,Niciunul
2,Tarod,TAROD M10 ISO2,5795,717.09,0.33,16.53,40.29,0.64,1.3,72.01,Otel,Filetare,425,0,Niciunul
232,Burghiu,CARBIDE DRILL Ø12,2638,1071.79,2.81,14.46,66.62,0.77,19.1,71.2,Inox,Gaurire,304,0,Niciunul
55,Burghiu,CARBIDE DRILL Ø12,3737,531.67,2.27,11.67,37.01,0.79,16.7,70.28,Otel,Gaurire,466,0,Niciunul
64,Burghiu,HSS DRILL Ø6,4872,1015.93,0.83,11.62,41.2,1.48,11.3,60.88,Aluminiu,Gaurire,34,0,Niciunul
198,Tarod,TAROD M10 ISO2,4739,1100.01,2.1,9.29,50.7,1.29,17.6,69.6,Inox,Filetare,495,0,Niciunul
217,Freza,FREZA HSS Ø8 2F,4617,939.04,1.39,11.98,46.25,1.96,14.4,68.68,Otel,Frezare,376,0,Niciunul
91,Placuta amovibila,CNMG120408,3254,1172.72,0.88,9.08,36.56,0.94,1.0,61.86,Aluminiu,Strunjire,454,0,Niciunul
213,Tarod,TAROD M10 ISO2,5689,1155.09,2.5,17.39,124.16,5.76,91.9,84.2,Aluminiu,Filetare,127,1,Supraincalzire
66,Tarod,TAROD M10 ISO2,3830,1199.4,2.69,16.87,44.12,1.87,3.0,72.01,Aluminiu,Filetare,60,0,Niciunul
30,Burghiu,HSS DRILL Ø6,5059,751.18,1.91,10.47,56.53,1.94,18.9,71.49,Otel,Gaurire,455,0,Niciunul
202,Freza,FREZA HSS Ø8 2F,2566,621.57,1.98,9.27,127.08,10.84,48.9,98.79,Inox,Frezare,261,1,Uzura excesiva
33,Freza,FREZA HSS Ø8 2F,2534,284.49,1.32,7.96,47.96,1.24,12.6,66.11,Inox,Frezare,23,0,Niciunul
101,Freza,FREZA HSS Ø8 2F,4655,410.58,1.45,11.16,53.19,0.51,9.2,62.59,Inox,Frezare,208,0,Niciunul
163,Freza,FREZA HSS Ø8 2F,5781,471.64,2.36,7.52,50.94,0.99,3.2,67.72,Inox,Frezare,108,0,Niciunul
85,Tarod,TAROD M10 ISO2,4928,464.41,1.24,19.63,37.36,1.09,15.8,62.1,Otel,Filetare,200,0,Niciunul
120,Placuta amovibila,WNMG080408,1988,448.59,1.74,6.51,61.83,0.84,12.6,67.69,Otel,Strunjire,201,0,Niciunul
195,Tarod,TAROD M10 ISO2,2894,737.57,0.85,14.48,66.99,1.75,0.6,63.23,Inox,Filetare,251,0,Niciunul
56,Placuta amovibila,CNMG120408,2431,202.45,2.67,18.61,37.66,1.49,17.9,71.02,Aluminiu,Strunjire,115,0,Niciunul
187,Burghiu,HSS DRILL Ø6,5791,594.87,1.9,11.32,144.65,4.41,79.5,87.01,Aluminiu,Gaurire,16,1,Vibratii
188,Freza,FREZA CARBURA Ø10 4F,2333,716.7,0.62,18.79,150.16,8.33,92.1,80.31,Aluminiu,Frezare,270,1,Vibratii
273,Burghiu,CARBIDE DRILL Ø12,4415,762.03,1.66,15.6,52.2,0.61,6.7,70.12,Inox,Gaurire,345,0,Niciunul
145,Placuta amovibila,CNMG120408,4219,771.04,1.96,15.72,41.85,0.9,11.8,63.52,Inox,Strunjire,22,0,Niciunul
160,Burghiu,CARBIDE DRILL Ø12,1869,1007.51,1.46,11.42,59.03,1.33,3.2,73.51,Aluminiu,Gaurire,371,0,Niciunul
186,Burghiu,CARBIDE DRILL Ø12,3569,340.59,0.7,12.89,36.07,1.91,6.9,63.51,Otel,Gaurire,96,0,Niciunul
191,Placuta amovibila,WNMG080408,2701,878.01,1.28,18.52,63.19,0.64,13.9,67.3,Aluminiu,Strunjire,422,0,Niciunul
171,Tarod,TAROD M10 ISO2,3152,489.8,1.49,18.03,91.45,7.07,41.1,86.54,Aluminiu,Filetare,476,1,Vibratii
4,Tarod,TAROD M10 ISO2,3020,337.07,2.96,13.36,157.6,9.33,65.4,86.44,Inox,Filetare,81,1,Uzura excesiva
238,Placuta amovibila,CNMG120408,1552,1112.9,1.95,8.4,140.34,4.47,64.6,91.23,Aluminiu,Strunjire,303,1,Uzura excesiva
80,Tarod,TAROD M10 ISO2,5243,1053.74,0.77,5.52,49.96,0.84,12.7,65.33,Aluminiu,Filetare,64,0,Niciunul
195,Burghiu,CARBIDE DRILL Ø12,2057,653.59,1.57,15.24,64.75,1.11,16.5,71.26,Aluminiu,Gaurire,76,0,Niciunul
244,Burghiu,HSS DRILL Ø6,1846,331.03,0.9,5.82,69.25,0.52,9.1,62.03,Otel,Gaurire,441,0,Niciunul
198,Burghiu,CARBIDE DRILL Ø12,5270,237.45,0.68,10.1,128.16,5.41,85.3,98.6,Aluminiu,Gaurire,350,1,Uzura excesiva
203,Freza,FREZA CARBURA Ø10 4F,3795,534.27,2.96,18.47,89.39,7.53,53.1,82.37,Otel,Frezare,333,1,Supraincalzire
48,Placuta amovibila,CNMG120408,5235,1092.65,0.22,7.25,110.3,3.27,85.3,84.37,Aluminiu,Strunjire,209,1,Uzura excesiva
204,Freza,FREZA CARBURA Ø10 4F,3102,411.44,1.55,6.45,131.55,6.93,93.6,98.25,Otel,Frezare,191,1,Supraincalzire
8,Freza,FREZA HSS Ø8 2F,3016,312.63,1.48,5.39,51.28,0.66,2.5,63.07,Inox,Frezare,223,0,Niciunul
239,Placuta amovibila,CNMG120408,3731,1067.75,1.13,16.53,45.04,0.99,3.9,64.2,Aluminiu,Strunjire,103,0,Niciunul
291,Tarod,TAROD M10 ISO2,1505,450.03,3.0,16.25,139.39,7.1,41.9,94.38,Aluminiu,Filetare,414,1,Supraincalzire
134,Placuta amovibila,WNMG080408,1670,1160.83,1.46,13.23,53.14,1.21,13.1,71.56,Aluminiu,Strunjire,334,0,Niciunul
159,Freza,FREZA CARBURA Ø10 4F,3538,1079.99,1.87,9.5,80.16,6.74,87.9,91.93,Inox,Frezare,223,1,Uzura excesiva
24,Burghiu,HSS DRILL Ø6,1606,559.45,1.44,15.73,132.96,5.63,77.4,83.09,Aluminiu,Gaurire,283,1,Uzura excesiva
243,Burghiu,CARBIDE DRILL Ø12,5803,481.1,1.95,8.25,53.01,0.74,12.5,60.49,Aluminiu,Gaurire,437,0,Niciunul
184,Placuta amovibila,WNMG080408,4388,579.07,0.82,13.65,62.94,1.9,9.3,65.15,Aluminiu,Strunjire,134,0,Niciunul
272,Tarod,TAROD M10 ISO2,3628,261.12,0.39,7.61,40.7,0.51,8.0,60.43,Aluminiu,Filetare,282,0,Niciunul
34,Tarod,TAROD M10 ISO2,3518,934.71,0.62,12.02,55.54,1.59,7.3,62.03,Aluminiu,Filetare,407,0,Niciunul
137,Freza,FREZA HSS Ø8 2F,4860,412.68,0.53,6.84,49.18,1.07,9.3,73.66,Aluminiu,Frezare,48,0,Niciunul
65,Burghiu,CARBIDE DRILL Ø12,1606,1163.29,0.25,18.99,44.19,0.59,18.1,68.68,Inox,Gaurire,163,0,Niciunul
269,Freza,FREZA CARBURA Ø10 4F,5811,529.82,1.93,7.88,65.65,1.01,0.5,66.03,Inox,Frezare,17,0,Niciunul
103,Burghiu,HSS DRILL Ø6,5906,422.85,1.63,18.18,41.86,0.97,18.4,60.85,Inox,Gaurire,139,0,Niciunul
136,Freza,FREZA CARBURA Ø10 4F,4753,629.38,1.29,18.03,47.52,0.99,14.7,70.32,Aluminiu,Frezare,149,0,Niciunul
287,Freza,FREZA CARBURA Ø10 4F,5880,1003.0,2.53,14.48,53.91,1.97,19.2,70.92,Inox,Frezare,23,0,Niciunul
279,Burghiu,HSS DRILL Ø6,1619,512.69,2.48,6.01,54.94,1.27,11.9,74.55,Inox,Gaurire,28,0,Niciunul
38,Freza,FREZA HSS Ø8 2F,3993,376.67,0.57,14.16,53.21,1.32,13.0,64.41,Aluminiu,Frezare,300,0,Niciunul
1,Burghiu,HSS DRILL Ø6,5708,680.53,2.38,11.1,48.15,0.96,3.1,63.45,Inox,Gaurire,332,0,Niciunul
161,Burghiu,CARBIDE DRILL Ø12,5040,669.46,0.84,14.11,52.62,1.43,6.6,64.66,Otel,Gaurire,104,0,Niciunul
146,Freza,FREZA HSS Ø8 2F,4574,489.18,1.14,13.53,64.01,0.67,12.9,73.01,Otel,Frezare,356,0,Niciunul
153,Freza,FREZA CARBURA Ø10 4F,2028,406.22,2.31,11.5,67.16,0.54,16.1,72.02,Otel,Frezare,278,0,Niciunul
104,Placuta amovibila,WNMG080408,4916,993.37,0.91,7.26,102.88,6.22,87.6,97.26,Inox,Strunjire,367,1,Uzura excesiva
155,Burghiu,HSS DRILL Ø6,3835,878.84,2.1,7.25,114.3,7.81,83.5,80.28,Aluminiu,Gaurire,337,1,Vibratii
184,Freza,FREZA CARBURA Ø10 4F,5498,478.83,1.3,18.46,159.47,8.83,90.4,93.11,Aluminiu,Frezare,75,1,Uzura excesiva
14,Burghiu,HSS DRILL Ø6,5283,602.2,2.75,6.59,107.37,10.39,83.2,80.06,Inox,Gaurire,173,1,Vibratii
69,Burghiu,CARBIDE DRILL Ø12,2527,632.05,2.27,9.21,66.61,1.88,17.1,67.66,Otel,Gaurire,274,0,Niciunul
11,Freza,FREZA CARBURA Ø10 4F,3100,293.54,0.2,11.64,49.83,0.78,15.7,72.49,Otel,Frezare,338,0,Niciunul
220,Placuta amovibila,CNMG120408,5827,1093.45,1.9,11.78,68.12,0.77,5.6,70.87,Aluminiu,Strunjire,214,0,Niciunul
51,Placuta amovibila,CNMG120408,2814,365.37,0.54,17.76,89.93,6.22,90.9,81.58,Otel,Strunjire,26,1,Vibratii
197,Placuta amovibila,WNMG080408,2134,431.78,2.92,9.71,42.77,1.34,18.8,64.77,Inox,Strunjire,218,0,Niciunul
17,Burghiu,HSS DRILL Ø6,5456,849.44,1.19,11.3,44.4,1.13,3.1,66.0,Aluminiu,Gaurire,167,0,Niciunul
142,Freza,FREZA HSS Ø8 2F,1587,1193.39,2.87,19.84,57.0,1.77,2.4,62.95,Aluminiu,Frezare,213,0,Niciunul
137,Burghiu,CARBIDE DRILL Ø12,4706,551.5,2.66,15.17,54.89,0.76,1.4,61.92,Aluminiu,Gaurire,90,0,Niciunul
273,Freza,FREZA CARBURA Ø10 4F,2859,1123.81,2.64,11.27,51.09,1.23,9.5,66.66,Aluminiu,Frezare,422,0,Niciunul
175,Burghiu,CARBIDE DRILL Ø12,4218,629.91,1.59,10.68,61.27,1.02,16.6,69.65,Inox,Gaurire,470,0,Niciunul
278,Burghiu,HSS DRILL Ø6,2026,921.66,1.9,9.47,53.13,1.71,8.6,74.79,Aluminiu,Gaurire,235,0,Niciunul
124,Freza,FREZA HSS Ø8 2F,5054,1090.11,2.84,13.23,59.11,0.73,11.0,62.81,Aluminiu,Frezare,422,0,Niciunul
69,Freza,FREZA CARBURA Ø10 4F,3341,865.63,1.01,5.19,50.65,0.8,0.1,66.23,Aluminiu,Frezare,435,0,Niciunul
72,Tarod,TAROD M10 ISO2,3336,1138.35,0.8,12.46,47.48,1.45,1.3,66.03,Inox,Filetare,291,0,Niciunul
50,Burghiu,HSS DRILL Ø6,4530,1085.05,2.9,12.18,61.77,1.15,4.9,74.23,Inox,Gaurire,369,0,Niciunul
212,Burghiu,HSS DRILL Ø6,3532,390.06,2.21,6.8,40.44,0.96,12.8,66.12,Inox,Gaurire,144,0,Niciunul
154,Tarod,TAROD M10 ISO2,3571,798.79,1.62,6.64,158.72,9.12,95.9,89.23,Aluminiu,Filetare,259,1,Uzura excesiva
202,Burghiu,HSS DRILL Ø6,5161,613.78,0.62,14.94,63.64,1.48,8.1,62.14,Aluminiu,Gaurire,410,0,Niciunul
58,Burghiu,CARBIDE DRILL Ø12,4663,995.06,1.33,14.54,153.65,5.1,96.5,85.18,Aluminiu,Gaurire,394,1,Vibratii
136,Freza,FREZA HSS Ø8 2F,1570,1120.03,0.42,19.96,64.31,1.82,13.9,73.42,Otel,Frezare,283,0,Niciunul
150,Placuta amovibila,CNMG120408,1722,963.04,0.31,10.86,48.82,1.88,14.8,74.02,Aluminiu,Strunjire,217,0,Niciunul
184,Burghiu,HSS DRILL Ø6,3559,313.37,2.84,14.98,51.95,0.56,2.7,63.09,Otel,Gaurire,62,0,Niciunul
1,Burghiu,CARBIDE DRILL Ø12,3561,426.22,1.77,7.8,48.12,1.07,6.6,68.69,Inox,Gaurire,255,0,Niciunul
300,Freza,FREZA CARBURA Ø10 4F,4672,820.18,1.4,10.65,41.73,0.59,17.2,63.97,Inox,Frezare,395,0,Niciunul
26,Placuta amovibila,CNMG120408,2680,929.95,2.23,13.86,36.48,1.03,2.0,74.84,Aluminiu,Strunjire,436,0,Niciunul
102,Burghiu,CARBIDE DRILL Ø12,4636,673.08,2.49,13.69,56.73,1.5,13.3,65.33,Aluminiu,Gaurire,286,0,Niciunul
143,Tarod,TAROD M10 ISO2,3258,331.93,0.89,12.7,59.33,1.64,4.5,65.62,Otel,Filetare,327,0,Niciunul
280,Tarod,TAROD M10 ISO2,5795,429.38,0.94,7.06,131.08,10.1,51.6,95.86,Aluminiu,Filetare,358,1,Supraincalzire
149,Burghiu,HSS DRILL Ø6,5013,1075.29,1.65,14.55,149.47,11.91,46.5,91.31,Inox,Gaurire,343,1,Supraincalzire
258,Burghiu,CARBIDE DRILL Ø12,5745,1082.85,2.19,19.71,49.34,0.54,3.1,72.44,Aluminiu,Gaurire,430,0,Niciunul
21,Placuta amovibila,WNMG080408,2026,530.31,1.29,9.95,51.59,1.43,19.6,61.67,Aluminiu,Strunjire,418,0,Niciunul
93,Burghiu,HSS DRILL Ø6,2386,750.71,1.8,18.09,68.45,1.19,14.7,65.84,Otel,Gaurire,5,0,Niciunul
126,Placuta amovibila,WNMG080408,3630,239.99,1.16,6.32,68.7,1.37,16.4,73.22,Aluminiu,Strunjire,222,0,Niciunul
25,Placuta amovibila,CNMG120408,5432,1091.16,1.13,17.69,62.23,0.85,13.5,73.52,Otel,Strunjire,139,0,Niciunul
138,Burghiu,CARBIDE DRILL Ø12,2549,558.2,2.85,13.38,41.49,1.19,17.9,65.56,Otel,Gaurire,355,0,Niciunul
232,Freza,FREZA HSS Ø8 2F,3271,1050.9,2.88,15.38,43.74,1.1,14.0,68.63,Inox,Frezare,418,0,Niciunul
265,Freza,FREZA CARBURA Ø10 4F,5829,267.46,0.17,13.03,49.18,1.26,1.8,68.4,Otel,Frezare,343,0,Niciunul
52,Freza,FREZA HSS Ø8 2F,1619,747.86,0.12,6.74,60.27,1.97,17.2,68.13,Otel,Frezare,100,0,Niciunul
273,Placuta amovibila,WNMG080408,2187,248.64,0.86,8.44,65.81,1.33,19.0,60.71,Aluminiu,Strunjire,77,0,Niciunul
82,Tarod,TAROD M10 ISO2,3093,690.57,1.89,11.2,58.35,1.6,18.8,67.2,Otel,Filetare,234,0,Niciunul
84,Freza,FREZA HSS Ø8 2F,1714,1094.85,1.44,18.54,59.36,0.85,14.5,66.56,Otel,Frezare,268,0,Niciunul
92,Tarod,TAROD M10 ISO2,5936,1072.41,1.93,15.97,51.06,1.27,17.6,73.07,Aluminiu,Filetare,189,0,Niciunul
293,Freza,FREZA HSS Ø8 2F,4289,826.39,0.41,11.94,45.91,0.93,16.9,67.24,Inox,Frezare,201,0,Niciunul
284,Freza,FREZA CARBURA Ø10 4F,1869,313.81,1.02,6.13,47.08,0.55,11.2,69.65,Aluminiu,Frezare,34,0,Niciunul
36,Placuta amovibila,WNMG080408,5503,361.15,0.38,18.69,95.74,9.34,72.2,83.59,Inox,Strunjire,403,1,Supraincalzire
143,Freza,FREZA HSS Ø8 2F,3941,530.98,0.86,8.15,51.23,0.91,12.9,71.87,Aluminiu,Frezare,379,0,Niciunul
240,Placuta amovibila,CNMG120408,4714,829.98,0.4,12.88,54.52,0.8,3.2,72.69,Otel,Strunjire,402,0,Niciunul
137,Placuta amovibila,WNMG080408,5380,925.63,1.8,11.75,67.65,1.78,17.9,74.17,Aluminiu,Strunjire,395,0,Niciunul
126,Burghiu,HSS DRILL Ø6,2378,1093.41,2.48,7.74,49.08,1.21,5.0,65.71,Inox,Gaurire,257,0,Niciunul
196,Tarod,TAROD M10 ISO2,5265,558.1,1.69,7.64,50.92,0.56,12.5,61.25,Aluminiu,Filetare,314,0,Niciunul
245,Burghiu,HSS DRILL Ø6,5737,333.37,2.84,7.97,49.11,1.84,18.4,70.74,Otel,Gaurire,103,0,Niciunul
72,Placuta amovibila,WNMG080408,2243,301.39,0.95,16.41,35.26,1.34,1.6,64.26,Aluminiu,Strunjire,87,0,Niciunul
208,Tarod,TAROD M10 ISO2,3969,900.9,2.08,12.55,62.83,0.67,10.8,64.03,Otel,Filetare,355,0,Niciunul
272,Placuta amovibila,WNMG080408,5283,523.51,2.12,6.5,50.27,0.73,8.6,60.54,Aluminiu,Strunjire,7,0,Niciunul
99,Freza,FREZA CARBURA Ø10 4F,3727,249.26,2.25,9.63,65.82,1.1,13.9,73.81,Otel,Frezare,66,0,Niciunul
205,Burghiu,CARBIDE DRILL Ø12,2106,1062.78,1.76,16.37,60.58,1.81,1.7,62.22,Otel,Gaurire,57,0,Niciunul
14,Burghiu,CARBIDE DRILL Ø12,5517,271.46,2.17,18.97,40.5,0.65,5.6,68.89,Aluminiu,Gaurire,185,0,Niciunul
165,Freza,FREZA HSS Ø8 2F,3978,1051.83,1.2,19.85,63.32,0.72,5.2,62.37,Inox,Frezare,181,0,Niciunul
67,Placuta amovibila,WNMG080408,4469,545.03,0.42,11.03,62.9,1.41,2.7,69.03,Otel,Strunjire,63,0,Niciunul
222,Freza,FREZA CARBURA Ø10 4F,3158,1038.18,1.87,5.4,48.32,1.78,1.1,72.92,Aluminiu,Frezare,168,0,Niciunul
179,Freza,FREZA HSS Ø8 2F,5192,1178.99,0.99,7.5,69.36,0.96,3.6,67.2,Aluminiu,Frezare,322,0,Niciunul
216,Freza,FREZA HSS Ø8 2F,4441,703.99,2.95,14.77,94.92,3.83,50.8,81.17,Otel,Frezare,475,1,Supraincalzire
57,Burghiu,HSS DRILL Ø6,5006,621.87,2.96,9.42,45.95,1.99,16.3,62.02,Inox,Gaurire,269,0,Niciunul
163,Burghiu,CARBIDE DRILL Ø12,5843,423.91,2.26,19.81,52.08,0.55,16.0,69.81,Inox,Gaurire,97,0,Niciunul
35,Burghiu,CARBIDE DRILL Ø12,3618,394.56,0.6,19.36,42.23,1.86,19.8,66.79,Aluminiu,Gaurire,379,0,Niciunul
66,Burghiu,HSS DRILL Ø6,2240,661.22,0.12,15.82,129.84,7.71,81.7,89.06,Aluminiu,Gaurire,357,1,Vibratii
138,Burghiu,HSS DRILL Ø6,5255,643.35,2.3,18.19,54.44,0.59,16.5,60.7,Otel,Gaurire,5,0,Niciunul
119,Placuta amovibila,WNMG080408,4613,391.58,2.2,12.22,52.4,1.01,5.2,67.74,Inox,Strunjire,253,0,Niciunul
148,Freza,FREZA HSS Ø8 2F,2996,684.45,1.93,7.82,46.17,0.62,17.6,60.5,Aluminiu,Frezare,31,0,Niciunul
241,Placuta amovibila,CNMG120408,2310,994.71,2.11,8.23,118.56,9.09,79.7,82.77,Inox,Strunjire,405,1,Uzura excesiva
28,Freza,FREZA HSS Ø8 2F,1690,1116.54,0.49,13.85,126.26,3.03,54.0,83.17,Aluminiu,Frezare,176,1,Uzura excesiva
66,Placuta amovibila,CNMG120408,5047,580.03,0.62,16.35,54.88,1.64,3.4,63.29,Inox,Strunjire,249,0,Niciunul
188,Tarod,TAROD M10 ISO2,3950,839.54,1.54,12.94,104.64,3.28,82.4,82.86,Inox,Filetare,160,1,Vibratii
30,Freza,FREZA CARBURA Ø10 4F,3482,363.23,0.3,17.81,69.98,0.69,11.0,67.32,Otel,Frezare,28,0,Niciunul
48,Burghiu,CARBIDE DRILL Ø12,2206,923.87,2.85,16.16,49.4,1.14,17.1,63.22,Otel,Gaurire,102,0,Niciunul
285,Tarod,TAROD M10 ISO2,5572,505.25,0.72,10.24,69.3,1.7,12.2,70.45,Otel,Filetare,170,0,Niciunul
214,Burghiu,CARBIDE DRILL Ø12,1677,1062.47,1.66,7.65,66.86,1.55,15.8,74.01,Otel,Gaurire,366,0,Niciunul
237,Placuta amovibila,WNMG080408,3078,982.89,0.77,6.69,50.72,1.73,15.6,69.58,Inox,Strunjire,303,0,Niciunul
156,Placuta amovibila,CNMG120408,4541,347.45,1.6,16.5,35.38,1.57,4.7,61.88,Aluminiu,Strunjire,392,0,Niciunul
78,Freza,FREZA HSS Ø8 2F,5081,323.86,2.63,7.7,60.5,1.27,19.9,62.69,Inox,Frezare,459,0,Niciunul
43,Tarod,TAROD M10 ISO2,5399,665.61,1.66,16.05,69.89,1.13,14.9,68.52,Aluminiu,Filetare,219,0,Niciunul
19,Burghiu,HSS DRILL Ø6,3106,838.13,0.64,14.22,48.55,1.68,8.0,61.86,Otel,Gaurire,490,0,Niciunul
222,Burghiu,HSS DRILL Ø6,4688,984.4,2.17,18.18,67.91,0.85,6.5,63.75,Aluminiu,Gaurire,94,0,Niciunul
263,Placuta amovibila,CNMG120408,2120,239.12,2.14,7.72,69.43,0.64,14.8,71.2,Aluminiu,Strunjire,89,0,Niciunul
85,Burghiu,CARBIDE DRILL Ø12,1959,812.21,1.03,12.01,38.45,1.34,13.3,73.83,Otel,Gaurire,450,0,Niciunul
21,Tarod,TAROD M10 ISO2,3472,973.57,2.65,5.87,158.48,11.8,48.6,97.64,Aluminiu,Filetare,400,1,Uzura excesiva
137,Placuta amovibila,CNMG120408,5819,1119.39,0.73,17.79,42.11,1.14,2.5,63.49,Aluminiu,Strunjire,9,0,Niciunul
70,Placuta amovibila,WNMG080408,2480,885.11,0.72,15.15,105.24,3.21,83.3,88.25,Inox,Strunjire,202,1,Vibratii
292,Burghiu,HSS DRILL Ø6,5811,407.07,0.68,7.37,59.66,0.67,0.3,73.66,Inox,Gaurire,455,0,Niciunul
300,Burghiu,HSS DRILL Ø6,2371,459.52,0.21,5.3,38.04,1.95,9.4,71.28,Aluminiu,Gaurire,73,0,Niciunul
299,Freza,FREZA CARBURA Ø10 4F,1796,398.46,2.63,7.91,53.48,1.09,15.7,70.8,Otel,Frezare,395,0,Niciunul
161,Placuta amovibila,WNMG080408,1557,760.29,0.72,14.19,56.26,0.9,8.9,66.72,Inox,Strunjire,488,0,Niciunul
9,Tarod,TAROD M10 ISO2,4628,227.75,1.41,9.82,65.36,0.63,9.1,60.24,Inox,Filetare,414,0,Niciunul
27,Burghiu,HSS DRILL Ø6,4721,620.52,2.94,7.35,63.06,1.83,1.5,67.01,Otel,Gaurire,81,0,Niciunul
119,Placuta amovibila,CNMG120408,3893,1098.7,0.42,5.04,36.46,0.96,0.4,69.16,Aluminiu,Strunjire,332,0,Niciunul
161,Tarod,TAROD M10 ISO2,3590,1134.55,1.46,16.39,41.15,0.93,7.3,66.4,Inox,Filetare,76,0,Niciunul
94,Burghiu,CARBIDE DRILL Ø12,3737,292.69,1.75,19.65,41.93,0.83,15.6,65.28,Aluminiu,Gaurire,281,0,Niciunul
171,Placuta amovibila,WNMG080408,4074,588.58,1.23,10.98,47.24,1.93,9.6,68.04,Aluminiu,Strunjire,199,0,Niciunul
126,Freza,FREZA CARBURA Ø10 4F,5174,1048.41,1.16,17.4,41.33,0.97,3.6,66.36,Otel,Frezare,172,0,Niciunul
134,Burghiu,HSS DRILL Ø6,5926,228.95,0.35,11.02,101.2,4.23,60.6,85.1,Aluminiu,Gaurire,33,1,Supraincalzire
253,Freza,FREZA HSS Ø8 2F,3803,1198.3,2.46,13.44,44.91,1.88,10.6,63.01,Inox,Frezare,168,0,Niciunul
192,Burghiu,CARBIDE DRILL Ø12,5179,884.38,0.85,10.48,54.16,1.0,7.3,67.77,Aluminiu,Gaurire,392,0,Niciunul
128,Placuta amovibila,CNMG120408,4072,333.01,1.82,6.13,41.07,1.12,14.1,67.24,Otel,Strunjire,38,0,Niciunul
230,Freza,FREZA HSS Ø8 2F,1611,996.88,2.67,15.48,65.6,1.49,18.2,61.0,Aluminiu,Frezare,55,0,Niciunul
296,Freza,FREZA HSS Ø8 2F,3979,550.54,1.92,12.2,144.71,6.52,89.4,85.38,Inox,Frezare,473,1,Uzura excesiva
216,Placuta amovibila,WNMG080408,5035,598.1,2.79,15.11,147.19,3.01,49.0,97.36,Aluminiu,Strunjire,248,1,Vibratii
264,Freza,FREZA HSS Ø8 2F,2235,544.54,1.74,9.18,90.4,11.97,45.4,86.06,Otel,Frezare,396,1,Uzura excesiva
183,Placuta amovibila,CNMG120408,2027,388.3,1.34,9.72,61.21,1.14,9.0,62.27,Aluminiu,Strunjire,240,0,Niciunul
261,Freza,FREZA CARBURA Ø10 4F,2533,1009.9,1.08,14.46,66.03,0.79,13.2,62.81,Inox,Frezare,253,0,Niciunul
256,Burghiu,HSS DRILL Ø6,4459,323.68,2.87,18.11,47.64,0.9,8.3,64.73,Aluminiu,Gaurire,354,0,Niciunul
222,Tarod,TAROD M10 ISO2,5451,424.94,1.94,19.25,60.22,1.21,9.2,69.21,Otel,Filetare,81,0,Niciunul
3,Freza,FREZA HSS Ø8 2F,2014,660.34,1.59,17.87,105.18,9.64,76.1,88.05,Aluminiu,Frezare,317,1,Vibratii
212,Burghiu,CARBIDE DRILL Ø12,4054,774.99,2.04,8.81,48.55,1.61,11.2,63.68,Otel,Gaurire,95,0,Niciunul
52,Tarod,TAROD M10 ISO2,3332,982.49,0.63,5.33,54.89,0.69,6.8,61.81,Otel,Filetare,346,0,Niciunul
14,Freza,FREZA HSS Ø8 2F,1754,606.39,2.81,8.19,61.98,0.82,13.5,74.02,Inox,Frezare,119,0,Niciunul
15,Freza,FREZA HSS Ø8 2F,5826,578.09,1.37,15.55,49.66,0.51,11.5,63.64,Aluminiu,Frezare,413,0,Niciunul
255,Freza,FREZA CARBURA Ø10 4F,5608,939.36,2.57,14.06,47.72,1.21,17.1,71.53,Otel,Frezare,104,0,Niciunul
173,Freza,FREZA HSS Ø8 2F,3408,1076.61,2.34,12.56,63.08,0.75,1.3,72.14,Inox,Frezare,285,0,Niciunul
113,Placuta amovibila,WNMG080408,1605,292.78,2.59,9.95,42.66,0.77,11.1,66.13,Inox,Strunjire,179,0,Niciunul
65,Freza,FREZA CARBURA Ø10 4F,3514,352.27,1.55,10.36,51.36,0.59,18.4,62.89,Otel,Frezare,293,0,Niciunul
112,Placuta amovibila,CNMG120408,2407,230.54,1.88,17.4,95.83,5.74,78.7,93.67,Aluminiu,Strunjire,254,1,Uzura excesiva
230,Tarod,TAROD M10 ISO2,3097,953.41,0.64,5.05,84.88,9.54,49.0,94.39,Otel,Filetare,274,1,Vibratii
90,Freza,FREZA CARBURA Ø10 4F,5046,1188.63,0.82,5.85,69.69,1.07,15.7,71.86,Otel,Frezare,358,0,Niciunul
198,Placuta amovibila,CNMG120408,5459,1057.29,2.98,13.38,61.32,0.72,2.6,69.11,Otel,Strunjire,257,0,Niciunul
259,Placuta amovibila,WNMG080408,2318,437.51,0.58,7.38,106.08,9.3,54.8,97.86,Aluminiu,Strunjire,157,1,Vibratii
177,Placuta amovibila,WNMG080408,4083,335.3,0.47,8.81,153.29,3.7,56.9,81.63,Inox,Strunjire,495,1,Uzura excesiva
234,Burghiu,CARBIDE DRILL Ø12,5032,392.81,1.29,9.74,50.57,0.82,18.9,73.82,Otel,Gaurire,334,0,Niciunul
229,Tarod,TAROD M10 ISO2,3406,975.16,2.12,14.5,60.57,1.71,8.9,73.07,Otel,Filetare,48,0,Niciunul
297,Freza,FREZA CARBURA Ø10 4F,5309,813.27,1.18,9.67,59.69,0.8,2.9,71.15,Inox,Frezare,345,0,Niciunul
130,Tarod,TAROD M10 ISO2,2272,223.52,2.3,17.21,36.89,1.51,4.3,74.62,Inox,Filetare,152,0,Niciunul
194,Tarod,TAROD M10 ISO2,2986,701.88,0.96,11.27,45.5,1.94,2.9,73.64,Inox,Filetare,480,0,Niciunul
44,Placuta amovibila,WNMG080408,5765,648.88,2.29,19.71,35.6,0.87,9.2,63.11,Inox,Strunjire,25,0,Niciunul
241,Tarod,TAROD M10 ISO2,2702,1083.31,2.95,16.99,67.66,1.39,9.2,62.78,Aluminiu,Filetare,369,0,Niciunul
126,Tarod,TAROD M10 ISO2,5030,575.45,2.65,15.3,104.69,9.55,98.5,98.03,Aluminiu,Filetare,100,1,Supraincalzire
171,Burghiu,CARBIDE DRILL Ø12,4145,695.92,2.1,13.77,108.35,8.58,94.7,83.56,Aluminiu,Gaurire,267,1,Vibratii
182,Freza,FREZA HSS Ø8 2F,3327,776.95,1.33,11.79,60.7,0.84,11.6,61.22,Otel,Frezare,52,0,Niciunul
231,Freza,FREZA CARBURA Ø10 4F,4513,1195.12,1.7,5.32,139.94,9.32,89.5,83.55,Otel,Frezare,235,1,Supraincalzire
58,Placuta amovibila,WNMG080408,2478,670.89,1.24,12.68,43.59,0.76,8.5,63.8,Inox,Strunjire,50,0,Niciunul
51,Freza,FREZA HSS Ø8 2F,2102,904.96,1.87,15.67,42.8,1.62,10.5,65.67,Aluminiu,Frezare,106,0,Niciunul
227,Burghiu,HSS DRILL Ø6,2919,230.39,0.67,14.99,83.79,7.85,61.1,82.21,Otel,Gaurire,171,1,Vibratii
54,Burghiu,HSS DRILL Ø6,5422,355.96,0.29,7.5,37.65,1.5,16.3,74.61,Inox,Gaurire,362,0,Niciunul
210,Placuta amovibila,WNMG080408,3170,880.84,1.66,19.89,155.63,7.75,57.4,97.27,Otel,Strunjire,84,1,Vibratii
60,Placuta amovibila,WNMG080408,3730,668.48,2.81,10.91,45.15,1.82,10.1,63.05,Aluminiu,Strunjire,159,0,Niciunul
212,Placuta amovibila,CNMG120408,4085,528.86,2.16,10.94,92.31,7.97,96.9,89.35,Otel,Strunjire,86,1,Vibratii
114,Placuta amovibila,WNMG080408,2313,662.65,1.75,12.37,122.99,4.31,73.5,98.58,Aluminiu,Strunjire,51,1,Uzura excesiva
184,Burghiu,CARBIDE DRILL Ø12,2886,1067.82,2.5,9.19,96.3,11.49,84.7,90.45,Inox,Gaurire,397,1,Supraincalzire
162,Placuta amovibila,WNMG080408,1569,833.9,2.16,5.12,62.54,1.55,0.9,68.88,Otel,Strunjire,274,0,Niciunul
163,Tarod,TAROD M10 ISO2,2072,785.86,0.48,17.56,48.02,1.54,4.7,60.58,Inox,Filetare,283,0,Niciunul
160,Freza,FREZA HSS Ø8 2F,5764,982.61,1.83,10.0,42.02,1.78,3.9,68.5,Inox,Frezare,148,0,Niciunul
12,Burghiu,CARBIDE DRILL Ø12,1573,423.37,1.57,15.88,150.24,7.37,82.9,82.66,Otel,Gaurire,113,1,Vibratii
260,Tarod,TAROD M10 ISO2,4941,351.92,1.13,13.26,53.75,0.62,5.4,72.41,Otel,Filetare,442,0,Niciunul
201,Placuta amovibila,CNMG120408,2284,291.89,1.91,11.88,40.32,1.41,0.2,68.41,Otel,Strunjire,400,0,Niciunul
56,Freza,FREZA CARBURA Ø10 4F,3374,593.5,2.59,6.86,81.63,6.13,50.7,99.92,Otel,Frezare,400,1,Supraincalzire
237,Freza,FREZA HSS Ø8 2F,2796,1136.97,2.78,5.85,127.31,4.24,62.2,87.02,Inox,Frezare,58,1,Vibratii
284,Placuta amovibila,WNMG080408,4322,228.67,1.65,6.36,53.51,0.53,11.4,73.58,Otel,Strunjire,421,0,Niciunul
146,Tarod,TAROD M10 ISO2,4322,684.17,0.71,9.56,57.56,1.82,2.3,70.68,Aluminiu,Filetare,146,0,Niciunul
211,Burghiu,CARBIDE DRILL Ø12,2064,1064.99,0.88,9.04,115.07,9.85,46.5,86.03,Otel,Gaurire,413,1,Vibratii
82,Placuta amovibila,CNMG120408,3541,513.3,1.99,8.58,157.92,9.94,75.8,85.77,Otel,Strunjire,458,1,Supraincalzire
184,Placuta amovibila,CNMG120408,5585,770.19,2.94,13.49,54.61,0.72,13.6,73.6,Otel,Strunjire,333,0,Niciunul
145,Freza,FREZA HSS Ø8 2F,4233,580.73,2.43,7.67,141.05,8.52,97.1,87.79,Otel,Frezare,447,1,Vibratii
248,Tarod,TAROD M10 ISO2,2303,687.13,1.73,15.04,54.86,1.96,16.1,64.26,Otel,Filetare,196,0,Niciunul
300,Freza,FREZA HSS Ø8 2F,5838,894.17,0.83,5.51,135.78,6.73,50.1,80.29,Inox,Frezare,278,1,Uzura excesiva
25,Freza,FREZA HSS Ø8 2F,5982,412.41,1.95,17.11,54.77,0.65,14.6,71.74,Otel,Frezare,83,0,Niciunul
212,Placuta amovibila,WNMG080408,3987,1144.69,0.18,18.76,42.45,0.97,10.6,70.16,Otel,Strunjire,162,0,Niciunul
35,Placuta amovibila,CNMG120408,3521,205.51,2.13,12.4,93.89,8.96,66.9,94.01,Otel,Strunjire,370,1,Uzura excesiva
213,Freza,FREZA HSS Ø8 2F,5589,980.05,1.44,10.49,44.46,0.85,19.5,65.38,Otel,Frezare,41,0,Niciunul
291,Freza,FREZA CARBURA Ø10 4F,2503,1016.77,2.0,12.56,57.76,1.35,5.2,60.88,Aluminiu,Frezare,272,0,Niciunul
63,Placuta amovibila,WNMG080408,5974,586.06,2.29,6.24,63.76,0.7,18.0,74.78,Aluminiu,Strunjire,286,0,Niciunul
184,Freza,FREZA HSS Ø8 2F,4941,1022.22,0.97,6.18,117.03,8.21,73.8,89.83,Otel,Frezare,184,1,Supraincalzire
204,Placuta amovibila,WNMG080408,2517,932.9,0.25,19.65,64.7,0.88,16.9,61.93,Aluminiu,Strunjire,481,0,Niciunul
214,Freza,FREZA HSS Ø8 2F,2277,990.96,2.38,11.15,35.88,1.54,4.4,73.97,Aluminiu,Frezare,345,0,Niciunul
27,Placuta amovibila,CNMG120408,5123,975.13,2.91,9.98,53.9,1.76,7.0,62.01,Inox,Strunjire,411,0,Niciunul
172,Freza,FREZA CARBURA Ø10 4F,2193,822.35,2.28,15.26,47.3,0.88,8.7,60.33,Otel,Frezare,60,0,Niciunul
182,Burghiu,CARBIDE DRILL Ø12,3423,405.7,2.46,18.31,64.35,1.99,7.8,68.12,Inox,Gaurire,243,0,Niciunul
256,Freza,FREZA CARBURA Ø10 4F,3851,326.83,0.94,18.95,58.0,1.23,19.4,72.62,Otel,Frezare,198,0,Niciunul
260,Placuta amovibila,CNMG120408,4059,421.18,1.26,6.38,66.08,1.19,2.2,66.32,Aluminiu,Strunjire,448,0,Niciunul
42,Placuta amovibila,WNMG080408,2751,695.6,1.34,14.87,101.52,11.66,84.5,81.24,Aluminiu,Strunjire,400,1,Supraincalzire
288,Burghiu,HSS DRILL Ø6,2014,458.55,0.94,10.66,84.77,11.1,51.2,86.96,Inox,Gaurire,355,1,Supraincalzire
15,Placuta amovibila,WNMG080408,3098,1020.96,1.64,14.27,138.63,5.34,83.4,89.76,Inox,Strunjire,5,1,Vibratii
150,Tarod,TAROD M10 ISO2,2500,235.56,2.6,5.57,41.8,0.74,19.7,61.96,Aluminiu,Filetare,497,0,Niciunul
300,Placuta amovibila,CNMG120408,3468,404.41,1.1,19.7,65.29,1.7,2.2,72.87,Aluminiu,Strunjire,260,0,Niciunul
83,Burghiu,HSS DRILL Ø6,4769,309.39,0.94,16.94,59.31,0.58,9.7,70.39,Aluminiu,Gaurire,494,0,Niciunul
116,Burghiu,CARBIDE DRILL Ø12,4210,1178.14,0.92,7.6,55.61,1.26,19.3,64.3,Inox,Gaurire,249,0,Niciunul
113,Freza,FREZA CARBURA Ø10 4F,2005,627.33,2.47,13.92,37.43,1.87,15.7,66.29,Inox,Frezare,134,0,Niciunul
85,Placuta amovibila,CNMG120408,3975,427.47,0.45,9.12,56.17,0.83,17.5,60.7,Aluminiu,Strunjire,218,0,Niciunul
46,Placuta amovibila,CNMG120408,5458,669.17,2.34,17.58,47.18,0.99,12.5,62.01,Otel,Strunjire,329,0,Niciunul
49,Freza,FREZA HSS Ø8 2F,5308,744.24,1.73,15.28,43.24,1.06,1.5,61.92,Aluminiu,Frezare,318,0,Niciunul
203,Placuta amovibila,WNMG080408,4507,835.11,2.57,9.66,45.47,1.72,4.8,62.85,Inox,Strunjire,381,0,Niciunul
253,Placuta amovibila,CNMG120408,1939,686.28,2.26,7.55,47.37,0.83,4.5,65.75,Aluminiu,Strunjire,19,0,Niciunul
98,Freza,FREZA CARBURA Ø10 4F,3293,652.55,2.71,8.86,54.54,0.91,6.7,60.12,Inox,Frezare,367,0,Niciunul
251,Placuta amovibila,WNMG080408,3526,491.9,0.98,8.34,62.74,1.88,12.8,61.95,Aluminiu,Strunjire,136,0,Niciunul
265,Freza,FREZA HSS Ø8 2F,2393,1182.98,1.65,14.79,85.16,4.16,95.2,94.73,Inox,Frezare,247,1,Uzura excesiva
109,Freza,FREZA CARBURA Ø10 4F,1853,1023.68,2.16,12.47,102.45,3.37,40.2,83.55,Aluminiu,Frezare,80,1,Vibratii
111,Burghiu,CARBIDE DRILL Ø12,4071,1165.02,1.86,10.24,151.65,8.92,74.1,93.34,Inox,Gaurire,175,1,Supraincalzire
106,Tarod,TAROD M10 ISO2,4909,448.0,1.21,14.37,39.11,1.4,18.4,73.48,Inox,Filetare,282,0,Niciunul
148,Burghiu,CARBIDE DRILL Ø12,3492,687.28,2.24,7.63,103.98,11.91,44.6,80.04,Aluminiu,Gaurire,495,1,Supraincalzire
294,Tarod,TAROD M10 ISO2,2349,234.43,2.14,10.25,50.4,1.57,3.0,67.32,Aluminiu,Filetare,185,0,Niciunul
52,Placuta amovibila,WNMG080408,5704,335.33,1.87,16.22,97.7,3.2,64.7,89.95,Aluminiu,Strunjire,4,1,Uzura excesiva
118,Burghiu,HSS DRILL Ø6,2698,353.95,2.31,5.79,39.68,1.79,13.5,68.68,Inox,Gaurire,411,0,Niciunul
236,Placuta amovibila,WNMG080408,3973,340.4,1.83,6.01,144.36,5.48,76.0,96.0,Aluminiu,Strunjire,250,1,Supraincalzire
291,Placuta amovibila,WNMG080408,2362,444.33,1.5,17.92,41.26,1.12,6.6,68.0,Inox,Strunjire,296,0,Niciunul
127,Burghiu,HSS DRILL Ø6,5571,591.23,2.17,14.79,83.07,5.35,84.5,99.88,Inox,Gaurire,388,1,Supraincalzire
83,Burghiu,CARBIDE DRILL Ø12,3716,790.44,1.1,18.86,69.42,1.23,0.6,71.65,Inox,Gaurire,218,0,Niciunul
255,Burghiu,HSS DRILL Ø6,4600,651.57,2.46,16.4,67.68,0.81,5.5,67.76,Aluminiu,Gaurire,246,0,Niciunul
257,Freza,FREZA CARBURA Ø10 4F,3079,535.85,2.27,17.66,104.21,6.71,68.9,81.1,Inox,Frezare,250,1,Supraincalzire
72,Freza,FREZA HSS Ø8 2F,2188,353.49,0.15,13.29,65.03,1.57,2.9,71.7,Inox,Frezare,232,0,Niciunul
100,Placuta amovibila,CNMG120408,2051,257.11,1.06,12.7,55.21,0.68,15.1,63.61,Otel,Strunjire,296,0,Niciunul
227,Placuta amovibila,WNMG080408,5029,873.07,2.61,16.4,152.63,8.96,64.5,94.26,Inox,Strunjire,437,1,Supraincalzire
110,Burghiu,HSS DRILL Ø6,2668,576.3,0.5,13.05,53.71,1.89,1.2,62.65,Inox,Gaurire,285,0,Niciunul
41,Freza,FREZA HSS Ø8 2F,5647,1199.26,0.14,15.65,42.44,1.91,3.1,66.23,Aluminiu,Frezare,53,0,Niciunul
269,Tarod,TAROD M10 ISO2,2402,1097.74,2.34,11.24,69.51,0.73,17.9,68.07,Inox,Filetare,411,0,Niciunul
275,Placuta amovibila,CNMG120408,4561,1171.21,2.22,6.62,66.65,1.33,10.3,68.52,Inox,Strunjire,13,0,Niciunul
159,Burghiu,CARBIDE DRILL Ø12,5657,871.42,1.14,11.78,64.4,1.53,4.5,70.77,Otel,Gaurire,172,0,Niciunul
113,Tarod,TAROD M10 ISO2,5881,404.2,1.17,9.55,38.65,0.74,14.4,73.03,Inox,Filetare,34,0,Niciunul
281,Placuta amovibila,CNMG120408,3123,1033.78,1.59,6.54,36.81,0.75,2.8,70.59,Otel,Strunjire,289,0,Niciunul
84,Freza,FREZA CARBURA Ø10 4F,5398,676.17,2.52,17.29,51.38,1.04,7.8,65.45,Inox,Frezare,374,0,Niciunul
247,Freza,FREZA CARBURA Ø10 4F,4988,296.01,1.38,12.76,42.05,1.44,12.5,73.46,Inox,Frezare,207,0,Niciunul
172,Placuta amovibila,WNMG080408,1625,262.23,0.93,17.97,44.2,1.36,19.0,62.12,Inox,Strunjire,482,0,Niciunul
151,Burghiu,CARBIDE DRILL Ø12,4599,606.98,1.85,12.49,60.59,1.05,3.3,60.91,Otel,Gaurire,259,0,Niciunul
280,Placuta amovibila,CNMG120408,3235,775.28,1.19,14.73,51.31,0.63,12.3,73.89,Aluminiu,Strunjire,256,0,Niciunul
141,Tarod,TAROD M10 ISO2,3037,505.93,2.78,6.28,62.67,1.67,19.7,73.04,Inox,Filetare,125,0,Niciunul
129,Burghiu,CARBIDE DRILL Ø12,4656,224.74,0.67,5.84,40.39,1.54,0.7,67.69,Otel,Gaurire,144,0,Niciunul
274,Placuta amovibila,WNMG080408,4138,323.34,1.33,7.1,48.27,1.39,17.3,70.14,Otel,Strunjire,444,0,Niciunul
236,Burghiu,CARBIDE DRILL Ø12,3915,778.48,1.8,19.92,61.04,1.62,17.8,73.97,Aluminiu,Gaurire,239,0,Niciunul
44,Placuta amovibila,CNMG120408,3989,355.25,0.45,9.29,46.64,0.61,7.6,64.97,Inox,Strunjire,354,0,Niciunul
298,Burghiu,HSS DRILL Ø6,1885,736.93,1.14,14.5,46.8,1.23,17.9,62.25,Inox,Gaurire,270,0,Niciunul
111,Burghiu,HSS DRILL Ø6,4702,1046.49,1.31,5.43,85.07,5.61,70.6,94.23,Inox,Gaurire,256,1,Uzura excesiva
49,Freza,FREZA CARBURA Ø10 4F,3857,562.29,2.02,6.67,37.67,1.55,18.2,74.16,Otel,Frezare,59,0,Niciunul
270,Burghiu,HSS DRILL Ø6,5977,516.08,1.8,15.56,48.3,0.89,18.9,63.26,Inox,Gaurire,291,0,Niciunul
36,Burghiu,CARBIDE DRILL Ø12,4336,677.01,2.57,14.3,139.67,9.86,86.9,93.26,Otel,Gaurire,94,1,Vibratii
127,Tarod,TAROD M10 ISO2,3084,505.14,2.83,8.35,41.0,1.71,16.0,69.53,Aluminiu,Filetare,143,0,Niciunul
291,Freza,FREZA HSS Ø8 2F,3754,523.16,1.92,18.76,35.99,1.03,3.9,66.91,Aluminiu,Frezare,299,0,Niciunul
77,Freza,FREZA HSS Ø8 2F,4452,902.86,2.37,14.7,53.38,1.84,3.2,67.08,Aluminiu,Frezare,266,0,Niciunul
4,Freza,FREZA HSS Ø8 2F,3872,942.58,0.12,8.44,153.15,8.97,51.6,83.65,Aluminiu,Frezare,181,1,Supraincalzire
5,Freza,FREZA HSS Ø8 2F,4994,1032.64,0.35,14.86,62.49,1.91,12.7,64.87,Inox,Frezare,342,0,Niciunul
83,Placuta amovibila,WNMG080408,4884,211.61,1.32,6.33,46.48,1.98,16.1,67.66,Inox,Strunjire,236,0,Niciunul
190,Placuta amovibila,CNMG120408,2920,599.83,0.98,5.3,63.16,0.92,14.6,61.83,Inox,Strunjire,295,0,Niciunul
62,Freza,FREZA HSS Ø8 2F,5086,244.18,2.34,19.74,39.89,1.08,9.3,70.81,Aluminiu,Frezare,296,0,Niciunul
96,Tarod,TAROD M10 ISO2,1716,465.11,1.2,9.29,42.99,1.61,8.0,70.79,Aluminiu,Filetare,97,0,Niciunul
122,Freza,FREZA HSS Ø8 2F,2910,335.35,1.42,15.67,67.93,1.94,15.0,70.3,Aluminiu,Frezare,359,0,Niciunul
249,Placuta amovibila,WNMG080408,4420,608.72,2.63,18.94,57.2,0.58,17.7,70.24,Inox,Strunjire,463,0,Niciunul
276,Placuta amovibila,WNMG080408,3670,1056.86,0.26,9.5,59.3,0.59,15.0,64.11,Inox,Strunjire,366,0,Niciunul
216,Burghiu,HSS DRILL Ø6,3567,884.09,1.18,12.89,57.89,0.65,18.1,74.86,Inox,Gaurire,11,0,Niciunul
204,Placuta amovibila,CNMG120408,4658,266.88,1.99,13.4,37.04,0.99,6.6,74.38,Aluminiu,Strunjire,199,0,Niciunul
208,Freza,FREZA CARBURA Ø10 4F,2464,306.88,2.15,14.66,53.6,1.36,8.2,61.79,Inox,Frezare,360,0,Niciunul
30,Burghiu,CARBIDE DRILL Ø12,4022,655.78,2.06,9.53,96.03,10.07,70.0,92.51,Aluminiu,Gaurire,277,1,Supraincalzire
254,Tarod,TAROD M10 ISO2,2621,1053.99,1.26,16.56,55.74,1.93,3.0,66.55,Inox,Filetare,214,0,Niciunul
176,Freza,FREZA HSS Ø8 2F,4405,1178.47,1.71,16.64,50.45,1.69,14.4,63.84,Otel,Frezare,487,0,Niciunul
190,Burghiu,HSS DRILL Ø6,3433,911.62,0.44,16.62,102.1,3.92,96.5,87.42,Inox,Gaurire,384,1,Vibratii
139,Burghiu,CARBIDE DRILL Ø12,4286,639.73,2.69,18.79,133.91,9.71,75.0,93.71,Aluminiu,Gaurire,464,1,Vibratii
142,Burghiu,CARBIDE DRILL Ø12,3259,917.77,0.57,18.33,68.44,1.13,11.7,65.81,Aluminiu,Gaurire,188,0,Niciunul
116,Freza,FREZA HSS Ø8 2F,2033,316.64,2.82,13.78,44.82,1.11,16.3,68.68,Otel,Frezare,323,0,Niciunul
251,Burghiu,CARBIDE DRILL Ø12,3458,685.93,3.0,5.18,36.61,1.83,7.4,66.93,Inox,Gaurire,18,0,Niciunul
215,Placuta amovibila,WNMG080408,2478,360.77,0.66,14.51,54.69,1.6,11.8,61.73,Inox,Strunjire,250,0,Niciunul
109,Placuta amovibila,WNMG080408,5027,1194.8,0.45,5.32,138.57,11.87,48.1,86.73,Aluminiu,Strunjire,104,1,Uzura excesiva
225,Freza,FREZA CARBURA Ø10 4F,1849,343.88,0.42,13.02,62.02,0.54,3.4,68.76,Inox,Frezare,151,0,Niciunul
242,Tarod,TAROD M10 ISO2,2435,385.88,1.89,10.9,139.4,10.05,89.9,92.13,Otel,Filetare,220,1,Supraincalzire
86,Placuta amovibila,WNMG080408,2121,651.69,2.86,12.6,148.14,8.13,58.0,86.39,Aluminiu,Strunjire,441,1,Uzura excesiva
147,Tarod,TAROD M10 ISO2,4054,563.11,1.5,19.4,40.45,0.52,5.9,72.36,Otel,Filetare,232,0,Niciunul
93,Placuta amovibila,WNMG080408,2800,557.43,1.68,5.79,56.85,0.88,19.5,67.26,Inox,Strunjire,111,0,Niciunul
159,Burghiu,HSS DRILL Ø6,2040,589.16,2.49,16.69,85.23,7.15,56.7,99.54,Inox,Gaurire,307,1,Supraincalzire
20,Burghiu,HSS DRILL Ø6,2597,1142.35,1.6,12.48,49.28,1.11,7.1,73.11,Aluminiu,Gaurire,30,0,Niciunul
7,Placuta amovibila,WNMG080408,3174,526.71,1.52,6.93,57.59,1.92,5.7,69.7,Inox,Strunjire,18,0,Niciunul
253,Burghiu,HSS DRILL Ø6,2055,758.67,0.95,15.09,56.41,1.26,12.6,66.57,Otel,Gaurire,206,0,Niciunul
101,Placuta amovibila,CNMG120408,4398,872.12,0.49,13.09,57.95,1.81,1.7,70.48,Aluminiu,Strunjire,463,0,Niciunul
253,Tarod,TAROD M10 ISO2,3000,221.62,1.09,6.68,94.23,7.25,58.7,91.17,Inox,Filetare,206,1,Uzura excesiva
299,Freza,FREZA HSS Ø8 2F,3191,394.55,0.84,12.48,68.29,1.46,8.8,67.96,Inox,Frezare,105,0,Niciunul
186,Tarod,TAROD M10 ISO2,2443,1121.19,2.91,19.09,43.02,1.45,4.4,67.48,Inox,Filetare,37,0,Niciunul
265,Burghiu,CARBIDE DRILL Ø12,4694,510.44,2.13,16.44,59.75,0.73,1.7,61.43,Inox,Gaurire,292,0,Niciunul
23,Burghiu,CARBIDE DRILL Ø12,3117,711.11,0.79,14.31,109.07,6.05,78.4,97.05,Otel,Gaurire,422,1,Supraincalzire
191,Placuta amovibila,CNMG120408,3936,742.45,1.61,16.21,45.54,1.43,9.4,72.92,Aluminiu,Strunjire,187,0,Niciunul
188,Freza,FREZA HSS Ø8 2F,5879,1005.77,0.79,11.23,109.11,7.31,63.1,98.67,Inox,Frezare,275,1,Supraincalzire
204,Freza,FREZA HSS Ø8 2F,4380,501.29,1.19,18.75,53.25,0.8,13.2,67.91,Inox,Frezare,261,0,Niciunul
123,Placuta amovibila,CNMG120408,1611,1185.41,1.54,18.24,68.1,1.86,16.0,73.33,Otel,Strunjire,138,0,Niciunul
197,Freza,FREZA CARBURA Ø10 4F,2779,667.36,2.74,15.0,159.82,10.89,71.9,84.81,Inox,Frezare,9,1,Vibratii
54,Freza,FREZA HSS Ø8 2F,5085,1198.05,1.0,6.47,61.73,1.17,16.7,64.62,Aluminiu,Frezare,272,0,Niciunul
37,Freza,FREZA HSS Ø8 2F,4411,404.42,0.22,18.26,40.78,1.62,14.3,61.24,Inox,Frezare,463,0,Niciunul
257,Freza,FREZA HSS Ø8 2F,3873,1024.34,1.27,17.54,145.52,4.36,85.7,88.05,Aluminiu,Frezare,27,1,Supraincalzire
150,Burghiu,HSS DRILL Ø6,5194,765.93,0.51,6.61,63.94,0.8,11.9,67.06,Aluminiu,Gaurire,4,0,Niciunul
229,Burghiu,CARBIDE DRILL Ø12,2159,725.82,2.17,9.74,51.21,1.0,11.4,63.24,Otel,Gaurire,7,0,Niciunul
57,Placuta amovibila,CNMG120408,3369,709.2,1.91,12.2,60.51,1.92,6.5,62.82,Inox,Strunjire,44,0,Niciunul
243,Placuta amovibila,WNMG080408,2247,840.22,2.68,8.51,125.28,3.6,94.5,93.95,Aluminiu,Strunjire,267,1,Supraincalzire
187,Placuta amovibila,CNMG120408,2669,996.63,1.8,17.55,82.4,7.43,74.8,80.02,Inox,Strunjire,93,1,Uzura excesiva
9,Freza,FREZA HSS Ø8 2F,2595,977.4,2.51,14.36,107.17,4.62,77.2,87.04,Inox,Frezare,296,1,Uzura excesiva
213,Placuta amovibila,CNMG120408,4594,676.07,0.12,11.36,47.18,0.66,1.9,66.48,Inox,Strunjire,199,0,Niciunul
169,Freza,FREZA HSS Ø8 2F,5163,809.15,2.84,12.73,61.25,1.3,14.1,60.91,Aluminiu,Frezare,16,0,Niciunul
73,Freza,FREZA HSS Ø8 2F,2461,373.23,2.67,15.6,51.63,1.35,11.2,66.69,Aluminiu,Frezare,461,0,Niciunul
23,Freza,FREZA CARBURA Ø10 4F,2511,1190.36,0.45,12.15,51.72,0.53,2.6,60.84,Inox,Frezare,120,0,Niciunul
252,Burghiu,CARBIDE DRILL Ø12,4910,642.7,1.11,8.73,63.17,1.75,5.5,66.0,Aluminiu,Gaurire,461,0,Niciunul
34,Burghiu,CARBIDE DRILL Ø12,2094,833.4,0.38,13.49,85.78,3.31,72.5,97.8,Aluminiu,Gaurire,102,1,Supraincalzire
299,Burghiu,CARBIDE DRILL Ø12,5316,216.85,1.83,6.11,39.75,0.76,14.6,68.54,Inox,Gaurire,176,0,Niciunul
214,Placuta amovibila,WNMG080408,4082,362.75,2.81,14.62,69.31,1.78,6.4,68.75,Otel,Strunjire,236,0,Niciunul
97,Tarod,TAROD M10 ISO2,3920,418.0,1.24,19.33,84.31,5.31,82.9,84.71,Inox,Filetare,203,1,Uzura excesiva
25,Freza,FREZA CARBURA Ø10 4F,2836,685.51,1.72,18.0,67.51,1.23,0.1,74.5,Aluminiu,Frezare,270,0,Niciunul
279,Placuta amovibila,WNMG080408,5231,304.36,0.65,6.63,88.4,9.47,50.8,96.55,Inox,Strunjire,397,1,Vibratii
152,Placuta amovibila,CNMG120408,3434,865.66,1.36,6.85,69.06,0.52,9.8,60.2,Otel,Strunjire,277,0,Niciunul
200,Freza,FREZA HSS Ø8 2F,5572,804.77,0.24,19.06,91.81,7.09,80.3,86.21,Aluminiu,Frezare,498,1,Uzura excesiva
225,Placuta amovibila,CNMG120408,2051,501.79,1.89,8.25,53.74,1.7,8.0,64.55,Otel,Strunjire,132,0,Niciunul
9,Burghiu,CARBIDE DRILL Ø12,5448,420.79,2.26,12.86,38.61,1.47,6.3,62.95,Aluminiu,Gaurire,355,0,Niciunul
160,Freza,FREZA CARBURA Ø10 4F,2263,328.36,2.72,7.62,60.04,1.62,6.6,64.64,Otel,Frezare,330,0,Niciunul
257,Burghiu,CARBIDE DRILL Ø12,5071,419.83,2.93,15.22,45.64,1.48,5.1,63.55,Inox,Gaurire,449,0,Niciunul
288,Tarod,TAROD M10 ISO2,5386,1032.28,3.0,16.09,133.59,10.44,88.6,95.48,Otel,Filetare,89,1,Supraincalzire
285,Placuta amovibila,CNMG120408,4619,622.21,1.03,10.78,151.42,11.97,90.9,99.87,Aluminiu,Strunjire,449,1,Vibratii
32,Burghiu,CARBIDE DRILL Ø12,2316,1025.4,2.83,14.71,60.59,1.34,16.9,62.13,Otel,Gaurire,365,0,Niciunul
298,Freza,FREZA HSS Ø8 2F,2495,463.25,1.34,13.69,46.34,0.85,15.0,65.12,Aluminiu,Frezare,459,0,Niciunul
247,Burghiu,HSS DRILL Ø6,4830,571.25,1.83,14.67,103.6,3.25,77.5,83.35,Otel,Gaurire,156,1,Vibratii
252,Freza,FREZA CARBURA Ø10 4F,5522,1067.42,0.99,14.78,68.42,1.48,8.9,68.73,Aluminiu,Frezare,165,0,Niciunul
281,Freza,FREZA CARBURA Ø10 4F,5043,755.03,1.45,8.3,102.92,4.09,85.1,84.74,Inox,Frezare,425,1,Supraincalzire
288,Burghiu,CARBIDE DRILL Ø12,2561,837.11,2.42,8.48,49.28,1.97,15.1,61.58,Inox,Gaurire,165,0,Niciunul
99,Placuta amovibila,WNMG080408,1671,796.61,0.44,10.33,64.87,1.7,15.3,72.58,Inox,Strunjire,300,0,Niciunul
139,Freza,FREZA HSS Ø8 2F,1860,404.42,1.16,6.02,100.49,5.4,54.3,96.66,Inox,Frezare,376,1,Supraincalzire
170,Placuta amovibila,WNMG080408,3118,207.07,0.77,7.54,47.03,0.82,3.0,74.53,Inox,Strunjire,344,0,Niciunul
161,Placuta amovibila,CNMG120408,5036,235.8,1.27,15.27,93.9,8.97,60.9,88.46,Aluminiu,Strunjire,367,1,Vibratii
287,Burghiu,CARBIDE DRILL Ø12,1642,1157.12,1.22,12.72,42.16,0.97,12.2,60.25,Otel,Gaurire,230,0,Niciunul
154,Placuta amovibila,CNMG120408,5881,703.43,0.3,9.6,138.81,5.66,99.1,97.66,Inox,Strunjire,406,1,Supraincalzire
221,Burghiu,CARBIDE DRILL Ø12,2443,368.26,1.29,11.85,109.46,9.58,79.7,83.1,Otel,Gaurire,188,1,Uzura excesiva
131,Burghiu,CARBIDE DRILL Ø12,2890,383.11,0.46,19.56,63.39,0.61,2.9,66.39,Aluminiu,Gaurire,21,0,Niciunul
164,Burghiu,CARBIDE DRILL Ø12,5223,211.57,0.77,17.21,65.86,0.8,5.2,71.3,Aluminiu,Gaurire,138,0,Niciunul
149,Placuta amovibila,WNMG080408,2873,1072.98,1.56,9.41,36.57,0.57,6.2,64.18,Aluminiu,Strunjire,45,0,Niciunul
206,Burghiu,CARBIDE DRILL Ø12,3052,746.54,2.38,7.0,97.14,5.4,64.2,87.13,Otel,Gaurire,238,1,Vibratii
188,Placuta amovibila,CNMG120408,5685,457.78,1.57,14.02,131.15,3.58,40.7,92.65,Aluminiu,Strunjire,498,1,Vibratii
207,Burghiu,HSS DRILL Ø6,3570,458.12,0.14,13.9,47.32,1.72,7.5,62.38,Otel,Gaurire,462,0,Niciunul
30,Placuta amovibila,CNMG120408,1853,631.44,1.46,6.73,65.27,1.4,15.2,71.63,Otel,Strunjire,45,0,Niciunul
117,Freza,FREZA CARBURA Ø10 4F,1587,762.64,1.2,6.64,137.57,6.97,95.3,80.91,Otel,Frezare,340,1,Uzura excesiva
192,Burghiu,HSS DRILL Ø6,4160,604.76,2.13,18.95,35.76,1.42,15.1,70.57,Inox,Gaurire,110,0,Niciunul
61,Placuta amovibila,WNMG080408,2106,1043.88,2.01,13.44,62.07,1.61,13.3,67.22,Inox,Strunjire,71,0,Niciunul
67,Freza,FREZA HSS Ø8 2F,5573,656.75,2.44,6.44,151.29,11.2,93.4,87.41,Inox,Frezare,319,1,Vibratii
65,Burghiu,HSS DRILL Ø6,4932,1003.03,0.18,16.32,49.85,1.53,5.6,72.35,Inox,Gaurire,45,0,Niciunul
231,Burghiu,CARBIDE DRILL Ø12,3217,1091.27,0.43,10.72,52.46,1.31,4.0,66.49,Aluminiu,Gaurire,447,0,Niciunul
75,Burghiu,CARBIDE DRILL Ø12,4133,305.8,1.34,10.52,50.66,0.58,20.0,71.15,Inox,Gaurire,175,0,Niciunul
166,Freza,FREZA CARBURA Ø10 4F,2336,1151.97,2.54,9.3,149.47,6.66,78.4,95.65,Inox,Frezare,198,1,Vibratii
168,Placuta amovibila,WNMG080408,5062,1002.79,0.8,16.67,120.78,4.92,80.6,86.8,Aluminiu,Strunjire,80,1,Supraincalzire
180,Burghiu,HSS DRILL Ø6,1704,804.3,1.73,12.44,38.37,0.51,2.2,65.97,Aluminiu,Gaurire,382,0,Niciunul
18,Burghiu,HSS DRILL Ø6,3931,949.99,0.91,6.18,87.78,3.47,67.8,81.14,Inox,Gaurire,361,1,Uzura excesiva
295,Freza,FREZA CARBURA Ø10 4F,5761,614.24,0.91,10.92,42.62,0.74,0.1,67.35,Aluminiu,Frezare,314,0,Niciunul
122,Burghiu,CARBIDE DRILL Ø12,4051,209.28,2.25,13.77,54.96,1.05,12.9,68.3,Otel,Gaurire,432,0,Niciunul
13,Freza,FREZA HSS Ø8 2F,5433,782.82,1.62,16.67,43.08,1.35,19.3,74.37,Otel,Frezare,214,0,Niciunul
55,Burghiu,HSS DRILL Ø6,4173,854.22,0.13,10.51,57.03,1.89,10.2,60.27,Aluminiu,Gaurire,58,0,Niciunul
117,Placuta amovibila,WNMG080408,2842,919.1,1.63,13.72,56.26,0.97,8.4,63.0,Aluminiu,Strunjire,62,0,Niciunul
277,Freza,FREZA CARBURA Ø10 4F,4368,530.6,0.45,5.34,45.52,1.26,11.1,70.19,Aluminiu,Frezare,314,0,Niciunul
219,Freza,FREZA CARBURA Ø10 4F,3756,971.53,0.46,11.45,64.84,1.76,12.3,74.0,Inox,Frezare,205,0,Niciunul
178,Tarod,TAROD M10 ISO2,5487,868.76,2.2,17.57,63.19,1.8,2.2,63.31,Otel,Filetare,404,0,Niciunul
5,Burghiu,CARBIDE DRILL Ø12,5275,1197.07,0.89,5.5,51.02,1.95,9.0,69.14,Otel,Gaurire,75,0,Niciunul
122,Placuta amovibila,WNMG080408,2352,550.13,1.5,6.33,65.58,1.19,5.1,61.11,Otel,Strunjire,257,0,Niciunul
69,Burghiu,HSS DRILL Ø6,2137,625.89,1.45,14.85,60.52,1.94,1.5,71.85,Aluminiu,Gaurire,343,0,Niciunul
114,Placuta amovibila,CNMG120408,4562,654.21,0.67,10.01,132.54,5.56,86.3,81.64,Aluminiu,Strunjire,283,1,Uzura excesiva
135,Placuta amovibila,CNMG120408,4995,210.27,1.53,8.92,86.34,11.12,53.1,98.98,Otel,Strunjire,145,1,Vibratii
160,Tarod,TAROD M10 ISO2,4848,727.58,0.55,12.79,39.58,1.44,12.8,67.56,Otel,Filetare,183,0,Niciunul
140,Tarod,TAROD M10 ISO2,2631,210.73,2.64,7.16,45.07,1.37,11.1,71.63,Aluminiu,Filetare,366,0,Niciunul
247,Burghiu,CARBIDE DRILL Ø12,1656,652.61,1.49,10.06,106.02,6.77,75.2,99.16,Inox,Gaurire,301,1,Uzura excesiva
188,Burghiu,HSS DRILL Ø6,1731,887.43,0.75,10.33,152.53,4.99,79.7,80.84,Inox,Gaurire,289,1,Vibratii
291,Burghiu,HSS DRILL Ø6,5623,754.45,1.32,7.96,124.09,9.29,70.9,82.96,Aluminiu,Gaurire,99,1,Vibratii
125,Tarod,TAROD M10 ISO2,5602,583.96,1.48,7.48,46.38,1.99,2.9,73.41,Inox,Filetare,483,0,Niciunul
241,Freza,FREZA CARBURA Ø10 4F,5792,204.15,1.65,18.08,40.38,1.15,15.1,73.95,Inox,Frezare,249,0,Niciunul
156,Tarod,TAROD M10 ISO2,5902,584.15,0.52,18.85,48.31,0.81,16.4,70.96,Inox,Filetare,446,0,Niciunul
151,Placuta amovibila,CNMG120408,4566,554.33,2.18,7.15,51.81,1.32,17.4,74.98,Aluminiu,Strunjire,69,0,Niciunul
115,Freza,FREZA HSS Ø8 2F,5838,1034.56,2.0,10.31,65.73,0.75,19.3,63.74,Inox,Frezare,228,0,Niciunul
266,Freza,FREZA HSS Ø8 2F,4631,412.14,1.12,10.01,106.34,8.55,50.3,89.44,Aluminiu,Frezare,483,1,Vibratii
131,Freza,FREZA CARBURA Ø10 4F,3213,348.04,1.99,10.73,67.85,1.72,13.3,70.73,Inox,Frezare,76,0,Niciunul
175,Tarod,TAROD M10 ISO2,3171,332.54,0.98,13.5,55.88,1.57,8.6,63.12,Inox,Filetare,340,0,Niciunul
292,Placuta amovibila,WNMG080408,3062,885.58,0.91,17.39,59.66,0.61,11.4,68.44,Inox,Strunjire,180,0,Niciunul
153,Placuta amovibila,WNMG080408,2988,792.56,0.69,7.16,59.74,1.91,18.0,74.1,Otel,Strunjire,248,0,Niciunul
181,Placuta amovibila,WNMG080408,5314,1013.47,2.3,16.57,117.43,6.32,55.1,86.29,Inox,Strunjire,15,1,Supraincalzire
283,Placuta amovibila,CNMG120408,2486,958.36,1.85,10.83,63.17,0.7,7.1,63.4,Aluminiu,Strunjire,339,0,Niciunul
27,Placuta amovibila,WNMG080408,4490,1165.54,2.68,7.76,37.81,1.16,3.0,62.81,Inox,Strunjire,171,0,Niciunul
115,Burghiu,HSS DRILL Ø6,1953,768.27,0.87,10.66,37.05,0.56,11.1,61.81,Aluminiu,Gaurire,70,0,Niciunul
195,Freza,FREZA HSS Ø8 2F,2168,985.25,0.82,8.52,49.88,0.63,7.1,64.15,Aluminiu,Frezare,10,0,Niciunul
227,Burghiu,CARBIDE DRILL Ø12,1561,1003.45,1.41,13.7,129.26,11.61,62.9,97.81,Inox,Gaurire,410,1,Supraincalzire
274,Freza,FREZA CARBURA Ø10 4F,2341,945.8,2.37,7.36,37.87,1.52,12.8,61.77,Aluminiu,Frezare,84,0,Niciunul
10,Placuta amovibila,WNMG080408,4008,1114.93,0.94,10.17,66.58,1.47,5.2,66.27,Otel,Strunjire,308,0,Niciunul
184,Tarod,TAROD M10 ISO2,5504,535.43,2.28,16.99,52.34,1.38,20.0,72.27,Inox,Filetare,63,0,Niciunul
147,Placuta amovibila,CNMG120408,5030,990.21,0.72,7.37,60.06,0.82,4.8,65.61,Otel,Strunjire,378,0,Niciunul
292,Freza,FREZA HSS Ø8 2F,5665,1147.72,0.39,17.86,63.03,0.95,19.4,61.51,Otel,Frezare,101,0,Niciunul
215,Freza,FREZA CARBURA Ø10 4F,2599,1025.87,1.28,8.44,38.42,0.65,9.2,72.93,Otel,Frezare,333,0,Niciunul
182,Placuta amovibila,CNMG120408,5557,1173.85,1.68,12.03,63.38,1.73,11.8,73.32,Otel,Strunjire,255,0,Niciunul
95,Placuta amovibila,WNMG080408,2454,1005.27,0.19,9.31,151.65,7.69,72.3,93.13,Aluminiu,Strunjire,240,1,Vibratii
28,Placuta amovibila,WNMG080408,4089,333.02,2.04,5.15,51.28,1.66,18.7,72.62,Aluminiu,Strunjire,231,0,Niciunul
186,Burghiu,HSS DRILL Ø6,3113,728.59,2.31,5.07,35.8,1.89,17.0,61.73,Aluminiu,Gaurire,495,0,Niciunul
51,Tarod,TAROD M10 ISO2,3245,857.23,2.91,15.64,60.65,1.87,9.9,74.75,Inox,Filetare,423,0,Niciunul
41,Burghiu,HSS DRILL Ø6,5204,460.2,0.96,13.95,51.71,1.84,4.9,62.49,Inox,Gaurire,150,0,Niciunul
6,Tarod,TAROD M10 ISO2,1892,1057.54,2.35,12.36,35.81,0.83,11.5,62.73,Inox,Filetare,66,0,Niciunul
221,Freza,FREZA CARBURA Ø10 4F,5147,992.1,2.28,9.04,57.07,1.13,3.2,63.44,Aluminiu,Frezare,438,0,Niciunul
127,Freza,FREZA HSS Ø8 2F,2760,1109.38,1.35,17.38,57.91,1.33,11.9,60.68,Otel,Frezare,96,0,Niciunul
148,Freza,FREZA CARBURA Ø10 4F,1721,759.4,2.4,6.82,54.95,0.93,4.4,67.95,Aluminiu,Frezare,202,0,Niciunul
247,Placuta amovibila,CNMG120408,4138,453.57,1.68,10.23,85.96,11.26,66.1,91.86,Aluminiu,Strunjire,437,1,Uzura excesiva
52,Burghiu,CARBIDE DRILL Ø12,5332,719.41,2.78,5.92,120.59,5.42,87.5,89.83,Inox,Gaurire,96,1,Supraincalzire
2,Freza,FREZA HSS Ø8 2F,4952,494.09,2.15,18.17,64.47,0.74,6.2,67.31,Inox,Frezare,52,0,Niciunul
94,Placuta amovibila,WNMG080408,2271,349.49,2.48,9.53,142.69,9.39,84.9,83.55,Inox,Strunjire,26,1,Vibratii
218,Freza,FREZA CARBURA Ø10 4F,3923,328.38,0.86,6.04,62.09,1.23,8.0,73.39,Inox,Frezare,93,0,Niciunul
246,Placuta amovibila,WNMG080408,5249,875.35,0.4,11.97,46.05,0.68,10.7,63.1,Aluminiu,Strunjire,226,0,Niciunul
177,Burghiu,HSS DRILL Ø6,1626,1041.6,1.28,18.3,157.71,5.77,72.1,88.31,Inox,Gaurire,82,1,Vibratii
189,Burghiu,CARBIDE DRILL Ø12,4633,604.63,0.92,14.71,148.26,6.5,40.2,81.37,Inox,Gaurire,60,1,Uzura excesiva
207,Placuta amovibila,WNMG080408,2894,266.9,2.07,20.0,48.4,0.77,10.4,71.01,Otel,Strunjire,282,0,Niciunul
190,Placuta amovibila,WNMG080408,3560,501.7,1.58,9.06,43.86,1.86,10.3,61.61,Otel,Strunjire,21,0,Niciunul
55,Tarod,TAROD M10 ISO2,2575,954.2,1.61,13.46,66.55,0.61,15.6,63.63,Otel,Filetare,173,0,Niciunul
266,Burghiu,HSS DRILL Ø6,2850,824.28,2.8,10.88,35.38,0.57,1.1,64.83,Otel,Gaurire,82,0,Niciunul
33,Placuta amovibila,WNMG080408,3858,542.95,1.0,9.38,62.14,1.72,3.8,62.23,Otel,Strunjire,208,0,Niciunul
180,Tarod,TAROD M10 ISO2,4871,812.7,1.26,18.64,51.43,0.88,16.8,63.25,Inox,Filetare,140,0,Niciunul
156,Burghiu,CARBIDE DRILL Ø12,3325,895.77,1.91,12.78,40.86,1.78,19.1,70.63,Otel,Gaurire,337,0,Niciunul
29,Placuta amovibila,CNMG120408,4815,1020.88,0.78,18.88,52.75,1.27,2.3,73.69,Inox,Strunjire,215,0,Niciunul
181,Burghiu,CARBIDE DRILL Ø12,4076,463.69,2.44,12.1,40.93,1.8,13.4,74.4,Inox,Gaurire,19,0,Niciunul
179,Placuta amovibila,CNMG120408,5732,460.52,0.34,12.27,63.68,1.67,0.7,74.95,Inox,Strunjire,429,0,Niciunul
52,Burghiu,HSS DRILL Ø6,2818,363.72,0.82,6.8,96.53,10.71,58.1,84.35,Aluminiu,Gaurire,440,1,Vibratii
102,Placuta amovibila,WNMG080408,2928,677.05,1.1,9.69,55.85,1.6,4.0,66.96,Aluminiu,Strunjire,338,0,Niciunul
64,Freza,FREZA CARBURA Ø10 4F,5978,1190.82,0.69,8.42,143.32,9.4,50.8,84.46,Inox,Frezare,141,1,Vibratii
16,Placuta amovibila,CNMG120408,4916,562.66,0.86,14.74,51.38,0.91,6.4,69.6,Inox,Strunjire,496,0,Niciunul
25,Burghiu,CARBIDE DRILL Ø12,3830,211.55,0.27,17.07,43.15,0.7,19.5,73.0,Aluminiu,Gaurire,261,0,Niciunul
157,Freza,FREZA CARBURA Ø10 4F,1717,539.47,2.76,5.86,52.68,1.9,2.9,72.48,Otel,Frezare,340,0,Niciunul
10,Tarod,TAROD M10 ISO2,3537,802.43,1.14,14.61,67.23,0.6,10.4,72.98,Inox,Filetare,165,0,Niciunul
79,Burghiu,HSS DRILL Ø6,5411,438.03,0.1,15.2,56.3,0.87,5.4,65.83,Otel,Gaurire,495,0,Niciunul
241,Freza,FREZA HSS Ø8 2F,4711,248.98,2.08,14.53,55.78,1.15,12.2,65.34,Inox,Frezare,295,0,Niciunul
146,Burghiu,CARBIDE DRILL Ø12,4469,368.4,1.43,19.33,148.34,3.72,50.9,83.45,Inox,Gaurire,439,1,Supraincalzire
44,Freza,FREZA HSS Ø8 2F,3917,869.26,1.99,17.05,66.75,0.62,2.2,60.93,Inox,Frezare,488,0,Niciunul
23,Placuta amovibila,CNMG120408,3130,997.64,0.51,13.84,38.86,0.81,16.1,73.75,Otel,Strunjire,191,0,Niciunul
87,Placuta amovibila,CNMG120408,2951,236.9,1.73,5.37,56.79,1.65,9.6,65.35,Otel,Strunjire,135,0,Niciunul
233,Freza,FREZA CARBURA Ø10 4F,4777,908.49,1.55,8.67,65.88,0.79,16.4,72.98,Aluminiu,Frezare,149,0,Niciunul
224,Burghiu,HSS DRILL Ø6,2605,1040.61,2.77,10.18,47.78,1.95,13.0,66.17,Inox,Gaurire,244,0,Niciunul
174,Tarod,TAROD M10 ISO2,4855,1128.32,1.5,19.21,68.95,1.26,6.8,72.18,Aluminiu,Filetare,422,0,Niciunul
249,Freza,FREZA HSS Ø8 2F,4397,914.8,1.67,12.25,63.65,1.85,17.3,72.72,Inox,Frezare,33,0,Niciunul
93,Tarod,TAROD M10 ISO2,3299,745.71,0.23,15.98,40.98,1.5,17.7,72.87,Aluminiu,Filetare,499,0,Niciunul
216,Freza,FREZA CARBURA Ø10 4F,4904,1048.4,0.53,8.7,62.46,1.38,3.5,71.7,Aluminiu,Frezare,36,0,Niciunul
101,Tarod,TAROD M10 ISO2,2023,964.81,1.48,19.11,54.78,0.63,6.0,61.34,Otel,Filetare,202,0,Niciunul
209,Placuta amovibila,CNMG120408,3936,453.96,2.12,5.36,41.36,1.55,5.2,70.53,Otel,Strunjire,197,0,Niciunul
115,Freza,FREZA CARBURA Ø10 4F,5201,1132.08,1.72,17.5,62.86,1.71,17.9,71.07,Otel,Frezare,422,0,Niciunul
50,Burghiu,CARBIDE DRILL Ø12,1929,668.46,2.33,12.07,35.67,1.62,8.2,67.86,Otel,Gaurire,47,0,Niciunul
287,Burghiu,HSS DRILL Ø6,1795,692.88,0.61,7.76,36.19,1.11,0.7,70.61,Inox,Gaurire,123,0,Niciunul
273,Placuta amovibila,CNMG120408,2101,846.24,1.22,19.2,65.22,1.9,2.1,73.08,Aluminiu,Strunjire,303,0,Niciunul
194,Burghiu,HSS DRILL Ø6,5002,1195.21,1.86,13.49,54.7,1.81,6.7,72.36,Inox,Gaurire,153,0,Niciunul
139,Placuta amovibila,CNMG120408,5749,673.21,0.89,11.39,51.82,1.88,7.1,66.41,Otel,Strunjire,70,0,Niciunul
187,Tarod,TAROD M10 ISO2,4372,1081.35,0.37,15.85,38.06,1.69,19.8,67.54,Otel,Filetare,445,0,Niciunul
12,Placuta amovibila,CNMG120408,2717,238.53,2.66,15.53,38.35,1.43,5.4,67.86,Aluminiu,Strunjire,259,0,Niciunul
126,Burghiu,CARBIDE DRILL Ø12,2142,469.91,2.86,5.94,152.1,3.03,88.4,83.81,Inox,Gaurire,151,1,Vibratii
190,Freza,FREZA HSS Ø8 2F,3971,433.66,0.94,5.82,36.11,1.23,13.7,68.54,Inox,Frezare,429,0,Niciunul
204,Tarod,TAROD M10 ISO2,3959,1150.48,2.51,7.32,130.26,10.78,40.1,82.54,Aluminiu,Filetare,214,1,Supraincalzire
267,Freza,FREZA CARBURA Ø10 4F,4466,525.1,2.53,8.59,64.46,0.69,0.4,63.6,Otel,Frezare,71,0,Niciunul
122,Freza,FREZA CARBURA Ø10 4F,5970,412.25,0.63,13.61,44.89,1.37,2.4,64.12,Inox,Frezare,471,0,Niciunul
207,Placuta amovibila,CNMG120408,5580,1049.69,1.33,10.89,53.39,1.91,9.1,73.97,Otel,Strunjire,451,0,Niciunul
158,Placuta amovibila,CNMG120408,1535,270.46,1.75,13.61,64.7,1.78,8.8,70.14,Aluminiu,Strunjire,460,0,Niciunul
40,Freza,FREZA HSS Ø8 2F,2498,1198.14,2.22,19.45,126.92,11.8,62.6,89.32,Aluminiu,Frezare,282,1,Uzura excesiva
158,Burghiu,HSS DRILL Ø6,2693,1068.64,2.86,16.84,45.55,2.0,13.4,63.11,Inox,Gaurire,22,0,Niciunul
280,Placuta amovibila,WNMG080408,3916,555.19,1.88,15.23,68.86,1.11,19.7,68.94,Inox,Strunjire,20,0,Niciunul
278,Placuta amovibila,CNMG120408,5868,1144.14,1.77,8.88,56.76,1.62,2.9,70.53,Inox,Strunjire,195,0,Niciunul
19,Burghiu,CARBIDE DRILL Ø12,4290,607.82,1.12,18.96,51.66,1.73,7.4,74.5,Inox,Gaurire,472,0,Niciunul
32,Freza,FREZA HSS Ø8 2F,1646,712.22,0.67,11.57,59.24,1.82,6.8,64.17,Aluminiu,Frezare,331,0,Niciunul
291,Placuta amovibila,CNMG120408,3557,1000.1,1.77,16.91,83.04,11.14,44.6,91.86,Otel,Strunjire,130,1,Supraincalzire
142,Tarod,TAROD M10 ISO2,4525,887.3,1.23,18.22,69.5,1.51,6.7,63.44,Otel,Filetare,265,0,Niciunul
222,Freza,FREZA HSS Ø8 2F,3421,1056.05,0.46,10.82,52.41,1.02,12.3,61.01,Aluminiu,Frezare,71,0,Niciunul
236,Tarod,TAROD M10 ISO2,2308,1045.6,2.62,15.0,60.36,1.72,3.1,69.93,Inox,Filetare,2,0,Niciunul
41,Burghiu,CARBIDE DRILL Ø12,4521,1161.01,0.97,9.27,65.16,1.44,14.1,74.69,Inox,Gaurire,175,0,Niciunul
238,Freza,FREZA CARBURA Ø10 4F,2837,1102.14,0.72,17.89,35.9,1.61,13.3,69.63,Aluminiu,Frezare,37,0,Niciunul
108,Tarod,TAROD M10 ISO2,3304,319.58,2.6,15.68,39.6,1.65,1.0,64.48,Aluminiu,Filetare,44,0,Niciunul
177,Burghiu,CARBIDE DRILL Ø12,2253,966.15,1.15,7.01,62.59,1.43,8.1,61.4,Aluminiu,Gaurire,410,0,Niciunul
3,Tarod,TAROD M10 ISO2,2897,828.62,1.44,16.85,130.14,3.09,97.9,85.84,Aluminiu,Filetare,243,1,Uzura excesiva
268,Placuta amovibila,CNMG120408,2390,949.92,2.17,16.65,65.45,1.61,17.5,60.03,Otel,Strunjire,254,0,Niciunul
19,Freza,FREZA HSS Ø8 2F,5912,746.72,1.71,7.2,134.22,5.12,40.2,96.6,Otel,Frezare,290,1,Vibratii
6,Burghiu,HSS DRILL Ø6,4830,701.44,0.71,14.33,37.08,1.45,2.3,73.36,Inox,Gaurire,47,0,Niciunul
271,Placuta amovibila,WNMG080408,5887,1038.8,2.69,11.65,38.33,0.81,0.2,60.36,Aluminiu,Strunjire,304,0,Niciunul
115,Tarod,TAROD M10 ISO2,5720,1164.86,2.36,15.31,49.75,1.06,18.3,73.0,Otel,Filetare,370,0,Niciunul
59,Placuta amovibila,CNMG120408,3905,1016.54,0.32,7.85,81.3,6.45,67.4,98.99,Aluminiu,Strunjire,49,1,Vibratii
158,Freza,FREZA CARBURA Ø10 4F,2832,1037.95,2.43,16.12,64.48,1.98,10.9,72.16,Aluminiu,Frezare,420,0,Niciunul
69,Placuta amovibila,WNMG080408,3689,367.06,0.97,8.85,61.4,0.55,14.6,73.05,Aluminiu,Strunjire,382,0,Niciunul
104,Burghiu,HSS DRILL Ø6,2950,1169.09,2.99,12.83,61.08,1.67,4.7,67.26,Inox,Gaurire,169,0,Niciunul
240,Burghiu,HSS DRILL Ø6,2717,673.86,0.55,11.25,53.59,1.34,1.2,73.84,Otel,Gaurire,405,0,Niciunul
164,Burghiu,HSS DRILL Ø6,5404,940.42,2.99,19.3,36.82,1.07,15.8,60.55,Otel,Gaurire,436,0,Niciunul
62,Tarod,TAROD M10 ISO2,3352,641.07,0.94,18.74,113.48,3.58,67.7,84.05,Aluminiu,Filetare,424,1,Uzura excesiva
257,Placuta amovibila,WNMG080408,4684,951.27,2.74,13.86,125.28,9.23,73.4,89.73,Aluminiu,Strunjire,281,1,Uzura excesiva
250,Burghiu,CARBIDE DRILL Ø12,1930,1027.55,2.54,17.22,50.79,0.72,17.9,69.03,Otel,Gaurire,63,0,Niciunul
78,Burghiu,CARBIDE DRILL Ø12,2931,707.89,0.77,14.87,39.9,1.75,13.7,73.81,Otel,Gaurire,379,0,Niciunul
65,Tarod,TAROD M10 ISO2,5217,1135.68,1.98,15.27,41.97,1.54,3.0,74.38,Otel,Filetare,186,0,Niciunul
240,Burghiu,CARBIDE DRILL Ø12,5874,752.01,1.01,12.76,68.66,0.69,5.4,65.52,Inox,Gaurire,258,0,Niciunul
39,Tarod,TAROD M10 ISO2,1525,801.85,0.59,11.42,65.37,1.06,3.0,61.35,Aluminiu,Filetare,60,0,Niciunul
255,Tarod,TAROD M10 ISO2,1877,805.79,0.5,18.29,132.69,8.64,99.0,92.39,Otel,Filetare,455,1,Uzura excesiva
17,Placuta amovibila,WNMG080408,5121,385.74,1.49,16.34,55.06,0.96,13.2,65.21,Otel,Strunjire,112,0,Niciunul
201,Tarod,TAROD M10 ISO2,2393,382.01,1.14,13.36,64.77,0.82,11.6,73.22,Aluminiu,Filetare,49,0,Niciunul
200,Freza,FREZA CARBURA Ø10 4F,2662,494.76,1.94,18.14,53.2,1.56,5.9,63.06,Otel,Frezare,278,0,Niciunul
39,Burghiu,HSS DRILL Ø6,1788,480.91,1.8,19.13,39.75,0.59,11.1,73.84,Aluminiu,Gaurire,86,0,Niciunul
57,Freza,FREZA HSS Ø8 2F,2862,785.9,1.67,5.29,55.04,0.8,0.7,71.86,Otel,Frezare,145,0,Niciunul
223,Placuta amovibila,CNMG120408,4807,376.05,0.32,9.02,124.62,7.68,69.1,92.08,Otel,Strunjire,201,1,Uzura excesiva
22,Placuta amovibila,CNMG120408,4845,256.18,1.12,15.35,46.9,1.6,9.6,71.92,Aluminiu,Strunjire,485,0,Niciunul
207,Freza,FREZA HSS Ø8 2F,4227,1030.28,0.49,10.42,37.02,1.28,3.8,63.74,Otel,Frezare,347,0,Niciunul
18,Freza,FREZA HSS Ø8 2F,4886,1041.1,2.83,13.13,36.87,0.54,1.4,65.37,Aluminiu,Frezare,462,0,Niciunul
266,Freza,FREZA CARBURA Ø10 4F,5724,1118.62,2.82,15.41,51.62,1.48,1.5,66.74,Inox,Frezare,452,0,Niciunul
265,Burghiu,HSS DRILL Ø6,2216,956.12,0.6,11.17,128.13,10.43,56.0,85.22,Inox,Gaurire,238,1,Uzura excesiva
106,Placuta amovibila,CNMG120408,1902,407.98,1.35,15.19,66.2,0.69,13.4,64.54,Aluminiu,Strunjire,414,0,Niciunul
264,Placuta amovibila,WNMG080408,3776,1170.5,2.41,10.73,64.35,0.8,17.8,74.53,Otel,Strunjire,372,0,Niciunul
173,Burghiu,HSS DRILL Ø6,4834,979.42,2.99,5.4,54.33,1.45,13.8,74.44,Aluminiu,Gaurire,32,0,Niciunul
244,Freza,FREZA CARBURA Ø10 4F,1993,392.18,2.34,17.52,67.35,1.79,7.0,64.29,Aluminiu,Frezare,254,0,Niciunul
125,Placuta amovibila,CNMG120408,3396,513.94,2.25,5.68,81.76,4.93,42.1,96.13,Aluminiu,Strunjire,219,1,Uzura excesiva
134,Burghiu,CARBIDE DRILL Ø12,3294,385.23,0.57,17.93,57.77,1.13,1.4,65.85,Inox,Gaurire,153,0,Niciunul
106,Freza,FREZA HSS Ø8 2F,2620,564.21,2.4,7.33,111.33,8.0,93.3,99.97,Aluminiu,Frezare,246,1,Vibratii
152,Placuta amovibila,WNMG080408,3567,447.95,1.48,16.4,54.27,0.63,15.5,69.77,Otel,Strunjire,412,0,Niciunul
133,Burghiu,CARBIDE DRILL Ø12,2514,1026.88,1.63,8.6,95.67,5.85,45.5,98.67,Otel,Gaurire,106,1,Supraincalzire
30,Placuta amovibila,WNMG080408,3872,850.02,2.99,12.93,67.96,1.84,2.8,69.09,Aluminiu,Strunjire,460,0,Niciunul
93,Burghiu,CARBIDE DRILL Ø12,2963,1102.92,2.66,9.18,44.23,1.57,16.4,64.66,Inox,Gaurire,476,0,Niciunul
6,Placuta amovibila,CNMG120408,5776,249.45,0.45,15.08,46.03,1.24,11.9,69.51,Aluminiu,Strunjire,149,0,Niciunul
185,Burghiu,HSS DRILL Ø6,4864,575.39,0.36,13.73,52.57,0.74,5.5,70.48,Aluminiu,Gaurire,171,0,Niciunul
268,Burghiu,HSS DRILL Ø6,3196,542.93,2.72,6.51,113.98,7.55,77.0,80.8,Inox,Gaurire,423,1,Uzura excesiva
5,Burghiu,HSS DRILL Ø6,4656,416.97,0.14,8.55,61.67,1.72,0.0,74.54,Inox,Gaurire,435,0,Niciunul
44,Burghiu,CARBIDE DRILL Ø12,5440,1191.22,2.12,9.97,51.79,1.29,16.2,69.37,Otel,Gaurire,215,0,Niciunul
129,Freza,FREZA CARBURA Ø10 4F,2997,595.02,1.83,8.58,152.9,8.37,44.8,95.29,Inox,Frezare,300,1,Vibratii
133,Freza,FREZA HSS Ø8 2F,4359,251.82,0.37,16.19,35.25,0.88,12.4,66.49,Aluminiu,Frezare,471,0,Niciunul
267,Burghiu,HSS DRILL Ø6,5837,1176.28,1.53,11.6,40.52,1.75,16.0,72.46,Aluminiu,Gaurire,132,0,Niciunul
164,Freza,FREZA HSS Ø8 2F,1933,313.13,2.55,18.77,53.49,1.64,7.1,66.68,Inox,Frezare,7,0,Niciunul
239,Freza,FREZA CARBURA Ø10 4F,1944,673.47,1.72,16.81,132.04,7.96,97.5,99.44,Aluminiu,Frezare,450,1,Supraincalzire
36,Burghiu,HSS DRILL Ø6,4177,502.62,1.87,9.5,56.33,0.78,18.2,60.07,Inox,Gaurire,486,0,Niciunul
284,Tarod,TAROD M10 ISO2,4562,632.57,1.9,17.13,65.2,0.85,13.1,68.36,Aluminiu,Filetare,402,0,Niciunul
281,Placuta amovibila,WNMG080408,2545,338.46,2.89,7.07,42.45,1.18,10.3,71.47,Aluminiu,Strunjire,242,0,Niciunul
121,Placuta amovibila,CNMG120408,3336,262.12,1.18,8.45,91.32,8.7,83.5,88.59,Aluminiu,Strunjire,435,1,Vibratii
236,Freza,FREZA CARBURA Ø10 4F,3155,242.05,0.98,6.17,122.41,5.08,74.7,89.5,Inox,Frezare,396,1,Vibratii
260,Burghiu,HSS DRILL Ø6,5349,694.18,2.33,17.98,132.02,3.88,60.8,80.12,Otel,Gaurire,192,1,Uzura excesiva
113,Burghiu,CARBIDE DRILL Ø12,5006,683.37,1.89,12.26,128.11,3.55,85.5,92.3,Otel,Gaurire,450,1,Supraincalzire
81,Tarod,TAROD M10 ISO2,3683,953.57,1.91,18.53,54.62,0.73,17.3,61.71,Inox,Filetare,133,0,Niciunul
119,Burghiu,CARBIDE DRILL Ø12,3200,396.17,1.71,18.67,84.13,5.19,87.0,92.48,Aluminiu,Gaurire,45,1,Vibratii
176,Placuta amovibila,CNMG120408,2128,653.96,0.17,17.47,54.44,0.5,17.9,65.22,Otel,Strunjire,80,0,Niciunul
210,Burghiu,CARBIDE DRILL Ø12,2077,1085.68,0.88,11.88,153.4,8.68,98.5,95.19,Aluminiu,Gaurire,88,1,Supraincalzire
199,Freza,FREZA CARBURA Ø10 4F,4442,948.42,0.57,15.43,150.8,8.17,87.2,88.46,Aluminiu,Frezare,46,1,Supraincalzire
286,Placuta amovibila,WNMG080408,3667,543.68,2.89,12.91,61.56,1.4,10.3,67.96,Aluminiu,Strunjire,263,0,Niciunul
111,Placuta amovibila,CNMG120408,3827,1124.26,1.55,11.72,53.68,0.65,17.8,70.5,Aluminiu,Strunjire,426,0,Niciunul
202,Burghiu,CARBIDE DRILL Ø12,5202,697.85,0.99,18.94,67.79,0.93,5.7,73.82,Inox,Gaurire,423,0,Niciunul
114,Burghiu,HSS DRILL Ø6,5758,838.7,0.96,11.82,87.0,8.24,86.2,90.14,Aluminiu,Gaurire,47,1,Supraincalzire
47,Freza,FREZA CARBURA Ø10 4F,4397,612.7,0.73,5.09,54.78,0.62,13.4,70.96,Otel,Frezare,166,0,Niciunul
76,Freza,FREZA HSS Ø8 2F,5267,405.25,1.06,19.65,43.98,1.62,1.4,65.23,Aluminiu,Frezare,316,0,Niciunul
145,Tarod,TAROD M10 ISO2,3618,546.71,2.58,18.82,43.28,1.49,19.4,61.41,Otel,Filetare,25,0,Niciunul
248,Placuta amovibila,CNMG120408,1968,509.63,1.47,5.37,61.68,0.74,17.1,60.05,Inox,Strunjire,136,0,Niciunul
33,Burghiu,CARBIDE DRILL Ø12,3969,993.27,1.92,9.94,47.0,1.65,1.4,73.48,Otel,Gaurire,118,0,Niciunul
51,Freza,FREZA CARBURA Ø10 4F,4596,610.12,1.96,12.12,137.77,11.15,54.1,94.66,Inox,Frezare,464,1,Supraincalzire
170,Placuta amovibila,CNMG120408,3310,370.07,0.98,18.93,54.97,1.37,5.4,69.48,Aluminiu,Strunjire,65,0,Niciunul
270,Tarod,TAROD M10 ISO2,5641,601.32,1.54,18.67,49.77,1.01,2.6,71.32,Otel,Filetare,368,0,Niciunul
154,Freza,FREZA HSS Ø8 2F,3893,232.61,2.38,18.02,66.51,1.92,8.7,64.14,Otel,Frezare,456,0,Niciunul
27,Burghiu,CARBIDE DRILL Ø12,4032,705.58,2.37,5.74,55.04,1.73,12.3,60.28,Aluminiu,Gaurire,269,0,Niciunul
208,Placuta amovibila,WNMG080408,2190,1090.03,2.3,14.53,65.78,0.95,12.6,70.77,Otel,Strunjire,139,0,Niciunul
293,Placuta amovibila,CNMG120408,2726,1098.44,0.69,7.92,49.65,1.26,11.5,68.72,Aluminiu,Strunjire,316,0,Niciunul
172,Placuta amovibila,CNMG120408,3499,823.77,0.13,16.4,133.79,7.03,96.0,92.8,Otel,Strunjire,377,1,Uzura excesiva
9,Placuta amovibila,CNMG120408,1802,432.71,1.8,13.42,50.48,0.74,10.1,64.83,Aluminiu,Strunjire,184,0,Niciunul
171,Freza,FREZA CARBURA Ø10 4F,1645,1080.93,2.69,9.03,140.16,3.69,57.9,83.61,Inox,Frezare,314,1,Vibratii
167,Placuta amovibila,CNMG120408,4788,541.25,0.95,16.26,41.63,0.64,15.9,70.6,Aluminiu,Strunjire,487,0,Niciunul
200,Burghiu,HSS DRILL Ø6,2510,1199.01,2.92,15.05,51.43,0.86,16.1,60.31,Aluminiu,Gaurire,303,0,Niciunul
66,Freza,FREZA CARBURA Ø10 4F,2239,405.64,2.99,14.53,46.65,1.44,17.5,71.29,Otel,Frezare,260,0,Niciunul
264,Burghiu,HSS DRILL Ø6,2176,279.32,2.59,7.92,57.64,1.95,3.4,61.96,Inox,Gaurire,214,0,Niciunul
191,Freza,FREZA HSS Ø8 2F,5282,695.47,2.47,10.29,62.15,1.31,2.8,62.97,Aluminiu,Frezare,239,0,Niciunul
73,Burghiu,HSS DRILL Ø6,3778,308.58,0.99,14.08,109.32,6.71,53.1,91.97,Otel,Gaurire,242,1,Vibratii
206,Placuta amovibila,CNMG120408,5981,632.96,1.06,18.6,107.96,9.4,54.6,88.74,Aluminiu,Strunjire,309,1,Supraincalzire
300,Tarod,TAROD M10 ISO2,5886,277.63,2.25,19.31,134.26,6.49,64.5,90.77,Inox,Filetare,153,1,Supraincalzire
30,Tarod,TAROD M10 ISO2,2564,719.43,2.93,5.75,62.05,0.77,6.5,69.14,Aluminiu,Filetare,318,0,Niciunul
22,Freza,FREZA CARBURA Ø10 4F,2631,784.28,1.42,15.47,60.42,1.69,13.9,69.19,Otel,Frezare,286,0,Niciunul
68,Burghiu,CARBIDE DRILL Ø12,2821,366.45,0.36,18.58,126.67,8.08,72.7,94.46,Aluminiu,Gaurire,495,1,Uzura excesiva
171,Placuta amovibila,CNMG120408,2807,728.66,1.45,13.18,56.34,1.13,3.4,70.63,Aluminiu,Strunjire,362,0,Niciunul
3,Burghiu,HSS DRILL Ø6,3389,991.82,0.88,15.68,137.78,3.64,65.1,80.77,Otel,Gaurire,14,1,Supraincalzire
294,Placuta amovibila,CNMG120408,4651,1001.33,2.56,17.03,61.76,0.52,1.4,74.01,Inox,Strunjire,370,0,Niciunul
182,Freza,FREZA CARBURA Ø10 4F,4900,415.64,1.38,18.76,54.25,1.52,7.3,60.21,Otel,Frezare,217,0,Niciunul
221,Placuta amovibila,CNMG120408,3834,816.51,1.56,10.17,65.75,1.15,0.3,65.79,Inox,Strunjire,68,0,Niciunul
218,Freza,FREZA HSS Ø8 2F,1889,732.66,0.91,10.75,68.21,1.99,12.4,64.22,Aluminiu,Frezare,42,0,Niciunul
73,Freza,FREZA CARBURA Ø10 4F,4392,1095.25,2.74,6.58,49.88,1.21,19.2,74.67,Otel,Frezare,271,0,Niciunul
71,Placuta amovibila,CNMG120408,4841,1107.99,0.91,8.47,52.79,1.58,12.1,73.38,Otel,Strunjire,57,0,Niciunul
140,Freza,FREZA HSS Ø8 2F,1697,662.5,1.78,18.38,51.22,1.13,18.0,74.6,Inox,Frezare,53,0,Niciunul
42,Placuta amovibila,CNMG120408,3687,1061.45,0.64,6.86,113.59,3.82,50.7,99.99,Aluminiu,Strunjire,298,1,Supraincalzire
185,Placuta amovibila,CNMG120408,3298,1027.26,0.89,11.03,47.36,0.99,15.7,70.74,Aluminiu,Strunjire,438,0,Niciunul
272,Freza,FREZA CARBURA Ø10 4F,1938,467.57,2.22,17.91,35.46,0.86,0.1,74.37,Inox,Frezare,245,0,Niciunul
112,Freza,FREZA HSS Ø8 2F,1507,802.97,2.53,7.28,49.2,1.23,0.7,73.95,Aluminiu,Frezare,268,0,Niciunul
145,Burghiu,CARBIDE DRILL Ø12,2941,400.47,0.29,13.85,118.64,11.13,97.8,90.18,Otel,Gaurire,112,1,Supraincalzire
181,Burghiu,HSS DRILL Ø6,3675,1191.7,2.85,7.14,50.18,1.04,4.8,72.25,Otel,Gaurire,216,0,Niciunul
223,Tarod,TAROD M10 ISO2,5804,408.76,1.36,7.15,47.99,1.63,5.7,66.11,Otel,Filetare,484,0,Niciunul
180,Placuta amovibila,CNMG120408,1627,345.49,0.73,17.39,130.47,11.74,65.7,99.46,Aluminiu,Strunjire,322,1,Supraincalzire
232,Placuta amovibila,CNMG120408,2895,1109.82,0.27,5.37,69.4,1.88,11.6,60.25,Inox,Strunjire,271,0,Niciunul
48,Burghiu,HSS DRILL Ø6,4133,908.94,1.36,5.5,63.29,0.86,2.3,74.35,Otel,Gaurire,430,0,Niciunul
144,Burghiu,HSS DRILL Ø6,1758,903.82,2.04,10.6,39.72,1.38,12.4,71.69,Otel,Gaurire,439,0,Niciunul
136,Placuta amovibila,WNMG080408,3364,567.17,1.85,15.68,55.84,1.82,4.2,71.27,Aluminiu,Strunjire,390,0,Niciunul
131,Tarod,TAROD M10 ISO2,1564,294.22,1.5,13.65,60.53,0.89,17.5,63.15,Otel,Filetare,346,0,Niciunul
8,Tarod,TAROD M10 ISO2,4968,455.59,2.26,9.6,36.76,1.9,8.5,69.52,Inox,Filetare,353,0,Niciunul
243,Placuta amovibila,CNMG120408,2101,1020.14,0.96,14.29,52.13,1.46,0.4,65.2,Otel,Strunjire,217,0,Niciunul
244,Placuta amovibila,WNMG080408,2313,383.45,2.38,6.36,51.45,1.35,13.4,63.89,Otel,Strunjire,190,0,Niciunul
220,Placuta amovibila,WNMG080408,2097,1007.19,0.18,13.67,41.94,1.62,4.4,73.79,Inox,Strunjire,94,0,Niciunul
168,Burghiu,HSS DRILL Ø6,2580,227.5,1.36,15.59,43.46,1.71,19.9,67.14,Otel,Gaurire,155,0,Niciunul
284,Burghiu,HSS DRILL Ø6,4703,240.88,2.88,17.32,87.41,8.42,44.8,81.71,Otel,Gaurire,277,1,Vibratii
142,Burghiu,HSS DRILL Ø6,5159,715.71,1.24,18.12,51.11,0.74,14.4,65.09,Inox,Gaurire,24,0,Niciunul
14,Tarod,TAROD M10 ISO2,1591,804.57,0.42,10.31,51.03,1.85,7.4,64.25,Otel,Filetare,149,0,Niciunul
165,Freza,FREZA CARBURA Ø10 4F,4260,751.92,2.78,5.33,153.68,5.92,63.6,83.54,Inox,Frezare,404,1,Supraincalzire
133,Freza,FREZA CARBURA Ø10 4F,5927,264.27,1.78,9.06,44.2,0.65,10.1,69.29,Otel,Frezare,267,0,Niciunul
162,Freza,FREZA HSS Ø8 2F,2870,413.53,1.64,14.72,50.59,1.83,9.0,61.38,Aluminiu,Frezare,374,0,Niciunul
8,Freza,FREZA CARBURA Ø10 4F,2795,224.55,2.31,13.0,142.57,10.08,77.6,88.6,Aluminiu,Frezare,51,1,Vibratii
45,Burghiu,HSS DRILL Ø6,4848,311.51,1.81,19.13,65.51,0.95,7.7,62.53,Inox,Gaurire,249,0,Niciunul
140,Freza,FREZA CARBURA Ø10 4F,3855,335.39,2.23,13.99,63.91,1.04,1.7,62.86,Otel,Frezare,487,0,Niciunul
49,Placuta amovibila,WNMG080408,4275,487.53,1.39,19.41,44.4,1.32,19.0,65.97,Inox,Strunjire,355,0,Niciunul
47,Burghiu,CARBIDE DRILL Ø12,5950,948.82,0.96,14.86,36.35,1.91,10.4,62.29,Inox,Gaurire,355,0,Niciunul
130,Burghiu,CARBIDE DRILL Ø12,4716,1031.75,1.95,13.52,93.94,4.13,53.4,93.47,Aluminiu,Gaurire,369,1,Uzura excesiva
291,Burghiu,CARBIDE DRILL Ø12,2078,842.84,1.69,17.62,37.66,0.79,11.3,67.15,Otel,Gaurire,159,0,Niciunul
115,Placuta amovibila,WNMG080408,2174,1176.65,0.65,19.56,64.85,0.99,0.9,71.67,Otel,Strunjire,102,0,Niciunul
269,Placuta amovibila,WNMG080408,4500,553.62,0.23,9.58,65.5,1.83,7.9,68.97,Aluminiu,Strunjire,84,0,Niciunul
169,Placuta amovibila,WNMG080408,3307,960.63,2.14,16.29,156.41,6.74,68.4,98.53,Otel,Strunjire,159,1,Supraincalzire
8,Burghiu,HSS DRILL Ø6,3795,520.06,1.54,6.96,38.01,1.9,7.9,64.01,Aluminiu,Gaurire,33,0,Niciunul
90,Placuta amovibila,WNMG080408,4020,665.92,1.34,18.04,43.26,0.57,2.3,74.09,Inox,Strunjire,151,0,Niciunul
167,Tarod,TAROD M10 ISO2,5830,625.43,0.61,5.79,61.09,1.03,5.7,63.1,Inox,Filetare,391,0,Niciunul
231,Freza,FREZA HSS Ø8 2F,1856,541.7,0.51,16.76,38.1,1.9,5.0,73.4,Otel,Frezare,115,0,Niciunul
194,Freza,FREZA HSS Ø8 2F,3126,327.71,2.47,15.31,96.2,10.02,92.2,81.94,Inox,Frezare,422,1,Uzura excesiva
86,Freza,FREZA HSS Ø8 2F,5392,961.7,0.79,6.54,61.6,1.85,16.1,70.45,Otel,Frezare,386,0,Niciunul
296,Tarod,TAROD M10 ISO2,1556,874.17,1.79,5.32,41.53,1.21,10.3,62.9,Inox,Filetare,172,0,Niciunul
18,Freza,FREZA CARBURA Ø10 4F,5809,416.36,1.14,13.37,47.27,1.13,10.2,72.25,Otel,Frezare,350,0,Niciunul
255,Freza,FREZA HSS Ø8 2F,2974,473.29,0.47,15.55,67.56,1.27,0.6,60.03,Inox,Frezare,411,0,Niciunul
140,Burghiu,CARBIDE DRILL Ø12,3746,757.88,0.19,16.5,36.18,0.92,11.5,66.71,Otel,Gaurire,357,0,Niciunul
20,Tarod,TAROD M10 ISO2,4293,555.14,1.82,5.85,49.98,1.04,9.9,63.97,Inox,Filetare,281,0,Niciunul
200,Placuta amovibila,CNMG120408,4582,805.9,1.88,12.35,138.51,11.07,47.2,82.55,Inox,Strunjire,15,1,Supraincalzire
63,Placuta amovibila,CNMG120408,3658,299.0,1.93,6.98,97.11,7.62,72.7,84.04,Otel,Strunjire,245,1,Vibratii
53,Placuta amovibila,CNMG120408,4813,709.72,0.85,11.89,42.06,1.37,1.4,74.18,Otel,Strunjire,376,0,Niciunul
256,Placuta amovibila,WNMG080408,2807,956.93,1.1,18.71,47.48,1.41,11.4,68.73,Aluminiu,Strunjire,184,0,Niciunul
109,Burghiu,CARBIDE DRILL Ø12,5164,974.35,2.82,16.17,80.21,3.07,51.1,88.46,Otel,Gaurire,192,1,Supraincalzire
87,Freza,FREZA HSS Ø8 2F,4572,411.11,2.58,8.8,53.09,1.88,9.5,72.02,Aluminiu,Frezare,23,0,Niciunul
67,Burghiu,HSS DRILL Ø6,2928,515.3,0.43,8.11,60.66,1.34,17.2,63.17,Otel,Gaurire,180,0,Niciunul
36,Freza,FREZA CARBURA Ø10 4F,4440,1195.01,1.95,18.79,48.56,0.94,5.8,72.26,Otel,Frezare,68,0,Niciunul
120,Freza,FREZA HSS Ø8 2F,3573,560.91,0.81,5.44,148.14,8.2,93.2,82.65,Otel,Frezare,309,1,Vibratii
125,Freza,FREZA CARBURA Ø10 4F,5146,344.81,1.93,7.53,66.18,1.82,12.4,67.46,Inox,Frezare,8,0,Niciunul
7,Freza,FREZA CARBURA Ø10 4F,4097,664.62,1.28,8.88,41.1,1.72,11.7,64.59,Aluminiu,Frezare,63,0,Niciunul
62,Placuta amovibila,WNMG080408,5313,1121.72,0.57,11.84,35.56,1.5,12.7,74.67,Inox,Strunjire,268,0,Niciunul
169,Tarod,TAROD M10 ISO2,2837,733.96,0.46,11.77,36.46,0.81,10.5,61.62,Aluminiu,Filetare,442,0,Niciunul
141,Placuta amovibila,CNMG120408,2423,615.01,0.77,7.06,64.05,1.55,9.1,65.25,Inox,Strunjire,144,0,Niciunul
22,Burghiu,HSS DRILL Ø6,4536,1010.26,1.31,16.36,64.4,1.78,4.8,62.21,Otel,Gaurire,281,0,Niciunul
73,Placuta amovibila,WNMG080408,2365,1148.36,2.56,14.07,38.04,1.19,12.6,62.93,Otel,Strunjire,486,0,Niciunul
60,Burghiu,HSS DRILL Ø6,3759,302.31,1.65,10.42,63.52,1.04,2.5,72.9,Otel,Gaurire,392,0,Niciunul
12,Placuta amovibila,WNMG080408,3688,923.0,2.42,5.92,93.73,5.24,91.3,94.43,Otel,Strunjire,117,1,Supraincalzire
225,Burghiu,HSS DRILL Ø6,5466,1043.4,0.38,19.02,63.69,1.04,15.4,68.95,Otel,Gaurire,90,0,Niciunul
230,Placuta amovibila,CNMG120408,3142,246.6,0.82,19.11,58.71,1.93,16.4,62.96,Otel,Strunjire,411,0,Niciunul
13,Burghiu,CARBIDE DRILL Ø12,4823,714.23,2.91,10.62,45.05,1.34,4.0,66.94,Inox,Gaurire,157,0,Niciunul
40,Placuta amovibila,CNMG120408,3821,953.12,1.7,16.5,35.58,0.96,6.3,73.29,Aluminiu,Strunjire,30,0,Niciunul
277,Tarod,TAROD M10 ISO2,2272,512.77,1.21,8.07,42.53,1.81,2.3,71.92,Inox,Filetare,30,0,Niciunul
29,Tarod,TAROD M10 ISO2,4002,298.08,2.54,14.29,63.43,1.27,2.1,60.04,Otel,Filetare,252,0,Niciunul
237,Freza,FREZA CARBURA Ø10 4F,1611,697.95,2.94,15.53,67.07,1.19,17.7,67.7,Otel,Frezare,35,0,Niciunul
297,Placuta amovibila,CNMG120408,3511,1159.54,1.67,7.52,62.44,1.88,19.6,61.97,Aluminiu,Strunjire,323,0,Niciunul
248,Freza,FREZA HSS Ø8 2F,4873,595.93,1.86,11.52,67.15,1.5,12.5,65.44,Aluminiu,Frezare,184,0,Niciunul
83,Placuta amovibila,CNMG120408,2747,958.37,0.97,14.36,68.42,1.2,15.3,71.25,Inox,Strunjire,421,0,Niciunul
146,Placuta amovibila,CNMG120408,2845,433.66,1.97,19.0,107.43,5.58,50.5,82.71,Aluminiu,Strunjire,264,1,Uzura excesiva
103,Placuta amovibila,CNMG120408,5024,284.77,2.83,10.89,47.94,1.78,11.7,62.24,Inox,Strunjire,459,0,Niciunul
206,Freza,FREZA HSS Ø8 2F,1620,262.8,0.28,10.58,61.91,1.49,15.3,65.12,Otel,Frezare,218,0,Niciunul
234,Tarod,TAROD M10 ISO2,5685,694.3,2.53,10.92,53.14,1.01,17.5,71.82,Inox,Filetare,12,0,Niciunul
143,Freza,FREZA CARBURA Ø10 4F,4993,390.65,1.49,7.81,81.43,7.47,98.3,87.09,Otel,Frezare,166,1,Vibratii
77,Freza,FREZA CARBURA Ø10 4F,3047,577.62,0.45,17.73,116.28,8.03,78.0,80.55,Otel,Frezare,106,1,Supraincalzire
157,Placuta amovibila,WNMG080408,4505,201.79,0.83,17.47,60.9,1.51,4.0,61.65,Inox,Strunjire,273,0,Niciunul
199,Burghiu,CARBIDE DRILL Ø12,4352,263.0,1.31,15.03,157.0,11.18,67.9,80.27,Otel,Gaurire,62,1,Vibratii
104,Tarod,TAROD M10 ISO2,2581,462.96,1.37,19.88,65.21,1.48,19.4,61.6,Otel,Filetare,135,0,Niciunul
16,Burghiu,CARBIDE DRILL Ø12,5282,1008.78,2.64,13.35,63.84,0.78,18.5,61.22,Inox,Gaurire,106,0,Niciunul
209,Tarod,TAROD M10 ISO2,4449,509.79,1.57,6.94,38.25,1.08,1.3,67.61,Aluminiu,Filetare,301,0,Niciunul
4,Placuta amovibila,CNMG120408,5665,553.44,1.87,5.34,69.79,1.4,5.4,61.15,Otel,Strunjire,268,0,Niciunul
181,Freza,FREZA HSS Ø8 2F,4149,824.14,1.28,7.71,38.2,1.18,11.8,65.65,Otel,Frezare,154,0,Niciunul
110,Placuta amovibila,WNMG080408,1634,1003.49,2.96,11.49,45.48,1.72,12.2,74.28,Otel,Strunjire,431,0,Niciunul
49,Tarod,TAROD M10 ISO2,5027,355.91,1.43,8.52,44.62,1.55,0.2,69.06,Inox,Filetare,36,0,Niciunul
55,Placuta amovibila,CNMG120408,4163,380.95,1.34,8.79,43.17,0.68,10.4,61.53,Otel,Strunjire,402,0,Niciunul
74,Tarod,TAROD M10 ISO2,3604,749.53,0.32,5.79,115.89,6.87,69.2,98.4,Inox,Filetare,266,1,Uzura excesiva
217,Burghiu,CARBIDE DRILL Ø12,1864,277.47,2.92,6.26,68.5,1.43,13.4,66.94,Inox,Gaurire,282,0,Niciunul
51,Placuta amovibila,WNMG080408,2439,721.18,0.26,11.94,36.04,0.61,2.8,73.09,Otel,Strunjire,277,0,Niciunul
226,Tarod,TAROD M10 ISO2,2668,253.02,1.38,6.79,67.03,0.63,7.9,61.64,Aluminiu,Filetare,99,0,Niciunul
134,Tarod,TAROD M10 ISO2,2698,503.01,0.85,6.64,127.59,6.78,62.2,92.56,Inox,Filetare,491,1,Supraincalzire
163,Burghiu,HSS DRILL Ø6,4471,353.62,1.48,5.56,54.87,0.98,8.7,74.84,Inox,Gaurire,493,0,Niciunul
74,Freza,FREZA HSS Ø8 2F,5913,635.24,2.95,12.75,38.64,1.86,5.8,67.73,Aluminiu,Frezare,177,0,Niciunul
64,Placuta amovibila,CNMG120408,3797,651.66,0.64,13.68,50.62,1.75,8.3,63.21,Aluminiu,Strunjire,205,0,Niciunul
216,Burghiu,CARBIDE DRILL Ø12,3438,261.42,0.25,8.16,66.18,1.28,9.5,67.17,Otel,Gaurire,167,0,Niciunul
178,Freza,FREZA HSS Ø8 2F,5994,936.3,0.6,7.27,47.28,1.89,8.6,61.23,Otel,Frezare,93,0,Niciunul
242,Freza,FREZA HSS Ø8 2F,3206,797.83,0.35,17.8,49.0,0.55,6.4,63.17,Aluminiu,Frezare,177,0,Niciunul
218,Tarod,TAROD M10 ISO2,2505,1143.66,1.62,14.46,52.15,1.87,17.7,68.42,Inox,Filetare,132,0,Niciunul
283,Tarod,TAROD M10 ISO2,2262,520.88,2.47,12.24,143.14,8.09,68.4,91.1,Otel,Filetare,336,1,Uzura excesiva
293,Burghiu,HSS DRILL Ø6,5841,679.3,0.73,15.32,57.64,1.0,9.3,64.73,Otel,Gaurire,323,0,Niciunul
266,Placuta amovibila,CNMG120408,3130,555.11,1.04,6.01,80.59,10.32,72.5,98.27,Otel,Strunjire,107,1,Uzura excesiva
5,Placuta amovibila,CNMG120408,5485,334.67,0.9,9.9,63.29,1.81,8.0,68.49,Inox,Strunjire,236,0,Niciunul
35,Freza,FREZA HSS Ø8 2F,3814,1123.2,2.34,7.97,58.94,1.6,13.0,68.59,Aluminiu,Frezare,364,0,Niciunul
158,Tarod,TAROD M10 ISO2,3330,903.02,1.51,16.8,64.35,1.19,1.9,70.24,Inox,Filetare,176,0,Niciunul
45,Tarod,TAROD M10 ISO2,2154,252.26,2.06,13.1,35.13,1.4,9.2,61.66,Aluminiu,Filetare,154,0,Niciunul
142,Placuta amovibila,CNMG120408,3055,751.26,1.03,16.75,86.8,7.8,59.0,87.52,Aluminiu,Strunjire,299,1,Vibratii
203,Burghiu,CARBIDE DRILL Ø12,5370,1013.2,1.64,16.25,35.03,1.52,7.9,73.05,Inox,Gaurire,403,0,Niciunul
236,Burghiu,HSS DRILL Ø6,5768,1043.87,1.44,19.87,52.74,0.59,6.3,66.12,Otel,Gaurire,55,0,Niciunul
295,Placuta amovibila,CNMG120408,2424,1105.65,1.5,18.71,48.96,1.61,11.0,66.4,Aluminiu,Strunjire,338,0,Niciunul
68,Placuta amovibila,CNMG120408,2350,244.0,1.1,11.83,38.78,1.1,6.9,74.31,Aluminiu,Strunjire,406,0,Niciunul
103,Freza,FREZA HSS Ø8 2F,3781,991.27,2.59,12.91,145.86,11.7,40.1,93.97,Otel,Frezare,250,1,Supraincalzire
107,Placuta amovibila,WNMG080408,2158,574.9,1.86,5.49,62.21,0.56,6.8,63.61,Otel,Strunjire,6,0,Niciunul
97,Placuta amovibila,WNMG080408,4106,665.46,1.06,6.53,106.03,7.58,53.9,84.98,Otel,Strunjire,366,1,Uzura excesiva
132,Tarod,TAROD M10 ISO2,3470,256.76,1.57,8.46,127.15,7.08,60.8,96.29,Aluminiu,Filetare,357,1,Supraincalzire
80,Burghiu,HSS DRILL Ø6,5773,755.13,0.3,16.38,57.54,0.62,10.0,73.22,Inox,Gaurire,400,0,Niciunul
77,Tarod,TAROD M10 ISO2,2542,519.46,1.34,15.9,58.43,1.5,14.9,64.77,Inox,Filetare,323,0,Niciunul
117,Burghiu,CARBIDE DRILL Ø12,2446,623.38,1.1,6.46,152.71,4.1,45.5,99.32,Inox,Gaurire,97,1,Uzura excesiva
50,Freza,FREZA CARBURA Ø10 4F,1594,290.88,1.83,18.95,66.95,1.78,15.5,73.94,Inox,Frezare,432,0,Niciunul
57,Placuta amovibila,WNMG080408,1931,433.3,1.32,18.5,107.87,11.38,77.9,93.35,Aluminiu,Strunjire,282,1,Supraincalzire
40,Burghiu,CARBIDE DRILL Ø12,4664,713.05,1.16,13.72,156.13,9.58,66.0,90.37,Aluminiu,Gaurire,51,1,Uzura excesiva
22,Freza,FREZA HSS Ø8 2F,4282,269.96,0.57,7.19,38.53,0.97,17.5,67.45,Aluminiu,Frezare,78,0,Niciunul
6,Freza,FREZA CARBURA Ø10 4F,4863,1149.34,0.62,11.9,51.72,1.2,13.3,60.35,Inox,Frezare,472,0,Niciunul
243,Freza,FREZA CARBURA Ø10 4F,3435,241.99,1.58,14.71,58.3,0.72,10.4,73.42,Otel,Frezare,437,0,Niciunul
269,Placuta amovibila,CNMG120408,2064,698.25,1.11,13.97,125.81,11.84,48.5,99.9,Otel,Strunjire,205,1,Vibratii
166,Burghiu,HSS DRILL Ø6,4223,1080.39,2.3,8.5,63.91,1.05,12.1,73.84,Aluminiu,Gaurire,270,0,Niciunul
65,Placuta amovibila,CNMG120408,3769,523.5,1.13,18.79,61.07,1.7,5.0,68.44,Inox,Strunjire,174,0,Niciunul
82,Placuta amovibila,WNMG080408,3745,473.6,2.77,16.61,59.02,1.86,12.1,72.4,Aluminiu,Strunjire,175,0,Niciunul
156,Placuta amovibila,WNMG080408,3794,791.35,2.91,5.69,36.38,1.02,5.2,62.05,Inox,Strunjire,143,0,Niciunul
223,Freza,FREZA CARBURA Ø10 4F,5208,810.76,0.6,19.69,61.01,1.52,9.3,66.3,Aluminiu,Frezare,269,0,Niciunul
205,Tarod,TAROD M10 ISO2,2360,1099.67,1.21,12.88,52.87,1.28,13.3,65.5,Otel,Filetare,423,0,Niciunul
267,Tarod,TAROD M10 ISO2,3597,859.73,0.29,5.15,125.37,9.7,67.6,90.38,Otel,Filetare,281,1,Supraincalzire
46,Burghiu,HSS DRILL Ø6,2380,1079.39,0.86,5.8,59.23,0.98,13.4,69.6,Inox,Gaurire,271,0,Niciunul
103,Placuta amovibila,WNMG080408,4766,983.71,0.13,16.87,147.12,4.02,46.7,89.96,Otel,Strunjire,325,1,Uzura excesiva
108,Placuta amovibila,WNMG080408,5596,461.76,0.62,15.13,112.67,5.73,97.3,98.86,Inox,Strunjire,157,1,Uzura excesiva
20,Freza,FREZA CARBURA Ø10 4F,2272,947.46,1.14,9.38,154.62,11.05,94.0,86.27,Otel,Frezare,76,1,Uzura excesiva
281,Freza,FREZA HSS Ø8 2F,3235,1127.16,0.73,16.15,62.24,1.41,9.4,68.62,Inox,Frezare,282,0,Niciunul
216,Tarod,TAROD M10 ISO2,2197,428.49,0.34,6.48,35.16,1.41,13.9,65.46,Inox,Filetare,426,0,Niciunul
108,Freza,FREZA HSS Ø8 2F,4620,303.12,1.7,7.47,65.41,0.73,8.7,69.91,Aluminiu,Frezare,262,0,Niciunul
262,Burghiu,HSS DRILL Ø6,5862,332.29,1.8,9.11,35.41,1.99,16.5,72.11,Aluminiu,Gaurire,119,0,Niciunul
207,Burghiu,CARBIDE DRILL Ø12,3264,469.37,0.32,19.99,44.67,1.84,15.8,60.52,Otel,Gaurire,234,0,Niciunul
272,Burghiu,CARBIDE DRILL Ø12,2876,795.04,2.8,5.11,86.47,5.75,73.2,99.85,Otel,Gaurire,186,1,Supraincalzire
130,Placuta amovibila,WNMG080408,4738,1104.81,1.02,16.88,94.68,6.03,73.4,93.93,Aluminiu,Strunjire,175,1,Uzura excesiva
34,Freza,FREZA CARBURA Ø10 4F,3309,749.92,0.36,18.23,50.73,1.51,10.6,68.74,Inox,Frezare,188,0,Niciunul
148,Placuta amovibila,WNMG080408,5052,1089.16,1.42,13.97,54.91,0.68,16.0,67.37,Otel,Strunjire,490,0,Niciunul
107,Tarod,TAROD M10 ISO2,2219,262.35,2.72,16.88,58.93,1.3,11.3,66.99,Inox,Filetare,178,0,Niciunul
224,Placuta amovibila,CNMG120408,5989,1088.94,1.84,9.95,67.7,0.98,19.7,72.47,Otel,Strunjire,138,0,Niciunul
11,Burghiu,CARBIDE DRILL Ø12,1914,876.73,0.45,18.81,52.23,0.77,7.3,65.73,Otel,Gaurire,327,0,Niciunul
139,Tarod,TAROD M10 ISO2,1591,1126.2,1.86,6.65,53.76,0.54,16.7,66.53,Otel,Filetare,224,0,Niciunul
2,Burghiu,CARBIDE DRILL Ø12,4909,480.26,2.85,19.54,44.78,1.95,4.0,72.68,Aluminiu,Gaurire,386,0,Niciunul
170,Freza,FREZA HSS Ø8 2F,1728,301.34,2.6,16.44,51.51,1.96,1.3,65.1,Otel,Frezare,494,0,Niciunul
176,Burghiu,CARBIDE DRILL Ø12,4681,892.59,0.11,16.17,51.08,0.79,4.7,72.67,Aluminiu,Gaurire,82,0,Niciunul
233,Placuta amovibila,WNMG080408,4819,561.35,2.62,9.13,66.53,0.99,15.3,67.41,Aluminiu,Strunjire,331,0,Niciunul
284,Freza,FREZA HSS Ø8 2F,3081,1133.34,0.51,5.87,47.4,1.24,11.7,64.54,Aluminiu,Frezare,128,0,Niciunul
40,Burghiu,HSS DRILL Ø6,2088,251.67,0.42,6.26,49.95,0.84,6.6,69.64,Otel,Gaurire,424,0,Niciunul
286,Freza,FREZA HSS Ø8 2F,1633,460.63,2.78,9.1,54.33,1.6,15.1,74.24,Inox,Frezare,196,0,Niciunul
90,Freza,FREZA HSS Ø8 2F,5760,787.3,1.61,17.07,91.45,11.18,88.5,88.72,Aluminiu,Frezare,246,1,Supraincalzire
