ID_Scula,Tip_Scula,Model_Scula,Turatie_RPM,Avans_mm_min,Adancime_Aschiere_mm,Debit_Lichid_racire_L_min,Temperatura_C,Vibratii_mm_s,Uzura_procent,Zgomot_dB,Material_Prelucrat,Tip_Operatie,ID_Lot,Scula_Defecta,Tip_Defect
1,Freza,FREZA CARBURA Ø10 4F,3094,957.1,1.49,12.43,88.55,2.55,86.6,79.03,Aluminiu,Frezare,76,1,Uzura excesiva
2,Freza,FREZA CARBURA Ø10 4F,2442,1052.24,1.85,12.46,37.71,1.54,18.8,62.36,Aluminiu,Frezare,216,0,Niciunul
3,Freza,FREZA CARBURA Ø10 4F,4316,1177.29,1.36,13.95,51.57,0.83,10.9,62.49,Otel,Frezare,45,0,Niciunul
4,Freza,FREZA CARBURA Ø10 4F,4022,439.43,1.47,5.92,68.12,1.61,15.4,63.78,Otel,Frezare,394,0,Niciunul
5,Freza,FREZA CARBURA Ø10 4F,5606,1012.75,0.1,8.0,152.75,2.85,29.7,81.6,Aluminiu,Frezare,270,1,Supraincalzire
6,Freza,FREZA CARBURA Ø10 4F,1670,462.85,2.8,16.82,62.9,8.5,37.5,101.03,Otel,Frezare,180,1,Vibratii
7,Freza,FREZA CARBURA Ø10 4F,5338,521.34,0.37,10.47,72.36,7.71,20.2,90.07,Aluminiu,Frezare,467,1,Vibratii
8,Freza,FREZA CARBURA Ø10 4F,2746,1036.07,2.13,15.82,57.08,1.13,19.8,74.87,Otel,Frezare,40,0,Niciunul
9,Freza,FREZA CARBURA Ø10 4F,1892,202.45,0.27,15.74,89.44,4.44,99.3,72.19,Otel,Frezare,419,1,Uzura excesiva
10,Freza,FREZA CARBURA Ø10 4F,2166,283.58,1.89,17.42,51.9,0.68,1.0,62.88,Otel,Frezare,10,0,Niciunul
11,Freza,FREZA CARBURA Ø10 4F,3234,1043.44,2.05,11.97,127.83,3.24,37.6,83.79,Aluminiu,Frezare,461,1,Supraincalzire
12,Freza,FREZA CARBURA Ø10 4F,5981,301.63,2.66,13.05,42.95,0.67,18.4,61.89,Otel,Frezare,193,0,Niciunul
13,Freza,FREZA CARBURA Ø10 4F,3336,845.43,0.39,7.31,44.6,1.99,5.8,69.04,Otel,Frezare,309,0,Niciunul
14,Freza,FREZA CARBURA Ø10 4F,3750,543.65,0.13,5.5,57.34,0.75,0.1,68.59,Aluminiu,Frezare,178,0,Niciunul
15,Freza,FREZA CARBURA Ø10 4F,5617,478.89,2.74,19.47,69.64,1.77,3.9,69.96,Otel,Frezare,125,0,Niciunul
16,Freza,FREZA CARBURA Ø10 4F,4726,287.92,2.05,13.58,65.26,1.81,6.6,71.04,Inox,Frezare,370,0,Niciunul
17,Freza,FREZA CARBURA Ø10 4F,5320,1192.52,2.67,5.19,67.01,1.9,19.9,71.02,Inox,Frezare,479,0,Niciunul
18,Freza,FREZA CARBURA Ø10 4F,2130,445.31,2.6,19.64,57.79,0.7,2.1,72.4,Aluminiu,Frezare,251,0,Niciunul
19,Freza,FREZA CARBURA Ø10 4F,2646,861.79,2.86,12.77,75.21,9.76,33.4,90.5,Inox,Frezare,422,1,Vibratii
20,Freza,FREZA CARBURA Ø10 4F,5394,954.59,1.1,16.16,50.66,0.59,2.8,70.24,Inox,Frezare,333,0,Niciunul
21,Freza,FREZA CARBURA Ø10 4F,5596,639.19,1.26,17.53,74.08,10.89,45.0,101.51,Inox,Frezare,93,1,Vibratii
22,Freza,FREZA CARBURA Ø10 4F,3093,1144.57,2.31,11.58,88.91,8.29,38.9,94.89,Otel,Frezare,313,1,Vibratii
23,Freza,FREZA CARBURA Ø10 4F,4935,321.08,2.99,18.4,87.13,10.69,49.3,95.67,Aluminiu,Frezare,376,1,Vibratii
24,Freza,FREZA CARBURA Ø10 4F,3143,788.64,2.56,12.21,66.94,11.71,30.5,88.59,Inox,Frezare,205,1,Vibratii
25,Freza,FREZA CARBURA Ø10 4F,4544,853.77,0.64,10.72,89.72,8.72,25.9,97.14,Otel,Frezare,444,1,Vibratii
26,Freza,FREZA CARBURA Ø10 4F,5586,323.0,0.62,16.21,122.87,1.7,39.0,84.64,Otel,Frezare,442,1,Supraincalzire
27,Freza,FREZA CARBURA Ø10 4F,5336,229.91,0.12,14.81,51.15,0.83,11.5,68.14,Inox,Frezare,318,0,Niciunul
28,Freza,FREZA CARBURA Ø10 4F,3210,837.77,2.8,15.52,63.54,1.06,5.6,65.52,Inox,Frezare,439,0,Niciunul
29,Freza,FREZA CARBURA Ø10 4F,4003,306.43,0.75,9.8,97.84,3.72,85.4,77.24,Inox,Frezare,186,1,Uzura excesiva
30,Freza,FREZA CARBURA Ø10 4F,3308,1164.6,0.42,15.54,164.57,2.26,33.8,75.44,Otel,Frezare,326,1,Supraincalzire
31,Freza,FREZA CARBURA Ø10 4F,5379,937.53,1.27,13.95,53.63,0.7,9.1,60.89,Otel,Frezare,394,0,Niciunul
32,Freza,FREZA CARBURA Ø10 4F,4500,1101.92,2.24,10.47,124.11,1.65,28.4,77.01,Inox,Frezare,459,1,Supraincalzire
33,Freza,FREZA CARBURA Ø10 4F,3111,1146.93,0.76,13.4,60.4,1.56,2.8,69.15,Aluminiu,Frezare,237,0,Niciunul
34,Freza,FREZA CARBURA Ø10 4F,4005,820.72,0.94,8.96,61.53,1.7,4.3,72.77,Inox,Frezare,496,0,Niciunul
35,Freza,FREZA CARBURA Ø10 4F,1747,843.85,0.4,10.69,61.89,1.02,8.3,69.76,Otel,Frezare,65,0,Niciunul
36,Freza,FREZA CARBURA Ø10 4F,5378,630.62,2.61,5.05,149.39,2.35,23.2,75.34,Aluminiu,Frezare,329,1,Supraincalzire
37,Freza,FREZA CARBURA Ø10 4F,5735,796.9,2.25,17.48,67.74,0.97,1.0,72.53,Otel,Frezare,130,0,Niciunul
38,Freza,FREZA CARBURA Ø10 4F,1898,918.94,2.17,8.62,71.0,8.76,34.2,99.05,Aluminiu,Frezare,219,1,Vibratii
39,Freza,FREZA CARBURA Ø10 4F,3131,775.14,2.14,18.01,51.62,0.56,9.2,71.08,Inox,Frezare,480,0,Niciunul
40,Freza,FREZA CARBURA Ø10 4F,4517,556.26,2.8,10.58,65.78,1.66,17.7,72.84,Aluminiu,Frezare,64,0,Niciunul
41,Freza,FREZA CARBURA Ø10 4F,2106,292.35,2.35,5.05,65.37,0.77,2.4,61.79,Inox,Frezare,10,0,Niciunul
42,Freza,FREZA CARBURA Ø10 4F,2709,829.47,0.7,6.46,171.37,2.97,34.0,78.78,Aluminiu,Frezare,431,1,Supraincalzire
43,Freza,FREZA CARBURA Ø10 4F,1988,1042.94,1.21,5.41,39.59,0.74,15.8,66.21,Aluminiu,Frezare,215,0,Niciunul
44,Freza,FREZA CARBURA Ø10 4F,3621,424.3,0.65,11.2,70.02,9.06,41.7,101.89,Aluminiu,Frezare,204,1,Vibratii
45,Freza,FREZA CARBURA Ø10 4F,4808,997.57,1.8,12.86,83.55,12.15,21.6,91.82,Inox,Frezare,72,1,Vibratii
46,Freza,FREZA CARBURA Ø10 4F,4235,436.17,2.6,19.69,38.66,1.37,0.0,68.58,Inox,Frezare,113,0,Niciunul
47,Freza,FREZA CARBURA Ø10 4F,3462,976.41,2.62,12.38,156.42,1.52,33.5,80.38,Aluminiu,Frezare,110,1,Supraincalzire
48,Freza,FREZA CARBURA Ø10 4F,1691,243.72,2.39,15.23,85.86,11.64,36.8,99.58,Inox,Frezare,97,1,Vibratii
49,Freza,FREZA CARBURA Ø10 4F,2797,419.71,0.17,5.21,80.9,3.02,88.4,84.43,Inox,Frezare,101,1,Uzura excesiva
50,Freza,FREZA CARBURA Ø10 4F,2172,652.21,1.8,6.67,35.25,0.73,0.6,64.72,Aluminiu,Frezare,85,0,Niciunul
51,Freza,FREZA CARBURA Ø10 4F,5574,987.75,1.72,19.18,90.95,4.76,62.9,73.24,Aluminiu,Frezare,270,1,Uzura excesiva
52,Freza,FREZA CARBURA Ø10 4F,2775,451.32,0.74,19.17,140.39,3.64,23.0,78.68,Aluminiu,Frezare,423,1,Supraincalzire
53,Freza,FREZA CARBURA Ø10 4F,2870,977.93,0.23,18.41,47.72,1.64,1.1,64.99,Aluminiu,Frezare,203,0,Niciunul
54,Freza,FREZA CARBURA Ø10 4F,2798,973.29,1.05,18.98,43.79,0.51,2.3,69.18,Otel,Frezare,485,0,Niciunul
55,Freza,FREZA CARBURA Ø10 4F,1593,425.02,2.49,5.43,39.96,1.37,15.7,72.84,Aluminiu,Frezare,498,0,Niciunul
56,Freza,FREZA CARBURA Ø10 4F,4053,770.39,0.32,11.69,40.45,0.73,4.6,73.64,Otel,Frezare,463,0,Niciunul
57,Freza,FREZA CARBURA Ø10 4F,5807,936.24,0.12,5.94,84.33,13.86,38.0,95.34,Inox,Frezare,319,1,Vibratii
58,Freza,FREZA CARBURA Ø10 4F,1927,1097.76,0.22,9.29,140.12,3.27,34.9,75.76,Otel,Frezare,485,1,Supraincalzire
59,Freza,FREZA CARBURA Ø10 4F,2430,340.03,0.15,14.03,56.04,1.16,10.6,66.75,Otel,Frezare,46,0,Niciunul
60,Freza,FREZA CARBURA Ø10 4F,4441,435.58,1.48,7.59,50.54,1.46,2.1,72.14,Inox,Frezare,157,0,Niciunul
61,Freza,FREZA CARBURA Ø10 4F,5835,787.27,0.95,7.15,83.31,11.7,31.0,94.85,Otel,Frezare,40,1,Vibratii
62,Freza,FREZA CARBURA Ø10 4F,3353,981.36,2.81,8.82,102.07,2.21,64.1,76.05,Aluminiu,Frezare,366,1,Uzura excesiva
63,Freza,FREZA CARBURA Ø10 4F,4211,344.58,0.56,6.65,41.31,1.55,8.4,70.27,Inox,Frezare,435,0,Niciunul
64,Freza,FREZA CARBURA Ø10 4F,2480,586.89,1.53,14.82,72.84,3.58,75.0,70.07,Otel,Frezare,293,1,Uzura excesiva
65,Freza,FREZA CARBURA Ø10 4F,4638,1160.76,2.07,11.4,52.48,1.18,16.7,72.17,Inox,Frezare,482,0,Niciunul
66,Freza,FREZA CARBURA Ø10 4F,1592,653.94,2.49,10.5,85.26,8.23,33.1,89.21,Aluminiu,Frezare,346,1,Vibratii
67,Freza,FREZA CARBURA Ø10 4F,4308,235.94,2.38,12.5,37.55,1.98,7.1,67.12,Inox,Frezare,237,0,Niciunul
68,Freza,FREZA CARBURA Ø10 4F,5377,905.5,0.56,18.9,37.41,0.94,19.2,62.36,Otel,Frezare,169,0,Niciunul
69,Freza,FREZA CARBURA Ø10 4F,5271,485.18,1.69,10.11,84.18,11.23,24.3,89.28,Otel,Frezare,34,1,Vibratii
70,Freza,FREZA CARBURA Ø10 4F,2510,701.2,0.83,11.59,69.8,1.91,1.3,66.82,Inox,Frezare,87,0,Niciunul
71,Freza,FREZA CARBURA Ø10 4F,3874,444.91,2.23,9.86,54.41,1.62,11.5,71.51,Aluminiu,Frezare,274,0,Niciunul
72,Freza,FREZA CARBURA Ø10 4F,5188,306.63,1.08,6.37,82.86,4.51,85.6,74.16,Otel,Frezare,244,1,Uzura excesiva
73,Freza,FREZA CARBURA Ø10 4F,5505,248.54,0.46,9.01,158.81,1.52,20.5,81.04,Otel,Frezare,340,1,Supraincalzire
74,Freza,FREZA CARBURA Ø10 4F,2848,241.02,2.61,18.08,89.09,11.19,23.6,93.6,Aluminiu,Frezare,440,1,Vibratii
75,Freza,FREZA CARBURA Ø10 4F,5680,318.41,2.12,18.67,86.0,10.61,30.3,93.6,Inox,Frezare,161,1,Vibratii
76,Freza,FREZA CARBURA Ø10 4F,4604,402.53,1.33,8.2,84.14,12.69,29.5,97.73,Otel,Frezare,467,1,Vibratii
77,Freza,FREZA CARBURA Ø10 4F,1849,1026.92,2.98,12.46,86.33,4.32,95.0,86.08,Otel,Frezare,116,1,Uzura excesiva
78,Freza,FREZA CARBURA Ø10 4F,3835,675.49,0.35,10.64,49.78,0.73,10.5,63.19,Inox,Frezare,412,0,Niciunul
79,Freza,FREZA CARBURA Ø10 4F,2664,867.82,0.55,8.06,68.61,0.62,13.8,70.8,Otel,Frezare,356,0,Niciunul
80,Freza,FREZA CARBURA Ø10 4F,2263,764.67,0.57,12.75,65.64,1.01,8.8,62.16,Aluminiu,Frezare,26,0,Niciunul
81,Freza,FREZA CARBURA Ø10 4F,2640,755.76,0.53,14.6,39.58,1.1,2.3,70.59,Otel,Frezare,248,0,Niciunul
82,Freza,FREZA CARBURA Ø10 4F,2647,801.22,0.75,8.69,73.85,4.76,74.2,77.86,Inox,Frezare,243,1,Uzura excesiva
83,Freza,FREZA CARBURA Ø10 4F,5829,776.14,2.95,13.5,66.74,1.7,11.1,65.06,Aluminiu,Frezare,247,0,Niciunul
84,Freza,FREZA CARBURA Ø10 4F,5210,1107.63,2.25,15.48,66.49,6.84,27.9,91.25,Otel,Frezare,419,1,Vibratii
85,Freza,FREZA CARBURA Ø10 4F,3357,433.69,0.63,17.43,62.47,1.06,8.8,63.87,Inox,Frezare,122,0,Niciunul
86,Freza,FREZA CARBURA Ø10 4F,3902,562.02,1.7,13.78,65.8,1.06,13.9,65.41,Aluminiu,Frezare,398,0,Niciunul
87,Freza,FREZA CARBURA Ø10 4F,3595,574.2,2.34,10.04,88.15,6.71,38.5,93.54,Aluminiu,Frezare,469,1,Vibratii
88,Freza,FREZA CARBURA Ø10 4F,4971,814.17,2.44,15.1,59.53,0.68,9.8,67.68,Aluminiu,Frezare,302,0,Niciunul
89,Freza,FREZA CARBURA Ø10 4F,5760,1119.99,0.8,19.32,62.96,1.6,1.4,65.69,Aluminiu,Frezare,187,0,Niciunul
90,Freza,FREZA CARBURA Ø10 4F,4239,474.13,2.01,12.37,127.72,2.1,39.9,82.74,Inox,Frezare,271,1,Supraincalzire
91,Freza,FREZA CARBURA Ø10 4F,2335,563.83,0.25,17.58,58.99,0.64,6.0,71.59,Otel,Frezare,7,0,Niciunul
92,Freza,FREZA CARBURA Ø10 4F,4893,700.48,2.62,12.29,73.58,8.15,38.9,89.77,Inox,Frezare,182,1,Vibratii
93,Freza,FREZA CARBURA Ø10 4F,1616,678.09,0.9,17.15,50.53,1.43,13.1,61.96,Aluminiu,Frezare,169,0,Niciunul
94,Freza,FREZA CARBURA Ø10 4F,2826,535.71,1.48,10.27,87.86,9.37,26.8,98.04,Otel,Frezare,220,1,Vibratii
95,Freza,FREZA CARBURA Ø10 4F,5417,874.97,1.76,18.78,78.21,7.77,41.8,101.96,Aluminiu,Frezare,216,1,Vibratii
96,Freza,FREZA CARBURA Ø10 4F,5542,786.36,2.95,19.55,83.03,3.18,97.1,72.94,Inox,Frezare,224,1,Uzura excesiva
97,Freza,FREZA CARBURA Ø10 4F,5525,874.95,1.32,12.52,40.75,0.74,13.5,65.52,Otel,Frezare,379,0,Niciunul
98,Freza,FREZA CARBURA Ø10 4F,4371,643.13,2.99,6.26,45.32,1.88,10.2,72.09,Otel,Frezare,248,0,Niciunul
99,Freza,FREZA CARBURA Ø10 4F,3371,631.36,0.94,14.33,67.23,1.19,13.6,64.46,Aluminiu,Frezare,185,0,Niciunul
100,Freza,FREZA CARBURA Ø10 4F,3062,765.9,0.67,16.82,46.05,1.12,0.3,74.26,Otel,Frezare,326,0,Niciunul
101,Freza,FREZA CARBURA Ø10 4F,5879,598.27,1.87,17.69,53.18,1.56,18.9,70.91,Inox,Frezare,14,0,Niciunul
102,Freza,FREZA CARBURA Ø10 4F,4034,704.31,1.17,19.85,66.39,0.65,2.6,73.12,Aluminiu,Frezare,355,0,Niciunul
103,Freza,FREZA CARBURA Ø10 4F,3032,888.58,1.73,9.16,52.38,1.41,5.9,63.68,Inox,Frezare,36,0,Niciunul
104,Freza,FREZA CARBURA Ø10 4F,4869,895.67,1.59,15.76,176.43,2.14,33.5,83.5,Otel,Frezare,156,1,Supraincalzire
105,Freza,FREZA CARBURA Ø10 4F,2467,1044.05,0.31,19.08,174.86,3.86,24.6,75.31,Aluminiu,Frezare,389,1,Supraincalzire
106,Freza,FREZA CARBURA Ø10 4F,5262,354.8,1.77,5.7,54.41,1.76,15.6,73.71,Inox,Frezare,207,0,Niciunul
107,Freza,FREZA CARBURA Ø10 4F,4791,421.27,1.24,17.11,103.87,4.67,97.2,83.45,Inox,Frezare,55,1,Uzura excesiva
108,Freza,FREZA CARBURA Ø10 4F,1511,1146.42,2.53,7.68,75.56,12.42,28.5,92.22,Aluminiu,Frezare,476,1,Vibratii
109,Freza,FREZA CARBURA Ø10 4F,1633,888.29,2.14,10.12,69.54,8.33,40.5,86.49,Inox,Frezare,285,1,Vibratii
110,Freza,FREZA CARBURA Ø10 4F,3490,261.89,0.46,14.27,39.72,0.53,19.7,64.74,Otel,Frezare,479,0,Niciunul
111,Freza,FREZA CARBURA Ø10 4F,5297,754.36,2.22,6.43,43.23,1.91,8.6,74.11,Otel,Frezare,482,0,Niciunul
112,Freza,FREZA CARBURA Ø10 4F,4386,771.34,2.0,5.08,83.95,3.12,79.7,84.69,Aluminiu,Frezare,50,1,Uzura excesiva
113,Freza,FREZA CARBURA Ø10 4F,5863,654.87,1.68,14.18,50.71,1.61,13.2,71.1,Aluminiu,Frezare,391,0,Niciunul
114,Freza,FREZA CARBURA Ø10 4F,5205,784.81,2.57,8.65,69.3,0.78,10.1,66.9,Inox,Frezare,411,0,Niciunul
115,Freza,FREZA CARBURA Ø10 4F,5916,864.32,0.59,12.51,128.2,2.72,26.7,82.29,Otel,Frezare,300,1,Supraincalzire
116,Freza,FREZA CARBURA Ø10 4F,3798,526.99,0.18,17.38,142.43,3.82,29.3,81.07,Inox,Frezare,50,1,Supraincalzire
117,Freza,FREZA CARBURA Ø10 4F,5916,1014.53,2.02,13.54,58.59,1.68,15.0,69.21,Inox,Frezare,191,0,Niciunul
118,Freza,FREZA CARBURA Ø10 4F,2952,817.42,0.96,9.63,51.84,1.73,7.3,63.92,Otel,Frezare,393,0,Niciunul
119,Freza,FREZA CARBURA Ø10 4F,5311,675.02,0.3,5.49,70.35,11.13,21.4,87.15,Inox,Frezare,410,1,Vibratii
120,Freza,FREZA CARBURA Ø10 4F,5468,511.77,2.06,10.28,49.61,1.87,8.8,66.96,Aluminiu,Frezare,71,0,Niciunul
121,Freza,FREZA CARBURA Ø10 4F,2682,377.82,2.3,16.53,50.42,0.52,17.4,70.04,Aluminiu,Frezare,146,0,Niciunul
122,Freza,FREZA CARBURA Ø10 4F,5356,520.04,2.11,14.92,150.82,1.51,37.3,83.51,Otel,Frezare,175,1,Supraincalzire
123,Freza,FREZA CARBURA Ø10 4F,2779,378.8,0.9,18.84,74.74,13.83,49.9,104.82,Aluminiu,Frezare,147,1,Vibratii
124,Freza,FREZA CARBURA Ø10 4F,5589,1134.68,2.81,13.94,36.77,1.6,17.1,60.48,Inox,Frezare,439,0,Niciunul
125,Freza,FREZA CARBURA Ø10 4F,3722,263.1,2.36,6.71,62.17,1.29,3.8,66.46,Aluminiu,Frezare,214,0,Niciunul
126,Freza,FREZA CARBURA Ø10 4F,2936,812.31,0.75,6.26,58.64,0.73,8.0,70.43,Inox,Frezare,411,0,Niciunul
127,Freza,FREZA CARBURA Ø10 4F,3092,1154.82,0.72,14.17,59.9,1.09,15.9,67.49,Inox,Frezare,391,0,Niciunul
128,Freza,FREZA CARBURA Ø10 4F,3033,1192.51,0.95,8.86,85.32,2.35,96.1,72.3,Inox,Frezare,25,1,Uzura excesiva
129,Freza,FREZA CARBURA Ø10 4F,5498,883.62,1.94,11.34,67.13,1.07,10.2,67.6,Inox,Frezare,439,0,Niciunul
130,Freza,FREZA CARBURA Ø10 4F,4652,614.64,0.56,7.02,36.99,1.33,14.6,74.62,Inox,Frezare,457,0,Niciunul
131,Freza,FREZA CARBURA Ø10 4F,4994,395.94,1.44,14.37,37.76,0.58,17.9,63.73,Inox,Frezare,450,0,Niciunul
132,Freza,FREZA CARBURA Ø10 4F,2969,261.95,1.97,17.08,137.92,1.58,32.5,79.36,Aluminiu,Frezare,105,1,Supraincalzire
133,Freza,FREZA CARBURA Ø10 4F,3514,634.63,2.55,7.73,98.28,3.38,73.8,70.41,Otel,Frezare,193,1,Uzura excesiva
134,Freza,FREZA CARBURA Ø10 4F,4360,1163.57,1.54,14.85,155.5,3.14,38.7,75.61,Otel,Frezare,267,1,Supraincalzire
135,Freza,FREZA CARBURA Ø10 4F,1719,1025.94,2.37,13.39,56.76,1.1,17.2,71.76,Inox,Frezare,232,0,Niciunul
136,Freza,FREZA CARBURA Ø10 4F,5450,1089.04,2.03,10.38,109.0,4.88,87.1,73.05,Inox,Frezare,342,1,Uzura excesiva
137,Freza,FREZA CARBURA Ø10 4F,3696,511.58,2.66,18.91,69.54,13.38,41.5,91.01,Aluminiu,Frezare,78,1,Vibratii
138,Freza,FREZA CARBURA Ø10 4F,5382,793.1,1.98,19.47,145.73,2.2,25.9,76.51,Aluminiu,Frezare,358,1,Supraincalzire
139,Freza,FREZA CARBURA Ø10 4F,5388,1116.09,2.96,15.41,126.4,3.39,26.8,84.59,Aluminiu,Frezare,174,1,Supraincalzire
140,Freza,FREZA CARBURA Ø10 4F,4949,392.01,1.12,10.79,91.14,4.94,64.1,88.85,Inox,Frezare,185,1,Uzura excesiva
141,Freza,FREZA CARBURA Ø10 4F,3723,658.56,0.6,15.23,71.36,3.52,99.1,84.77,Otel,Frezare,372,1,Uzura excesiva
142,Freza,FREZA CARBURA Ø10 4F,2376,720.14,0.19,16.79,44.33,1.7,2.8,73.25,Otel,Frezare,175,0,Niciunul
143,Freza,FREZA CARBURA Ø10 4F,4593,1196.81,0.3,13.1,44.46,1.81,11.5,69.94,Aluminiu,Frezare,272,0,Niciunul
144,Freza,FREZA CARBURA Ø10 4F,3455,447.54,2.67,10.33,35.53,1.05,4.4,65.4,Aluminiu,Frezare,43,0,Niciunul
145,Freza,FREZA CARBURA Ø10 4F,4060,823.65,0.74,12.86,62.07,1.07,0.5,65.64,Otel,Frezare,404,0,Niciunul
146,Freza,FREZA CARBURA Ø10 4F,4215,656.74,0.88,14.04,68.15,1.08,8.4,69.51,Inox,Frezare,485,0,Niciunul
147,Freza,FREZA CARBURA Ø10 4F,3938,875.92,1.86,9.33,38.34,1.72,1.6,61.95,Otel,Frezare,389,0,Niciunul
148,Freza,FREZA CARBURA Ø10 4F,4968,540.47,0.6,7.32,76.33,9.56,34.3,98.51,Inox,Frezare,416,1,Vibratii
149,Freza,FREZA CARBURA Ø10 4F,4658,493.95,0.83,8.97,83.46,2.7,64.5,80.7,Inox,Frezare,63,1,Uzura excesiva
150,Freza,FREZA CARBURA Ø10 4F,3241,755.89,2.18,11.87,51.81,0.56,17.5,64.78,Inox,Frezare,298,0,Niciunul
151,Freza,FREZA CARBURA Ø10 4F,1644,424.37,2.26,7.77,72.29,2.86,89.7,86.56,Aluminiu,Frezare,448,1,Uzura excesiva
152,Freza,FREZA CARBURA Ø10 4F,2031,647.75,0.82,9.59,51.82,1.58,6.9,73.64,Otel,Frezare,296,0,Niciunul
153,Freza,FREZA CARBURA Ø10 4F,2549,1145.59,1.79,11.83,46.87,1.23,17.2,74.36,Otel,Frezare,373,0,Niciunul
154,Freza,FREZA CARBURA Ø10 4F,3038,560.56,0.81,17.34,57.18,0.67,8.5,72.97,Otel,Frezare,227,0,Niciunul
155,Freza,FREZA CARBURA Ø10 4F,4999,993.76,0.59,9.35,92.35,2.52,65.9,89.02,Aluminiu,Frezare,229,1,Uzura excesiva
156,Freza,FREZA CARBURA Ø10 4F,2570,1126.54,2.2,13.25,48.22,1.27,13.2,66.68,Aluminiu,Frezare,11,0,Niciunul
157,Freza,FREZA CARBURA Ø10 4F,4563,926.61,0.74,6.74,63.7,1.88,7.7,70.9,Inox,Frezare,93,0,Niciunul
158,Freza,FREZA CARBURA Ø10 4F,4784,739.3,2.68,18.03,48.27,0.96,6.5,68.94,Aluminiu,Frezare,426,0,Niciunul
159,Freza,FREZA CARBURA Ø10 4F,3469,569.07,0.5,6.61,77.76,7.16,34.2,103.19,Otel,Frezare,145,1,Vibratii
160,Freza,FREZA CARBURA Ø10 4F,2128,640.28,1.61,13.9,69.11,8.93,26.5,86.84,Aluminiu,Frezare,450,1,Vibratii
161,Freza,FREZA CARBURA Ø10 4F,1861,262.01,1.4,5.77,106.66,2.34,84.7,79.24,Otel,Frezare,268,1,Uzura excesiva
162,Freza,FREZA CARBURA Ø10 4F,2923,535.14,0.42,6.38,131.97,2.42,25.7,84.95,Aluminiu,Frezare,149,1,Supraincalzire
163,Freza,FREZA CARBURA Ø10 4F,5635,492.84,3.0,6.75,67.51,1.74,16.0,61.86,Otel,Frezare,338,0,Niciunul
164,Freza,FREZA CARBURA Ø10 4F,5543,1165.37,2.68,13.77,60.31,0.67,2.7,73.52,Inox,Frezare,478,0,Niciunul
165,Freza,FREZA CARBURA Ø10 4F,5283,215.7,2.56,15.58,63.28,0.94,18.3,70.33,Inox,Frezare,6,0,Niciunul
166,Freza,FREZA CARBURA Ø10 4F,3923,724.64,0.2,16.06,82.68,8.28,40.1,88.96,Otel,Frezare,365,1,Vibratii
167,Freza,FREZA CARBURA Ø10 4F,2030,1006.47,0.36,7.77,69.67,0.95,14.1,67.87,Aluminiu,Frezare,323,0,Niciunul
168,Freza,FREZA CARBURA Ø10 4F,4134,742.66,1.51,16.9,35.32,1.99,19.7,68.84,Aluminiu,Frezare,395,0,Niciunul
169,Freza,FREZA CARBURA Ø10 4F,3646,389.79,0.59,7.37,161.49,2.35,28.7,78.7,Aluminiu,Frezare,131,1,Supraincalzire
170,Freza,FREZA CARBURA Ø10 4F,4752,301.05,1.2,19.35,75.0,4.66,71.9,76.89,Inox,Frezare,340,1,Uzura excesiva
171,Freza,FREZA CARBURA Ø10 4F,2582,1055.55,0.77,14.92,47.84,1.29,17.1,61.9,Inox,Frezare,196,0,Niciunul
172,Freza,FREZA CARBURA Ø10 4F,4983,1068.86,1.27,14.95,44.72,0.51,12.1,60.97,Otel,Frezare,458,0,Niciunul
173,Freza,FREZA CARBURA Ø10 4F,2121,491.18,2.91,10.87,88.59,4.15,68.5,74.06,Otel,Frezare,241,1,Uzura excesiva
174,Freza,FREZA CARBURA Ø10 4F,2342,903.03,0.5,10.92,109.63,3.85,69.8,84.32,Aluminiu,Frezare,439,1,Uzura excesiva
175,Freza,FREZA CARBURA Ø10 4F,5062,1039.12,1.17,13.53,84.05,13.25,30.7,92.55,Otel,Frezare,301,1,Vibratii
176,Freza,FREZA CARBURA Ø10 4F,4950,623.88,2.79,15.13,73.7,2.74,83.7,75.06,Otel,Frezare,204,1,Uzura excesiva
177,Freza,FREZA CARBURA Ø10 4F,1607,413.43,0.76,19.42,146.86,3.43,35.4,82.25,Otel,Frezare,371,1,Supraincalzire
178,Freza,FREZA CARBURA Ø10 4F,3485,702.05,2.55,16.49,96.35,2.25,79.7,88.68,Inox,Frezare,494,1,Uzura excesiva
179,Freza,FREZA CARBURA Ø10 4F,3603,472.56,1.49,10.5,57.85,1.3,13.6,69.38,Otel,Frezare,10,0,Niciunul
180,Freza,FREZA CARBURA Ø10 4F,3890,949.07,2.04,7.28,60.06,12.51,26.6,102.62,Aluminiu,Frezare,197,1,Vibratii
181,Freza,FREZA CARBURA Ø10 4F,5342,802.03,1.4,17.32,40.02,0.97,0.3,69.18,Inox,Frezare,266,0,Niciunul
182,Freza,FREZA CARBURA Ø10 4F,4438,608.38,0.83,9.62,92.82,4.41,60.7,80.8,Inox,Frezare,177,1,Uzura excesiva
183,Freza,FREZA CARBURA Ø10 4F,5897,261.13,0.33,5.76,50.96,1.32,5.6,72.93,Aluminiu,Frezare,471,0,Niciunul
184,Freza,FREZA CARBURA Ø10 4F,2960,1133.91,1.85,13.22,86.2,8.75,36.1,87.65,Otel,Frezare,39,1,Vibratii
185,Freza,FREZA CARBURA Ø10 4F,3405,1027.97,0.85,11.53,63.21,1.82,17.7,64.15,Otel,Frezare,360,0,Niciunul
186,Freza,FREZA CARBURA Ø10 4F,5616,901.66,2.52,11.54,79.45,2.01,98.8,75.22,Inox,Frezare,229,1,Uzura excesiva
187,Freza,FREZA CARBURA Ø10 4F,5451,1087.95,0.23,8.63,53.4,1.52,15.1,67.81,Aluminiu,Frezare,433,0,Niciunul
188,Freza,FREZA CARBURA Ø10 4F,3919,1098.01,0.28,14.23,89.86,3.55,63.2,81.54,Inox,Frezare,477,1,Uzura excesiva
189,Freza,FREZA CARBURA Ø10 4F,4579,373.49,1.7,6.4,68.74,0.6,13.8,64.55,Inox,Frezare,7,0,Niciunul
190,Freza,FREZA CARBURA Ø10 4F,5242,1021.35,0.66,13.04,48.43,1.63,15.3,60.05,Otel,Frezare,434,0,Niciunul
191,Freza,FREZA CARBURA Ø10 4F,1762,815.56,0.71,19.69,68.37,8.13,36.0,101.62,Otel,Frezare,192,1,Vibratii
192,Freza,FREZA CARBURA Ø10 4F,3081,342.23,1.61,19.86,62.69,1.4,18.1,74.34,Inox,Frezare,333,0,Niciunul
193,Freza,FREZA CARBURA Ø10 4F,2764,835.82,1.76,8.35,75.57,3.68,98.9,77.02,Aluminiu,Frezare,396,1,Uzura excesiva
194,Freza,FREZA CARBURA Ø10 4F,2208,1169.4,1.78,6.44,140.44,3.47,20.2,82.13,Aluminiu,Frezare,108,1,Supraincalzire
195,Freza,FREZA CARBURA Ø10 4F,3607,468.49,1.36,6.43,69.14,0.96,17.0,73.37,Otel,Frezare,357,0,Niciunul
196,Freza,FREZA CARBURA Ø10 4F,2857,406.43,0.79,14.36,54.87,0.73,5.9,63.13,Otel,Frezare,79,0,Niciunul
197,Freza,FREZA CARBURA Ø10 4F,5652,886.65,0.5,14.67,88.18,8.08,28.2,104.9,Aluminiu,Frezare,75,1,Vibratii
198,Freza,FREZA CARBURA Ø10 4F,1810,502.74,1.15,18.47,168.07,3.6,35.5,82.79,Inox,Frezare,419,1,Supraincalzire
199,Freza,FREZA CARBURA Ø10 4F,2227,558.9,2.0,19.59,75.8,13.44,41.6,99.6,Aluminiu,Frezare,253,1,Vibratii
200,Freza,FREZA CARBURA Ø10 4F,1876,444.52,1.47,13.27,158.07,1.74,28.5,81.16,Inox,Frezare,356,1,Supraincalzire
201,Freza,FREZA CARBURA Ø10 4F,2817,698.74,0.83,18.61,50.9,1.81,13.0,63.61,Aluminiu,Frezare,175,0,Niciunul
202,Freza,FREZA CARBURA Ø10 4F,4852,732.93,2.9,18.39,102.85,3.72,79.1,85.76,Inox,Frezare,293,1,Uzura excesiva
203,Freza,FREZA CARBURA Ø10 4F,5184,944.25,0.4,19.42,65.04,0.9,3.6,65.77,Aluminiu,Frezare,164,0,Niciunul
204,Freza,FREZA CARBURA Ø10 4F,2648,377.02,0.69,19.71,50.26,1.74,11.2,62.31,Inox,Frezare,296,0,Niciunul
205,Freza,FREZA CARBURA Ø10 4F,4566,592.69,1.32,8.87,43.42,1.72,17.8,63.97,Aluminiu,Frezare,230,0,Niciunul
206,Freza,FREZA CARBURA Ø10 4F,2202,1188.12,0.37,7.28,161.53,2.41,37.8,84.59,Aluminiu,Frezare,440,1,Supraincalzire
207,Freza,FREZA CARBURA Ø10 4F,3300,520.76,1.96,7.04,36.43,1.91,8.9,72.67,Aluminiu,Frezare,415,0,Niciunul
208,Freza,FREZA CARBURA Ø10 4F,4087,661.28,1.13,15.21,67.8,7.42,43.6,98.25,Inox,Frezare,161,1,Vibratii
209,Freza,FREZA CARBURA Ø10 4F,5629,677.89,2.47,12.29,62.5,9.76,49.8,88.31,Otel,Frezare,224,1,Vibratii
210,Freza,FREZA CARBURA Ø10 4F,4452,704.68,2.06,5.2,63.49,0.52,9.8,63.25,Aluminiu,Frezare,252,0,Niciunul
211,Freza,FREZA CARBURA Ø10 4F,2547,1197.59,1.72,19.62,46.89,1.39,15.7,71.82,Aluminiu,Frezare,430,0,Niciunul
212,Freza,FREZA CARBURA Ø10 4F,3202,782.63,0.73,14.61,67.66,1.52,18.2,60.17,Aluminiu,Frezare,321,0,Niciunul
213,Freza,FREZA CARBURA Ø10 4F,4430,795.03,1.03,7.38,47.98,1.33,3.4,60.98,Inox,Frezare,323,0,Niciunul
214,Freza,FREZA CARBURA Ø10 4F,3724,398.93,0.13,17.74,88.99,8.49,32.7,92.46,Inox,Frezare,479,1,Vibratii
215,Freza,FREZA CARBURA Ø10 4F,3503,632.95,2.82,5.58,106.32,4.95,87.4,88.97,Otel,Frezare,423,1,Uzura excesiva
216,Freza,FREZA CARBURA Ø10 4F,5937,1199.74,1.56,8.88,50.18,1.05,18.7,64.19,Otel,Frezare,61,0,Niciunul
217,Freza,FREZA CARBURA Ø10 4F,5166,1050.75,2.63,19.59,52.4,1.96,6.0,62.75,Inox,Frezare,160,0,Niciunul
218,Freza,FREZA CARBURA Ø10 4F,2185,1127.55,0.35,9.3,74.84,9.97,41.2,99.57,Inox,Frezare,148,1,Vibratii
219,Freza,FREZA CARBURA Ø10 4F,4546,639.09,1.88,8.22,39.27,1.51,1.1,68.21,Otel,Frezare,323,0,Niciunul
220,Freza,FREZA CARBURA Ø10 4F,5836,990.49,1.56,9.71,63.13,1.48,0.1,70.07,Aluminiu,Frezare,28,0,Niciunul
221,Freza,FREZA CARBURA Ø10 4F,3167,231.95,1.15,6.31,73.29,9.6,22.6,89.57,Otel,Frezare,113,1,Vibratii
222,Freza,FREZA CARBURA Ø10 4F,5493,224.05,1.05,17.95,91.12,4.13,92.6,87.49,Aluminiu,Frezare,492,1,Uzura excesiva
223,Freza,FREZA CARBURA Ø10 4F,5674,654.5,1.56,11.23,155.49,2.79,39.1,76.53,Aluminiu,Frezare,323,1,Supraincalzire
224,Freza,FREZA CARBURA Ø10 4F,4547,374.54,1.63,18.2,150.21,3.93,33.8,75.27,Aluminiu,Frezare,28,1,Supraincalzire
225,Freza,FREZA CARBURA Ø10 4F,5947,479.72,1.52,13.98,58.0,1.2,0.4,65.07,Aluminiu,Frezare,207,0,Niciunul
226,Freza,FREZA CARBURA Ø10 4F,2094,394.8,2.73,17.3,176.51,3.77,20.5,76.26,Inox,Frezare,320,1,Supraincalzire
227,Freza,FREZA CARBURA Ø10 4F,5210,925.54,2.54,13.81,55.76,1.17,8.2,62.26,Inox,Frezare,65,0,Niciunul
228,Freza,FREZA CARBURA Ø10 4F,3114,1144.97,1.25,6.08,176.64,3.52,34.4,80.53,Otel,Frezare,135,1,Supraincalzire
229,Freza,FREZA CARBURA Ø10 4F,3310,885.05,1.43,9.12,57.1,0.58,14.2,74.19,Aluminiu,Frezare,56,0,Niciunul
230,Freza,FREZA CARBURA Ø10 4F,4156,673.99,1.29,6.11,79.03,6.46,38.2,99.67,Aluminiu,Frezare,101,1,Vibratii
231,Freza,FREZA CARBURA Ø10 4F,3258,451.83,2.7,12.23,76.48,11.99,40.6,86.27,Aluminiu,Frezare,174,1,Vibratii
232,Freza,FREZA CARBURA Ø10 4F,1748,456.6,2.09,8.6,90.13,4.89,94.1,70.44,Inox,Frezare,173,1,Uzura excesiva
233,Freza,FREZA CARBURA Ø10 4F,3037,1177.28,0.12,9.91,56.03,0.67,8.5,68.11,Aluminiu,Frezare,131,0,Niciunul
234,Freza,FREZA CARBURA Ø10 4F,1644,1013.65,2.35,19.67,37.76,0.67,15.1,64.07,Otel,Frezare,139,0,Niciunul
235,Freza,FREZA CARBURA Ø10 4F,2675,461.39,0.47,11.59,88.38,9.36,28.6,95.34,Otel,Frezare,46,1,Vibratii
236,Freza,FREZA CARBURA Ø10 4F,1968,777.62,1.4,14.39,52.06,1.86,2.7,66.0,Inox,Frezare,38,0,Niciunul
237,Freza,FREZA CARBURA Ø10 4F,4230,1069.36,1.53,18.32,35.89,1.5,10.2,71.53,Otel,Frezare,455,0,Niciunul
238,Freza,FREZA CARBURA Ø10 4F,3942,1171.07,1.63,17.2,140.28,2.57,34.0,84.78,Aluminiu,Frezare,294,1,Supraincalzire
239,Freza,FREZA CARBURA Ø10 4F,2092,750.08,2.72,5.01,60.34,0.74,8.5,67.47,Otel,Frezare,199,0,Niciunul
240,Freza,FREZA CARBURA Ø10 4F,5350,352.9,0.32,12.71,44.58,0.79,5.0,60.64,Otel,Frezare,66,0,Niciunul
241,Freza,FREZA CARBURA Ø10 4F,1851,731.65,0.7,18.33,93.83,2.04,95.2,83.25,Inox,Frezare,229,1,Uzura excesiva
242,Freza,FREZA CARBURA Ø10 4F,2343,659.53,2.67,13.03,81.84,3.73,63.4,78.71,Otel,Frezare,496,1,Uzura excesiva
243,Freza,FREZA CARBURA Ø10 4F,1559,1170.68,1.63,15.84,78.55,8.88,41.1,102.04,Inox,Frezare,378,1,Vibratii
244,Freza,FREZA CARBURA Ø10 4F,5086,787.94,0.65,6.9,61.7,1.33,10.1,68.05,Otel,Frezare,286,0,Niciunul
245,Freza,FREZA CARBURA Ø10 4F,4481,327.04,2.27,10.3,86.74,4.16,74.7,79.49,Inox,Frezare,137,1,Uzura excesiva
246,Freza,FREZA CARBURA Ø10 4F,3747,463.95,2.41,12.48,40.92,1.45,17.7,73.83,Aluminiu,Frezare,336,0,Niciunul
247,Freza,FREZA CARBURA Ø10 4F,4487,568.59,0.82,17.47,106.88,4.25,62.0,89.06,Aluminiu,Frezare,318,1,Uzura excesiva
248,Freza,FREZA CARBURA Ø10 4F,3946,1196.41,1.59,17.18,70.41,6.03,35.2,104.37,Otel,Frezare,176,1,Vibratii
249,Freza,FREZA CARBURA Ø10 4F,5958,1097.99,2.19,11.33,83.72,12.54,46.4,100.27,Inox,Frezare,1,1,Vibratii
250,Freza,FREZA CARBURA Ø10 4F,5191,519.96,1.33,19.26,48.54,0.69,15.0,65.17,Otel,Frezare,93,0,Niciunul
251,Freza,FREZA CARBURA Ø10 4F,5430,1091.78,2.32,18.38,62.08,1.73,4.3,65.03,Inox,Frezare,195,0,Niciunul
252,Freza,FREZA CARBURA Ø10 4F,3262,1114.5,2.17,15.49,36.75,0.82,3.3,64.67,Otel,Frezare,390,0,Niciunul
253,Freza,FREZA CARBURA Ø10 4F,3281,225.18,2.47,12.0,125.95,2.3,36.3,79.18,Otel,Frezare,136,1,Supraincalzire
254,Freza,FREZA CARBURA Ø10 4F,2848,718.25,1.53,19.79,79.8,3.07,81.0,70.31,Inox,Frezare,103,1,Uzura excesiva
255,Freza,FREZA CARBURA Ø10 4F,1860,821.37,2.46,8.0,48.25,0.52,13.5,67.33,Otel,Frezare,392,0,Niciunul
256,Freza,FREZA CARBURA Ø10 4F,1957,207.99,2.6,17.65,50.7,1.19,11.5,73.29,Otel,Frezare,62,0,Niciunul
257,Freza,FREZA CARBURA Ø10 4F,2434,515.84,2.23,14.61,76.72,2.39,93.1,72.59,Inox,Frezare,180,1,Uzura excesiva
258,Freza,FREZA CARBURA Ø10 4F,4524,927.91,2.71,16.38,47.58,1.87,4.5,60.63,Otel,Frezare,300,0,Niciunul
259,Freza,FREZA CARBURA Ø10 4F,2759,1179.19,0.94,19.15,73.87,10.1,45.4,104.6,Inox,Frezare,366,1,Vibratii
260,Freza,FREZA CARBURA Ø10 4F,4964,491.83,1.99,5.14,44.42,1.59,1.9,70.76,Otel,Frezare,297,0,Niciunul
261,Freza,FREZA CARBURA Ø10 4F,2807,980.04,2.5,13.58,43.16,0.75,4.0,65.98,Aluminiu,Frezare,475,0,Niciunul
262,Freza,FREZA CARBURA Ø10 4F,1541,1105.93,1.83,5.38,57.33,0.6,2.4,66.33,Otel,Frezare,80,0,Niciunul
263,Freza,FREZA CARBURA Ø10 4F,4109,1142.64,2.81,18.91,45.23,0.92,14.7,66.6,Otel,Frezare,463,0,Niciunul
264,Freza,FREZA CARBURA Ø10 4F,1952,1124.05,1.98,10.91,38.52,1.19,1.8,68.95,Otel,Frezare,65,0,Niciunul
265,Freza,FREZA CARBURA Ø10 4F,3347,947.25,1.94,14.63,64.53,1.83,11.7,74.89,Otel,Frezare,260,0,Niciunul
266,Freza,FREZA CARBURA Ø10 4F,3725,559.94,2.04,11.22,65.26,13.43,38.7,100.35,Inox,Frezare,300,1,Vibratii
267,Freza,FREZA CARBURA Ø10 4F,5327,1023.23,1.58,11.11,151.22,3.71,25.7,79.53,Inox,Frezare,65,1,Supraincalzire
268,Freza,FREZA CARBURA Ø10 4F,4000,559.54,2.17,19.68,86.5,2.65,73.0,75.71,Aluminiu,Frezare,387,1,Uzura excesiva
269,Freza,FREZA CARBURA Ø10 4F,5680,811.27,2.19,16.63,39.11,1.1,13.6,72.91,Aluminiu,Frezare,249,0,Niciunul
270,Freza,FREZA CARBURA Ø10 4F,5896,770.07,1.93,5.09,49.29,0.93,0.5,69.67,Aluminiu,Frezare,190,0,Niciunul
271,Freza,FREZA CARBURA Ø10 4F,5026,351.93,0.77,14.9,97.96,4.55,77.0,88.95,Aluminiu,Frezare,177,1,Uzura excesiva
272,Freza,FREZA CARBURA Ø10 4F,3297,494.97,0.84,13.61,165.02,3.22,34.9,81.8,Inox,Frezare,190,1,Supraincalzire
273,Freza,FREZA CARBURA Ø10 4F,4094,845.75,1.35,9.72,36.16,1.27,17.0,69.74,Otel,Frezare,62,0,Niciunul
274,Freza,FREZA CARBURA Ø10 4F,1670,1053.17,2.87,7.73,130.48,2.96,35.7,78.37,Otel,Frezare,96,1,Supraincalzire
275,Freza,FREZA CARBURA Ø10 4F,3850,1059.32,0.61,17.94,79.72,2.8,76.7,89.81,Aluminiu,Frezare,379,1,Uzura excesiva
276,Freza,FREZA CARBURA Ø10 4F,3827,660.22,0.66,19.37,68.47,13.82,37.8,99.66,Otel,Frezare,418,1,Vibratii
277,Freza,FREZA CARBURA Ø10 4F,1656,221.19,0.88,10.81,37.62,0.73,8.3,66.72,Otel,Frezare,339,0,Niciunul
278,Freza,FREZA CARBURA Ø10 4F,3927,610.22,2.82,7.6,47.58,0.82,4.0,61.53,Otel,Frezare,250,0,Niciunul
279,Freza,FREZA CARBURA Ø10 4F,2829,1073.6,1.12,7.7,36.14,0.94,12.7,64.79,Aluminiu,Frezare,493,0,Niciunul
280,Freza,FREZA CARBURA Ø10 4F,3659,746.6,0.12,11.63,62.2,1.1,6.8,61.12,Inox,Frezare,237,0,Niciunul
281,Freza,FREZA CARBURA Ø10 4F,4646,583.75,0.71,18.6,63.55,1.9,9.3,65.64,Aluminiu,Frezare,226,0,Niciunul
282,Freza,FREZA CARBURA Ø10 4F,4899,856.26,1.46,10.13,89.93,12.99,38.2,96.15,Otel,Frezare,10,1,Vibratii
283,Freza,FREZA CARBURA Ø10 4F,1734,811.1,0.66,7.26,135.36,2.27,33.2,82.66,Aluminiu,Frezare,100,1,Supraincalzire
284,Freza,FREZA CARBURA Ø10 4F,3869,1131.17,1.37,16.43,68.79,13.98,32.6,92.15,Otel,Frezare,126,1,Vibratii
285,Freza,FREZA CARBURA Ø10 4F,3666,1057.56,2.19,11.15,65.96,6.41,45.9,88.62,Aluminiu,Frezare,49,1,Vibratii
286,Freza,FREZA CARBURA Ø10 4F,5284,584.39,2.65,7.82,51.42,1.16,9.0,69.56,Otel,Frezare,436,0,Niciunul
287,Freza,FREZA CARBURA Ø10 4F,5817,235.78,1.32,15.61,57.47,1.87,10.0,67.14,Aluminiu,Frezare,401,0,Niciunul
288,Freza,FREZA CARBURA Ø10 4F,3832,1177.28,1.89,16.8,99.5,2.08,96.3,80.86,Otel,Frezare,79,1,Uzura excesiva
289,Freza,FREZA CARBURA Ø10 4F,1684,716.09,0.44,5.37,60.41,1.19,16.0,67.31,Aluminiu,Frezare,428,0,Niciunul
290,Freza,FREZA CARBURA Ø10 4F,5844,248.54,1.44,14.14,103.31,4.26,90.5,84.2,Aluminiu,Frezare,488,1,Uzura excesiva
291,Freza,FREZA CARBURA Ø10 4F,2168,739.04,0.23,8.8,67.58,1.8,8.7,66.38,Inox,Frezare,55,0,Niciunul
292,Freza,FREZA CARBURA Ø10 4F,3217,331.2,0.26,9.74,172.11,3.95,38.8,77.19,Inox,Frezare,427,1,Supraincalzire
293,Freza,FREZA CARBURA Ø10 4F,5308,922.2,1.6,6.48,58.4,1.74,0.1,67.65,Otel,Frezare,337,0,Niciunul
294,Freza,FREZA CARBURA Ø10 4F,1811,468.57,2.86,10.19,122.96,2.39,35.6,75.78,Aluminiu,Frezare,111,1,Supraincalzire
295,Freza,FREZA CARBURA Ø10 4F,2854,639.12,0.34,17.42,142.27,3.43,23.1,83.59,Aluminiu,Frezare,438,1,Supraincalzire
296,Freza,FREZA CARBURA Ø10 4F,4155,246.62,2.08,15.41,89.69,4.87,98.7,86.05,Aluminiu,Frezare,457,1,Uzura excesiva
297,Freza,FREZA CARBURA Ø10 4F,3940,679.8,0.47,15.33,48.8,0.83,11.2,72.0,Inox,Frezare,195,0,Niciunul
298,Freza,FREZA CARBURA Ø10 4F,3279,615.92,1.69,13.36,63.87,1.06,16.8,66.61,Otel,Frezare,484,0,Niciunul
299,Freza,FREZA CARBURA Ø10 4F,1797,808.85,2.12,11.19,164.2,2.54,23.8,75.15,Otel,Frezare,308,1,Supraincalzire
300,Freza,FREZA CARBURA Ø10 4F,5347,1147.96,0.48,6.82,67.41,0.9,17.5,68.73,Otel,Frezare,7,0,Niciunul
301,Freza,FREZA CARBURA Ø10 4F,3154,564.39,2.27,7.6,62.38,0.6,16.7,60.01,Otel,Frezare,73,0,Niciunul
302,Freza,FREZA CARBURA Ø10 4F,2770,703.39,0.19,8.27,55.15,1.74,2.8,70.22,Otel,Frezare,252,0,Niciunul
303,Freza,FREZA CARBURA Ø10 4F,2903,727.35,1.93,5.85,43.23,1.48,9.8,62.33,Inox,Frezare,489,0,Niciunul
304,Freza,FREZA CARBURA Ø10 4F,4895,470.94,2.83,12.05,95.07,3.21,70.5,89.78,Aluminiu,Frezare,264,1,Uzura excesiva
305,Freza,FREZA CARBURA Ø10 4F,3863,843.22,0.54,12.14,62.54,1.58,2.1,65.21,Inox,Frezare,131,0,Niciunul
306,Freza,FREZA CARBURA Ø10 4F,4237,680.23,1.55,10.0,87.38,3.62,75.0,79.84,Inox,Frezare,13,1,Uzura excesiva
307,Freza,FREZA CARBURA Ø10 4F,5611,740.48,2.29,12.92,65.02,0.82,15.4,73.08,Aluminiu,Frezare,329,0,Niciunul
308,Freza,FREZA CARBURA Ø10 4F,3796,454.21,1.43,11.8,86.8,13.3,39.4,102.15,Aluminiu,Frezare,484,1,Vibratii
309,Freza,FREZA CARBURA Ø10 4F,1577,455.03,1.73,9.35,75.56,2.53,84.8,74.01,Aluminiu,Frezare,193,1,Uzura excesiva
310,Freza,FREZA CARBURA Ø10 4F,3976,245.47,0.65,13.73,59.83,0.51,7.3,72.28,Otel,Frezare,108,0,Niciunul
311,Freza,FREZA CARBURA Ø10 4F,2844,1142.18,1.12,11.43,109.33,4.08,78.0,80.24,Otel,Frezare,331,1,Uzura excesiva
312,Freza,FREZA CARBURA Ø10 4F,3270,1066.48,0.82,12.14,43.06,1.91,8.1,68.36,Aluminiu,Frezare,438,0,Niciunul
313,Freza,FREZA CARBURA Ø10 4F,2126,679.76,1.85,16.8,57.81,1.57,13.9,72.03,Otel,Frezare,496,0,Niciunul
314,Freza,FREZA CARBURA Ø10 4F,2210,556.75,1.06,13.23,52.51,1.24,9.1,61.47,Inox,Frezare,8,0,Niciunul
315,Freza,FREZA CARBURA Ø10 4F,2241,292.75,1.42,11.44,48.76,1.83,6.7,67.36,Aluminiu,Frezare,2,0,Niciunul
316,Freza,FREZA CARBURA Ø10 4F,2283,382.11,0.35,8.79,144.06,3.71,29.8,80.0,Otel,Frezare,299,1,Supraincalzire
317,Freza,FREZA CARBURA Ø10 4F,2401,666.35,1.87,8.81,40.46,1.89,2.2,74.14,Otel,Frezare,201,0,Niciunul
318,Freza,FREZA CARBURA Ø10 4F,1785,984.7,2.23,15.27,51.75,1.57,12.0,69.9,Otel,Frezare,304,0,Niciunul
319,Freza,FREZA CARBURA Ø10 4F,2413,208.26,2.68,12.39,53.94,1.35,16.8,70.99,Inox,Frezare,496,0,Niciunul
320,Freza,FREZA CARBURA Ø10 4F,3834,1176.5,0.88,15.91,176.04,3.97,24.8,75.8,Otel,Frezare,415,1,Supraincalzire
321,Freza,FREZA CARBURA Ø10 4F,3738,1070.53,0.32,9.2,46.52,1.22,10.9,74.02,Otel,Frezare,230,0,Niciunul
322,Freza,FREZA CARBURA Ø10 4F,4624,568.94,2.91,8.12,41.43,1.98,2.7,68.11,Aluminiu,Frezare,470,0,Niciunul
323,Freza,FREZA CARBURA Ø10 4F,4366,426.79,2.15,14.78,50.65,1.4,4.4,74.59,Aluminiu,Frezare,329,0,Niciunul
324,Freza,FREZA CARBURA Ø10 4F,4383,1120.42,0.23,15.96,109.28,3.92,92.1,87.13,Inox,Frezare,377,1,Uzura excesiva
325,Freza,FREZA CARBURA Ø10 4F,2789,1150.79,2.87,19.42,143.82,3.77,24.7,77.71,Aluminiu,Frezare,269,1,Supraincalzire
326,Freza,FREZA CARBURA Ø10 4F,6000,1181.17,0.4,14.86,72.72,9.83,25.7,96.2,Inox,Frezare,395,1,Vibratii
327,Freza,FREZA CARBURA Ø10 4F,5125,260.56,1.75,7.9,141.75,2.25,34.5,80.38,Inox,Frezare,473,1,Supraincalzire
328,Freza,FREZA CARBURA Ø10 4F,5818,260.96,2.59,19.0,105.24,4.77,64.8,77.44,Otel,Frezare,95,1,Uzura excesiva
329,Freza,FREZA CARBURA Ø10 4F,5972,304.0,1.56,7.08,52.34,1.68,16.9,74.11,Aluminiu,Frezare,332,0,Niciunul
330,Freza,FREZA CARBURA Ø10 4F,4660,604.95,1.14,17.63,65.85,1.12,6.7,61.04,Otel,Frezare,57,0,Niciunul
331,Freza,FREZA CARBURA Ø10 4F,3426,210.57,0.97,14.98,59.35,1.57,6.2,66.94,Inox,Frezare,431,0,Niciunul
332,Freza,FREZA CARBURA Ø10 4F,5943,490.3,1.5,16.15,66.96,8.61,31.0,98.1,Aluminiu,Frezare,61,1,Vibratii
333,Freza,FREZA CARBURA Ø10 4F,5707,862.8,0.4,11.54,109.14,3.59,71.7,84.47,Otel,Frezare,126,1,Uzura excesiva
334,Freza,FREZA CARBURA Ø10 4F,2788,585.64,0.73,5.71,91.61,4.86,87.7,71.64,Aluminiu,Frezare,377,1,Uzura excesiva
335,Freza,FREZA CARBURA Ø10 4F,5114,347.89,1.87,11.53,35.71,1.79,11.7,69.06,Aluminiu,Frezare,4,0,Niciunul
336,Freza,FREZA CARBURA Ø10 4F,2333,206.56,2.2,13.53,56.95,1.4,14.6,62.73,Inox,Frezare,303,0,Niciunul
337,Freza,FREZA CARBURA Ø10 4F,4789,933.12,1.95,6.92,69.64,11.94,47.6,103.83,Otel,Frezare,346,1,Vibratii
338,Freza,FREZA CARBURA Ø10 4F,3336,739.66,0.35,11.03,172.39,2.21,35.2,82.42,Aluminiu,Frezare,219,1,Supraincalzire
339,Freza,FREZA CARBURA Ø10 4F,5173,634.69,0.29,5.14,61.53,1.73,0.0,60.09,Otel,Frezare,335,0,Niciunul
340,Freza,FREZA CARBURA Ø10 4F,2771,755.93,0.22,8.0,39.58,0.75,11.7,64.48,Otel,Frezare,173,0,Niciunul
341,Freza,FREZA CARBURA Ø10 4F,5573,904.32,2.13,18.33,89.7,9.54,21.3,100.88,Aluminiu,Frezare,36,1,Vibratii
342,Freza,FREZA CARBURA Ø10 4F,4937,865.34,0.66,12.73,41.38,1.31,9.3,74.38,Otel,Frezare,213,0,Niciunul
343,Freza,FREZA CARBURA Ø10 4F,3930,315.7,0.85,19.02,78.97,2.49,94.0,79.58,Aluminiu,Frezare,367,1,Uzura excesiva
344,Freza,FREZA CARBURA Ø10 4F,1523,235.65,2.97,14.21,59.2,1.97,4.1,66.87,Otel,Frezare,140,0,Niciunul
345,Freza,FREZA CARBURA Ø10 4F,4512,967.59,2.38,6.57,120.8,2.73,33.6,78.02,Inox,Frezare,488,1,Supraincalzire
346,Freza,FREZA CARBURA Ø10 4F,2116,533.18,2.05,13.67,36.6,1.57,19.9,64.08,Inox,Frezare,101,0,Niciunul
347,Freza,FREZA CARBURA Ø10 4F,2288,241.57,2.12,8.32,54.41,0.84,19.5,66.04,Inox,Frezare,308,0,Niciunul
348,Freza,FREZA CARBURA Ø10 4F,2096,858.85,2.69,18.72,127.54,2.69,21.1,81.46,Inox,Frezare,273,1,Supraincalzire
349,Freza,FREZA CARBURA Ø10 4F,3046,413.24,0.52,18.08,48.7,0.88,5.2,64.6,Aluminiu,Frezare,318,0,Niciunul
350,Freza,FREZA CARBURA Ø10 4F,3533,335.4,0.97,18.86,56.89,1.2,1.4,64.03,Otel,Frezare,50,0,Niciunul
351,Freza,FREZA CARBURA Ø10 4F,4669,650.61,0.49,10.15,68.48,0.71,13.4,74.03,Inox,Frezare,466,0,Niciunul
352,Freza,FREZA CARBURA Ø10 4F,4222,729.94,0.92,16.62,85.58,8.46,30.4,92.44,Aluminiu,Frezare,497,1,Vibratii
353,Freza,FREZA CARBURA Ø10 4F,5972,535.03,1.43,8.66,48.94,0.96,16.9,73.28,Inox,Frezare,221,0,Niciunul
354,Freza,FREZA CARBURA Ø10 4F,2263,696.97,0.82,12.57,42.37,1.42,18.6,71.45,Aluminiu,Frezare,389,0,Niciunul
355,Freza,FREZA CARBURA Ø10 4F,4716,465.62,0.18,17.29,59.46,1.5,12.5,70.64,Aluminiu,Frezare,310,0,Niciunul
356,Freza,FREZA CARBURA Ø10 4F,5786,243.52,1.44,8.02,75.04,4.44,74.5,77.65,Otel,Frezare,430,1,Uzura excesiva
357,Freza,FREZA CARBURA Ø10 4F,3298,1196.82,1.84,5.59,163.72,2.99,38.2,82.15,Aluminiu,Frezare,442,1,Supraincalzire
358,Freza,FREZA CARBURA Ø10 4F,2079,415.58,1.61,5.49,69.24,1.87,4.1,73.39,Inox,Frezare,157,0,Niciunul
359,Freza,FREZA CARBURA Ø10 4F,5833,1141.54,1.5,7.42,47.88,1.62,4.4,65.65,Aluminiu,Frezare,414,0,Niciunul
360,Freza,FREZA CARBURA Ø10 4F,2069,317.31,2.93,13.37,43.61,1.51,0.4,60.95,Otel,Frezare,198,0,Niciunul
361,Freza,FREZA CARBURA Ø10 4F,5730,566.62,1.0,5.19,61.09,0.64,0.6,70.29,Aluminiu,Frezare,249,0,Niciunul
362,Freza,FREZA CARBURA Ø10 4F,4635,536.41,2.48,11.53,54.24,0.58,8.2,67.09,Otel,Frezare,431,0,Niciunul
363,Freza,FREZA CARBURA Ø10 4F,5131,272.19,2.86,13.38,120.09,2.91,28.0,81.32,Aluminiu,Frezare,395,1,Supraincalzire
364,Freza,FREZA CARBURA Ø10 4F,2162,916.4,1.94,7.29,146.63,2.53,37.0,82.84,Aluminiu,Frezare,187,1,Supraincalzire
365,Freza,FREZA CARBURA Ø10 4F,3068,696.71,1.69,13.7,50.43,0.82,5.0,73.08,Inox,Frezare,373,0,Niciunul
366,Freza,FREZA CARBURA Ø10 4F,3649,710.86,2.6,10.24,84.77,8.95,30.4,90.37,Aluminiu,Frezare,464,1,Vibratii
367,Freza,FREZA CARBURA Ø10 4F,3331,1044.26,2.57,12.44,166.69,1.91,31.0,82.65,Inox,Frezare,366,1,Supraincalzire
368,Freza,FREZA CARBURA Ø10 4F,3366,909.33,1.18,19.56,139.42,3.16,27.8,83.52,Otel,Frezare,57,1,Supraincalzire
369,Freza,FREZA CARBURA Ø10 4F,2390,944.82,2.68,16.22,74.84,8.94,40.4,103.12,Inox,Frezare,445,1,Vibratii
370,Freza,FREZA CARBURA Ø10 4F,3725,989.93,1.41,9.68,67.81,8.65,26.0,92.97,Aluminiu,Frezare,3,1,Vibratii
371,Freza,FREZA CARBURA Ø10 4F,3212,748.03,1.48,8.44,55.01,1.62,10.0,70.29,Aluminiu,Frezare,59,0,Niciunul
372,Freza,FREZA CARBURA Ø10 4F,4350,794.24,2.46,6.2,52.83,1.18,0.6,62.06,Inox,Frezare,432,0,Niciunul
373,Freza,FREZA CARBURA Ø10 4F,1598,1110.82,0.54,13.73,149.18,1.58,26.2,77.96,Otel,Frezare,400,1,Supraincalzire
374,Freza,FREZA CARBURA Ø10 4F,4243,305.89,1.29,10.19,59.71,1.8,14.6,70.29,Inox,Frezare,151,0,Niciunul
375,Freza,FREZA CARBURA Ø10 4F,4539,384.96,1.49,6.7,60.28,1.41,2.9,60.52,Aluminiu,Frezare,446,0,Niciunul
376,Freza,FREZA CARBURA Ø10 4F,4358,1152.75,2.16,10.79,169.66,1.78,28.9,75.55,Otel,Frezare,442,1,Supraincalzire
377,Freza,FREZA CARBURA Ø10 4F,4078,1071.8,2.34,7.66,54.92,1.96,15.9,66.06,Inox,Frezare,418,0,Niciunul
378,Freza,FREZA CARBURA Ø10 4F,5759,514.35,0.33,10.39,68.22,6.33,30.3,101.84,Aluminiu,Frezare,262,1,Vibratii
379,Freza,FREZA CARBURA Ø10 4F,5367,232.94,1.15,9.49,145.48,3.39,29.1,83.2,Inox,Frezare,40,1,Supraincalzire
380,Freza,FREZA CARBURA Ø10 4F,4916,838.61,2.44,16.89,41.17,1.75,3.4,69.1,Otel,Frezare,226,0,Niciunul
381,Freza,FREZA CARBURA Ø10 4F,4873,645.28,0.23,6.28,81.59,6.88,46.9,88.84,Inox,Frezare,448,1,Vibratii
382,Freza,FREZA CARBURA Ø10 4F,1569,593.74,1.06,12.4,57.07,1.34,16.8,66.07,Inox,Frezare,423,0,Niciunul
383,Freza,FREZA CARBURA Ø10 4F,3813,1089.14,1.69,18.42,85.46,3.98,65.8,81.53,Otel,Frezare,288,1,Uzura excesiva
384,Freza,FREZA CARBURA Ø10 4F,2337,1146.49,0.64,9.93,70.87,4.82,94.3,82.3,Otel,Frezare,242,1,Uzura excesiva
385,Freza,FREZA CARBURA Ø10 4F,2554,245.28,1.23,7.8,36.47,0.97,9.4,70.76,Otel,Frezare,390,0,Niciunul
386,Freza,FREZA CARBURA Ø10 4F,5517,1181.53,1.46,9.33,63.21,9.45,21.5,99.79,Inox,Frezare,491,1,Vibratii
387,Freza,FREZA CARBURA Ø10 4F,3353,438.33,2.72,6.59,149.25,2.22,29.4,78.75,Otel,Frezare,195,1,Supraincalzire
388,Freza,FREZA CARBURA Ø10 4F,2309,1163.22,1.48,9.02,51.61,1.81,16.7,66.44,Otel,Frezare,160,0,Niciunul
389,Freza,FREZA CARBURA Ø10 4F,2368,1190.89,0.18,7.2,84.26,6.7,38.9,103.63,Inox,Frezare,81,1,Vibratii
390,Freza,FREZA CARBURA Ø10 4F,3409,1166.61,1.45,11.38,96.3,2.65,82.7,80.43,Inox,Frezare,485,1,Uzura excesiva
391,Freza,FREZA CARBURA Ø10 4F,3354,477.62,1.31,14.62,66.47,0.91,0.8,67.24,Inox,Frezare,91,0,Niciunul
392,Freza,FREZA CARBURA Ø10 4F,2206,422.18,0.54,15.65,73.82,11.35,35.6,96.61,Inox,Frezare,336,1,Vibratii
393,Freza,FREZA CARBURA Ø10 4F,2544,726.62,0.61,6.29,167.05,2.56,24.4,75.6,Inox,Frezare,359,1,Supraincalzire
394,Freza,FREZA CARBURA Ø10 4F,5100,235.14,0.53,10.03,90.99,4.98,77.9,75.95,Aluminiu,Frezare,82,1,Uzura excesiva
395,Freza,FREZA CARBURA Ø10 4F,2128,828.62,2.91,18.99,120.6,1.92,20.7,80.93,Aluminiu,Frezare,377,1,Supraincalzire
396,Freza,FREZA CARBURA Ø10 4F,1521,827.72,1.0,13.0,107.15,3.07,67.3,88.35,Aluminiu,Frezare,419,1,Uzura excesiva
397,Freza,FREZA CARBURA Ø10 4F,2020,647.76,2.19,11.74,62.54,0.79,14.9,74.59,Inox,Frezare,67,0,Niciunul
398,Freza,FREZA CARBURA Ø10 4F,3107,752.56,1.37,16.19,36.78,1.66,18.7,68.75,Otel,Frezare,385,0,Niciunul
399,Freza,FREZA CARBURA Ø10 4F,5447,571.14,0.78,5.79,96.55,4.34,73.8,87.52,Aluminiu,Frezare,145,1,Uzura excesiva
400,Freza,FREZA CARBURA Ø10 4F,3033,450.81,2.16,13.63,163.01,2.99,35.1,84.16,Otel,Frezare,285,1,Supraincalzire
401,Freza,FREZA CARBURA Ø10 4F,3385,285.04,1.79,19.73,63.77,9.11,38.6,85.09,Aluminiu,Frezare,266,1,Vibratii
402,Freza,FREZA CARBURA Ø10 4F,4474,720.24,1.59,17.01,43.98,0.79,13.2,71.94,Otel,Frezare,77,0,Niciunul
403,Freza,FREZA CARBURA Ø10 4F,4336,573.44,0.83,14.16,58.49,0.89,4.9,70.8,Otel,Frezare,412,0,Niciunul
404,Freza,FREZA CARBURA Ø10 4F,2393,1052.45,0.48,16.13,42.95,1.93,9.1,72.67,Aluminiu,Frezare,390,0,Niciunul
405,Freza,FREZA CARBURA Ø10 4F,3308,387.9,1.5,10.21,54.48,0.92,15.0,70.93,Otel,Frezare,6,0,Niciunul
406,Freza,FREZA CARBURA Ø10 4F,1580,461.36,1.11,9.41,77.24,11.43,36.4,100.75,Inox,Frezare,278,1,Vibratii
407,Freza,FREZA CARBURA Ø10 4F,1519,614.57,0.51,16.81,61.31,1.32,7.2,66.21,Otel,Frezare,343,0,Niciunul
408,Freza,FREZA CARBURA Ø10 4F,1579,450.29,1.94,11.88,53.2,0.72,2.1,67.8,Inox,Frezare,349,0,Niciunul
409,Freza,FREZA CARBURA Ø10 4F,4734,796.23,2.99,8.38,42.56,1.93,19.1,60.64,Inox,Frezare,484,0,Niciunul
410,Freza,FREZA CARBURA Ø10 4F,3785,1065.31,2.05,6.89,54.11,1.01,1.6,64.41,Aluminiu,Frezare,73,0,Niciunul
411,Freza,FREZA CARBURA Ø10 4F,5622,1074.38,0.35,8.38,48.9,0.9,0.3,60.34,Inox,Frezare,280,0,Niciunul
412,Freza,FREZA CARBURA Ø10 4F,3330,958.0,0.31,8.91,63.11,1.34,14.8,67.16,Inox,Frezare,201,0,Niciunul
413,Freza,FREZA CARBURA Ø10 4F,3296,927.77,1.56,14.87,121.02,3.53,22.3,82.63,Aluminiu,Frezare,304,1,Supraincalzire
414,Freza,FREZA CARBURA Ø10 4F,3585,546.02,0.33,15.07,48.81,1.2,12.2,73.95,Otel,Frezare,219,0,Niciunul
415,Freza,FREZA CARBURA Ø10 4F,2705,1059.32,2.56,6.55,87.17,8.9,22.6,98.35,Inox,Frezare,270,1,Vibratii
416,Freza,FREZA CARBURA Ø10 4F,1577,391.92,0.47,19.99,168.33,2.79,32.8,84.29,Aluminiu,Frezare,159,1,Supraincalzire
417,Freza,FREZA CARBURA Ø10 4F,4839,1138.42,0.18,15.56,42.58,1.0,9.4,71.48,Aluminiu,Frezare,246,0,Niciunul
418,Freza,FREZA CARBURA Ø10 4F,2933,513.96,0.35,18.0,70.56,11.06,40.7,95.63,Inox,Frezare,176,1,Vibratii
419,Freza,FREZA CARBURA Ø10 4F,5373,1133.85,0.41,18.92,64.56,1.09,4.5,66.21,Inox,Frezare,182,0,Niciunul
420,Freza,FREZA CARBURA Ø10 4F,5024,382.5,0.69,14.99,77.05,9.86,41.1,98.49,Aluminiu,Frezare,310,1,Vibratii
421,Freza,FREZA CARBURA Ø10 4F,2916,334.49,2.8,12.58,74.21,9.0,29.5,97.99,Otel,Frezare,448,1,Vibratii
422,Freza,FREZA CARBURA Ø10 4F,2850,753.1,1.91,9.11,163.81,2.33,35.9,80.02,Otel,Frezare,44,1,Supraincalzire
423,Freza,FREZA CARBURA Ø10 4F,5841,668.97,0.3,18.44,37.15,1.82,19.6,71.48,Aluminiu,Frezare,217,0,Niciunul
424,Freza,FREZA CARBURA Ø10 4F,4159,815.79,2.8,9.18,35.56,1.86,19.9,74.86,Inox,Frezare,50,0,Niciunul
425,Freza,FREZA CARBURA Ø10 4F,4073,876.68,1.41,7.93,79.21,11.58,39.1,90.42,Inox,Frezare,262,1,Vibratii
426,Freza,FREZA CARBURA Ø10 4F,2550,941.26,2.47,9.26,135.61,2.14,23.0,83.41,Aluminiu,Frezare,75,1,Supraincalzire
427,Freza,FREZA CARBURA Ø10 4F,1806,292.47,2.38,16.28,123.93,3.3,20.8,81.07,Inox,Frezare,229,1,Supraincalzire
428,Freza,FREZA CARBURA Ø10 4F,3404,546.36,2.27,13.69,103.28,4.4,61.3,79.73,Otel,Frezare,377,1,Uzura excesiva
429,Freza,FREZA CARBURA Ø10 4F,2767,781.1,1.92,18.76,44.91,1.77,15.5,63.6,Otel,Frezare,325,0,Niciunul
430,Freza,FREZA CARBURA Ø10 4F,5670,211.86,1.43,18.4,73.45,3.04,89.7,83.41,Inox,Frezare,367,1,Uzura excesiva
431,Freza,FREZA CARBURA Ø10 4F,1741,661.27,2.86,14.83,52.22,1.22,15.7,63.39,Aluminiu,Frezare,304,0,Niciunul
432,Freza,FREZA CARBURA Ø10 4F,4575,1122.63,2.59,15.89,178.54,2.66,24.9,78.43,Aluminiu,Frezare,486,1,Supraincalzire
433,Freza,FREZA CARBURA Ø10 4F,5391,711.97,2.55,6.63,139.23,3.47,27.8,75.7,Otel,Frezare,265,1,Supraincalzire
434,Freza,FREZA CARBURA Ø10 4F,3734,1086.98,2.18,13.41,41.52,1.16,17.9,73.59,Otel,Frezare,308,0,Niciunul
435,Freza,FREZA CARBURA Ø10 4F,3618,440.24,0.46,8.33,55.98,0.64,8.1,61.78,Otel,Frezare,297,0,Niciunul
436,Freza,FREZA CARBURA Ø10 4F,3146,265.4,0.82,8.97,43.18,1.9,10.1,62.69,Inox,Frezare,403,0,Niciunul
437,Freza,FREZA CARBURA Ø10 4F,5915,364.58,1.93,17.95,96.49,2.63,95.8,86.65,Aluminiu,Frezare,77,1,Uzura excesiva
438,Freza,FREZA CARBURA Ø10 4F,5820,327.51,1.29,15.76,43.28,0.84,15.6,66.87,Aluminiu,Frezare,453,0,Niciunul
439,Freza,FREZA CARBURA Ø10 4F,1957,1080.83,1.66,15.24,56.55,1.92,13.3,69.88,Otel,Frezare,303,0,Niciunul
440,Freza,FREZA CARBURA Ø10 4F,4658,308.66,2.95,14.38,75.57,2.76,92.4,88.99,Otel,Frezare,330,1,Uzura excesiva
441,Freza,FREZA CARBURA Ø10 4F,4435,1096.65,2.32,11.72,48.84,1.52,16.0,73.44,Aluminiu,Frezare,386,0,Niciunul
442,Freza,FREZA CARBURA Ø10 4F,1848,1027.19,2.57,7.38,46.67,1.48,19.0,69.26,Otel,Frezare,430,0,Niciunul
443,Freza,FREZA CARBURA Ø10 4F,2961,719.23,0.15,5.37,146.61,3.72,36.5,84.41,Inox,Frezare,15,1,Supraincalzire
444,Freza,FREZA CARBURA Ø10 4F,4601,671.87,0.9,10.6,44.34,1.43,2.7,60.68,Aluminiu,Frezare,346,0,Niciunul
445,Freza,FREZA CARBURA Ø10 4F,4995,273.76,0.96,14.22,86.07,11.63,43.8,89.59,Inox,Frezare,496,1,Vibratii
446,Freza,FREZA CARBURA Ø10 4F,2737,696.05,2.74,6.65,170.42,1.65,35.5,80.73,Otel,Frezare,362,1,Supraincalzire
447,Freza,FREZA CARBURA Ø10 4F,4507,212.38,0.63,13.0,54.25,1.04,10.4,74.05,Aluminiu,Frezare,274,0,Niciunul
448,Freza,FREZA CARBURA Ø10 4F,5834,664.76,1.65,9.85,90.29,3.61,63.4,78.6,Inox,Frezare,100,1,Uzura excesiva
449,Freza,FREZA CARBURA Ø10 4F,5261,942.88,0.77,15.49,39.3,0.99,10.2,74.5,Inox,Frezare,289,0,Niciunul
450,Freza,FREZA CARBURA Ø10 4F,2638,1095.46,0.18,14.17,43.18,1.77,1.3,72.88,Otel,Frezare,384,0,Niciunul
451,Freza,FREZA CARBURA Ø10 4F,4610,1088.45,0.39,9.23,157.35,3.36,23.0,81.37,Otel,Frezare,278,1,Supraincalzire
452,Freza,FREZA CARBURA Ø10 4F,3189,439.56,2.69,9.18,60.69,1.67,6.3,73.91,Inox,Frezare,385,0,Niciunul
453,Freza,FREZA CARBURA Ø10 4F,3626,809.1,2.27,10.38,56.81,0.69,12.0,71.87,Inox,Frezare,193,0,Niciunul
454,Freza,FREZA CARBURA Ø10 4F,4886,371.03,2.87,13.76,76.73,3.97,65.4,85.66,Inox,Frezare,272,1,Uzura excesiva
455,Freza,FREZA CARBURA Ø10 4F,4874,746.09,2.39,14.48,64.95,0.63,12.8,68.63,Aluminiu,Frezare,156,0,Niciunul
456,Freza,FREZA CARBURA Ø10 4F,4334,1144.65,2.79,19.06,84.96,7.99,43.1,88.34,Otel,Frezare,49,1,Vibratii
457,Freza,FREZA CARBURA Ø10 4F,3700,1078.75,0.59,18.17,56.23,1.0,0.1,73.81,Otel,Frezare,125,0,Niciunul
458,Freza,FREZA CARBURA Ø10 4F,4308,726.52,1.7,8.95,51.98,0.51,4.9,73.54,Otel,Frezare,376,0,Niciunul
459,Freza,FREZA CARBURA Ø10 4F,2139,712.43,0.28,12.92,60.23,1.75,10.8,74.8,Aluminiu,Frezare,29,0,Niciunul
460,Freza,FREZA CARBURA Ø10 4F,3745,288.51,1.01,13.31,88.0,3.61,99.6,81.25,Otel,Frezare,384,1,Uzura excesiva
461,Freza,FREZA CARBURA Ø10 4F,5993,754.73,1.53,9.25,59.12,1.39,10.8,63.07,Inox,Frezare,361,0,Niciunul
462,Freza,FREZA CARBURA Ø10 4F,3104,852.23,2.23,11.57,59.43,1.34,5.5,73.35,Inox,Frezare,301,0,Niciunul
463,Freza,FREZA CARBURA Ø10 4F,3367,1096.47,0.33,12.05,78.32,8.38,37.2,95.89,Otel,Frezare,404,1,Vibratii
464,Freza,FREZA CARBURA Ø10 4F,3520,1166.78,1.83,19.76,35.43,0.5,6.1,68.28,Otel,Frezare,499,0,Niciunul
465,Freza,FREZA CARBURA Ø10 4F,3303,247.99,1.96,11.78,57.26,0.71,12.1,62.42,Inox,Frezare,402,0,Niciunul
466,Freza,FREZA CARBURA Ø10 4F,4472,411.96,1.17,9.45,55.48,0.75,6.1,72.43,Inox,Frezare,39,0,Niciunul
467,Freza,FREZA CARBURA Ø10 4F,2498,336.7,2.84,20.0,68.97,1.11,1.6,73.34,Inox,Frezare,249,0,Niciunul
468,Freza,FREZA CARBURA Ø10 4F,5560,949.62,0.64,10.75,64.72,0.53,16.7,64.13,Inox,Frezare,133,0,Niciunul
469,Freza,FREZA CARBURA Ø10 4F,2565,791.82,2.86,6.93,68.5,0.71,2.3,60.49,Aluminiu,Frezare,273,0,Niciunul
470,Freza,FREZA CARBURA Ø10 4F,2926,573.7,2.29,19.12,137.02,1.7,30.4,78.75,Otel,Frezare,354,1,Supraincalzire
471,Freza,FREZA CARBURA Ø10 4F,4436,1140.51,0.78,12.37,73.09,3.48,61.4,73.14,Inox,Frezare,437,1,Uzura excesiva
472,Freza,FREZA CARBURA Ø10 4F,1550,1051.93,1.14,8.94,94.33,4.25,77.0,73.16,Inox,Frezare,84,1,Uzura excesiva
473,Freza,FREZA CARBURA Ø10 4F,2296,380.9,0.92,14.09,70.99,4.97,94.2,76.62,Inox,Frezare,480,1,Uzura excesiva
474,Freza,FREZA CARBURA Ø10 4F,2812,495.65,1.23,16.48,63.88,0.52,18.8,73.42,Aluminiu,Frezare,132,0,Niciunul
475,Freza,FREZA CARBURA Ø10 4F,5323,285.14,0.3,18.02,74.7,2.56,68.9,89.1,Aluminiu,Frezare,211,1,Uzura excesiva
476,Freza,FREZA CARBURA Ø10 4F,4830,873.99,0.39,14.74,49.05,0.57,5.8,65.27,Inox,Frezare,292,0,Niciunul
477,Freza,FREZA CARBURA Ø10 4F,3451,552.33,2.67,8.02,70.99,4.74,60.7,80.54,Otel,Frezare,115,1,Uzura excesiva
478,Freza,FREZA CARBURA Ø10 4F,4237,687.57,1.74,13.69,54.98,0.67,3.0,62.29,Inox,Frezare,83,0,Niciunul
479,Freza,FREZA CARBURA Ø10 4F,5557,1044.71,0.24,13.9,66.22,0.54,18.5,64.88,Otel,Frezare,121,0,Niciunul
480,Freza,FREZA CARBURA Ø10 4F,4747,572.39,2.77,7.86,47.72,1.61,11.8,71.1,Inox,Frezare,192,0,Niciunul
481,Freza,FREZA CARBURA Ø10 4F,4564,1072.19,1.42,7.49,67.62,1.87,1.9,64.87,Otel,Frezare,207,0,Niciunul
482,Freza,FREZA CARBURA Ø10 4F,2352,1141.14,1.04,10.65,82.89,2.44,82.9,88.88,Otel,Frezare,223,1,Uzura excesiva
483,Freza,FREZA CARBURA Ø10 4F,2581,324.86,1.81,17.69,43.64,0.65,10.0,74.96,Otel,Frezare,473,0,Niciunul
484,Freza,FREZA CARBURA Ø10 4F,4129,291.81,0.84,10.9,36.06,1.82,6.5,60.95,Aluminiu,Frezare,386,0,Niciunul
485,Freza,FREZA CARBURA Ø10 4F,5445,1154.36,2.39,9.14,82.79,9.13,44.8,101.33,Otel,Frezare,180,1,Vibratii
486,Freza,FREZA CARBURA Ø10 4F,4419,897.07,0.34,12.72,44.24,0.84,7.0,71.86,Otel,Frezare,367,0,Niciunul
487,Freza,FREZA CARBURA Ø10 4F,2294,1136.64,0.42,12.42,128.61,2.43,36.5,79.2,Otel,Frezare,430,1,Supraincalzire
488,Freza,FREZA CARBURA Ø10 4F,1797,903.21,1.59,12.71,95.0,4.45,88.2,72.82,Aluminiu,Frezare,379,1,Uzura excesiva
489,Freza,FREZA CARBURA Ø10 4F,3117,722.22,0.17,5.81,59.12,0.96,2.2,60.91,Inox,Frezare,270,0,Niciunul
490,Freza,FREZA CARBURA Ø10 4F,5249,635.79,2.79,15.23,61.31,1.41,11.3,72.1,Aluminiu,Frezare,239,0,Niciunul
491,Freza,FREZA CARBURA Ø10 4F,4352,655.37,0.87,14.03,35.54,0.88,3.0,69.27,Otel,Frezare,407,0,Niciunul
492,Freza,FREZA CARBURA Ø10 4F,3776,491.43,2.13,12.38,64.25,13.24,45.5,87.68,Aluminiu,Frezare,174,1,Vibratii
493,Freza,FREZA CARBURA Ø10 4F,4301,1169.94,1.38,6.2,57.53,1.4,4.9,70.99,Aluminiu,Frezare,494,0,Niciunul
494,Freza,FREZA CARBURA Ø10 4F,5886,323.45,2.67,18.86,164.49,3.82,34.9,79.31,Otel,Frezare,24,1,Supraincalzire
495,Freza,FREZA CARBURA Ø10 4F,3071,505.65,2.15,15.51,40.22,1.79,18.0,72.18,Aluminiu,Frezare,341,0,Niciunul
496,Freza,FREZA CARBURA Ø10 4F,1928,944.26,0.53,9.38,167.61,2.32,40.0,79.67,Inox,Frezare,468,1,Supraincalzire
497,Freza,FREZA CARBURA Ø10 4F,2177,850.98,2.2,8.44,79.04,2.53,80.4,82.36,Aluminiu,Frezare,426,1,Uzura excesiva
498,Freza,FREZA CARBURA Ø10 4F,5155,1143.35,1.84,19.87,134.56,2.67,38.5,83.65,Otel,Frezare,137,1,Supraincalzire
499,Freza,FREZA CARBURA Ø10 4F,3482,855.49,2.11,18.18,52.32,1.47,17.9,64.73,Inox,Frezare,182,0,Niciunul
500,Freza,FREZA CARBURA Ø10 4F,5232,609.06,2.44,11.62,75.0,2.92,74.0,89.41,Aluminiu,Frezare,474,1,Uzura excesiva
501,Freza,FREZA CARBURA Ø10 4F,2112,847.54,2.01,17.22,79.99,4.02,95.6,79.37,Aluminiu,Frezare,178,1,Uzura excesiva
502,Freza,FREZA CARBURA Ø10 4F,2365,484.19,2.65,11.88,81.54,4.66,86.5,77.55,Otel,Frezare,257,1,Uzura excesiva
503,Freza,FREZA CARBURA Ø10 4F,3577,229.71,1.82,5.88,123.33,1.69,39.0,78.16,Inox,Frezare,119,1,Supraincalzire
504,Freza,FREZA CARBURA Ø10 4F,5891,672.41,1.0,17.46,62.72,0.57,1.8,66.85,Otel,Frezare,108,0,Niciunul
505,Freza,FREZA CARBURA Ø10 4F,2390,790.18,1.63,7.42,70.64,13.4,36.7,99.28,Otel,Frezare,425,1,Vibratii
506,Freza,FREZA CARBURA Ø10 4F,2924,778.51,2.25,12.4,89.32,3.51,67.0,79.54,Aluminiu,Frezare,221,1,Uzura excesiva
507,Freza,FREZA CARBURA Ø10 4F,4240,500.16,1.34,9.69,91.79,3.83,76.2,88.88,Otel,Frezare,137,1,Uzura excesiva
508,Freza,FREZA CARBURA Ø10 4F,2795,1131.33,2.95,5.66,53.35,1.46,9.6,73.32,Inox,Frezare,224,0,Niciunul
509,Freza,FREZA CARBURA Ø10 4F,4464,690.88,0.67,5.3,149.49,2.21,34.6,84.49,Inox,Frezare,55,1,Supraincalzire
510,Freza,FREZA CARBURA Ø10 4F,4427,930.01,2.71,15.54,121.12,3.79,26.3,77.32,Inox,Frezare,36,1,Supraincalzire
511,Freza,FREZA CARBURA Ø10 4F,2735,426.54,2.62,13.46,39.94,1.31,18.3,69.09,Otel,Frezare,373,0,Niciunul
512,Freza,FREZA CARBURA Ø10 4F,2659,424.24,2.77,5.82,71.91,9.15,36.8,92.16,Inox,Frezare,39,1,Vibratii
513,Freza,FREZA CARBURA Ø10 4F,5518,415.06,2.42,14.77,55.62,1.29,1.9,69.43,Inox,Frezare,426,0,Niciunul
514,Freza,FREZA CARBURA Ø10 4F,4584,553.81,1.95,14.01,85.79,9.52,32.5,101.64,Inox,Frezare,284,1,Vibratii
515,Freza,FREZA CARBURA Ø10 4F,1964,805.94,0.78,12.7,60.64,13.53,21.2,90.28,Otel,Frezare,222,1,Vibratii
516,Freza,FREZA CARBURA Ø10 4F,5478,681.64,1.93,12.0,108.71,3.26,86.4,89.61,Inox,Frezare,309,1,Uzura excesiva
517,Freza,FREZA CARBURA Ø10 4F,3348,831.05,2.84,14.2,178.82,1.82,31.2,81.6,Otel,Frezare,140,1,Supraincalzire
518,Freza,FREZA CARBURA Ø10 4F,4160,1141.96,2.18,16.75,87.01,10.38,38.6,103.4,Inox,Frezare,46,1,Vibratii
519,Freza,FREZA CARBURA Ø10 4F,3485,878.63,2.44,10.87,70.63,12.23,22.3,93.94,Otel,Frezare,3,1,Vibratii
520,Freza,FREZA CARBURA Ø10 4F,3013,203.55,2.07,17.68,62.98,6.29,31.6,85.67,Otel,Frezare,72,1,Vibratii
521,Freza,FREZA CARBURA Ø10 4F,4969,291.81,0.77,13.16,88.82,11.88,46.1,95.15,Aluminiu,Frezare,168,1,Vibratii
522,Freza,FREZA CARBURA Ø10 4F,3744,916.33,1.96,14.66,142.62,1.68,20.9,81.78,Aluminiu,Frezare,415,1,Supraincalzire
523,Freza,FREZA CARBURA Ø10 4F,2026,846.77,2.2,6.68,48.06,1.24,18.6,66.72,Aluminiu,Frezare,412,0,Niciunul
524,Freza,FREZA CARBURA Ø10 4F,1735,1135.41,2.57,11.69,61.96,1.88,16.7,73.95,Aluminiu,Frezare,160,0,Niciunul
525,Freza,FREZA CARBURA Ø10 4F,4830,941.39,2.54,6.19,65.41,9.96,25.1,85.93,Otel,Frezare,353,1,Vibratii
526,Freza,FREZA CARBURA Ø10 4F,3052,1165.76,0.74,12.23,134.01,2.52,22.0,78.88,Inox,Frezare,333,1,Supraincalzire
527,Freza,FREZA CARBURA Ø10 4F,3831,372.29,1.48,16.39,87.2,8.47,46.6,99.01,Aluminiu,Frezare,157,1,Vibratii
528,Freza,FREZA CARBURA Ø10 4F,3913,1120.81,2.96,6.13,61.2,1.7,0.0,63.97,Otel,Frezare,50,0,Niciunul
529,Freza,FREZA CARBURA Ø10 4F,5224,1115.84,0.81,11.04,67.07,1.44,10.5,70.85,Otel,Frezare,474,0,Niciunul
530,Freza,FREZA CARBURA Ø10 4F,3016,1062.08,0.85,18.86,166.11,3.34,32.8,78.48,Aluminiu,Frezare,55,1,Supraincalzire
531,Freza,FREZA CARBURA Ø10 4F,5908,881.19,2.93,13.89,35.46,1.52,15.6,68.06,Inox,Frezare,491,0,Niciunul
532,Freza,FREZA CARBURA Ø10 4F,4383,425.93,2.71,17.89,66.66,1.31,6.9,67.5,Otel,Frezare,466,0,Niciunul
533,Freza,FREZA CARBURA Ø10 4F,1826,1174.06,2.5,15.76,74.12,4.04,93.8,71.15,Inox,Frezare,215,1,Uzura excesiva
534,Freza,FREZA CARBURA Ø10 4F,1968,991.67,2.14,8.71,44.17,0.85,12.6,62.4,Aluminiu,Frezare,398,0,Niciunul
535,Freza,FREZA CARBURA Ø10 4F,4498,575.37,0.27,17.8,82.58,12.87,46.6,99.9,Inox,Frezare,39,1,Vibratii
536,Freza,FREZA CARBURA Ø10 4F,3889,797.75,2.31,15.29,91.86,3.54,68.0,77.8,Otel,Frezare,64,1,Uzura excesiva
537,Freza,FREZA CARBURA Ø10 4F,4985,933.61,1.62,7.05,85.17,9.79,21.6,92.87,Otel,Frezare,368,1,Vibratii
538,Freza,FREZA CARBURA Ø10 4F,2589,1090.43,0.36,13.26,56.08,1.33,7.2,62.32,Aluminiu,Frezare,160,0,Niciunul
539,Freza,FREZA CARBURA Ø10 4F,1549,248.75,2.68,6.74,145.34,2.02,29.2,77.62,Otel,Frezare,236,1,Supraincalzire
540,Freza,FREZA CARBURA Ø10 4F,3690,514.74,2.23,19.96,120.76,3.57,30.6,79.24,Aluminiu,Frezare,164,1,Supraincalzire
541,Freza,FREZA CARBURA Ø10 4F,2440,239.89,2.87,11.95,69.76,1.18,9.1,72.28,Inox,Frezare,163,0,Niciunul
542,Freza,FREZA CARBURA Ø10 4F,5545,242.9,2.69,15.36,62.98,1.8,0.1,69.87,Otel,Frezare,491,0,Niciunul
543,Freza,FREZA CARBURA Ø10 4F,4458,582.6,1.95,16.93,63.46,9.43,31.7,100.43,Aluminiu,Frezare,1,1,Vibratii
544,Freza,FREZA CARBURA Ø10 4F,3413,203.11,0.52,11.16,51.52,0.54,5.7,71.05,Otel,Frezare,293,0,Niciunul
545,Freza,FREZA CARBURA Ø10 4F,1835,587.56,2.36,10.16,60.16,1.87,8.5,74.01,Inox,Frezare,400,0,Niciunul
546,Freza,FREZA CARBURA Ø10 4F,2243,818.23,2.67,10.5,53.28,1.1,14.0,64.09,Aluminiu,Frezare,17,0,Niciunul
547,Freza,FREZA CARBURA Ø10 4F,2445,293.74,2.38,18.96,78.88,3.04,62.4,89.76,Inox,Frezare,79,1,Uzura excesiva
548,Freza,FREZA CARBURA Ø10 4F,5252,719.38,1.07,10.86,37.12,1.73,3.9,73.84,Inox,Frezare,279,0,Niciunul
549,Freza,FREZA CARBURA Ø10 4F,3054,763.22,2.94,18.5,72.55,6.82,46.1,92.21,Aluminiu,Frezare,17,1,Vibratii
550,Freza,FREZA CARBURA Ø10 4F,3766,473.59,0.65,13.4,47.73,1.78,17.3,60.01,Otel,Frezare,200,0,Niciunul
551,Freza,FREZA CARBURA Ø10 4F,5799,1165.03,0.44,9.92,61.92,1.81,1.2,68.96,Inox,Frezare,211,0,Niciunul
552,Freza,FREZA CARBURA Ø10 4F,4922,964.61,0.97,19.14,44.44,1.63,6.5,70.83,Aluminiu,Frezare,26,0,Niciunul
553,Freza,FREZA CARBURA Ø10 4F,4698,428.76,0.28,17.04,68.59,1.99,13.4,68.71,Aluminiu,Frezare,51,0,Niciunul
554,Freza,FREZA CARBURA Ø10 4F,4758,206.2,0.38,16.95,66.01,1.47,3.2,67.43,Otel,Frezare,419,0,Niciunul
555,Freza,FREZA CARBURA Ø10 4F,5326,415.3,2.15,16.35,36.0,1.97,3.4,60.34,Inox,Frezare,303,0,Niciunul
556,Freza,FREZA CARBURA Ø10 4F,3419,1020.31,1.28,18.4,96.25,4.64,61.5,89.8,Inox,Frezare,90,1,Uzura excesiva
557,Freza,FREZA CARBURA Ø10 4F,5101,859.53,0.49,11.58,101.73,3.15,70.1,74.61,Inox,Frezare,486,1,Uzura excesiva
558,Freza,FREZA CARBURA Ø10 4F,5935,971.33,2.33,15.05,65.17,1.1,1.7,74.64,Otel,Frezare,238,0,Niciunul
559,Freza,FREZA CARBURA Ø10 4F,5159,551.17,2.65,19.16,103.19,2.52,79.9,76.08,Otel,Frezare,241,1,Uzura excesiva
560,Freza,FREZA CARBURA Ø10 4F,2383,265.79,2.76,11.95,46.7,0.89,18.1,65.43,Inox,Frezare,29,0,Niciunul
561,Freza,FREZA CARBURA Ø10 4F,3870,586.76,1.67,5.16,60.37,1.12,4.0,70.82,Otel,Frezare,162,0,Niciunul
562,Freza,FREZA CARBURA Ø10 4F,3926,965.61,0.74,15.25,42.25,0.53,17.2,64.24,Inox,Frezare,88,0,Niciunul
563,Freza,FREZA CARBURA Ø10 4F,4784,1106.01,2.6,14.94,35.15,1.28,9.0,72.42,Inox,Frezare,389,0,Niciunul
564,Freza,FREZA CARBURA Ø10 4F,2613,208.73,1.7,9.74,49.55,1.83,8.9,62.48,Aluminiu,Frezare,168,0,Niciunul
565,Freza,FREZA CARBURA Ø10 4F,5687,959.49,1.59,6.7,61.66,1.24,3.5,67.79,Aluminiu,Frezare,52,0,Niciunul
566,Freza,FREZA CARBURA Ø10 4F,3789,889.3,1.36,18.26,41.95,0.82,7.1,74.58,Inox,Frezare,222,0,Niciunul
567,Freza,FREZA CARBURA Ø10 4F,4086,567.3,2.7,13.15,78.2,6.37,33.3,94.45,Otel,Frezare,149,1,Vibratii
568,Freza,FREZA CARBURA Ø10 4F,2017,855.81,0.16,8.06,35.07,1.01,13.5,68.78,Aluminiu,Frezare,45,0,Niciunul
569,Freza,FREZA CARBURA Ø10 4F,3901,698.06,1.69,5.09,109.71,2.94,75.3,73.48,Otel,Frezare,168,1,Uzura excesiva
570,Freza,FREZA CARBURA Ø10 4F,4314,655.06,0.45,15.62,41.41,1.87,18.6,65.15,Aluminiu,Frezare,97,0,Niciunul
571,Freza,FREZA CARBURA Ø10 4F,5240,943.5,0.34,12.45,59.37,1.71,4.7,67.1,Inox,Frezare,435,0,Niciunul
572,Freza,FREZA CARBURA Ø10 4F,3117,742.52,2.81,12.8,61.61,1.32,11.6,73.64,Otel,Frezare,350,0,Niciunul
573,Freza,FREZA CARBURA Ø10 4F,4008,988.63,1.42,19.55,70.46,7.24,29.2,89.84,Otel,Frezare,221,1,Vibratii
574,Freza,FREZA CARBURA Ø10 4F,3000,720.07,1.94,14.37,146.97,2.63,39.1,76.78,Otel,Frezare,180,1,Supraincalzire
575,Freza,FREZA CARBURA Ø10 4F,2574,1046.47,1.81,10.9,64.54,1.31,14.0,62.22,Aluminiu,Frezare,17,0,Niciunul
576,Freza,FREZA CARBURA Ø10 4F,3660,1173.46,1.33,14.25,35.08,0.88,13.5,71.01,Aluminiu,Frezare,94,0,Niciunul
577,Freza,FREZA CARBURA Ø10 4F,4566,891.02,2.3,11.45,56.75,1.0,8.5,73.62,Otel,Frezare,103,0,Niciunul
578,Freza,FREZA CARBURA Ø10 4F,2488,982.99,0.75,11.47,69.68,0.75,3.7,61.47,Otel,Frezare,96,0,Niciunul
579,Freza,FREZA CARBURA Ø10 4F,2845,608.87,0.53,11.11,47.73,1.31,15.4,67.61,Inox,Frezare,348,0,Niciunul
580,Freza,FREZA CARBURA Ø10 4F,3659,947.97,2.81,6.9,54.27,0.63,18.6,71.64,Otel,Frezare,67,0,Niciunul
581,Freza,FREZA CARBURA Ø10 4F,3023,224.69,2.31,8.85,55.11,1.85,1.5,63.29,Inox,Frezare,487,0,Niciunul
582,Freza,FREZA CARBURA Ø10 4F,2992,931.65,2.97,8.81,98.75,2.83,98.9,81.38,Inox,Frezare,403,1,Uzura excesiva
583,Freza,FREZA CARBURA Ø10 4F,1527,831.72,0.76,9.59,162.92,2.21,34.6,76.68,Aluminiu,Frezare,235,1,Supraincalzire
584,Freza,FREZA CARBURA Ø10 4F,2417,590.54,2.08,16.61,64.74,1.67,15.0,71.5,Aluminiu,Frezare,104,0,Niciunul
585,Freza,FREZA CARBURA Ø10 4F,4999,940.09,0.45,18.89,163.78,3.81,26.6,81.78,Aluminiu,Frezare,274,1,Supraincalzire
586,Freza,FREZA CARBURA Ø10 4F,5591,946.09,1.33,14.5,71.09,7.98,33.1,90.09,Inox,Frezare,287,1,Vibratii
587,Freza,FREZA CARBURA Ø10 4F,1802,313.94,0.81,12.46,69.56,12.74,24.6,99.87,Aluminiu,Frezare,390,1,Vibratii
588,Freza,FREZA CARBURA Ø10 4F,5310,806.04,2.43,11.06,40.03,0.9,0.3,71.43,Otel,Frezare,419,0,Niciunul
589,Freza,FREZA CARBURA Ø10 4F,2266,448.89,1.28,10.33,50.27,0.93,1.8,62.85,Aluminiu,Frezare,111,0,Niciunul
590,Freza,FREZA CARBURA Ø10 4F,5990,804.21,0.52,14.65,58.94,1.35,4.4,61.62,Otel,Frezare,177,0,Niciunul
591,Freza,FREZA CARBURA Ø10 4F,4369,937.33,2.25,19.46,36.75,1.53,9.2,67.41,Inox,Frezare,237,0,Niciunul
592,Freza,FREZA CARBURA Ø10 4F,5696,1085.63,1.43,7.49,177.26,2.42,38.4,79.83,Aluminiu,Frezare,122,1,Supraincalzire
593,Freza,FREZA CARBURA Ø10 4F,3777,1042.94,1.94,12.02,64.45,0.54,3.0,64.43,Aluminiu,Frezare,49,0,Niciunul
594,Freza,FREZA CARBURA Ø10 4F,1781,849.84,1.11,6.01,79.81,13.79,24.8,98.43,Inox,Frezare,173,1,Vibratii
595,Freza,FREZA CARBURA Ø10 4F,2133,208.69,0.31,6.71,68.96,1.73,7.4,70.76,Inox,Frezare,161,0,Niciunul
596,Freza,FREZA CARBURA Ø10 4F,5341,1085.37,0.65,19.93,60.05,7.27,31.0,91.3,Otel,Frezare,36,1,Vibratii
597,Freza,FREZA CARBURA Ø10 4F,3025,319.38,0.17,17.59,149.96,3.04,31.0,79.48,Otel,Frezare,334,1,Supraincalzire
598,Freza,FREZA CARBURA Ø10 4F,3964,665.75,1.13,16.65,52.15,1.53,17.2,65.71,Inox,Frezare,301,0,Niciunul
599,Freza,FREZA CARBURA Ø10 4F,3118,480.43,2.19,6.32,151.33,2.13,36.4,79.17,Aluminiu,Frezare,423,1,Supraincalzire
600,Freza,FREZA CARBURA Ø10 4F,2155,945.1,1.11,8.35,62.61,1.59,15.0,66.26,Otel,Frezare,214,0,Niciunul
1,Freza,FREZA HSS Ø8 2F,3342,340.44,0.7,18.91,74.81,7.74,21.0,87.82,Inox,Frezare,403,1,Vibratii
2,Freza,FREZA HSS Ø8 2F,2839,773.58,1.5,16.88,95.56,4.36,91.5,77.1,Otel,Frezare,383,1,Uzura excesiva
3,Freza,FREZA HSS Ø8 2F,3612,616.09,0.49,17.98,46.77,1.42,8.8,69.29,Otel,Frezare,267,0,Niciunul
4,Freza,FREZA HSS Ø8 2F,3036,629.34,2.78,16.22,124.26,1.72,36.2,78.9,Inox,Frezare,226,1,Supraincalzire
5,Freza,FREZA HSS Ø8 2F,4250,928.53,1.0,11.24,136.69,3.78,24.0,79.33,Otel,Frezare,249,1,Supraincalzire
6,Freza,FREZA HSS Ø8 2F,3685,419.56,1.2,15.72,37.09,1.33,12.5,73.8,Inox,Frezare,139,0,Niciunul
7,Freza,FREZA HSS Ø8 2F,5345,763.16,2.6,9.33,85.4,6.33,23.9,104.87,Aluminiu,Frezare,5,1,Vibratii
8,Freza,FREZA HSS Ø8 2F,1533,787.69,2.38,8.52,126.56,1.82,39.2,77.72,Aluminiu,Frezare,215,1,Supraincalzire
9,Freza,FREZA HSS Ø8 2F,4245,1185.12,2.71,17.67,58.21,1.7,6.5,60.75,Otel,Frezare,98,0,Niciunul
10,Freza,FREZA HSS Ø8 2F,3283,643.28,2.37,18.23,83.26,9.26,32.5,96.42,Inox,Frezare,295,1,Vibratii
11,Freza,FREZA HSS Ø8 2F,5406,959.27,2.91,12.4,74.4,9.0,25.8,85.16,Otel,Frezare,65,1,Vibratii
12,Freza,FREZA HSS Ø8 2F,3269,750.84,0.23,10.51,120.36,3.64,23.0,79.5,Inox,Frezare,159,1,Supraincalzire
13,Freza,FREZA HSS Ø8 2F,1717,336.83,1.58,9.22,74.5,8.66,27.5,99.77,Inox,Frezare,403,1,Vibratii
14,Freza,FREZA HSS Ø8 2F,5400,548.7,1.69,5.9,83.99,3.22,79.4,88.66,Otel,Frezare,496,1,Uzura excesiva
15,Freza,FREZA HSS Ø8 2F,3212,875.97,2.43,6.14,133.91,3.2,27.7,76.85,Inox,Frezare,74,1,Supraincalzire
16,Freza,FREZA HSS Ø8 2F,3300,431.12,2.28,12.25,51.62,1.89,6.7,73.83,Otel,Frezare,240,0,Niciunul
17,Freza,FREZA HSS Ø8 2F,2545,203.8,2.93,8.62,141.93,1.64,27.5,78.97,Otel,Frezare,387,1,Supraincalzire
18,Freza,FREZA HSS Ø8 2F,2712,723.74,1.99,8.85,79.81,3.42,71.5,83.2,Aluminiu,Frezare,235,1,Uzura excesiva
19,Freza,FREZA HSS Ø8 2F,1718,523.38,2.22,16.34,62.22,1.06,14.1,67.9,Otel,Frezare,398,0,Niciunul
20,Freza,FREZA HSS Ø8 2F,3871,282.62,0.88,14.27,38.59,0.69,11.1,69.77,Inox,Frezare,149,0,Niciunul
21,Freza,FREZA HSS Ø8 2F,5380,716.06,0.52,17.8,47.85,1.01,8.7,65.07,Otel,Frezare,96,0,Niciunul
22,Freza,FREZA HSS Ø8 2F,4796,621.93,2.3,16.09,50.84,1.51,3.2,67.91,Otel,Frezare,183,0,Niciunul
23,Freza,FREZA HSS Ø8 2F,4882,478.82,1.12,7.65,65.67,10.63,26.2,94.38,Inox,Frezare,136,1,Vibratii
24,Freza,FREZA HSS Ø8 2F,2872,819.88,0.43,7.46,154.07,1.89,21.2,80.95,Otel,Frezare,449,1,Supraincalzire
25,Freza,FREZA HSS Ø8 2F,5251,1013.81,1.08,10.36,87.53,6.94,34.9,94.0,Aluminiu,Frezare,113,1,Vibratii
26,Freza,FREZA HSS Ø8 2F,2670,626.3,1.5,5.82,71.58,6.53,27.3,98.69,Otel,Frezare,26,1,Vibratii
27,Freza,FREZA HSS Ø8 2F,1777,538.5,1.61,17.74,126.68,3.07,25.6,78.1,Otel,Frezare,96,1,Supraincalzire
28,Freza,FREZA HSS Ø8 2F,1975,528.19,1.41,10.18,93.51,4.32,65.6,78.69,Inox,Frezare,14,1,Uzura excesiva
29,Freza,FREZA HSS Ø8 2F,2528,872.6,1.44,7.65,58.48,1.96,4.6,74.71,Aluminiu,Frezare,393,0,Niciunul
30,Freza,FREZA HSS Ø8 2F,3658,741.87,1.07,5.73,80.11,13.47,26.9,103.73,Aluminiu,Frezare,384,1,Vibratii
31,Freza,FREZA HSS Ø8 2F,5835,937.77,2.61,15.11,58.35,0.79,17.5,71.16,Aluminiu,Frezare,72,0,Niciunul
32,Freza,FREZA HSS Ø8 2F,4578,952.71,2.37,12.79,50.24,1.4,12.1,67.06,Inox,Frezare,62,0,Niciunul
33,Freza,FREZA HSS Ø8 2F,5166,248.31,2.38,10.89,89.12,4.61,68.9,89.32,Aluminiu,Frezare,136,1,Uzura excesiva
34,Freza,FREZA HSS Ø8 2F,4757,839.45,2.63,19.69,36.09,1.06,0.4,73.14,Otel,Frezare,206,0,Niciunul
35,Freza,FREZA HSS Ø8 2F,3759,333.87,0.42,11.33,63.29,1.48,5.0,62.0,Aluminiu,Frezare,467,0,Niciunul
36,Freza,FREZA HSS Ø8 2F,3545,383.72,1.58,7.21,104.68,2.86,77.2,75.57,Inox,Frezare,224,1,Uzura excesiva
37,Freza,FREZA HSS Ø8 2F,1693,409.45,2.53,19.85,70.32,10.13,46.7,93.04,Otel,Frezare,324,1,Vibratii
38,Freza,FREZA HSS Ø8 2F,3373,623.62,1.73,14.84,45.44,1.34,14.2,73.13,Aluminiu,Frezare,42,0,Niciunul
39,Freza,FREZA HSS Ø8 2F,3888,1014.33,1.04,8.66,47.67,1.51,1.3,71.36,Inox,Frezare,283,0,Niciunul
40,Freza,FREZA HSS Ø8 2F,5279,1176.38,2.04,6.19,37.47,1.88,6.0,63.67,Otel,Frezare,203,0,Niciunul
41,Freza,FREZA HSS Ø8 2F,1907,817.58,1.31,9.1,47.72,0.74,0.5,63.16,Inox,Frezare,369,0,Niciunul
42,Freza,FREZA HSS Ø8 2F,4054,692.53,1.12,11.45,139.89,2.59,36.5,83.7,Aluminiu,Frezare,198,1,Supraincalzire
43,Freza,FREZA HSS Ø8 2F,3029,516.79,0.6,18.85,55.53,1.53,19.7,64.44,Inox,Frezare,428,0,Niciunul
44,Freza,FREZA HSS Ø8 2F,4436,932.08,2.61,15.45,38.73,0.72,3.6,62.82,Inox,Frezare,401,0,Niciunul
45,Freza,FREZA HSS Ø8 2F,3254,401.56,0.18,7.89,44.04,1.32,2.0,66.89,Otel,Frezare,215,0,Niciunul
46,Freza,FREZA HSS Ø8 2F,4808,642.31,2.01,14.16,122.84,2.37,37.2,84.76,Otel,Frezare,13,1,Supraincalzire
47,Freza,FREZA HSS Ø8 2F,4914,606.56,0.37,6.89,58.92,0.68,8.6,67.08,Aluminiu,Frezare,484,0,Niciunul
48,Freza,FREZA HSS Ø8 2F,2278,774.55,1.83,5.98,86.05,10.71,46.4,86.46,Otel,Frezare,89,1,Vibratii
49,Freza,FREZA HSS Ø8 2F,5218,1011.3,1.67,9.54,55.71,1.15,4.5,65.8,Inox,Frezare,128,0,Niciunul
50,Freza,FREZA HSS Ø8 2F,5206,823.53,2.3,17.68,43.5,1.06,19.5,66.01,Otel,Frezare,154,0,Niciunul
51,Freza,FREZA HSS Ø8 2F,1679,744.46,1.09,5.97,41.84,1.25,11.8,70.3,Otel,Frezare,176,0,Niciunul
52,Freza,FREZA HSS Ø8 2F,5884,468.29,1.05,5.46,67.18,1.48,19.9,67.53,Inox,Frezare,118,0,Niciunul
53,Freza,FREZA HSS Ø8 2F,2873,1199.99,1.33,17.78,155.08,3.67,37.5,78.22,Aluminiu,Frezare,399,1,Supraincalzire
54,Freza,FREZA HSS Ø8 2F,1521,938.98,2.55,17.11,56.42,0.55,8.3,61.26,Aluminiu,Frezare,101,0,Niciunul
55,Freza,FREZA HSS Ø8 2F,2780,830.06,1.36,17.57,88.59,3.58,93.1,81.58,Aluminiu,Frezare,224,1,Uzura excesiva
56,Freza,FREZA HSS Ø8 2F,1523,760.57,0.37,13.81,45.47,0.57,6.1,63.92,Inox,Frezare,255,0,Niciunul
57,Freza,FREZA HSS Ø8 2F,3680,698.97,2.31,19.65,78.51,11.86,28.0,89.49,Aluminiu,Frezare,117,1,Vibratii
58,Freza,FREZA HSS Ø8 2F,2238,207.62,0.87,19.23,148.78,2.5,21.0,82.13,Aluminiu,Frezare,14,1,Supraincalzire
59,Freza,FREZA HSS Ø8 2F,4732,797.16,0.85,13.32,52.91,1.71,11.4,62.38,Inox,Frezare,440,0,Niciunul
60,Freza,FREZA HSS Ø8 2F,2037,1140.84,2.41,6.19,171.07,3.88,23.7,83.72,Otel,Frezare,103,1,Supraincalzire
61,Freza,FREZA HSS Ø8 2F,3873,1017.02,1.07,6.81,83.67,13.84,40.9,87.62,Inox,Frezare,361,1,Vibratii
62,Freza,FREZA HSS Ø8 2F,4990,855.51,0.82,8.89,52.45,1.55,10.2,69.08,Inox,Frezare,258,0,Niciunul
63,Freza,FREZA HSS Ø8 2F,3477,700.25,0.53,17.26,91.46,3.57,95.2,74.05,Aluminiu,Frezare,22,1,Uzura excesiva
64,Freza,FREZA HSS Ø8 2F,1586,1017.87,0.8,19.7,137.03,3.37,27.5,80.12,Aluminiu,Frezare,226,1,Supraincalzire
65,Freza,FREZA HSS Ø8 2F,3200,730.52,0.23,17.48,66.55,1.92,4.0,63.53,Inox,Frezare,238,0,Niciunul
66,Freza,FREZA HSS Ø8 2F,1516,1037.28,1.48,8.1,62.88,1.5,16.4,68.23,Otel,Frezare,466,0,Niciunul
67,Freza,FREZA HSS Ø8 2F,5276,1149.01,1.24,9.33,36.51,1.29,14.9,60.2,Aluminiu,Frezare,224,0,Niciunul
68,Freza,FREZA HSS Ø8 2F,1764,887.92,2.32,8.71,45.13,1.14,15.0,63.57,Aluminiu,Frezare,268,0,Niciunul
69,Freza,FREZA HSS Ø8 2F,3621,307.65,2.19,16.72,37.26,1.5,5.4,65.38,Inox,Frezare,184,0,Niciunul
70,Freza,FREZA HSS Ø8 2F,3714,861.59,2.37,9.04,56.03,1.23,14.1,70.79,Aluminiu,Frezare,363,0,Niciunul
71,Freza,FREZA HSS Ø8 2F,4911,1080.97,0.21,14.01,99.34,3.0,87.5,72.73,Inox,Frezare,14,1,Uzura excesiva
72,Freza,FREZA HSS Ø8 2F,5872,978.87,0.72,11.35,51.41,1.25,8.5,66.9,Inox,Frezare,383,0,Niciunul
73,Freza,FREZA HSS Ø8 2F,5922,854.06,0.27,15.98,144.49,3.94,24.2,81.29,Aluminiu,Frezare,377,1,Supraincalzire
74,Freza,FREZA HSS Ø8 2F,4103,683.2,2.85,7.64,79.99,10.55,31.8,102.49,Inox,Frezare,233,1,Vibratii
75,Freza,FREZA HSS Ø8 2F,1599,1184.55,1.98,10.65,93.68,4.64,89.7,84.73,Otel,Frezare,175,1,Uzura excesiva
76,Freza,FREZA HSS Ø8 2F,5436,1063.66,2.51,18.49,57.59,1.93,8.8,67.86,Aluminiu,Frezare,477,0,Niciunul
77,Freza,FREZA HSS Ø8 2F,5217,612.25,2.17,16.27,78.51,6.87,32.1,103.43,Otel,Frezare,122,1,Vibratii
78,Freza,FREZA HSS Ø8 2F,2885,954.94,2.77,10.64,68.25,10.29,48.9,103.54,Otel,Frezare,487,1,Vibratii
79,Freza,FREZA HSS Ø8 2F,2287,538.74,2.43,10.34,88.3,2.41,67.1,70.77,Aluminiu,Frezare,315,1,Uzura excesiva
80,Freza,FREZA HSS Ø8 2F,5780,658.07,1.39,5.9,52.79,0.67,10.7,71.34,Inox,Frezare,233,0,Niciunul
81,Freza,FREZA HSS Ø8 2F,2459,640.69,0.19,13.2,67.33,1.05,5.4,60.36,Otel,Frezare,73,0,Niciunul
82,Freza,FREZA HSS Ø8 2F,5526,426.29,2.28,12.13,64.89,1.72,14.2,63.56,Inox,Frezare,72,0,Niciunul
83,Freza,FREZA HSS Ø8 2F,3553,517.55,2.65,9.5,54.14,0.82,11.3,73.67,Aluminiu,Frezare,433,0,Niciunul
84,Freza,FREZA HSS Ø8 2F,2141,956.12,1.98,8.69,58.4,0.94,10.2,70.82,Otel,Frezare,407,0,Niciunul
85,Freza,FREZA HSS Ø8 2F,3804,548.75,0.81,10.67,56.0,0.99,4.6,68.9,Aluminiu,Frezare,256,0,Niciunul
86,Freza,FREZA HSS Ø8 2F,5629,880.91,2.33,6.03,58.41,1.39,19.5,66.46,Inox,Frezare,344,0,Niciunul
87,Freza,FREZA HSS Ø8 2F,4249,1139.28,1.15,15.57,160.3,2.84,29.5,78.23,Aluminiu,Frezare,454,1,Supraincalzire
88,Freza,FREZA HSS Ø8 2F,4754,1065.43,0.68,9.56,87.35,4.54,65.2,81.86,Otel,Frezare,310,1,Uzura excesiva
89,Freza,FREZA HSS Ø8 2F,2210,667.13,2.52,15.88,40.89,0.57,13.1,69.17,Inox,Frezare,450,0,Niciunul
90,Freza,FREZA HSS Ø8 2F,4337,763.2,0.59,16.12,63.66,0.77,2.7,68.03,Otel,Frezare,446,0,Niciunul
91,Freza,FREZA HSS Ø8 2F,2686,362.57,0.38,13.84,126.69,2.6,33.0,76.04,Otel,Frezare,409,1,Supraincalzire
92,Freza,FREZA HSS Ø8 2F,2324,797.32,2.52,11.65,100.77,3.82,84.9,79.16,Aluminiu,Frezare,499,1,Uzura excesiva
93,Freza,FREZA HSS Ø8 2F,1871,623.5,2.46,14.71,78.22,10.04,36.2,87.87,Inox,Frezare,285,1,Vibratii
94,Freza,FREZA HSS Ø8 2F,5185,832.63,2.88,9.19,43.42,1.25,3.3,70.21,Otel,Frezare,202,0,Niciunul
95,Freza,FREZA HSS Ø8 2F,2980,1083.15,1.89,5.02,84.49,8.17,44.5,91.59,Aluminiu,Frezare,122,1,Vibratii
96,Freza,FREZA HSS Ø8 2F,4188,325.64,2.52,7.39,123.21,2.92,37.4,84.25,Otel,Frezare,133,1,Supraincalzire
97,Freza,FREZA HSS Ø8 2F,4421,257.69,0.54,13.49,95.71,2.6,76.6,75.57,Inox,Frezare,85,1,Uzura excesiva
98,Freza,FREZA HSS Ø8 2F,5278,566.64,0.49,5.24,161.07,3.28,29.7,81.61,Otel,Frezare,496,1,Supraincalzire
99,Freza,FREZA HSS Ø8 2F,5165,659.36,0.73,14.68,45.74,0.77,17.2,61.1,Aluminiu,Frezare,463,0,Niciunul
100,Freza,FREZA HSS Ø8 2F,5050,975.38,1.82,15.67,66.42,0.82,12.8,70.22,Aluminiu,Frezare,382,0,Niciunul
101,Freza,FREZA HSS Ø8 2F,4605,601.97,1.0,9.46,68.73,0.92,6.5,67.65,Otel,Frezare,21,0,Niciunul
102,Freza,FREZA HSS Ø8 2F,2893,1123.35,1.59,16.29,127.12,3.37,34.0,80.48,Otel,Frezare,43,1,Supraincalzire
103,Freza,FREZA HSS Ø8 2F,1957,867.4,2.41,6.47,96.0,3.99,96.9,75.25,Inox,Frezare,422,1,Uzura excesiva
104,Freza,FREZA HSS Ø8 2F,2755,200.64,1.04,13.48,57.59,1.02,7.0,71.98,Otel,Frezare,166,0,Niciunul
105,Freza,FREZA HSS Ø8 2F,3971,1110.02,2.25,19.04,69.42,11.69,26.2,98.99,Inox,Frezare,283,1,Vibratii
106,Freza,FREZA HSS Ø8 2F,3606,753.15,2.99,10.21,82.48,10.58,46.7,99.18,Inox,Frezare,177,1,Vibratii
107,Freza,FREZA HSS Ø8 2F,3974,847.05,0.11,17.67,60.52,1.7,16.5,72.95,Aluminiu,Frezare,348,0,Niciunul
108,Freza,FREZA HSS Ø8 2F,3302,441.24,1.16,14.8,63.78,13.78,32.1,90.9,Otel,Frezare,162,1,Vibratii
109,Freza,FREZA HSS Ø8 2F,3648,421.12,0.37,5.58,86.66,11.11,36.7,86.3,Otel,Frezare,189,1,Vibratii
110,Freza,FREZA HSS Ø8 2F,5369,608.21,1.03,18.44,69.39,8.52,31.6,94.24,Aluminiu,Frezare,310,1,Vibratii
111,Freza,FREZA HSS Ø8 2F,4742,296.61,2.56,6.23,78.08,9.85,46.2,98.48,Aluminiu,Frezare,162,1,Vibratii
112,Freza,FREZA HSS Ø8 2F,2993,644.66,0.23,8.7,52.77,1.96,10.0,72.92,Inox,Frezare,462,0,Niciunul
113,Freza,FREZA HSS Ø8 2F,2254,715.47,2.3,8.65,47.76,1.54,0.6,64.74,Aluminiu,Frezare,155,0,Niciunul
114,Freza,FREZA HSS Ø8 2F,3053,510.14,1.67,14.49,128.94,2.83,34.3,84.9,Otel,Frezare,145,1,Supraincalzire
115,Freza,FREZA HSS Ø8 2F,3786,409.04,0.69,11.7,59.05,1.31,12.3,71.17,Otel,Frezare,428,0,Niciunul
116,Freza,FREZA HSS Ø8 2F,3343,950.49,1.99,17.53,77.65,2.87,66.7,71.27,Aluminiu,Frezare,323,1,Uzura excesiva
117,Freza,FREZA HSS Ø8 2F,2013,536.18,1.81,17.0,47.95,0.52,3.3,69.55,Aluminiu,Frezare,159,0,Niciunul
118,Freza,FREZA HSS Ø8 2F,5262,862.92,2.03,8.23,94.49,4.18,61.7,76.8,Inox,Frezare,123,1,Uzura excesiva
119,Freza,FREZA HSS Ø8 2F,5714,465.94,1.99,17.07,51.21,0.78,9.2,74.7,Aluminiu,Frezare,101,0,Niciunul
120,Freza,FREZA HSS Ø8 2F,4898,475.25,0.54,7.0,106.46,3.6,61.2,89.26,Aluminiu,Frezare,416,1,Uzura excesiva
121,Freza,FREZA HSS Ø8 2F,4700,514.45,2.22,17.81,38.11,1.24,4.1,71.83,Aluminiu,Frezare,415,0,Niciunul
122,Freza,FREZA HSS Ø8 2F,2466,529.89,2.39,14.97,53.26,1.12,16.1,65.71,Aluminiu,Frezare,214,0,Niciunul
123,Freza,FREZA HSS Ø8 2F,2789,739.81,2.43,13.61,134.89,2.36,27.4,79.17,Aluminiu,Frezare,25,1,Supraincalzire
124,Freza,FREZA HSS Ø8 2F,5040,512.36,2.79,8.54,49.58,0.98,1.8,62.02,Inox,Frezare,42,0,Niciunul
125,Freza,FREZA HSS Ø8 2F,2457,680.36,0.9,18.55,43.45,1.91,8.4,71.41,Inox,Frezare,305,0,Niciunul
126,Freza,FREZA HSS Ø8 2F,5172,352.11,1.78,14.44,83.9,6.49,33.8,92.7,Inox,Frezare,225,1,Vibratii
127,Freza,FREZA HSS Ø8 2F,5730,1177.11,1.3,10.08,78.01,10.56,39.6,91.23,Aluminiu,Frezare,452,1,Vibratii
128,Freza,FREZA HSS Ø8 2F,5186,212.84,2.59,19.42,94.37,3.8,92.7,86.05,Aluminiu,Frezare,324,1,Uzura excesiva
129,Freza,FREZA HSS Ø8 2F,4509,967.86,0.29,16.95,50.48,0.82,5.8,70.84,Aluminiu,Frezare,387,0,Niciunul
130,Freza,FREZA HSS Ø8 2F,3300,632.16,2.47,17.05,47.01,1.14,7.6,69.01,Inox,Frezare,380,0,Niciunul
131,Freza,FREZA HSS Ø8 2F,3358,200.61,2.95,16.32,130.16,3.07,30.5,78.42,Inox,Frezare,319,1,Supraincalzire
132,Freza,FREZA HSS Ø8 2F,4734,350.17,2.95,19.67,68.21,13.66,29.2,98.61,Aluminiu,Frezare,188,1,Vibratii
133,Freza,FREZA HSS Ø8 2F,3695,246.7,1.98,18.85,66.81,1.79,16.5,70.92,Inox,Frezare,430,0,Niciunul
134,Freza,FREZA HSS Ø8 2F,3689,340.43,2.48,15.54,44.53,1.33,16.2,66.7,Otel,Frezare,432,0,Niciunul
135,Freza,FREZA HSS Ø8 2F,1576,766.96,0.61,15.28,143.26,2.02,29.4,81.48,Inox,Frezare,160,1,Supraincalzire
136,Freza,FREZA HSS Ø8 2F,1862,232.16,2.36,5.17,109.16,4.94,78.0,77.15,Aluminiu,Frezare,187,1,Uzura excesiva
137,Freza,FREZA HSS Ø8 2F,5406,427.54,3.0,18.99,68.63,1.58,18.3,71.88,Aluminiu,Frezare,320,0,Niciunul
138,Freza,FREZA HSS Ø8 2F,3424,911.62,2.94,11.13,68.78,1.4,3.2,69.75,Otel,Frezare,21,0,Niciunul
139,Freza,FREZA HSS Ø8 2F,4522,468.06,2.59,17.71,82.7,2.25,91.1,71.37,Aluminiu,Frezare,145,1,Uzura excesiva
140,Freza,FREZA HSS Ø8 2F,5675,1062.6,2.35,8.94,81.92,2.93,97.7,74.8,Aluminiu,Frezare,407,1,Uzura excesiva
141,Freza,FREZA HSS Ø8 2F,1637,433.46,2.48,8.0,79.72,3.65,90.7,79.22,Otel,Frezare,477,1,Uzura excesiva
142,Freza,FREZA HSS Ø8 2F,3783,665.2,0.61,6.84,43.76,1.45,18.9,63.6,Aluminiu,Frezare,1,0,Niciunul
143,Freza,FREZA HSS Ø8 2F,5735,270.03,2.09,19.1,82.89,4.37,77.0,79.24,Inox,Frezare,122,1,Uzura excesiva
144,Freza,FREZA HSS Ø8 2F,3234,1096.41,2.6,11.21,36.93,1.4,3.6,70.54,Otel,Frezare,424,0,Niciunul
145,Freza,FREZA HSS Ø8 2F,1776,476.73,0.29,10.48,108.62,3.84,78.5,85.77,Inox,Frezare,302,1,Uzura excesiva
146,Freza,FREZA HSS Ø8 2F,2812,1090.32,1.94,12.39,71.78,3.15,61.6,77.2,Otel,Frezare,20,1,Uzura excesiva
147,Freza,FREZA HSS Ø8 2F,5072,573.6,2.94,6.01,57.15,1.33,13.5,60.85,Aluminiu,Frezare,356,0,Niciunul
148,Freza,FREZA HSS Ø8 2F,3958,280.54,0.58,6.02,105.17,4.39,66.3,82.77,Otel,Frezare,405,1,Uzura excesiva
149,Freza,FREZA HSS Ø8 2F,3239,1009.76,1.07,9.57,150.88,2.33,29.9,76.02,Otel,Frezare,151,1,Supraincalzire
150,Freza,FREZA HSS Ø8 2F,3143,275.02,2.11,16.74,149.24,3.17,22.1,76.26,Aluminiu,Frezare,419,1,Supraincalzire
151,Freza,FREZA HSS Ø8 2F,3386,1159.31,1.69,16.16,49.15,1.05,9.7,67.73,Otel,Frezare,281,0,Niciunul
152,Freza,FREZA HSS Ø8 2F,3773,521.14,2.19,18.43,64.17,0.74,11.3,67.31,Inox,Frezare,33,0,Niciunul
153,Freza,FREZA HSS Ø8 2F,3400,1027.54,2.58,16.89,158.98,3.1,29.2,78.28,Aluminiu,Frezare,132,1,Supraincalzire
154,Freza,FREZA HSS Ø8 2F,1704,768.58,2.67,17.97,61.55,0.87,19.3,69.03,Inox,Frezare,352,0,Niciunul
155,Freza,FREZA HSS Ø8 2F,2477,1023.56,2.74,12.17,94.8,4.83,60.3,86.26,Aluminiu,Frezare,88,1,Uzura excesiva
156,Freza,FREZA HSS Ø8 2F,3143,596.85,0.4,19.06,169.73,2.22,21.6,78.81,Otel,Frezare,114,1,Supraincalzire
157,Freza,FREZA HSS Ø8 2F,2960,223.46,1.82,14.76,66.75,0.85,2.9,74.07,Otel,Frezare,373,0,Niciunul
158,Freza,FREZA HSS Ø8 2F,4961,940.62,2.36,17.57,130.62,2.53,22.1,83.27,Otel,Frezare,396,1,Supraincalzire
159,Freza,FREZA HSS Ø8 2F,1930,707.18,1.05,13.43,65.41,0.68,17.3,70.6,Inox,Frezare,423,0,Niciunul
160,Freza,FREZA HSS Ø8 2F,4878,322.45,1.42,17.49,95.07,4.01,96.0,77.34,Aluminiu,Frezare,179,1,Uzura excesiva
161,Freza,FREZA HSS Ø8 2F,3448,1027.08,2.63,9.4,139.05,2.81,27.2,82.91,Otel,Frezare,90,1,Supraincalzire
162,Freza,FREZA HSS Ø8 2F,5657,264.83,0.54,9.69,82.76,3.43,73.9,79.45,Otel,Frezare,434,1,Uzura excesiva
163,Freza,FREZA HSS Ø8 2F,1673,906.51,1.43,15.64,62.93,8.07,31.5,104.99,Aluminiu,Frezare,64,1,Vibratii
164,Freza,FREZA HSS Ø8 2F,2302,747.43,2.38,15.21,56.0,0.96,19.6,69.67,Otel,Frezare,405,0,Niciunul
165,Freza,FREZA HSS Ø8 2F,4368,478.35,1.46,14.9,54.98,1.5,19.2,67.98,Otel,Frezare,196,0,Niciunul
166,Freza,FREZA HSS Ø8 2F,2131,344.07,2.74,9.54,48.62,1.34,17.3,64.38,Aluminiu,Frezare,253,0,Niciunul
167,Freza,FREZA HSS Ø8 2F,3044,998.19,1.17,19.11,176.83,3.37,38.1,78.15,Inox,Frezare,333,1,Supraincalzire
168,Freza,FREZA HSS Ø8 2F,4604,515.33,2.54,19.28,105.81,3.68,86.2,79.82,Aluminiu,Frezare,162,1,Uzura excesiva
169,Freza,FREZA HSS Ø8 2F,2420,1050.12,1.61,16.03,78.52,4.12,88.4,88.3,Inox,Frezare,38,1,Uzura excesiva
170,Freza,FREZA HSS Ø8 2F,3096,389.11,2.4,14.8,49.92,1.38,19.3,65.36,Inox,Frezare,204,0,Niciunul
171,Freza,FREZA HSS Ø8 2F,3694,370.61,2.91,8.11,51.26,0.55,4.2,66.45,Otel,Frezare,430,0,Niciunul
172,Freza,FREZA HSS Ø8 2F,2094,373.66,2.83,9.02,62.1,1.08,6.3,72.35,Inox,Frezare,305,0,Niciunul
173,Freza,FREZA HSS Ø8 2F,1715,323.58,0.58,17.99,126.14,3.32,36.6,79.14,Inox,Frezare,302,1,Supraincalzire
174,Freza,FREZA HSS Ø8 2F,2221,707.8,0.99,17.84,88.94,10.08,35.8,92.91,Otel,Frezare,230,1,Vibratii
175,Freza,FREZA HSS Ø8 2F,2706,473.34,2.43,18.21,50.91,1.06,13.6,71.61,Otel,Frezare,468,0,Niciunul
176,Freza,FREZA HSS Ø8 2F,4221,453.4,2.85,17.89,53.68,1.55,4.8,60.36,Otel,Frezare,79,0,Niciunul
177,Freza,FREZA HSS Ø8 2F,3651,772.74,0.28,17.11,67.7,1.64,0.8,74.73,Aluminiu,Frezare,235,0,Niciunul
178,Freza,FREZA HSS Ø8 2F,1630,260.93,1.26,9.64,45.9,0.79,19.2,65.61,Aluminiu,Frezare,20,0,Niciunul
179,Freza,FREZA HSS Ø8 2F,2939,227.16,2.24,16.91,51.37,0.66,18.6,69.52,Otel,Frezare,53,0,Niciunul
180,Freza,FREZA HSS Ø8 2F,4950,1060.39,1.44,7.18,40.89,1.23,10.9,63.47,Otel,Frezare,273,0,Niciunul
181,Freza,FREZA HSS Ø8 2F,2277,331.49,2.91,8.87,171.1,3.0,21.1,81.55,Aluminiu,Frezare,51,1,Supraincalzire
182,Freza,FREZA HSS Ø8 2F,5362,486.16,0.51,8.81,68.02,1.17,0.4,67.22,Otel,Frezare,117,0,Niciunul
183,Freza,FREZA HSS Ø8 2F,5940,757.24,2.06,9.34,56.68,1.03,11.9,74.24,Inox,Frezare,38,0,Niciunul
184,Freza,FREZA HSS Ø8 2F,4601,695.43,0.6,13.34,170.59,2.5,27.8,77.24,Inox,Frezare,124,1,Supraincalzire
185,Freza,FREZA HSS Ø8 2F,1857,633.97,0.91,8.74,71.17,7.01,48.2,89.47,Aluminiu,Frezare,434,1,Vibratii
186,Freza,FREZA HSS Ø8 2F,5143,489.05,2.89,9.4,48.72,0.55,10.1,62.2,Aluminiu,Frezare,263,0,Niciunul
187,Freza,FREZA HSS Ø8 2F,3034,447.41,2.3,11.56,99.48,2.64,87.4,72.52,Aluminiu,Frezare,142,1,Uzura excesiva
188,Freza,FREZA HSS Ø8 2F,3072,602.71,1.83,12.34,66.35,0.66,6.4,71.86,Aluminiu,Frezare,480,0,Niciunul
189,Freza,FREZA HSS Ø8 2F,4167,712.02,1.52,18.66,66.71,1.58,12.6,70.93,Inox,Frezare,183,0,Niciunul
190,Freza,FREZA HSS Ø8 2F,2995,480.23,1.67,7.52,53.34,1.95,4.5,68.32,Aluminiu,Frezare,89,0,Niciunul
191,Freza,FREZA HSS Ø8 2F,4139,365.63,0.37,10.85,157.82,1.76,38.9,82.02,Aluminiu,Frezare,339,1,Supraincalzire
192,Freza,FREZA HSS Ø8 2F,2804,855.77,1.22,15.72,39.6,0.99,18.1,73.04,Inox,Frezare,447,0,Niciunul
193,Freza,FREZA HSS Ø8 2F,1926,961.29,2.46,8.46,67.16,0.72,15.1,62.03,Otel,Frezare,279,0,Niciunul
194,Freza,FREZA HSS Ø8 2F,1503,666.79,2.35,6.06,157.56,2.17,38.9,84.9,Otel,Frezare,388,1,Supraincalzire
195,Freza,FREZA HSS Ø8 2F,3036,457.06,0.74,6.08,94.95,3.91,94.6,87.84,Aluminiu,Frezare,162,1,Uzura excesiva
196,Freza,FREZA HSS Ø8 2F,4228,1156.1,2.54,17.16,79.32,6.3,25.6,89.09,Aluminiu,Frezare,478,1,Vibratii
197,Freza,FREZA HSS Ø8 2F,5307,874.75,2.46,10.9,130.14,3.74,36.3,84.5,Otel,Frezare,104,1,Supraincalzire
198,Freza,FREZA HSS Ø8 2F,1542,728.11,2.8,11.11,103.88,2.57,92.1,82.47,Otel,Frezare,119,1,Uzura excesiva
199,Freza,FREZA HSS Ø8 2F,2810,786.26,0.87,8.23,65.08,13.61,37.6,93.62,Otel,Frezare,374,1,Vibratii
200,Freza,FREZA HSS Ø8 2F,2943,604.04,0.8,18.5,100.38,4.11,69.0,70.38,Aluminiu,Frezare,3,1,Uzura excesiva
201,Freza,FREZA HSS Ø8 2F,4132,310.78,1.33,7.82,62.6,1.36,16.5,70.13,Aluminiu,Frezare,70,0,Niciunul
202,Freza,FREZA HSS Ø8 2F,2827,548.38,2.09,9.69,65.89,1.05,0.7,60.73,Otel,Frezare,7,0,Niciunul
203,Freza,FREZA HSS Ø8 2F,4880,463.23,1.26,8.03,61.64,1.36,3.0,69.77,Otel,Frezare,19,0,Niciunul
204,Freza,FREZA HSS Ø8 2F,5732,850.28,2.91,17.28,47.35,1.0,18.7,72.01,Otel,Frezare,272,0,Niciunul
205,Freza,FREZA HSS Ø8 2F,4683,1022.25,1.69,12.47,54.37,1.53,19.6,62.41,Aluminiu,Frezare,63,0,Niciunul
206,Freza,FREZA HSS Ø8 2F,2031,620.03,1.22,11.9,50.52,1.16,7.2,63.29,Aluminiu,Frezare,1,0,Niciunul
207,Freza,FREZA HSS Ø8 2F,5680,239.81,1.13,5.25,72.18,8.15,42.4,99.6,Inox,Frezare,34,1,Vibratii
208,Freza,FREZA HSS Ø8 2F,4608,707.84,2.89,8.59,39.74,1.01,4.8,63.86,Otel,Frezare,202,0,Niciunul
209,Freza,FREZA HSS Ø8 2F,2192,724.55,0.99,12.0,80.83,12.23,37.3,96.37,Inox,Frezare,261,1,Vibratii
210,Freza,FREZA HSS Ø8 2F,3874,600.84,2.08,14.53,144.66,2.43,24.9,76.76,Otel,Frezare,227,1,Supraincalzire
211,Freza,FREZA HSS Ø8 2F,2587,882.66,0.87,13.38,40.79,1.9,2.3,62.1,Aluminiu,Frezare,266,0,Niciunul
212,Freza,FREZA HSS Ø8 2F,2961,560.04,0.67,9.06,65.75,1.23,5.5,70.66,Aluminiu,Frezare,3,0,Niciunul
213,Freza,FREZA HSS Ø8 2F,2420,684.78,0.15,7.11,61.92,0.58,6.0,72.6,Inox,Frezare,87,0,Niciunul
214,Freza,FREZA HSS Ø8 2F,4466,1089.83,2.03,18.54,69.4,1.01,2.6,67.05,Otel,Frezare,162,0,Niciunul
215,Freza,FREZA HSS Ø8 2F,3174,493.87,1.33,5.96,82.21,4.16,67.0,70.49,Inox,Frezare,341,1,Uzura excesiva
216,Freza,FREZA HSS Ø8 2F,3142,357.26,1.24,19.35,67.84,1.8,0.4,72.83,Inox,Frezare,244,0,Niciunul
217,Freza,FREZA HSS Ø8 2F,3346,1091.76,1.94,13.99,89.26,13.27,31.3,104.91,Inox,Frezare,229,1,Vibratii
218,Freza,FREZA HSS Ø8 2F,3909,569.17,2.07,5.01,45.54,1.63,17.6,74.76,Aluminiu,Frezare,305,0,Niciunul
219,Freza,FREZA HSS Ø8 2F,1901,917.49,1.1,19.34,41.76,1.22,17.7,64.7,Aluminiu,Frezare,41,0,Niciunul
220,Freza,FREZA HSS Ø8 2F,5786,394.67,2.06,5.99,144.83,3.54,25.5,82.82,Inox,Frezare,302,1,Supraincalzire
221,Freza,FREZA HSS Ø8 2F,5955,480.11,1.19,8.72,42.04,1.87,18.7,70.5,Otel,Frezare,245,0,Niciunul
222,Freza,FREZA HSS Ø8 2F,2382,337.18,2.97,7.77,58.31,1.06,8.5,62.51,Inox,Frezare,265,0,Niciunul
223,Freza,FREZA HSS Ø8 2F,2836,212.14,0.61,14.27,50.74,0.66,15.1,61.4,Otel,Frezare,338,0,Niciunul
224,Freza,FREZA HSS Ø8 2F,5876,747.8,1.63,10.41,73.79,12.1,36.8,97.78,Aluminiu,Frezare,251,1,Vibratii
225,Freza,FREZA HSS Ø8 2F,3318,779.26,0.54,5.23,47.51,1.5,11.3,65.59,Aluminiu,Frezare,138,0,Niciunul
226,Freza,FREZA HSS Ø8 2F,3007,838.28,1.65,19.09,158.34,2.33,31.7,77.63,Otel,Frezare,54,1,Supraincalzire
227,Freza,FREZA HSS Ø8 2F,4750,654.17,0.38,18.24,75.42,2.65,72.1,77.36,Inox,Frezare,156,1,Uzura excesiva
228,Freza,FREZA HSS Ø8 2F,3639,524.22,2.57,18.63,101.84,4.13,83.9,79.5,Otel,Frezare,193,1,Uzura excesiva
229,Freza,FREZA HSS Ø8 2F,5735,502.72,2.34,17.6,67.47,0.99,11.7,65.27,Otel,Frezare,159,0,Niciunul
230,Freza,FREZA HSS Ø8 2F,2321,779.48,1.86,13.09,55.71,1.72,8.7,69.58,Inox,Frezare,205,0,Niciunul
231,Freza,FREZA HSS Ø8 2F,2582,982.92,2.09,14.88,42.54,0.57,19.1,72.88,Aluminiu,Frezare,133,0,Niciunul
232,Freza,FREZA HSS Ø8 2F,3846,494.54,2.14,9.22,45.83,1.43,2.0,68.84,Inox,Frezare,421,0,Niciunul
233,Freza,FREZA HSS Ø8 2F,5306,311.67,1.17,17.47,37.6,1.78,19.9,68.45,Inox,Frezare,217,0,Niciunul
234,Freza,FREZA HSS Ø8 2F,1625,453.66,1.29,18.18,171.0,3.72,21.0,83.3,Aluminiu,Frezare,464,1,Supraincalzire
235,Freza,FREZA HSS Ø8 2F,4565,972.86,1.17,16.96,45.51,0.99,0.7,61.71,Aluminiu,Frezare,192,0,Niciunul
236,Freza,FREZA HSS Ø8 2F,3094,233.14,2.83,8.75,44.69,1.44,6.8,73.21,Otel,Frezare,207,0,Niciunul
237,Freza,FREZA HSS Ø8 2F,5522,938.69,0.15,19.38,134.39,1.77,22.5,83.16,Otel,Frezare,32,1,Supraincalzire
238,Freza,FREZA HSS Ø8 2F,1548,1094.7,2.84,14.25,106.6,4.58,92.4,81.88,Otel,Frezare,9,1,Uzura excesiva
239,Freza,FREZA HSS Ø8 2F,5763,875.98,1.78,13.42,98.46,4.62,84.1,77.5,Aluminiu,Frezare,454,1,Uzura excesiva
240,Freza,FREZA HSS Ø8 2F,4375,547.5,0.39,12.98,97.92,2.2,88.8,75.51,Inox,Frezare,462,1,Uzura excesiva
241,Freza,FREZA HSS Ø8 2F,5970,1068.79,1.53,8.17,69.51,7.69,30.7,94.04,Otel,Frezare,194,1,Vibratii
242,Freza,FREZA HSS Ø8 2F,5238,928.99,2.19,16.58,72.17,4.9,68.0,73.21,Inox,Frezare,359,1,Uzura excesiva
243,Freza,FREZA HSS Ø8 2F,5886,1174.93,1.82,11.19,55.87,1.56,19.0,69.65,Inox,Frezare,363,0,Niciunul
244,Freza,FREZA HSS Ø8 2F,3261,531.49,2.82,16.07,91.37,4.5,90.2,81.45,Inox,Frezare,408,1,Uzura excesiva
245,Freza,FREZA HSS Ø8 2F,4044,1187.08,2.55,8.39,72.38,13.38,26.9,95.35,Aluminiu,Frezare,189,1,Vibratii
246,Freza,FREZA HSS Ø8 2F,2862,872.08,1.12,18.67,49.03,1.01,6.6,73.78,Otel,Frezare,399,0,Niciunul
247,Freza,FREZA HSS Ø8 2F,1506,570.13,1.14,10.0,78.84,6.91,27.6,90.28,Inox,Frezare,355,1,Vibratii
248,Freza,FREZA HSS Ø8 2F,1934,469.92,0.41,12.27,80.63,7.89,30.8,91.9,Inox,Frezare,135,1,Vibratii
249,Freza,FREZA HSS Ø8 2F,3538,540.67,2.21,14.76,46.54,1.26,2.7,66.68,Otel,Frezare,116,0,Niciunul
250,Freza,FREZA HSS Ø8 2F,4834,507.82,1.46,16.3,85.24,3.98,99.8,84.44,Aluminiu,Frezare,78,1,Uzura excesiva
251,Freza,FREZA HSS Ø8 2F,4268,729.22,1.42,16.1,67.3,0.66,2.6,60.97,Inox,Frezare,380,0,Niciunul
252,Freza,FREZA HSS Ø8 2F,2304,433.67,0.73,7.29,77.19,3.53,97.5,74.32,Otel,Frezare,5,1,Uzura excesiva
253,Freza,FREZA HSS Ø8 2F,2157,825.78,2.0,18.56,65.76,1.14,11.9,68.12,Otel,Frezare,380,0,Niciunul
254,Freza,FREZA HSS Ø8 2F,5961,1059.57,1.7,11.55,63.43,0.71,3.5,63.9,Aluminiu,Frezare,186,0,Niciunul
255,Freza,FREZA HSS Ø8 2F,4382,834.18,1.38,5.02,64.33,1.82,11.1,66.51,Otel,Frezare,79,0,Niciunul
256,Freza,FREZA HSS Ø8 2F,5825,1057.34,0.44,13.4,58.54,0.52,8.8,71.59,Aluminiu,Frezare,1,0,Niciunul
257,Freza,FREZA HSS Ø8 2F,5288,1053.11,1.4,5.73,44.33,0.85,13.7,73.78,Aluminiu,Frezare,393,0,Niciunul
258,Freza,FREZA HSS Ø8 2F,3321,645.54,1.94,10.22,58.5,1.58,18.3,67.43,Inox,Frezare,194,0,Niciunul
259,Freza,FREZA HSS Ø8 2F,5592,1144.91,0.23,7.57,35.9,1.01,18.8,69.61,Otel,Frezare,131,0,Niciunul
260,Freza,FREZA HSS Ø8 2F,4208,493.0,0.9,5.63,69.01,11.01,48.2,99.0,Aluminiu,Frezare,284,1,Vibratii
261,Freza,FREZA HSS Ø8 2F,1752,947.01,0.83,13.84,63.97,1.54,9.1,66.93,Inox,Frezare,161,0,Niciunul
262,Freza,FREZA HSS Ø8 2F,5762,267.84,2.14,6.74,80.48,11.84,48.7,102.77,Otel,Frezare,494,1,Vibratii
263,Freza,FREZA HSS Ø8 2F,2089,822.64,0.22,7.39,87.65,7.72,38.5,97.27,Otel,Frezare,453,1,Vibratii
264,Freza,FREZA HSS Ø8 2F,2352,484.63,0.17,19.52,97.47,2.47,72.2,77.18,Aluminiu,Frezare,23,1,Uzura excesiva
265,Freza,FREZA HSS Ø8 2F,4454,388.03,0.4,18.15,40.24,1.57,16.9,66.58,Aluminiu,Frezare,240,0,Niciunul
266,Freza,FREZA HSS Ø8 2F,2471,672.96,0.77,19.2,56.0,0.69,19.0,66.81,Otel,Frezare,213,0,Niciunul
267,Freza,FREZA HSS Ø8 2F,1603,765.15,1.36,13.74,40.39,0.5,16.5,68.83,Otel,Frezare,219,0,Niciunul
268,Freza,FREZA HSS Ø8 2F,1833,950.53,2.69,16.1,73.96,4.41,71.2,88.56,Inox,Frezare,408,1,Uzura excesiva
269,Freza,FREZA HSS Ø8 2F,3164,864.73,0.73,16.74,73.29,3.66,99.1,80.24,Aluminiu,Frezare,466,1,Uzura excesiva
270,Freza,FREZA HSS Ø8 2F,2717,490.4,1.4,10.16,37.74,1.01,15.5,70.37,Inox,Frezare,346,0,Niciunul
271,Freza,FREZA HSS Ø8 2F,3380,1096.43,1.15,9.19,93.91,2.47,69.5,83.81,Aluminiu,Frezare,90,1,Uzura excesiva
272,Freza,FREZA HSS Ø8 2F,5682,718.67,2.72,15.35,55.72,1.09,5.6,72.7,Aluminiu,Frezare,373,0,Niciunul
273,Freza,FREZA HSS Ø8 2F,2800,519.8,2.21,17.62,75.24,8.35,38.9,95.55,Otel,Frezare,324,1,Vibratii
274,Freza,FREZA HSS Ø8 2F,5152,657.4,2.14,5.36,47.66,0.63,8.0,66.92,Otel,Frezare,364,0,Niciunul
275,Freza,FREZA HSS Ø8 2F,4447,250.04,2.49,9.12,87.98,10.59,49.5,90.37,Otel,Frezare,275,1,Vibratii
276,Freza,FREZA HSS Ø8 2F,2545,529.51,2.9,18.53,174.98,2.53,25.4,76.62,Otel,Frezare,217,1,Supraincalzire
277,Freza,FREZA HSS Ø8 2F,1674,685.37,0.81,7.34,56.3,1.01,4.7,65.59,Inox,Frezare,410,0,Niciunul
278,Freza,FREZA HSS Ø8 2F,3342,728.12,0.94,17.9,162.09,3.26,38.2,79.0,Inox,Frezare,259,1,Supraincalzire
279,Freza,FREZA HSS Ø8 2F,5021,305.59,0.45,18.89,59.01,0.8,8.3,73.32,Inox,Frezare,38,0,Niciunul
280,Freza,FREZA HSS Ø8 2F,1636,897.93,2.4,11.72,125.42,3.37,37.9,80.06,Aluminiu,Frezare,391,1,Supraincalzire
281,Freza,FREZA HSS Ø8 2F,3529,583.65,0.75,17.22,51.76,1.33,2.0,72.93,Aluminiu,Frezare,32,0,Niciunul
282,Freza,FREZA HSS Ø8 2F,4053,1107.74,2.75,6.57,46.8,0.77,1.2,74.96,Aluminiu,Frezare,39,0,Niciunul
283,Freza,FREZA HSS Ø8 2F,3381,796.71,2.55,16.29,43.63,0.9,0.8,62.92,Aluminiu,Frezare,321,0,Niciunul
284,Freza,FREZA HSS Ø8 2F,2060,310.79,1.86,14.63,38.01,1.57,0.3,66.39,Inox,Frezare,430,0,Niciunul
285,Freza,FREZA HSS Ø8 2F,5291,920.9,0.47,19.73,51.24,1.98,12.5,65.13,Aluminiu,Frezare,68,0,Niciunul
286,Freza,FREZA HSS Ø8 2F,4608,684.05,0.84,17.36,80.52,4.23,86.9,85.12,Inox,Frezare,476,1,Uzura excesiva
287,Freza,FREZA HSS Ø8 2F,1802,346.21,2.66,14.43,84.73,7.6,37.6,89.58,Aluminiu,Frezare,166,1,Vibratii
288,Freza,FREZA HSS Ø8 2F,4054,935.5,1.17,17.78,51.01,1.78,6.7,72.08,Otel,Frezare,458,0,Niciunul
289,Freza,FREZA HSS Ø8 2F,3561,969.05,2.71,19.7,72.66,4.14,74.6,72.84,Inox,Frezare,427,1,Uzura excesiva
290,Freza,FREZA HSS Ø8 2F,4026,1012.11,2.93,10.09,45.23,0.67,0.5,72.74,Aluminiu,Frezare,378,0,Niciunul
291,Freza,FREZA HSS Ø8 2F,5053,386.34,1.47,13.14,38.32,1.17,16.4,62.0,Aluminiu,Frezare,476,0,Niciunul
292,Freza,FREZA HSS Ø8 2F,3814,379.46,2.45,8.11,56.63,1.53,2.8,67.74,Otel,Frezare,169,0,Niciunul
293,Freza,FREZA HSS Ø8 2F,4340,246.89,2.65,18.73,63.06,1.78,4.7,74.62,Otel,Frezare,202,0,Niciunul
294,Freza,FREZA HSS Ø8 2F,5896,1013.15,2.16,15.52,176.51,1.86,35.7,80.26,Inox,Frezare,107,1,Supraincalzire
295,Freza,FREZA HSS Ø8 2F,5259,289.57,0.3,5.15,58.11,0.5,17.2,73.61,Inox,Frezare,470,0,Niciunul
296,Freza,FREZA HSS Ø8 2F,5134,960.17,1.15,12.12,76.35,4.81,97.8,84.11,Inox,Frezare,478,1,Uzura excesiva
297,Freza,FREZA HSS Ø8 2F,4624,355.49,0.66,15.08,86.29,10.45,23.0,86.65,Inox,Frezare,80,1,Vibratii
298,Freza,FREZA HSS Ø8 2F,1716,863.14,2.83,19.74,78.09,8.6,38.3,94.44,Inox,Frezare,440,1,Vibratii
299,Freza,FREZA HSS Ø8 2F,3514,642.04,0.26,10.71,69.99,1.19,9.1,73.19,Otel,Frezare,465,0,Niciunul
300,Freza,FREZA HSS Ø8 2F,5380,945.99,0.97,19.1,38.11,1.47,0.5,74.25,Inox,Frezare,315,0,Niciunul
301,Freza,FREZA HSS Ø8 2F,5051,477.64,1.3,19.17,68.6,8.92,28.9,93.08,Otel,Frezare,327,1,Vibratii
302,Freza,FREZA HSS Ø8 2F,4277,344.43,1.14,6.07,61.43,7.12,40.6,99.16,Inox,Frezare,106,1,Vibratii
303,Freza,FREZA HSS Ø8 2F,5062,262.44,1.12,8.19,86.43,13.35,26.1,87.92,Inox,Frezare,221,1,Vibratii
304,Freza,FREZA HSS Ø8 2F,3044,651.81,0.56,9.57,66.97,1.28,1.5,66.76,Inox,Frezare,425,0,Niciunul
305,Freza,FREZA HSS Ø8 2F,4692,1064.15,2.25,18.68,85.8,9.98,29.9,87.3,Aluminiu,Frezare,316,1,Vibratii
306,Freza,FREZA HSS Ø8 2F,4861,1006.75,2.56,18.95,77.0,13.38,31.6,103.22,Otel,Frezare,285,1,Vibratii
307,Freza,FREZA HSS Ø8 2F,5903,1104.51,1.13,11.79,56.24,0.99,1.3,65.3,Aluminiu,Frezare,317,0,Niciunul
308,Freza,FREZA HSS Ø8 2F,3492,710.24,1.83,10.31,48.2,0.78,15.0,70.89,Inox,Frezare,27,0,Niciunul
309,Freza,FREZA HSS Ø8 2F,2647,523.6,1.58,12.99,46.83,1.84,1.4,63.37,Inox,Frezare,83,0,Niciunul
310,Freza,FREZA HSS Ø8 2F,5439,487.0,2.88,9.11,79.73,12.35,30.8,93.21,Inox,Frezare,31,1,Vibratii
311,Freza,FREZA HSS Ø8 2F,2223,1121.95,1.59,17.86,49.7,0.61,15.1,67.93,Inox,Frezare,37,0,Niciunul
312,Freza,FREZA HSS Ø8 2F,4096,288.82,2.33,12.78,77.0,3.4,67.1,70.44,Aluminiu,Frezare,256,1,Uzura excesiva
313,Freza,FREZA HSS Ø8 2F,2612,482.54,2.52,6.68,41.28,1.4,2.7,60.81,Inox,Frezare,402,0,Niciunul
314,Freza,FREZA HSS Ø8 2F,4966,892.02,2.6,18.83,77.52,3.41,99.5,80.69,Aluminiu,Frezare,285,1,Uzura excesiva
315,Freza,FREZA HSS Ø8 2F,5169,404.92,0.96,5.82,176.64,1.98,25.3,78.14,Aluminiu,Frezare,107,1,Supraincalzire
316,Freza,FREZA HSS Ø8 2F,4870,521.02,2.73,5.09,135.75,1.91,25.1,82.9,Otel,Frezare,135,1,Supraincalzire
317,Freza,FREZA HSS Ø8 2F,2941,1159.63,0.34,19.57,50.69,1.01,3.6,66.07,Inox,Frezare,5,0,Niciunul
318,Freza,FREZA HSS Ø8 2F,4936,413.26,0.49,12.2,39.44,1.64,6.1,65.54,Aluminiu,Frezare,346,0,Niciunul
319,Freza,FREZA HSS Ø8 2F,3753,326.65,1.66,11.34,125.05,2.19,36.6,80.47,Inox,Frezare,121,1,Supraincalzire
320,Freza,FREZA HSS Ø8 2F,1511,1048.53,2.9,16.56,61.04,13.11,22.3,96.92,Aluminiu,Frezare,398,1,Vibratii
321,Freza,FREZA HSS Ø8 2F,4208,542.21,1.9,5.46,85.27,2.75,69.1,77.1,Otel,Frezare,462,1,Uzura excesiva
322,Freza,FREZA HSS Ø8 2F,5939,773.2,2.19,5.42,48.1,1.3,13.3,67.0,Otel,Frezare,225,0,Niciunul
323,Freza,FREZA HSS Ø8 2F,2046,1053.47,2.91,5.4,42.64,1.4,8.6,73.29,Inox,Frezare,244,0,Niciunul
324,Freza,FREZA HSS Ø8 2F,2391,550.55,2.28,11.58,69.0,0.58,11.9,71.93,Aluminiu,Frezare,242,0,Niciunul
325,Freza,FREZA HSS Ø8 2F,4962,341.87,1.63,11.65,64.18,1.42,0.6,60.63,Aluminiu,Frezare,346,0,Niciunul
326,Freza,FREZA HSS Ø8 2F,5212,473.5,0.55,13.9,65.35,1.54,4.5,67.34,Inox,Frezare,58,0,Niciunul
327,Freza,FREZA HSS Ø8 2F,3754,714.19,0.62,16.89,40.35,0.52,19.3,67.98,Otel,Frezare,438,0,Niciunul
328,Freza,FREZA HSS Ø8 2F,1556,935.4,2.68,6.01,50.01,1.48,10.1,62.24,Otel,Frezare,352,0,Niciunul
329,Freza,FREZA HSS Ø8 2F,5807,289.78,1.48,19.04,68.22,1.95,17.8,65.88,Aluminiu,Frezare,251,0,Niciunul
330,Freza,FREZA HSS Ø8 2F,4362,1073.98,0.92,16.98,81.43,6.78,42.8,102.35,Inox,Frezare,43,1,Vibratii
331,Freza,FREZA HSS Ø8 2F,2293,981.74,1.08,17.02,100.25,4.66,79.6,72.79,Inox,Frezare,273,1,Uzura excesiva
332,Freza,FREZA HSS Ø8 2F,2320,632.53,0.49,12.22,61.38,1.24,18.1,72.41,Aluminiu,Frezare,294,0,Niciunul
333,Freza,FREZA HSS Ø8 2F,4315,849.26,2.68,11.13,176.29,3.41,35.4,79.26,Aluminiu,Frezare,426,1,Supraincalzire
334,Freza,FREZA HSS Ø8 2F,2555,213.14,2.19,16.99,80.53,7.71,48.0,104.45,Inox,Frezare,305,1,Vibratii
335,Freza,FREZA HSS Ø8 2F,5821,1135.76,2.72,14.06,109.22,4.85,74.0,81.65,Otel,Frezare,257,1,Uzura excesiva
336,Freza,FREZA HSS Ø8 2F,1927,394.76,0.85,7.39,86.94,7.69,30.8,87.12,Aluminiu,Frezare,251,1,Vibratii
337,Freza,FREZA HSS Ø8 2F,4258,446.23,1.69,15.69,44.91,1.12,7.1,72.33,Otel,Frezare,454,0,Niciunul
338,Freza,FREZA HSS Ø8 2F,1689,786.46,0.3,17.84,68.67,1.4,4.8,72.06,Otel,Frezare,438,0,Niciunul
339,Freza,FREZA HSS Ø8 2F,2563,374.08,0.71,16.15,177.16,3.7,36.6,77.01,Inox,Frezare,304,1,Supraincalzire
340,Freza,FREZA HSS Ø8 2F,1933,1195.02,2.06,11.19,64.41,1.26,16.3,70.88,Inox,Frezare,2,0,Niciunul
341,Freza,FREZA HSS Ø8 2F,4235,955.35,1.26,15.37,82.58,2.43,84.6,77.49,Otel,Frezare,239,1,Uzura excesiva
342,Freza,FREZA HSS Ø8 2F,4608,733.71,2.11,5.55,63.37,1.9,4.8,63.85,Inox,Frezare,182,0,Niciunul
343,Freza,FREZA HSS Ø8 2F,5573,255.55,1.15,16.82,68.42,1.22,15.4,66.58,Inox,Frezare,391,0,Niciunul
344,Freza,FREZA HSS Ø8 2F,2508,438.42,0.4,6.64,90.54,4.73,94.0,81.8,Inox,Frezare,55,1,Uzura excesiva
345,Freza,FREZA HSS Ø8 2F,2186,517.86,2.84,11.63,49.46,1.93,5.8,74.54,Otel,Frezare,70,0,Niciunul
346,Freza,FREZA HSS Ø8 2F,3888,378.18,1.2,10.08,66.9,1.94,0.8,61.28,Inox,Frezare,47,0,Niciunul
347,Freza,FREZA HSS Ø8 2F,5617,763.55,1.63,5.62,57.74,1.5,17.7,72.33,Aluminiu,Frezare,319,0,Niciunul
348,Freza,FREZA HSS Ø8 2F,4300,875.0,1.36,10.38,60.95,7.68,38.4,102.72,Otel,Frezare,272,1,Vibratii
349,Freza,FREZA HSS Ø8 2F,3032,1041.84,1.58,10.22,57.21,0.67,20.0,69.7,Otel,Frezare,168,0,Niciunul
350,Freza,FREZA HSS Ø8 2F,1970,559.69,2.79,8.64,47.81,0.88,14.5,63.09,Otel,Frezare,361,0,Niciunul
351,Freza,FREZA HSS Ø8 2F,3002,379.48,1.51,6.6,44.09,1.86,6.7,64.73,Inox,Frezare,43,0,Niciunul
352,Freza,FREZA HSS Ø8 2F,2486,1090.78,0.65,5.7,84.94,10.77,46.4,88.81,Otel,Frezare,197,1,Vibratii
353,Freza,FREZA HSS Ø8 2F,4295,204.95,1.7,7.33,42.48,0.91,7.1,66.52,Aluminiu,Frezare,318,0,Niciunul
354,Freza,FREZA HSS Ø8 2F,1695,1184.68,0.18,17.71,56.59,0.59,8.6,68.86,Otel,Frezare,350,0,Niciunul
355,Freza,FREZA HSS Ø8 2F,3598,400.97,2.26,11.22,83.09,6.34,46.2,101.77,Inox,Frezare,427,1,Vibratii
356,Freza,FREZA HSS Ø8 2F,3908,437.91,1.04,11.82,122.49,2.3,40.0,78.95,Aluminiu,Frezare,47,1,Supraincalzire
357,Freza,FREZA HSS Ø8 2F,4957,1022.65,1.71,13.79,75.3,13.97,47.8,97.02,Aluminiu,Frezare,18,1,Vibratii
358,Freza,FREZA HSS Ø8 2F,1659,876.61,2.97,11.38,151.82,3.49,20.7,82.64,Inox,Frezare,262,1,Supraincalzire
359,Freza,FREZA HSS Ø8 2F,5255,513.53,0.2,10.52,103.29,4.33,69.4,75.61,Aluminiu,Frezare,402,1,Uzura excesiva
360,Freza,FREZA HSS Ø8 2F,2052,336.99,0.71,19.1,64.1,1.58,3.5,69.2,Otel,Frezare,133,0,Niciunul
361,Freza,FREZA HSS Ø8 2F,5689,522.6,2.72,10.83,85.98,4.19,63.7,87.64,Aluminiu,Frezare,97,1,Uzura excesiva
362,Freza,FREZA HSS Ø8 2F,4554,1035.09,1.01,12.07,88.62,12.61,21.1,94.24,Otel,Frezare,255,1,Vibratii
363,Freza,FREZA HSS Ø8 2F,2656,893.72,1.73,11.53,56.54,1.13,2.2,73.32,Aluminiu,Frezare,99,0,Niciunul
364,Freza,FREZA HSS Ø8 2F,5718,864.21,1.41,6.22,78.12,12.46,38.7,87.1,Otel,Frezare,218,1,Vibratii
365,Freza,FREZA HSS Ø8 2F,2318,986.84,0.41,18.72,87.83,11.27,23.6,103.44,Inox,Frezare,325,1,Vibratii
366,Freza,FREZA HSS Ø8 2F,3584,739.16,1.43,6.36,46.1,0.54,10.6,63.32,Aluminiu,Frezare,161,0,Niciunul
367,Freza,FREZA HSS Ø8 2F,4938,965.27,0.9,9.51,73.21,3.44,65.9,87.22,Inox,Frezare,459,1,Uzura excesiva
368,Freza,FREZA HSS Ø8 2F,5690,411.53,1.02,7.28,63.51,0.74,3.6,63.74,Aluminiu,Frezare,462,0,Niciunul
369,Freza,FREZA HSS Ø8 2F,2625,413.65,2.91,11.93,61.57,0.72,11.9,72.0,Inox,Frezare,397,0,Niciunul
370,Freza,FREZA HSS Ø8 2F,2512,759.74,1.83,16.08,146.28,3.75,22.8,78.99,Otel,Frezare,368,1,Supraincalzire
371,Freza,FREZA HSS Ø8 2F,4507,741.8,1.77,9.72,39.81,1.27,14.2,61.78,Inox,Frezare,73,0,Niciunul
372,Freza,FREZA HSS Ø8 2F,5567,961.19,1.55,13.18,59.81,1.28,13.8,67.82,Inox,Frezare,239,0,Niciunul
373,Freza,FREZA HSS Ø8 2F,4597,275.55,2.91,13.36,87.55,4.03,94.4,87.12,Otel,Frezare,117,1,Uzura excesiva
374,Freza,FREZA HSS Ø8 2F,3835,737.77,1.15,9.52,109.92,4.11,74.4,77.78,Aluminiu,Frezare,8,1,Uzura excesiva
375,Freza,FREZA HSS Ø8 2F,4608,532.8,0.6,19.24,85.23,3.83,95.9,71.04,Aluminiu,Frezare,220,1,Uzura excesiva
376,Freza,FREZA HSS Ø8 2F,4922,369.21,2.08,6.26,109.29,4.54,60.5,88.96,Inox,Frezare,22,1,Uzura excesiva
377,Freza,FREZA HSS Ø8 2F,1572,888.61,0.87,10.36,71.51,12.94,26.8,89.07,Inox,Frezare,244,1,Vibratii
378,Freza,FREZA HSS Ø8 2F,2508,832.06,2.35,11.74,66.52,0.85,1.8,62.6,Inox,Frezare,447,0,Niciunul
379,Freza,FREZA HSS Ø8 2F,2286,628.71,1.6,18.98,58.04,1.54,15.5,72.42,Aluminiu,Frezare,82,0,Niciunul
380,Freza,FREZA HSS Ø8 2F,1975,1015.08,0.78,8.74,48.48,0.8,16.8,65.87,Inox,Frezare,310,0,Niciunul
381,Freza,FREZA HSS Ø8 2F,2572,350.87,0.31,15.62,55.61,0.9,19.3,66.28,Otel,Frezare,83,0,Niciunul
382,Freza,FREZA HSS Ø8 2F,4272,1162.76,1.77,14.0,49.72,0.66,1.6,66.59,Inox,Frezare,399,0,Niciunul
383,Freza,FREZA HSS Ø8 2F,3032,376.19,1.92,8.58,45.96,1.55,0.9,62.49,Otel,Frezare,102,0,Niciunul
384,Freza,FREZA HSS Ø8 2F,1656,984.96,1.1,6.26,58.86,0.92,4.3,73.08,Inox,Frezare,353,0,Niciunul
385,Freza,FREZA HSS Ø8 2F,5158,1074.63,1.79,10.57,67.18,1.18,19.8,71.06,Otel,Frezare,109,0,Niciunul
386,Freza,FREZA HSS Ø8 2F,5935,1049.47,2.36,19.11,65.97,9.83,28.3,89.6,Inox,Frezare,144,1,Vibratii
387,Freza,FREZA HSS Ø8 2F,3616,641.35,1.67,19.15,80.18,12.25,35.1,89.84,Aluminiu,Frezare,461,1,Vibratii
388,Freza,FREZA HSS Ø8 2F,2106,824.26,1.51,15.21,68.13,9.6,28.4,103.11,Aluminiu,Frezare,396,1,Vibratii
389,Freza,FREZA HSS Ø8 2F,1817,985.61,1.67,17.86,87.31,8.3,36.3,92.29,Aluminiu,Frezare,465,1,Vibratii
390,Freza,FREZA HSS Ø8 2F,4573,552.65,0.61,9.18,71.36,4.39,70.6,70.54,Inox,Frezare,476,1,Uzura excesiva
391,Freza,FREZA HSS Ø8 2F,5240,527.58,2.22,13.36,72.65,3.75,65.7,74.09,Otel,Frezare,202,1,Uzura excesiva
392,Freza,FREZA HSS Ø8 2F,5498,395.43,2.33,13.7,89.1,10.39,26.3,103.86,Aluminiu,Frezare,331,1,Vibratii
393,Freza,FREZA HSS Ø8 2F,3037,314.4,2.84,6.35,55.79,0.52,11.9,65.61,Aluminiu,Frezare,169,0,Niciunul
394,Freza,FREZA HSS Ø8 2F,5125,691.1,1.49,19.15,71.06,3.91,61.8,71.5,Aluminiu,Frezare,362,1,Uzura excesiva
395,Freza,FREZA HSS Ø8 2F,2829,1086.03,1.79,17.34,82.21,2.79,94.8,80.19,Aluminiu,Frezare,360,1,Uzura excesiva
396,Freza,FREZA HSS Ø8 2F,3296,383.18,2.94,8.07,63.91,1.03,8.4,70.71,Inox,Frezare,353,0,Niciunul
397,Freza,FREZA HSS Ø8 2F,5625,503.85,2.19,15.98,73.69,4.82,84.3,77.18,Aluminiu,Frezare,264,1,Uzura excesiva
398,Freza,FREZA HSS Ø8 2F,3372,977.1,1.77,12.24,77.67,7.31,31.1,89.92,Aluminiu,Frezare,279,1,Vibratii
399,Freza,FREZA HSS Ø8 2F,3332,404.47,0.18,16.02,64.99,1.16,1.8,72.17,Inox,Frezare,467,0,Niciunul
400,Freza,FREZA HSS Ø8 2F,4768,209.03,2.1,16.68,69.95,13.75,40.9,97.7,Otel,Frezare,223,1,Vibratii
401,Freza,FREZA HSS Ø8 2F,5515,546.33,2.54,5.33,47.91,1.97,5.6,67.51,Aluminiu,Frezare,294,0,Niciunul
402,Freza,FREZA HSS Ø8 2F,4844,1100.99,2.41,11.46,99.49,4.62,77.9,75.54,Inox,Frezare,215,1,Uzura excesiva
403,Freza,FREZA HSS Ø8 2F,5589,930.28,0.73,6.26,56.51,0.78,12.9,64.13,Inox,Frezare,173,0,Niciunul
404,Freza,FREZA HSS Ø8 2F,3414,230.88,0.2,18.69,161.57,2.48,27.9,81.62,Aluminiu,Frezare,461,1,Supraincalzire
405,Freza,FREZA HSS Ø8 2F,5612,250.69,0.61,10.5,104.47,3.37,72.8,81.28,Inox,Frezare,473,1,Uzura excesiva
406,Freza,FREZA HSS Ø8 2F,4651,421.41,2.96,6.28,40.32,0.55,10.4,67.93,Otel,Frezare,34,0,Niciunul
407,Freza,FREZA HSS Ø8 2F,5545,812.11,2.79,9.74,46.01,0.87,8.8,61.5,Otel,Frezare,311,0,Niciunul
408,Freza,FREZA HSS Ø8 2F,4277,938.13,2.47,5.07,78.31,2.54,75.0,85.72,Otel,Frezare,90,1,Uzura excesiva
409,Freza,FREZA HSS Ø8 2F,3353,336.51,1.45,12.52,81.36,2.11,91.0,74.69,Otel,Frezare,251,1,Uzura excesiva
410,Freza,FREZA HSS Ø8 2F,5952,433.28,1.27,8.04,41.62,0.98,19.4,65.58,Aluminiu,Frezare,323,0,Niciunul
411,Freza,FREZA HSS Ø8 2F,5867,781.0,2.77,19.79,147.5,2.59,31.4,78.39,Otel,Frezare,61,1,Supraincalzire
412,Freza,FREZA HSS Ø8 2F,2722,625.82,2.6,8.64,51.56,1.7,18.2,72.11,Aluminiu,Frezare,13,0,Niciunul
413,Freza,FREZA HSS Ø8 2F,3106,587.91,0.81,15.88,161.08,3.23,33.0,79.13,Aluminiu,Frezare,172,1,Supraincalzire
414,Freza,FREZA HSS Ø8 2F,4130,332.01,1.19,11.3,157.36,3.09,32.3,84.32,Aluminiu,Frezare,365,1,Supraincalzire
415,Freza,FREZA HSS Ø8 2F,4375,563.39,1.28,15.07,64.12,1.19,8.8,64.69,Aluminiu,Frezare,184,0,Niciunul
416,Freza,FREZA HSS Ø8 2F,2080,692.66,0.49,14.19,43.09,0.57,15.2,67.63,Aluminiu,Frezare,25,0,Niciunul
417,Freza,FREZA HSS Ø8 2F,5095,790.56,1.41,13.47,57.08,1.87,15.9,62.52,Inox,Frezare,93,0,Niciunul
418,Freza,FREZA HSS Ø8 2F,4444,812.23,1.68,18.76,71.97,3.74,91.9,72.0,Aluminiu,Frezare,315,1,Uzura excesiva
419,Freza,FREZA HSS Ø8 2F,2444,450.15,1.55,9.39,67.78,1.03,4.1,66.96,Aluminiu,Frezare,235,0,Niciunul
420,Freza,FREZA HSS Ø8 2F,2587,506.02,2.0,16.08,83.75,6.37,36.4,100.6,Aluminiu,Frezare,80,1,Vibratii
421,Freza,FREZA HSS Ø8 2F,3954,784.81,1.19,19.92,42.98,1.59,9.1,72.32,Aluminiu,Frezare,182,0,Niciunul
422,Freza,FREZA HSS Ø8 2F,5172,471.6,2.59,12.29,61.4,0.7,19.9,74.82,Aluminiu,Frezare,412,0,Niciunul
423,Freza,FREZA HSS Ø8 2F,5103,1102.42,2.72,11.04,38.13,1.64,12.2,61.15,Inox,Frezare,182,0,Niciunul
424,Freza,FREZA HSS Ø8 2F,2094,272.64,1.6,17.52,69.07,7.12,36.1,88.24,Otel,Frezare,59,1,Vibratii
425,Freza,FREZA HSS Ø8 2F,2946,550.02,1.06,7.48,51.71,1.5,8.1,70.43,Inox,Frezare,11,0,Niciunul
426,Freza,FREZA HSS Ø8 2F,3491,523.23,0.6,10.27,108.12,2.35,89.5,70.7,Inox,Frezare,337,1,Uzura excesiva
427,Freza,FREZA HSS Ø8 2F,3174,315.08,1.95,19.64,55.6,1.87,0.1,70.04,Inox,Frezare,238,0,Niciunul
428,Freza,FREZA HSS Ø8 2F,5325,767.91,1.9,5.45,63.65,10.89,24.1,86.54,Otel,Frezare,286,1,Vibratii
429,Freza,FREZA HSS Ø8 2F,4448,842.24,2.58,16.06,70.68,2.9,97.8,79.83,Aluminiu,Frezare,61,1,Uzura excesiva
430,Freza,FREZA HSS Ø8 2F,2469,840.49,2.79,12.88,126.41,2.64,21.8,77.12,Inox,Frezare,422,1,Supraincalzire
431,Freza,FREZA HSS Ø8 2F,4441,819.0,2.92,16.56,149.12,3.37,23.4,81.01,Inox,Frezare,297,1,Supraincalzire
432,Freza,FREZA HSS Ø8 2F,3095,1073.71,1.07,6.38,65.95,1.55,14.2,70.42,Inox,Frezare,205,0,Niciunul
433,Freza,FREZA HSS Ø8 2F,4068,950.07,0.53,14.0,138.49,1.63,31.8,77.78,Aluminiu,Frezare,382,1,Supraincalzire
434,Freza,FREZA HSS Ø8 2F,4758,1050.29,1.12,19.15,80.3,11.0,32.1,104.39,Aluminiu,Frezare,229,1,Vibratii
435,Freza,FREZA HSS Ø8 2F,5313,346.33,2.55,7.1,66.67,13.01,28.2,98.93,Inox,Frezare,108,1,Vibratii
436,Freza,FREZA HSS Ø8 2F,3405,724.16,1.64,7.76,54.95,0.51,1.1,70.37,Aluminiu,Frezare,336,0,Niciunul
437,Freza,FREZA HSS Ø8 2F,2474,938.26,0.25,18.54,141.69,3.66,24.3,82.31,Inox,Frezare,299,1,Supraincalzire
438,Freza,FREZA HSS Ø8 2F,2035,1184.14,1.09,7.89,85.56,6.46,31.7,90.48,Otel,Frezare,182,1,Vibratii
439,Freza,FREZA HSS Ø8 2F,2135,492.37,0.56,13.99,178.24,2.23,36.1,82.63,Inox,Frezare,483,1,Supraincalzire
440,Freza,FREZA HSS Ø8 2F,2654,539.6,2.53,12.3,37.71,1.89,13.8,72.17,Inox,Frezare,133,0,Niciunul
441,Freza,FREZA HSS Ø8 2F,1659,821.88,0.5,14.56,38.24,1.21,11.6,61.96,Otel,Frezare,169,0,Niciunul
442,Freza,FREZA HSS Ø8 2F,5750,433.02,2.38,12.2,69.57,8.24,22.8,92.52,Inox,Frezare,48,1,Vibratii
443,Freza,FREZA HSS Ø8 2F,1952,393.35,0.95,15.54,57.7,1.66,12.5,73.38,Aluminiu,Frezare,90,0,Niciunul
444,Freza,FREZA HSS Ø8 2F,5327,666.95,1.91,17.24,65.22,1.95,4.9,61.75,Inox,Frezare,72,0,Niciunul
445,Freza,FREZA HSS Ø8 2F,1619,1033.73,0.84,6.45,82.64,6.34,43.2,86.05,Otel,Frezare,410,1,Vibratii
446,Freza,FREZA HSS Ø8 2F,3981,1186.0,1.92,5.71,162.2,3.71,29.5,84.14,Aluminiu,Frezare,180,1,Supraincalzire
447,Freza,FREZA HSS Ø8 2F,3013,529.62,0.13,12.18,76.95,3.71,95.1,72.09,Otel,Frezare,223,1,Uzura excesiva
448,Freza,FREZA HSS Ø8 2F,4286,771.59,1.25,17.43,38.71,0.78,15.1,62.14,Otel,Frezare,296,0,Niciunul
449,Freza,FREZA HSS Ø8 2F,3385,611.87,2.3,12.33,35.21,1.12,3.0,67.2,Inox,Frezare,45,0,Niciunul
450,Freza,FREZA HSS Ø8 2F,5368,1012.94,2.81,7.02,92.8,3.15,65.7,76.74,Aluminiu,Frezare,86,1,Uzura excesiva
451,Freza,FREZA HSS Ø8 2F,4262,985.69,1.86,11.13,59.54,0.59,9.0,71.22,Inox,Frezare,311,0,Niciunul
452,Freza,FREZA HSS Ø8 2F,3613,553.95,0.38,13.42,68.43,7.76,39.4,88.26,Aluminiu,Frezare,8,1,Vibratii
453,Freza,FREZA HSS Ø8 2F,2787,340.74,1.37,7.68,44.69,1.98,9.0,66.14,Otel,Frezare,174,0,Niciunul
454,Freza,FREZA HSS Ø8 2F,3371,224.27,1.15,19.94,100.66,2.74,95.9,77.68,Otel,Frezare,316,1,Uzura excesiva
455,Freza,FREZA HSS Ø8 2F,4303,1150.69,0.51,16.46,57.6,1.58,16.1,67.94,Inox,Frezare,393,0,Niciunul
456,Freza,FREZA HSS Ø8 2F,4147,1022.96,0.49,7.28,152.21,1.87,24.7,76.97,Aluminiu,Frezare,340,1,Supraincalzire
457,Freza,FREZA HSS Ø8 2F,5250,821.97,1.73,10.7,65.49,10.42,39.3,98.82,Inox,Frezare,390,1,Vibratii
458,Freza,FREZA HSS Ø8 2F,2501,633.7,1.95,19.01,173.14,1.57,38.7,80.61,Aluminiu,Frezare,112,1,Supraincalzire
459,Freza,FREZA HSS Ø8 2F,5354,725.22,0.35,18.74,48.12,1.08,8.2,68.47,Inox,Frezare,289,0,Niciunul
460,Freza,FREZA HSS Ø8 2F,2392,838.18,1.99,14.1,44.49,1.44,6.7,64.5,Inox,Frezare,146,0,Niciunul
461,Freza,FREZA HSS Ø8 2F,3040,996.78,2.39,18.58,35.43,1.95,18.3,61.4,Aluminiu,Frezare,343,0,Niciunul
462,Freza,FREZA HSS Ø8 2F,5729,984.21,2.5,6.18,42.24,1.34,2.0,73.05,Otel,Frezare,155,0,Niciunul
463,Freza,FREZA HSS Ø8 2F,2225,748.45,1.63,6.87,72.94,13.48,31.9,89.49,Aluminiu,Frezare,395,1,Vibratii
464,Freza,FREZA HSS Ø8 2F,2393,469.99,2.66,14.8,83.3,4.11,67.8,73.24,Aluminiu,Frezare,102,1,Uzura excesiva
465,Freza,FREZA HSS Ø8 2F,2029,903.01,0.72,13.95,44.98,1.35,18.8,73.18,Otel,Frezare,23,0,Niciunul
466,Freza,FREZA HSS Ø8 2F,2239,998.11,0.52,14.7,60.27,12.32,24.8,94.86,Aluminiu,Frezare,175,1,Vibratii
467,Freza,FREZA HSS Ø8 2F,4298,1132.83,0.41,13.59,46.25,0.72,10.4,69.47,Aluminiu,Frezare,396,0,Niciunul
468,Freza,FREZA HSS Ø8 2F,5397,754.09,2.69,7.09,83.49,7.48,37.1,92.94,Inox,Frezare,77,1,Vibratii
469,Freza,FREZA HSS Ø8 2F,2355,968.26,1.4,11.84,51.08,0.68,16.1,62.14,Inox,Frezare,260,0,Niciunul
470,Freza,FREZA HSS Ø8 2F,2369,286.5,2.93,5.93,60.31,7.95,23.2,90.32,Aluminiu,Frezare,110,1,Vibratii
471,Freza,FREZA HSS Ø8 2F,5867,563.64,0.99,10.02,127.45,1.58,37.1,75.9,Inox,Frezare,115,1,Supraincalzire
472,Freza,FREZA HSS Ø8 2F,2655,849.23,1.86,6.07,59.13,0.8,7.2,67.49,Inox,Frezare,260,0,Niciunul
473,Freza,FREZA HSS Ø8 2F,2513,598.39,0.73,10.45,35.8,1.01,16.9,71.07,Inox,Frezare,372,0,Niciunul
474,Freza,FREZA HSS Ø8 2F,1730,639.27,1.78,12.32,124.77,2.02,35.8,83.83,Aluminiu,Frezare,189,1,Supraincalzire
475,Freza,FREZA HSS Ø8 2F,5623,232.96,0.85,17.03,80.74,11.39,32.3,101.24,Otel,Frezare,183,1,Vibratii
476,Freza,FREZA HSS Ø8 2F,1743,964.53,1.9,19.6,142.22,1.93,28.6,84.67,Inox,Frezare,53,1,Supraincalzire
477,Freza,FREZA HSS Ø8 2F,1974,614.99,2.91,11.97,83.75,4.16,72.1,82.69,Inox,Frezare,347,1,Uzura excesiva
478,Freza,FREZA HSS Ø8 2F,5579,1170.93,0.45,9.67,141.73,3.33,37.8,75.71,Otel,Frezare,243,1,Supraincalzire
479,Freza,FREZA HSS Ø8 2F,3986,1114.64,1.58,18.09,82.62,6.85,39.2,102.52,Aluminiu,Frezare,409,1,Vibratii
480,Freza,FREZA HSS Ø8 2F,3797,752.27,1.77,19.76,53.19,1.98,17.1,66.86,Otel,Frezare,286,0,Niciunul
481,Freza,FREZA HSS Ø8 2F,5174,806.42,1.77,9.78,167.11,2.15,27.0,78.72,Otel,Frezare,395,1,Supraincalzire
482,Freza,FREZA HSS Ø8 2F,3318,1196.9,1.73,12.49,45.75,1.5,9.2,65.34,Aluminiu,Frezare,472,0,Niciunul
483,Freza,FREZA HSS Ø8 2F,3684,703.9,1.6,14.47,67.91,1.36,0.5,66.63,Otel,Frezare,12,0,Niciunul
484,Freza,FREZA HSS Ø8 2F,3748,523.45,1.16,9.51,53.38,0.62,8.1,71.04,Inox,Frezare,319,0,Niciunul
485,Freza,FREZA HSS Ø8 2F,5565,581.26,2.01,6.13,89.64,12.12,44.6,99.99,Otel,Frezare,146,1,Vibratii
486,Freza,FREZA HSS Ø8 2F,3020,333.21,1.82,12.41,65.02,1.91,19.0,72.13,Otel,Frezare,284,0,Niciunul
487,Freza,FREZA HSS Ø8 2F,4768,214.11,2.35,6.67,83.56,4.37,64.2,82.76,Inox,Frezare,37,1,Uzura excesiva
488,Freza,FREZA HSS Ø8 2F,2024,1005.23,0.89,5.44,81.82,11.67,44.8,100.94,Aluminiu,Frezare,424,1,Vibratii
489,Freza,FREZA HSS Ø8 2F,5310,731.34,0.87,8.42,175.79,1.61,25.8,75.14,Otel,Frezare,139,1,Supraincalzire
490,Freza,FREZA HSS Ø8 2F,1937,735.9,1.15,7.68,154.45,2.53,33.1,84.05,Aluminiu,Frezare,131,1,Supraincalzire
491,Freza,FREZA HSS Ø8 2F,5358,520.49,2.55,19.65,48.94,1.38,2.3,66.04,Inox,Frezare,348,0,Niciunul
492,Freza,FREZA HSS Ø8 2F,5981,1125.15,0.12,9.25,97.83,2.68,92.2,89.63,Otel,Frezare,19,1,Uzura excesiva
493,Freza,FREZA HSS Ø8 2F,4727,1136.13,0.98,17.29,47.63,0.89,18.2,73.72,Inox,Frezare,204,0,Niciunul
494,Freza,FREZA HSS Ø8 2F,2628,252.95,0.46,6.73,46.55,0.51,12.7,63.7,Otel,Frezare,72,0,Niciunul
495,Freza,FREZA HSS Ø8 2F,3556,583.98,2.89,5.19,60.48,1.44,11.5,71.13,Aluminiu,Frezare,320,0,Niciunul
496,Freza,FREZA HSS Ø8 2F,2282,874.86,2.85,18.02,121.46,1.75,38.4,82.89,Aluminiu,Frezare,437,1,Supraincalzire
497,Freza,FREZA HSS Ø8 2F,3543,430.27,2.62,9.01,66.03,1.07,4.8,71.36,Otel,Frezare,209,0,Niciunul
498,Freza,FREZA HSS Ø8 2F,2227,1003.43,2.37,17.1,61.18,6.58,39.5,98.32,Aluminiu,Frezare,133,1,Vibratii
499,Freza,FREZA HSS Ø8 2F,5172,480.87,2.59,7.39,48.94,0.95,7.8,72.46,Otel,Frezare,499,0,Niciunul
500,Freza,FREZA HSS Ø8 2F,5976,794.33,2.33,5.87,86.62,4.23,62.4,83.69,Inox,Frezare,340,1,Uzura excesiva
501,Freza,FREZA HSS Ø8 2F,4424,1075.8,2.69,19.74,100.83,3.23,93.9,85.89,Inox,Frezare,465,1,Uzura excesiva
502,Freza,FREZA HSS Ø8 2F,4669,952.15,0.48,10.5,63.89,1.3,6.3,61.69,Aluminiu,Frezare,469,0,Niciunul
503,Freza,FREZA HSS Ø8 2F,5894,653.06,1.5,17.33,73.44,4.71,87.9,71.91,Aluminiu,Frezare,290,1,Uzura excesiva
504,Freza,FREZA HSS Ø8 2F,2001,831.68,1.16,5.1,151.79,2.12,20.5,84.61,Inox,Frezare,245,1,Supraincalzire
505,Freza,FREZA HSS Ø8 2F,2853,212.59,1.06,13.86,107.88,3.88,72.2,71.06,Inox,Frezare,457,1,Uzura excesiva
506,Freza,FREZA HSS Ø8 2F,2563,255.91,0.99,9.82,64.25,1.31,10.2,64.24,Aluminiu,Frezare,5,0,Niciunul
507,Freza,FREZA HSS Ø8 2F,4169,898.5,2.91,11.89,145.06,3.84,24.8,79.02,Aluminiu,Frezare,339,1,Supraincalzire
508,Freza,FREZA HSS Ø8 2F,5094,868.88,2.03,13.82,89.94,10.64,20.2,91.86,Otel,Frezare,477,1,Vibratii
509,Freza,FREZA HSS Ø8 2F,2721,490.87,0.7,15.17,108.56,3.74,89.7,85.99,Inox,Frezare,366,1,Uzura excesiva
510,Freza,FREZA HSS Ø8 2F,5609,693.01,2.81,15.17,172.45,3.38,34.1,83.01,Inox,Frezare,458,1,Supraincalzire
511,Freza,FREZA HSS Ø8 2F,4424,409.09,1.34,18.57,138.29,1.83,22.5,82.51,Inox,Frezare,52,1,Supraincalzire
512,Freza,FREZA HSS Ø8 2F,5042,404.65,2.0,9.49,165.8,3.19,20.4,84.11,Otel,Frezare,206,1,Supraincalzire
513,Freza,FREZA HSS Ø8 2F,5538,537.87,0.69,8.17,67.53,1.73,18.1,71.75,Inox,Frezare,186,0,Niciunul
514,Freza,FREZA HSS Ø8 2F,5842,429.24,2.88,11.48,173.17,2.53,21.4,78.36,Inox,Frezare,490,1,Supraincalzire
515,Freza,FREZA HSS Ø8 2F,5926,432.0,2.42,14.25,75.18,6.3,47.1,90.11,Aluminiu,Frezare,206,1,Vibratii
516,Freza,FREZA HSS Ø8 2F,4070,504.15,0.58,9.65,36.93,0.73,3.1,68.47,Aluminiu,Frezare,166,0,Niciunul
517,Freza,FREZA HSS Ø8 2F,5667,224.62,2.15,6.17,45.61,1.45,10.4,63.49,Otel,Frezare,283,0,Niciunul
518,Freza,FREZA HSS Ø8 2F,2619,526.24,2.65,14.14,55.15,1.24,5.2,66.0,Otel,Frezare,194,0,Niciunul
519,Freza,FREZA HSS Ø8 2F,1554,793.09,2.34,6.05,57.53,1.04,7.5,73.4,Aluminiu,Frezare,44,0,Niciunul
520,Freza,FREZA HSS Ø8 2F,3787,606.5,2.68,8.24,38.11,1.05,15.9,66.52,Inox,Frezare,390,0,Niciunul
521,Freza,FREZA HSS Ø8 2F,2201,398.59,2.04,13.93,55.22,1.58,13.7,63.08,Otel,Frezare,217,0,Niciunul
522,Freza,FREZA HSS Ø8 2F,4028,872.45,1.52,9.54,78.21,6.07,25.8,91.95,Otel,Frezare,25,1,Vibratii
523,Freza,FREZA HSS Ø8 2F,4149,240.29,2.0,15.64,98.45,2.07,97.7,75.73,Aluminiu,Frezare,364,1,Uzura excesiva
524,Freza,FREZA HSS Ø8 2F,5125,1023.28,1.73,19.83,66.99,6.02,35.5,98.5,Otel,Frezare,482,1,Vibratii
525,Freza,FREZA HSS Ø8 2F,5066,998.92,2.69,9.7,59.27,1.27,0.8,64.28,Otel,Frezare,324,0,Niciunul
526,Freza,FREZA HSS Ø8 2F,3781,945.52,1.9,12.46,56.54,1.25,3.3,73.59,Aluminiu,Frezare,441,0,Niciunul
527,Freza,FREZA HSS Ø8 2F,1881,1037.29,1.66,14.12,86.37,10.94,28.6,87.01,Otel,Frezare,33,1,Vibratii
528,Freza,FREZA HSS Ø8 2F,5722,1141.14,0.49,15.74,68.83,0.82,18.4,74.72,Aluminiu,Frezare,284,0,Niciunul
529,Freza,FREZA HSS Ø8 2F,3573,606.33,2.22,8.49,72.31,2.5,69.2,81.41,Inox,Frezare,252,1,Uzura excesiva
530,Freza,FREZA HSS Ø8 2F,2625,551.4,0.2,6.07,89.59,7.28,44.0,88.23,Otel,Frezare,378,1,Vibratii
531,Freza,FREZA HSS Ø8 2F,5778,1092.66,2.77,14.45,45.63,1.49,11.3,60.79,Otel,Frezare,263,0,Niciunul
532,Freza,FREZA HSS Ø8 2F,2546,1137.38,1.14,13.15,89.81,7.84,30.6,86.04,Otel,Frezare,396,1,Vibratii
533,Freza,FREZA HSS Ø8 2F,5386,404.93,2.08,14.99,89.95,2.04,99.0,85.81,Otel,Frezare,107,1,Uzura excesiva
534,Freza,FREZA HSS Ø8 2F,4302,916.94,1.02,19.71,165.94,2.72,24.5,82.98,Inox,Frezare,181,1,Supraincalzire
535,Freza,FREZA HSS Ø8 2F,3830,713.41,1.52,17.81,62.46,1.86,15.5,69.6,Aluminiu,Frezare,300,0,Niciunul
536,Freza,FREZA HSS Ø8 2F,3297,388.06,2.42,19.24,55.73,0.71,14.8,62.06,Inox,Frezare,151,0,Niciunul
537,Freza,FREZA HSS Ø8 2F,2231,1128.58,2.15,18.55,46.9,1.89,9.4,66.17,Aluminiu,Frezare,63,0,Niciunul
538,Freza,FREZA HSS Ø8 2F,5874,923.58,2.13,5.58,59.9,1.41,15.3,62.36,Inox,Frezare,403,0,Niciunul
539,Freza,FREZA HSS Ø8 2F,3256,310.8,0.8,6.65,70.52,10.66,21.9,90.17,Aluminiu,Frezare,2,1,Vibratii
540,Freza,FREZA HSS Ø8 2F,3492,290.82,1.65,9.39,95.12,3.05,98.2,80.15,Inox,Frezare,187,1,Uzura excesiva
541,Freza,FREZA HSS Ø8 2F,5591,220.45,2.84,13.89,63.66,0.68,2.9,72.27,Inox,Frezare,372,0,Niciunul
542,Freza,FREZA HSS Ø8 2F,3896,593.34,0.14,19.7,87.65,4.13,94.7,89.17,Inox,Frezare,159,1,Uzura excesiva
543,Freza,FREZA HSS Ø8 2F,4813,263.28,0.88,13.33,62.58,0.97,8.3,72.01,Otel,Frezare,298,0,Niciunul
544,Freza,FREZA HSS Ø8 2F,5035,596.11,0.98,13.12,45.74,0.97,15.8,62.06,Otel,Frezare,438,0,Niciunul
545,Freza,FREZA HSS Ø8 2F,2069,693.83,1.9,11.25,80.03,11.93,44.5,98.06,Inox,Frezare,429,1,Vibratii
546,Freza,FREZA HSS Ø8 2F,1538,888.29,2.62,12.26,50.56,0.99,12.1,69.39,Aluminiu,Frezare,283,0,Niciunul
547,Freza,FREZA HSS Ø8 2F,5759,640.38,0.94,5.36,160.19,1.65,31.1,81.7,Aluminiu,Frezare,150,1,Supraincalzire
548,Freza,FREZA HSS Ø8 2F,3024,540.92,0.38,14.26,49.65,0.59,5.6,67.3,Aluminiu,Frezare,41,0,Niciunul
549,Freza,FREZA HSS Ø8 2F,3880,523.41,0.91,11.59,95.11,2.82,88.2,76.0,Aluminiu,Frezare,415,1,Uzura excesiva
550,Freza,FREZA HSS Ø8 2F,2579,898.13,1.59,8.15,159.48,1.58,34.0,84.26,Inox,Frezare,135,1,Supraincalzire
551,Freza,FREZA HSS Ø8 2F,5718,720.0,2.9,8.87,136.41,3.26,24.2,75.85,Inox,Frezare,12,1,Supraincalzire
552,Freza,FREZA HSS Ø8 2F,1984,1127.72,1.42,19.11,84.11,12.78,34.9,88.8,Otel,Frezare,48,1,Vibratii
553,Freza,FREZA HSS Ø8 2F,3135,528.27,0.81,7.53,67.4,13.11,21.4,104.24,Otel,Frezare,417,1,Vibratii
554,Freza,FREZA HSS Ø8 2F,2886,417.29,1.27,12.68,67.19,1.99,19.6,67.15,Otel,Frezare,119,0,Niciunul
555,Freza,FREZA HSS Ø8 2F,5184,360.82,0.31,6.22,69.69,0.73,13.5,73.1,Aluminiu,Frezare,361,0,Niciunul
556,Freza,FREZA HSS Ø8 2F,5970,480.9,0.41,8.13,84.04,10.1,26.5,104.86,Inox,Frezare,357,1,Vibratii
557,Freza,FREZA HSS Ø8 2F,5345,804.77,1.05,17.92,155.64,2.24,28.8,80.94,Inox,Frezare,483,1,Supraincalzire
558,Freza,FREZA HSS Ø8 2F,2982,646.28,2.45,13.38,93.51,4.57,79.8,71.53,Aluminiu,Frezare,94,1,Uzura excesiva
559,Freza,FREZA HSS Ø8 2F,3885,1166.55,0.34,19.59,139.23,2.56,29.1,77.62,Inox,Frezare,411,1,Supraincalzire
560,Freza,FREZA HSS Ø8 2F,5993,1063.54,2.59,13.82,143.28,2.49,36.9,75.45,Aluminiu,Frezare,137,1,Supraincalzire
561,Freza,FREZA HSS Ø8 2F,3868,897.23,0.11,14.34,74.68,7.07,28.6,94.57,Otel,Frezare,237,1,Vibratii
562,Freza,FREZA HSS Ø8 2F,3647,1017.73,1.92,10.78,89.66,4.6,99.0,82.67,Otel,Frezare,171,1,Uzura excesiva
563,Freza,FREZA HSS Ø8 2F,2546,303.97,1.05,5.02,49.21,1.62,14.5,67.7,Aluminiu,Frezare,369,0,Niciunul
564,Freza,FREZA HSS Ø8 2F,5973,990.76,1.78,7.05,63.14,0.64,16.0,68.27,Inox,Frezare,283,0,Niciunul
565,Freza,FREZA HSS Ø8 2F,1781,705.6,0.64,12.76,91.54,4.2,97.5,82.98,Aluminiu,Frezare,96,1,Uzura excesiva
566,Freza,FREZA HSS Ø8 2F,3947,1041.44,2.41,15.61,69.98,9.87,39.4,97.2,Otel,Frezare,148,1,Vibratii
567,Freza,FREZA HSS Ø8 2F,5076,283.78,1.97,12.6,169.17,3.57,24.7,78.44,Aluminiu,Frezare,327,1,Supraincalzire
568,Freza,FREZA HSS Ø8 2F,5513,1052.64,2.53,10.56,69.86,12.99,41.5,102.05,Otel,Frezare,489,1,Vibratii
569,Freza,FREZA HSS Ø8 2F,2134,758.94,1.77,5.76,46.27,1.47,8.5,62.06,Aluminiu,Frezare,445,0,Niciunul
570,Freza,FREZA HSS Ø8 2F,5795,449.06,2.17,17.03,77.52,8.39,38.6,92.7,Inox,Frezare,234,1,Vibratii
571,Freza,FREZA HSS Ø8 2F,4231,1092.16,2.06,10.81,40.67,1.17,6.6,68.48,Aluminiu,Frezare,229,0,Niciunul
572,Freza,FREZA HSS Ø8 2F,3038,739.99,1.68,14.61,41.67,1.04,3.8,72.61,Inox,Frezare,112,0,Niciunul
573,Freza,FREZA HSS Ø8 2F,2992,330.72,0.27,17.43,62.31,1.46,13.7,70.15,Aluminiu,Frezare,400,0,Niciunul
574,Freza,FREZA HSS Ø8 2F,1860,798.79,1.08,10.58,63.76,1.46,1.3,68.54,Otel,Frezare,371,0,Niciunul
575,Freza,FREZA HSS Ø8 2F,5948,540.22,1.42,6.46,48.19,0.72,19.5,70.88,Otel,Frezare,53,0,Niciunul
576,Freza,FREZA HSS Ø8 2F,2454,1076.67,0.17,8.09,146.14,2.51,30.6,79.93,Inox,Frezare,157,1,Supraincalzire
577,Freza,FREZA HSS Ø8 2F,2032,1021.12,0.33,7.42,148.73,2.59,39.1,82.31,Aluminiu,Frezare,344,1,Supraincalzire
578,Freza,FREZA HSS Ø8 2F,1830,802.56,1.57,8.33,146.26,3.29,32.8,75.84,Inox,Frezare,240,1,Supraincalzire
579,Freza,FREZA HSS Ø8 2F,4777,861.81,0.69,5.68,48.75,1.32,17.4,70.3,Inox,Frezare,17,0,Niciunul
580,Freza,FREZA HSS Ø8 2F,4727,434.22,2.57,13.91,109.8,2.9,68.0,70.93,Aluminiu,Frezare,180,1,Uzura excesiva
581,Freza,FREZA HSS Ø8 2F,5319,656.74,2.19,16.41,78.01,13.76,25.5,92.18,Aluminiu,Frezare,53,1,Vibratii
582,Freza,FREZA HSS Ø8 2F,4483,604.1,2.09,17.5,72.21,3.59,85.5,83.61,Otel,Frezare,159,1,Uzura excesiva
583,Freza,FREZA HSS Ø8 2F,5541,605.4,2.87,11.03,79.11,9.17,26.9,93.62,Inox,Frezare,223,1,Vibratii
584,Freza,FREZA HSS Ø8 2F,3165,248.83,2.88,19.54,39.52,1.42,1.8,73.48,Otel,Frezare,281,0,Niciunul
585,Freza,FREZA HSS Ø8 2F,4999,655.2,1.23,6.73,41.46,0.93,5.6,71.16,Otel,Frezare,332,0,Niciunul
586,Freza,FREZA HSS Ø8 2F,2112,1014.46,0.25,5.26,103.33,4.94,72.7,83.68,Otel,Frezare,261,1,Uzura excesiva
587,Freza,FREZA HSS Ø8 2F,4964,372.0,2.3,11.94,59.04,1.99,19.0,61.78,Otel,Frezare,317,0,Niciunul
588,Freza,FREZA HSS Ø8 2F,4771,617.11,1.7,11.47,107.73,2.82,63.1,75.51,Aluminiu,Frezare,161,1,Uzura excesiva
589,Freza,FREZA HSS Ø8 2F,2426,461.03,2.12,18.85,69.83,1.09,4.6,74.11,Aluminiu,Frezare,273,0,Niciunul
590,Freza,FREZA HSS Ø8 2F,3831,307.43,1.42,11.46,55.73,0.65,3.8,69.66,Otel,Frezare,151,0,Niciunul
591,Freza,FREZA HSS Ø8 2F,4443,428.8,2.57,13.88,46.07,0.55,19.8,73.85,Otel,Frezare,208,0,Niciunul
592,Freza,FREZA HSS Ø8 2F,3363,651.96,2.21,15.26,35.29,1.11,15.6,63.12,Aluminiu,Frezare,224,0,Niciunul
593,Freza,FREZA HSS Ø8 2F,2647,476.58,2.73,9.7,36.84,1.43,4.8,72.58,Otel,Frezare,12,0,Niciunul
594,Freza,FREZA HSS Ø8 2F,5757,503.72,1.14,16.04,62.58,1.78,5.0,70.35,Otel,Frezare,437,0,Niciunul
595,Freza,FREZA HSS Ø8 2F,3194,446.11,0.81,19.74,41.05,1.25,15.2,70.78,Aluminiu,Frezare,429,0,Niciunul
596,Freza,FREZA HSS Ø8 2F,2033,950.37,1.54,7.19,67.93,11.04,36.3,87.29,Aluminiu,Frezare,159,1,Vibratii
597,Freza,FREZA HSS Ø8 2F,5638,358.75,0.26,11.41,146.38,3.78,28.0,78.14,Otel,Frezare,110,1,Supraincalzire
598,Freza,FREZA HSS Ø8 2F,3527,956.36,1.8,9.76,67.25,1.57,10.0,60.26,Otel,Frezare,454,0,Niciunul
599,Freza,FREZA HSS Ø8 2F,3634,450.98,1.26,17.93,39.2,1.95,17.1,64.3,Otel,Frezare,52,0,Niciunul
600,Freza,FREZA HSS Ø8 2F,2812,1083.83,1.58,18.3,64.15,1.37,4.9,72.26,Aluminiu,Frezare,221,0,Niciunul
1,Burghiu,CARBIDE DRILL Ø12,2560,415.35,1.8,8.41,147.6,2.53,24.8,76.32,Aluminiu,Gaurire,129,1,Supraincalzire
2,Burghiu,CARBIDE DRILL Ø12,5590,1144.63,2.15,9.22,71.11,10.79,40.2,92.86,Aluminiu,Gaurire,163,1,Vibratii
3,Burghiu,CARBIDE DRILL Ø12,1891,939.44,2.7,14.67,148.43,3.0,31.4,78.73,Inox,Gaurire,175,1,Supraincalzire
4,Burghiu,CARBIDE DRILL Ø12,2897,264.57,1.52,16.67,70.06,9.45,43.7,93.94,Otel,Gaurire,110,1,Vibratii
5,Burghiu,CARBIDE DRILL Ø12,1505,455.48,1.07,5.38,87.49,3.75,93.6,70.74,Inox,Gaurire,128,1,Uzura excesiva
6,Burghiu,CARBIDE DRILL Ø12,2272,201.86,1.89,12.85,87.97,3.85,75.3,70.09,Otel,Gaurire,101,1,Uzura excesiva
7,Burghiu,CARBIDE DRILL Ø12,5880,1136.43,0.88,9.75,47.46,1.13,11.0,63.52,Otel,Gaurire,111,0,Niciunul
8,Burghiu,CARBIDE DRILL Ø12,4776,700.06,2.71,10.41,95.49,2.27,71.9,79.79,Aluminiu,Gaurire,166,1,Uzura excesiva
9,Burghiu,CARBIDE DRILL Ø12,2138,1097.76,2.94,19.47,178.6,2.73,34.7,84.65,Aluminiu,Gaurire,268,1,Supraincalzire
10,Burghiu,CARBIDE DRILL Ø12,2584,405.29,2.03,12.36,45.08,0.89,12.5,75.0,Inox,Gaurire,92,0,Niciunul
11,Burghiu,CARBIDE DRILL Ø12,2331,811.33,1.57,9.81,45.64,1.46,12.9,67.31,Otel,Gaurire,214,0,Niciunul
12,Burghiu,CARBIDE DRILL Ø12,5140,336.35,2.64,7.65,62.08,10.07,47.0,102.1,Otel,Gaurire,354,1,Vibratii
13,Burghiu,CARBIDE DRILL Ø12,4273,898.68,1.14,10.73,62.37,12.95,37.0,90.47,Inox,Gaurire,64,1,Vibratii
14,Burghiu,CARBIDE DRILL Ø12,1560,773.61,0.42,18.92,47.74,1.48,16.5,63.03,Inox,Gaurire,320,0,Niciunul
15,Burghiu,CARBIDE DRILL Ø12,3911,1063.48,2.86,14.27,67.82,1.81,12.0,74.72,Otel,Gaurire,3,0,Niciunul
16,Burghiu,CARBIDE DRILL Ø12,4166,1011.16,0.4,9.31,151.77,2.33,22.0,76.39,Otel,Gaurire,42,1,Supraincalzire
17,Burghiu,CARBIDE DRILL Ø12,5129,336.29,0.18,16.83,85.77,9.37,28.7,92.09,Inox,Gaurire,201,1,Vibratii
18,Burghiu,CARBIDE DRILL Ø12,3648,777.28,0.67,19.66,42.5,0.86,18.3,60.62,Aluminiu,Gaurire,248,0,Niciunul
19,Burghiu,CARBIDE DRILL Ø12,5732,965.8,1.09,12.82,61.8,8.15,22.6,101.76,Inox,Gaurire,15,1,Vibratii
20,Burghiu,CARBIDE DRILL Ø12,5512,339.96,0.17,18.5,174.11,2.11,21.3,79.43,Otel,Gaurire,5,1,Supraincalzire
21,Burghiu,CARBIDE DRILL Ø12,2909,1122.76,0.91,9.39,66.51,13.96,33.3,104.37,Otel,Gaurire,428,1,Vibratii
22,Burghiu,CARBIDE DRILL Ø12,1706,834.42,0.62,8.24,94.75,4.54,87.5,70.04,Aluminiu,Gaurire,165,1,Uzura excesiva
23,Burghiu,CARBIDE DRILL Ø12,5920,673.74,0.86,5.61,138.48,1.54,35.8,76.72,Aluminiu,Gaurire,206,1,Supraincalzire
24,Burghiu,CARBIDE DRILL Ø12,5816,709.94,1.19,12.21,95.09,2.31,65.4,86.57,Inox,Gaurire,284,1,Uzura excesiva
25,Burghiu,CARBIDE DRILL Ø12,5359,318.36,0.91,12.07,50.32,1.08,8.2,60.73,Inox,Gaurire,85,0,Niciunul
26,Burghiu,CARBIDE DRILL Ø12,2360,1195.54,0.87,6.79,72.04,4.03,77.5,82.21,Inox,Gaurire,280,1,Uzura excesiva
27,Burghiu,CARBIDE DRILL Ø12,4526,297.01,1.98,16.65,62.15,7.96,25.9,95.7,Aluminiu,Gaurire,196,1,Vibratii
28,Burghiu,CARBIDE DRILL Ø12,4456,1177.13,0.48,15.33,51.42,1.51,4.3,62.39,Inox,Gaurire,490,0,Niciunul
29,Burghiu,CARBIDE DRILL Ø12,1619,725.52,1.78,19.98,103.33,2.64,92.2,74.61,Otel,Gaurire,249,1,Uzura excesiva
30,Burghiu,CARBIDE DRILL Ø12,5186,426.84,1.66,12.5,172.42,3.3,36.9,79.41,Inox,Gaurire,24,1,Supraincalzire
31,Burghiu,CARBIDE DRILL Ø12,3173,547.58,2.66,17.88,67.42,13.12,43.9,86.39,Inox,Gaurire,108,1,Vibratii
32,Burghiu,CARBIDE DRILL Ø12,1694,647.56,0.87,11.0,46.25,0.71,17.2,68.33,Aluminiu,Gaurire,279,0,Niciunul
33,Burghiu,CARBIDE DRILL Ø12,1869,1020.57,0.71,10.72,43.43,1.62,4.8,63.62,Otel,Gaurire,395,0,Niciunul
34,Burghiu,CARBIDE DRILL Ø12,4715,708.47,2.15,7.22,63.59,6.96,25.2,89.34,Inox,Gaurire,459,1,Vibratii
35,Burghiu,CARBIDE DRILL Ø12,4239,845.67,2.64,19.89,68.56,11.19,34.6,97.04,Inox,Gaurire,450,1,Vibratii
36,Burghiu,CARBIDE DRILL Ø12,2446,1019.32,0.5,17.91,72.56,13.9,36.8,97.29,Otel,Gaurire,391,1,Vibratii
37,Burghiu,CARBIDE DRILL Ø12,5442,257.07,1.42,18.41,53.18,0.77,18.8,74.02,Aluminiu,Gaurire,373,0,Niciunul
38,Burghiu,CARBIDE DRILL Ø12,3110,618.28,2.32,16.96,46.89,0.65,18.5,73.66,Inox,Gaurire,192,0,Niciunul
39,Burghiu,CARBIDE DRILL Ø12,5913,536.84,0.24,11.37,172.84,3.67,32.7,75.92,Inox,Gaurire,73,1,Supraincalzire
40,Burghiu,CARBIDE DRILL Ø12,3944,839.01,1.46,8.43,63.86,0.54,10.7,65.68,Otel,Gaurire,26,0,Niciunul
41,Burghiu,CARBIDE DRILL Ø12,2046,356.21,2.09,16.14,54.71,1.18,16.6,65.64,Inox,Gaurire,466,0,Niciunul
42,Burghiu,CARBIDE DRILL Ø12,3404,360.51,2.55,10.5,60.98,11.96,34.7,90.43,Inox,Gaurire,69,1,Vibratii
43,Burghiu,CARBIDE DRILL Ø12,2091,1147.94,2.31,19.83,40.41,1.01,19.6,63.78,Inox,Gaurire,78,0,Niciunul
44,Burghiu,CARBIDE DRILL Ø12,3026,379.66,0.49,7.13,70.35,3.78,80.1,72.36,Inox,Gaurire,347,1,Uzura excesiva
45,Burghiu,CARBIDE DRILL Ø12,1753,887.82,1.67,14.33,57.9,0.86,1.2,69.48,Otel,Gaurire,122,0,Niciunul
46,Burghiu,CARBIDE DRILL Ø12,2091,855.25,2.68,6.85,73.37,6.29,41.5,92.4,Aluminiu,Gaurire,167,1,Vibratii
47,Burghiu,CARBIDE DRILL Ø12,4496,1187.82,1.63,10.91,83.2,9.26,27.4,92.47,Inox,Gaurire,197,1,Vibratii
48,Burghiu,CARBIDE DRILL Ø12,4414,800.29,1.61,10.76,42.49,1.41,11.6,69.12,Inox,Gaurire,159,0,Niciunul
49,Burghiu,CARBIDE DRILL Ø12,3411,939.58,1.52,19.55,43.37,0.74,3.2,74.15,Inox,Gaurire,444,0,Niciunul
50,Burghiu,CARBIDE DRILL Ø12,3349,565.34,0.65,18.41,65.87,0.77,15.2,61.32,Otel,Gaurire,171,0,Niciunul
51,Burghiu,CARBIDE DRILL Ø12,4636,774.14,2.01,10.32,53.71,1.8,19.5,64.18,Inox,Gaurire,405,0,Niciunul
52,Burghiu,CARBIDE DRILL Ø12,3032,666.88,2.26,12.15,55.47,1.96,13.6,71.21,Otel,Gaurire,109,0,Niciunul
53,Burghiu,CARBIDE DRILL Ø12,1935,1147.18,0.47,10.25,53.0,0.84,18.9,63.9,Otel,Gaurire,439,0,Niciunul
54,Burghiu,CARBIDE DRILL Ø12,5930,873.3,1.61,14.8,101.66,2.22,75.2,79.11,Inox,Gaurire,310,1,Uzura excesiva
55,Burghiu,CARBIDE DRILL Ø12,2635,341.57,0.95,6.65,72.04,8.68,35.7,103.64,Otel,Gaurire,92,1,Vibratii
56,Burghiu,CARBIDE DRILL Ø12,2070,1039.75,1.71,6.39,82.9,3.87,87.4,72.85,Inox,Gaurire,111,1,Uzura excesiva
57,Burghiu,CARBIDE DRILL Ø12,2037,993.07,0.91,15.83,81.46,4.26,84.9,76.35,Inox,Gaurire,252,1,Uzura excesiva
58,Burghiu,CARBIDE DRILL Ø12,1845,718.4,1.08,12.01,35.5,1.54,19.2,71.39,Inox,Gaurire,446,0,Niciunul
59,Burghiu,CARBIDE DRILL Ø12,3585,478.73,1.69,19.09,62.92,13.67,24.8,92.04,Otel,Gaurire,369,1,Vibratii
60,Burghiu,CARBIDE DRILL Ø12,5865,414.39,1.25,5.23,59.99,1.77,18.7,65.66,Inox,Gaurire,394,0,Niciunul
61,Burghiu,CARBIDE DRILL Ø12,2840,259.97,0.2,10.71,169.62,3.01,27.1,82.37,Otel,Gaurire,38,1,Supraincalzire
62,Burghiu,CARBIDE DRILL Ø12,3993,782.41,2.72,12.06,60.13,11.86,24.7,91.67,Inox,Gaurire,35,1,Vibratii
63,Burghiu,CARBIDE DRILL Ø12,2441,296.09,1.66,7.08,60.52,0.72,2.8,60.58,Otel,Gaurire,147,0,Niciunul
64,Burghiu,CARBIDE DRILL Ø12,4470,1021.13,1.13,5.3,61.72,1.7,3.5,66.59,Otel,Gaurire,51,0,Niciunul
65,Burghiu,CARBIDE DRILL Ø12,2580,1065.49,2.21,16.42,75.38,7.99,38.8,87.87,Otel,Gaurire,420,1,Vibratii
66,Burghiu,CARBIDE DRILL Ø12,4139,384.28,2.51,10.99,56.06,1.73,10.4,68.51,Inox,Gaurire,484,0,Niciunul
67,Burghiu,CARBIDE DRILL Ø12,3374,1042.74,1.78,6.31,70.42,4.71,86.1,76.28,Otel,Gaurire,378,1,Uzura excesiva
68,Burghiu,CARBIDE DRILL Ø12,2165,859.26,2.5,11.84,57.94,0.54,11.8,62.83,Otel,Gaurire,120,0,Niciunul
69,Burghiu,CARBIDE DRILL Ø12,4276,315.73,2.97,8.72,151.52,2.0,27.9,78.18,Otel,Gaurire,85,1,Supraincalzire
70,Burghiu,CARBIDE DRILL Ø12,3531,649.64,1.61,7.63,42.07,1.87,15.7,63.71,Otel,Gaurire,83,0,Niciunul
71,Burghiu,CARBIDE DRILL Ø12,4134,756.87,2.05,12.48,68.91,0.77,4.0,60.06,Otel,Gaurire,175,0,Niciunul
72,Burghiu,CARBIDE DRILL Ø12,4645,1112.51,0.47,5.15,67.54,1.46,19.2,73.94,Otel,Gaurire,154,0,Niciunul
73,Burghiu,CARBIDE DRILL Ø12,2599,215.05,0.17,11.11,73.73,2.48,77.7,86.22,Otel,Gaurire,459,1,Uzura excesiva
74,Burghiu,CARBIDE DRILL Ø12,2316,1199.96,2.65,14.63,136.54,3.21,24.2,76.41,Aluminiu,Gaurire,417,1,Supraincalzire
75,Burghiu,CARBIDE DRILL Ø12,2197,1092.6,1.27,18.33,104.16,3.16,84.9,71.57,Inox,Gaurire,251,1,Uzura excesiva
76,Burghiu,CARBIDE DRILL Ø12,4384,412.25,1.42,19.88,165.87,3.62,23.1,76.68,Inox,Gaurire,422,1,Supraincalzire
77,Burghiu,CARBIDE DRILL Ø12,4688,639.91,1.17,14.4,50.7,1.44,12.3,63.44,Otel,Gaurire,375,0,Niciunul
78,Burghiu,CARBIDE DRILL Ø12,3394,572.8,1.16,15.69,143.37,2.0,20.5,80.93,Otel,Gaurire,217,1,Supraincalzire
79,Burghiu,CARBIDE DRILL Ø12,4605,353.76,2.2,15.85,69.99,12.94,26.4,104.86,Aluminiu,Gaurire,118,1,Vibratii
80,Burghiu,CARBIDE DRILL Ø12,5153,1147.95,2.11,5.72,67.26,12.24,39.0,100.23,Inox,Gaurire,118,1,Vibratii
81,Burghiu,CARBIDE DRILL Ø12,3459,841.05,2.57,8.64,37.23,0.55,15.6,74.53,Otel,Gaurire,158,0,Niciunul
82,Burghiu,CARBIDE DRILL Ø12,3285,843.3,1.83,9.61,75.27,13.96,36.0,101.16,Aluminiu,Gaurire,378,1,Vibratii
83,Burghiu,CARBIDE DRILL Ø12,4342,984.86,2.07,12.2,168.31,2.12,29.9,79.34,Otel,Gaurire,412,1,Supraincalzire
84,Burghiu,CARBIDE DRILL Ø12,3226,242.16,0.76,8.0,127.97,2.42,28.8,75.4,Inox,Gaurire,20,1,Supraincalzire
85,Burghiu,CARBIDE DRILL Ø12,2984,841.75,1.4,9.99,64.11,1.51,5.5,69.81,Aluminiu,Gaurire,441,0,Niciunul
86,Burghiu,CARBIDE DRILL Ø12,5771,589.38,2.37,18.46,68.97,1.6,2.8,72.67,Otel,Gaurire,366,0,Niciunul
87,Burghiu,CARBIDE DRILL Ø12,4681,872.88,2.75,13.69,151.07,2.46,28.2,75.67,Aluminiu,Gaurire,184,1,Supraincalzire
88,Burghiu,CARBIDE DRILL Ø12,5400,679.4,0.14,13.18,129.82,2.01,26.5,78.84,Otel,Gaurire,109,1,Supraincalzire
89,Burghiu,CARBIDE DRILL Ø12,4364,587.58,0.44,17.51,74.54,2.94,65.8,72.62,Aluminiu,Gaurire,285,1,Uzura excesiva
90,Burghiu,CARBIDE DRILL Ø12,3497,1105.71,1.39,7.48,61.97,0.74,10.8,62.93,Aluminiu,Gaurire,173,0,Niciunul
91,Burghiu,CARBIDE DRILL Ø12,5168,367.02,0.14,6.58,49.51,1.12,7.4,72.2,Aluminiu,Gaurire,219,0,Niciunul
92,Burghiu,CARBIDE DRILL Ø12,3121,681.0,1.49,13.5,81.71,9.94,38.6,92.85,Aluminiu,Gaurire,332,1,Vibratii
93,Burghiu,CARBIDE DRILL Ø12,5694,876.14,1.3,16.4,47.51,1.02,15.1,74.61,Inox,Gaurire,238,0,Niciunul
94,Burghiu,CARBIDE DRILL Ø12,3009,1115.57,1.11,9.92,71.96,3.66,99.2,78.37,Inox,Gaurire,357,1,Uzura excesiva
95,Burghiu,CARBIDE DRILL Ø12,4331,797.35,1.61,7.6,68.51,1.9,14.7,61.54,Inox,Gaurire,417,0,Niciunul
96,Burghiu,CARBIDE DRILL Ø12,2109,1057.58,1.11,19.98,73.63,3.54,62.6,83.76,Otel,Gaurire,270,1,Uzura excesiva
97,Burghiu,CARBIDE DRILL Ø12,1891,877.41,0.7,18.06,81.26,2.77,96.3,71.16,Aluminiu,Gaurire,109,1,Uzura excesiva
98,Burghiu,CARBIDE DRILL Ø12,3673,1002.4,0.8,13.95,69.52,6.76,27.6,96.42,Aluminiu,Gaurire,486,1,Vibratii
99,Burghiu,CARBIDE DRILL Ø12,4085,925.27,0.5,8.96,42.5,1.6,8.3,67.55,Inox,Gaurire,362,0,Niciunul
100,Burghiu,CARBIDE DRILL Ø12,3674,952.79,2.05,12.47,157.59,2.9,27.1,80.5,Aluminiu,Gaurire,54,1,Supraincalzire
101,Burghiu,CARBIDE DRILL Ø12,2679,223.17,1.18,5.79,35.9,1.96,5.4,61.8,Otel,Gaurire,400,0,Niciunul
102,Burghiu,CARBIDE DRILL Ø12,4745,1172.27,1.02,11.34,68.54,1.23,16.1,72.93,Otel,Gaurire,418,0,Niciunul
103,Burghiu,CARBIDE DRILL Ø12,2486,743.24,1.67,5.3,52.23,1.23,1.0,70.81,Inox,Gaurire,463,0,Niciunul
104,Burghiu,CARBIDE DRILL Ø12,3209,243.5,1.49,13.92,68.78,10.36,40.2,104.01,Aluminiu,Gaurire,40,1,Vibratii
105,Burghiu,CARBIDE DRILL Ø12,2688,209.25,2.99,8.13,77.73,10.14,45.0,86.42,Otel,Gaurire,283,1,Vibratii
106,Burghiu,CARBIDE DRILL Ø12,4456,980.06,2.08,13.07,88.52,9.39,34.7,104.12,Aluminiu,Gaurire,299,1,Vibratii
107,Burghiu,CARBIDE DRILL Ø12,2871,222.68,2.19,9.99,42.05,1.35,0.4,65.56,Aluminiu,Gaurire,109,0,Niciunul
108,Burghiu,CARBIDE DRILL Ø12,4352,948.06,0.21,16.18,69.62,7.38,32.6,93.22,Aluminiu,Gaurire,465,1,Vibratii
109,Burghiu,CARBIDE DRILL Ø12,5793,538.26,1.93,11.78,51.24,1.7,18.9,62.59,Aluminiu,Gaurire,95,0,Niciunul
110,Burghiu,CARBIDE DRILL Ø12,2882,746.86,0.45,15.85,149.01,3.63,20.7,81.04,Inox,Gaurire,213,1,Supraincalzire
111,Burghiu,CARBIDE DRILL Ø12,4171,465.11,1.34,9.27,68.17,10.68,21.9,88.99,Otel,Gaurire,409,1,Vibratii
112,Burghiu,CARBIDE DRILL Ø12,5220,952.38,2.27,7.78,61.98,1.55,8.4,74.27,Inox,Gaurire,374,0,Niciunul
113,Burghiu,CARBIDE DRILL Ø12,5110,295.09,0.41,18.16,59.87,0.85,6.1,69.89,Aluminiu,Gaurire,31,0,Niciunul
114,Burghiu,CARBIDE DRILL Ø12,4612,1133.8,2.13,14.72,51.11,1.92,16.7,64.58,Aluminiu,Gaurire,458,0,Niciunul
115,Burghiu,CARBIDE DRILL Ø12,5689,804.87,0.55,16.96,140.63,1.74,37.5,76.85,Otel,Gaurire,411,1,Supraincalzire
116,Burghiu,CARBIDE DRILL Ø12,4361,721.3,2.7,16.63,56.16,0.61,15.8,62.41,Otel,Gaurire,175,0,Niciunul
117,Burghiu,CARBIDE DRILL Ø12,3281,663.02,2.72,17.12,99.92,3.38,77.3,71.0,Inox,Gaurire,72,1,Uzura excesiva
118,Burghiu,CARBIDE DRILL Ø12,1816,767.63,1.9,8.93,73.83,9.13,25.5,98.46,Otel,Gaurire,101,1,Vibratii
119,Burghiu,CARBIDE DRILL Ø12,1903,867.9,1.04,9.63,54.45,1.8,15.9,72.95,Otel,Gaurire,383,0,Niciunul
120,Burghiu,CARBIDE DRILL Ø12,2479,1101.32,2.11,5.8,60.93,8.19,33.1,87.34,Inox,Gaurire,28,1,Vibratii
121,Burghiu,CARBIDE DRILL Ø12,5972,744.44,2.91,15.15,66.64,0.73,14.5,66.56,Aluminiu,Gaurire,221,0,Niciunul
122,Burghiu,CARBIDE DRILL Ø12,2115,665.9,1.03,13.78,48.32,1.94,13.8,71.73,Otel,Gaurire,477,0,Niciunul
123,Burghiu,CARBIDE DRILL Ø12,5260,1186.44,1.38,9.69,56.25,0.62,19.3,61.11,Otel,Gaurire,49,0,Niciunul
124,Burghiu,CARBIDE DRILL Ø12,4832,1049.67,0.62,6.77,103.11,3.17,71.5,88.12,Otel,Gaurire,355,1,Uzura excesiva
125,Burghiu,CARBIDE DRILL Ø12,3874,391.16,0.45,9.96,125.87,2.47,21.0,79.21,Aluminiu,Gaurire,490,1,Supraincalzire
126,Burghiu,CARBIDE DRILL Ø12,4954,620.9,2.38,7.76,143.95,3.08,21.3,81.83,Inox,Gaurire,9,1,Supraincalzire
127,Burghiu,CARBIDE DRILL Ø12,3289,614.89,0.73,6.47,68.16,12.43,38.1,90.22,Inox,Gaurire,180,1,Vibratii
128,Burghiu,CARBIDE DRILL Ø12,1615,261.91,0.49,14.57,175.37,3.91,29.8,83.43,Inox,Gaurire,205,1,Supraincalzire
129,Burghiu,CARBIDE DRILL Ø12,5382,324.04,0.83,8.21,97.22,2.3,64.9,71.62,Otel,Gaurire,235,1,Uzura excesiva
130,Burghiu,CARBIDE DRILL Ø12,3647,227.6,0.7,14.97,176.28,1.54,28.9,75.08,Inox,Gaurire,474,1,Supraincalzire
131,Burghiu,CARBIDE DRILL Ø12,4534,807.68,2.15,9.59,53.64,1.06,2.7,65.59,Aluminiu,Gaurire,27,0,Niciunul
132,Burghiu,CARBIDE DRILL Ø12,2403,576.01,0.73,18.14,146.85,3.77,21.3,78.13,Inox,Gaurire,285,1,Supraincalzire
133,Burghiu,CARBIDE DRILL Ø12,5192,370.64,0.94,17.4,163.08,1.52,36.4,79.01,Aluminiu,Gaurire,11,1,Supraincalzire
134,Burghiu,CARBIDE DRILL Ø12,5828,817.93,2.11,7.31,68.53,12.76,28.1,99.4,Inox,Gaurire,165,1,Vibratii
135,Burghiu,CARBIDE DRILL Ø12,2693,430.62,1.16,15.57,39.84,1.82,16.9,69.17,Inox,Gaurire,407,0,Niciunul
136,Burghiu,CARBIDE DRILL Ø12,4205,1051.9,2.76,17.04,63.7,8.3,41.4,95.96,Aluminiu,Gaurire,363,1,Vibratii
137,Burghiu,CARBIDE DRILL Ø12,1981,634.63,0.95,18.57,100.59,4.33,66.1,74.46,Aluminiu,Gaurire,368,1,Uzura excesiva
138,Burghiu,CARBIDE DRILL Ø12,4923,211.54,0.22,19.84,66.78,1.77,17.3,70.04,Otel,Gaurire,411,0,Niciunul
139,Burghiu,CARBIDE DRILL Ø12,3046,300.32,2.81,8.36,53.23,1.32,0.2,65.39,Aluminiu,Gaurire,335,0,Niciunul
140,Burghiu,CARBIDE DRILL Ø12,2685,280.52,1.75,13.72,50.65,0.6,11.1,60.29,Inox,Gaurire,155,0,Niciunul
141,Burghiu,CARBIDE DRILL Ø12,1774,251.63,0.68,14.05,156.9,2.88,37.8,79.15,Aluminiu,Gaurire,297,1,Supraincalzire
142,Burghiu,CARBIDE DRILL Ø12,2709,1057.48,1.1,17.73,64.23,11.76,35.0,91.31,Inox,Gaurire,267,1,Vibratii
143,Burghiu,CARBIDE DRILL Ø12,2230,513.41,1.02,16.27,159.64,2.48,30.1,76.3,Aluminiu,Gaurire,22,1,Supraincalzire
144,Burghiu,CARBIDE DRILL Ø12,2972,425.13,1.31,14.23,177.82,2.63,26.1,82.08,Aluminiu,Gaurire,172,1,Supraincalzire
145,Burghiu,CARBIDE DRILL Ø12,3594,1004.6,2.85,14.68,71.68,8.12,44.8,97.48,Inox,Gaurire,181,1,Vibratii
146,Burghiu,CARBIDE DRILL Ø12,1637,1124.49,2.56,13.21,50.48,1.4,15.8,65.1,Aluminiu,Gaurire,446,0,Niciunul
147,Burghiu,CARBIDE DRILL Ø12,2997,833.96,1.87,15.43,153.56,2.96,24.2,78.75,Aluminiu,Gaurire,243,1,Supraincalzire
148,Burghiu,CARBIDE DRILL Ø12,4907,534.32,1.82,9.12,48.48,1.56,2.1,62.44,Otel,Gaurire,124,0,Niciunul
149,Burghiu,CARBIDE DRILL Ø12,2517,826.57,2.36,5.19,85.97,3.18,78.1,78.35,Otel,Gaurire,121,1,Uzura excesiva
150,Burghiu,CARBIDE DRILL Ø12,4803,831.01,1.57,17.81,39.54,1.88,13.7,65.26,Otel,Gaurire,280,0,Niciunul
151,Burghiu,CARBIDE DRILL Ø12,2965,1141.52,0.29,14.87,62.32,1.78,10.4,60.85,Inox,Gaurire,115,0,Niciunul
152,Burghiu,CARBIDE DRILL Ø12,3605,219.58,2.15,12.51,85.04,2.78,65.9,72.73,Inox,Gaurire,194,1,Uzura excesiva
153,Burghiu,CARBIDE DRILL Ø12,5284,427.98,2.86,15.47,63.62,1.72,7.2,74.08,Aluminiu,Gaurire,458,0,Niciunul
154,Burghiu,CARBIDE DRILL Ø12,3005,1116.57,1.9,7.08,36.41,0.8,14.1,65.01,Inox,Gaurire,105,0,Niciunul
155,Burghiu,CARBIDE DRILL Ø12,3269,351.33,1.23,15.32,71.04,3.2,96.3,71.11,Aluminiu,Gaurire,142,1,Uzura excesiva
156,Burghiu,CARBIDE DRILL Ø12,4992,323.92,0.11,13.25,62.21,1.12,0.8,69.96,Inox,Gaurire,205,0,Niciunul
157,Burghiu,CARBIDE DRILL Ø12,2318,349.13,0.64,14.64,142.61,3.91,35.6,76.75,Aluminiu,Gaurire,496,1,Supraincalzire
158,Burghiu,CARBIDE DRILL Ø12,4092,1006.52,1.0,18.08,60.14,1.59,7.6,60.31,Aluminiu,Gaurire,43,0,Niciunul
159,Burghiu,CARBIDE DRILL Ø12,4534,1157.26,0.86,14.24,78.55,13.38,41.1,104.38,Inox,Gaurire,14,1,Vibratii
160,Burghiu,CARBIDE DRILL Ø12,4142,356.0,2.42,5.68,45.6,1.19,11.3,61.99,Inox,Gaurire,286,0,Niciunul
161,Burghiu,CARBIDE DRILL Ø12,5272,363.51,0.16,8.24,153.3,2.27,32.4,83.91,Aluminiu,Gaurire,329,1,Supraincalzire
162,Burghiu,CARBIDE DRILL Ø12,3627,234.82,0.52,19.17,159.82,3.27,30.6,78.66,Aluminiu,Gaurire,432,1,Supraincalzire
163,Burghiu,CARBIDE DRILL Ø12,2284,611.57,1.17,12.37,151.03,4.0,30.8,78.38,Inox,Gaurire,129,1,Supraincalzire
164,Burghiu,CARBIDE DRILL Ø12,3056,946.06,1.69,17.54,80.28,10.96,37.8,86.34,Otel,Gaurire,239,1,Vibratii
165,Burghiu,CARBIDE DRILL Ø12,2480,1037.14,2.19,7.28,43.91,1.09,19.4,68.69,Inox,Gaurire,100,0,Niciunul
166,Burghiu,CARBIDE DRILL Ø12,5821,899.36,2.88,18.76,37.96,0.69,13.0,61.08,Inox,Gaurire,456,0,Niciunul
167,Burghiu,CARBIDE DRILL Ø12,2566,621.28,2.61,13.46,63.96,11.77,27.2,86.74,Inox,Gaurire,31,1,Vibratii
168,Burghiu,CARBIDE DRILL Ø12,5764,989.31,0.8,13.62,74.73,9.83,45.1,89.08,Aluminiu,Gaurire,363,1,Vibratii
169,Burghiu,CARBIDE DRILL Ø12,4613,221.13,2.54,8.01,41.97,1.87,15.8,67.88,Otel,Gaurire,73,0,Niciunul
170,Burghiu,CARBIDE DRILL Ø12,4850,386.91,2.07,5.71,98.89,4.45,85.9,81.11,Aluminiu,Gaurire,486,1,Uzura excesiva
171,Burghiu,CARBIDE DRILL Ø12,5311,753.82,1.93,16.33,159.12,2.62,26.4,79.42,Inox,Gaurire,177,1,Supraincalzire
172,Burghiu,CARBIDE DRILL Ø12,4830,1010.2,0.98,17.04,64.38,0.91,17.8,68.58,Inox,Gaurire,352,0,Niciunul
173,Burghiu,CARBIDE DRILL Ø12,3225,298.42,0.45,13.96,53.02,0.97,13.4,69.89,Inox,Gaurire,302,0,Niciunul
174,Burghiu,CARBIDE DRILL Ø12,2752,933.02,0.96,13.65,132.24,1.96,34.5,76.71,Inox,Gaurire,301,1,Supraincalzire
175,Burghiu,CARBIDE DRILL Ø12,1637,352.27,1.28,7.18,85.06,8.16,26.5,98.21,Inox,Gaurire,174,1,Vibratii
176,Burghiu,CARBIDE DRILL Ø12,3985,903.11,1.95,9.48,61.62,1.0,0.0,72.89,Otel,Gaurire,63,0,Niciunul
177,Burghiu,CARBIDE DRILL Ø12,3260,396.86,0.22,13.33,60.92,9.41,41.5,98.54,Inox,Gaurire,251,1,Vibratii
178,Burghiu,CARBIDE DRILL Ø12,3813,742.59,2.48,15.3,38.21,1.69,7.8,72.23,Otel,Gaurire,267,0,Niciunul
179,Burghiu,CARBIDE DRILL Ø12,5370,614.46,1.18,18.24,166.0,2.58,34.7,77.92,Otel,Gaurire,161,1,Supraincalzire
180,Burghiu,CARBIDE DRILL Ø12,5232,1105.89,0.14,10.49,123.94,1.57,27.1,80.08,Aluminiu,Gaurire,389,1,Supraincalzire
181,Burghiu,CARBIDE DRILL Ø12,2149,939.5,1.18,11.75,40.16,1.91,0.3,64.01,Aluminiu,Gaurire,436,0,Niciunul
182,Burghiu,CARBIDE DRILL Ø12,2961,494.71,1.87,19.62,77.63,3.2,65.4,77.94,Otel,Gaurire,7,1,Uzura excesiva
183,Burghiu,CARBIDE DRILL Ø12,3450,693.25,2.93,18.62,58.61,0.63,3.1,65.4,Aluminiu,Gaurire,24,0,Niciunul
184,Burghiu,CARBIDE DRILL Ø12,4161,1080.34,1.66,5.2,160.98,3.84,33.0,76.6,Otel,Gaurire,254,1,Supraincalzire
185,Burghiu,CARBIDE DRILL Ø12,2398,932.5,1.16,13.8,133.86,2.69,30.8,83.96,Aluminiu,Gaurire,257,1,Supraincalzire
186,Burghiu,CARBIDE DRILL Ø12,1911,969.56,0.85,7.51,92.86,2.55,96.1,76.25,Inox,Gaurire,155,1,Uzura excesiva
187,Burghiu,CARBIDE DRILL Ø12,5859,800.94,0.57,7.46,67.95,6.97,25.6,95.83,Otel,Gaurire,369,1,Vibratii
188,Burghiu,CARBIDE DRILL Ø12,5540,893.38,0.33,9.23,43.81,1.51,18.6,64.24,Aluminiu,Gaurire,161,0,Niciunul
189,Burghiu,CARBIDE DRILL Ø12,4232,944.1,2.02,8.42,106.36,3.66,62.2,86.88,Aluminiu,Gaurire,193,1,Uzura excesiva
190,Burghiu,CARBIDE DRILL Ø12,3485,928.09,2.81,14.42,54.14,1.08,12.2,67.36,Otel,Gaurire,406,0,Niciunul
191,Burghiu,CARBIDE DRILL Ø12,4690,295.33,0.11,5.11,55.37,1.75,16.8,65.52,Inox,Gaurire,122,0,Niciunul
192,Burghiu,CARBIDE DRILL Ø12,5905,1121.79,0.51,17.8,88.66,10.43,27.1,95.47,Aluminiu,Gaurire,451,1,Vibratii
193,Burghiu,CARBIDE DRILL Ø12,5951,1051.16,0.12,7.29,55.38,0.85,6.4,67.82,Inox,Gaurire,449,0,Niciunul
194,Burghiu,CARBIDE DRILL Ø12,2163,1053.71,0.36,9.07,157.87,2.94,26.9,76.38,Otel,Gaurire,169,1,Supraincalzire
195,Burghiu,CARBIDE DRILL Ø12,5465,741.16,1.25,15.85,70.47,6.42,21.0,94.36,Otel,Gaurire,407,1,Vibratii
196,Burghiu,CARBIDE DRILL Ø12,2374,881.27,1.18,5.75,75.68,7.15,44.3,89.21,Inox,Gaurire,133,1,Vibratii
197,Burghiu,CARBIDE DRILL Ø12,2072,936.52,1.07,19.28,77.9,4.82,71.9,73.58,Inox,Gaurire,213,1,Uzura excesiva
198,Burghiu,CARBIDE DRILL Ø12,1878,620.31,1.99,9.45,82.15,7.08,49.5,99.8,Inox,Gaurire,323,1,Vibratii
199,Burghiu,CARBIDE DRILL Ø12,2700,439.68,0.23,11.18,138.01,3.14,30.3,75.11,Aluminiu,Gaurire,257,1,Supraincalzire
200,Burghiu,CARBIDE DRILL Ø12,4170,945.07,1.26,12.69,62.64,0.61,9.7,74.39,Aluminiu,Gaurire,403,0,Niciunul
201,Burghiu,CARBIDE DRILL Ø12,3755,794.81,0.12,7.07,64.9,8.92,45.0,103.54,Aluminiu,Gaurire,206,1,Vibratii
202,Burghiu,CARBIDE DRILL Ø12,4090,350.71,1.94,6.22,138.86,3.93,32.3,84.63,Inox,Gaurire,14,1,Supraincalzire
203,Burghiu,CARBIDE DRILL Ø12,2880,959.27,0.28,17.35,69.65,1.13,16.6,64.36,Aluminiu,Gaurire,389,0,Niciunul
204,Burghiu,CARBIDE DRILL Ø12,2035,1147.22,1.6,7.6,35.83,1.45,1.1,65.77,Aluminiu,Gaurire,474,0,Niciunul
205,Burghiu,CARBIDE DRILL Ø12,4615,1001.03,1.9,8.09,53.76,0.74,1.2,64.89,Inox,Gaurire,235,0,Niciunul
206,Burghiu,CARBIDE DRILL Ø12,5303,206.61,1.4,19.2,62.79,1.18,1.0,73.21,Otel,Gaurire,254,0,Niciunul
207,Burghiu,CARBIDE DRILL Ø12,3153,431.95,2.62,8.92,89.78,2.18,72.7,76.8,Aluminiu,Gaurire,213,1,Uzura excesiva
208,Burghiu,CARBIDE DRILL Ø12,4939,606.23,2.54,13.28,57.96,1.61,5.6,68.91,Inox,Gaurire,95,0,Niciunul
209,Burghiu,CARBIDE DRILL Ø12,2986,998.63,0.92,9.45,70.09,8.89,36.7,96.61,Otel,Gaurire,327,1,Vibratii
210,Burghiu,CARBIDE DRILL Ø12,3456,930.53,0.64,13.59,61.69,12.82,45.9,86.46,Otel,Gaurire,500,1,Vibratii
211,Burghiu,CARBIDE DRILL Ø12,5128,695.96,2.94,19.19,69.4,11.69,31.2,96.18,Aluminiu,Gaurire,408,1,Vibratii
212,Burghiu,CARBIDE DRILL Ø12,4842,1035.98,2.45,10.8,61.41,1.31,2.1,73.2,Otel,Gaurire,309,0,Niciunul
213,Burghiu,CARBIDE DRILL Ø12,3972,345.23,1.69,16.62,49.17,1.65,19.5,63.86,Aluminiu,Gaurire,381,0,Niciunul
214,Burghiu,CARBIDE DRILL Ø12,3073,1107.48,1.63,12.87,158.52,3.24,39.4,75.02,Inox,Gaurire,132,1,Supraincalzire
215,Burghiu,CARBIDE DRILL Ø12,1765,426.33,2.15,19.56,50.81,0.68,17.4,65.98,Otel,Gaurire,302,0,Niciunul
216,Burghiu,CARBIDE DRILL Ø12,5659,791.57,1.38,19.11,41.25,1.58,0.1,72.39,Inox,Gaurire,494,0,Niciunul
217,Burghiu,CARBIDE DRILL Ø12,5016,296.88,2.58,19.69,87.52,4.93,84.8,88.95,Otel,Gaurire,174,1,Uzura excesiva
218,Burghiu,CARBIDE DRILL Ø12,5136,938.63,2.97,16.76,65.7,0.88,1.7,70.61,Otel,Gaurire,466,0,Niciunul
219,Burghiu,CARBIDE DRILL Ø12,4950,1081.31,0.52,14.23,120.37,3.76,23.2,76.31,Otel,Gaurire,71,1,Supraincalzire
220,Burghiu,CARBIDE DRILL Ø12,5792,296.84,1.83,5.43,75.92,3.49,92.0,84.04,Inox,Gaurire,370,1,Uzura excesiva
221,Burghiu,CARBIDE DRILL Ø12,3367,720.45,2.96,11.46,46.82,1.79,8.2,74.12,Otel,Gaurire,271,0,Niciunul
222,Burghiu,CARBIDE DRILL Ø12,4593,887.59,1.4,19.94,126.44,2.74,38.1,83.48,Otel,Gaurire,463,1,Supraincalzire
223,Burghiu,CARBIDE DRILL Ø12,4381,1101.8,1.34,18.98,66.62,1.73,18.6,66.6,Otel,Gaurire,118,0,Niciunul
224,Burghiu,CARBIDE DRILL Ø12,3864,426.91,1.01,16.82,166.84,2.98,23.1,81.19,Inox,Gaurire,480,1,Supraincalzire
225,Burghiu,CARBIDE DRILL Ø12,2893,940.65,2.14,5.73,68.43,1.81,7.2,65.57,Aluminiu,Gaurire,429,0,Niciunul
226,Burghiu,CARBIDE DRILL Ø12,5204,329.87,1.67,8.43,40.84,1.33,19.7,71.26,Aluminiu,Gaurire,379,0,Niciunul
227,Burghiu,CARBIDE DRILL Ø12,3513,282.95,0.14,14.44,53.75,1.92,7.1,61.81,Otel,Gaurire,187,0,Niciunul
228,Burghiu,CARBIDE DRILL Ø12,3909,1167.15,2.96,5.96,86.69,11.01,46.7,87.14,Otel,Gaurire,68,1,Vibratii
229,Burghiu,CARBIDE DRILL Ø12,3705,630.61,0.86,15.58,77.38,9.39,22.7,102.67,Otel,Gaurire,272,1,Vibratii
230,Burghiu,CARBIDE DRILL Ø12,2213,449.38,0.11,13.62,102.22,2.07,93.0,82.09,Aluminiu,Gaurire,326,1,Uzura excesiva
231,Burghiu,CARBIDE DRILL Ø12,3170,1194.44,2.02,5.65,143.2,2.02,33.1,78.09,Otel,Gaurire,194,1,Supraincalzire
232,Burghiu,CARBIDE DRILL Ø12,4962,714.8,2.45,14.22,37.72,1.09,4.9,72.68,Aluminiu,Gaurire,312,0,Niciunul
233,Burghiu,CARBIDE DRILL Ø12,4672,267.41,2.07,18.57,82.46,2.28,94.3,75.56,Inox,Gaurire,473,1,Uzura excesiva
234,Burghiu,CARBIDE DRILL Ø12,3064,1103.37,0.45,19.18,73.38,4.2,69.0,80.79,Inox,Gaurire,196,1,Uzura excesiva
235,Burghiu,CARBIDE DRILL Ø12,4855,223.08,2.54,8.07,86.55,3.13,66.5,74.89,Aluminiu,Gaurire,466,1,Uzura excesiva
236,Burghiu,CARBIDE DRILL Ø12,4600,690.8,2.73,10.25,140.85,1.72,26.3,76.7,Aluminiu,Gaurire,374,1,Supraincalzire
237,Burghiu,CARBIDE DRILL Ø12,1582,385.39,0.41,12.76,68.96,1.92,5.2,73.12,Inox,Gaurire,332,0,Niciunul
238,Burghiu,CARBIDE DRILL Ø12,2431,480.6,0.82,5.62,54.51,1.15,13.3,63.14,Otel,Gaurire,169,0,Niciunul
239,Burghiu,CARBIDE DRILL Ø12,4439,369.06,2.0,5.72,78.81,12.57,41.2,88.2,Aluminiu,Gaurire,97,1,Vibratii
240,Burghiu,CARBIDE DRILL Ø12,5759,476.21,2.26,16.43,61.35,1.15,17.1,66.05,Aluminiu,Gaurire,274,0,Niciunul
241,Burghiu,CARBIDE DRILL Ø12,2220,803.94,2.97,6.11,40.38,1.33,7.9,73.25,Otel,Gaurire,367,0,Niciunul
242,Burghiu,CARBIDE DRILL Ø12,3372,446.54,0.22,17.04,104.21,3.45,70.4,89.07,Aluminiu,Gaurire,189,1,Uzura excesiva
243,Burghiu,CARBIDE DRILL Ø12,5512,586.64,1.91,12.49,59.13,1.63,15.3,73.18,Aluminiu,Gaurire,299,0,Niciunul
244,Burghiu,CARBIDE DRILL Ø12,3885,598.34,1.49,10.17,121.66,2.12,38.9,82.01,Aluminiu,Gaurire,87,1,Supraincalzire
245,Burghiu,CARBIDE DRILL Ø12,4810,1120.9,2.06,15.87,166.42,2.31,30.7,84.26,Inox,Gaurire,277,1,Supraincalzire
246,Burghiu,CARBIDE DRILL Ø12,2122,1194.77,0.86,7.39,43.13,1.0,8.0,68.58,Aluminiu,Gaurire,69,0,Niciunul
247,Burghiu,CARBIDE DRILL Ø12,3579,364.95,1.37,11.77,74.29,6.52,48.5,90.02,Otel,Gaurire,37,1,Vibratii
248,Burghiu,CARBIDE DRILL Ø12,2040,657.87,0.86,10.52,93.9,3.59,91.6,72.6,Aluminiu,Gaurire,279,1,Uzura excesiva
249,Burghiu,CARBIDE DRILL Ø12,4999,777.17,1.54,14.15,87.39,2.97,97.0,79.27,Otel,Gaurire,318,1,Uzura excesiva
250,Burghiu,CARBIDE DRILL Ø12,4701,713.04,1.29,10.58,64.37,1.04,7.7,74.03,Aluminiu,Gaurire,445,0,Niciunul
251,Burghiu,CARBIDE DRILL Ø12,4507,1003.52,2.86,11.91,46.07,1.47,14.0,68.51,Inox,Gaurire,425,0,Niciunul
252,Burghiu,CARBIDE DRILL Ø12,1572,492.94,0.86,6.23,59.37,0.99,5.9,69.82,Inox,Gaurire,161,0,Niciunul
253,Burghiu,CARBIDE DRILL Ø12,5551,898.22,1.09,19.56,47.38,0.71,10.7,60.39,Otel,Gaurire,175,0,Niciunul
254,Burghiu,CARBIDE DRILL Ø12,2292,724.15,2.47,11.67,69.1,1.03,9.5,68.91,Otel,Gaurire,70,0,Niciunul
255,Burghiu,CARBIDE DRILL Ø12,3600,843.29,2.98,5.54,146.14,3.57,27.7,79.47,Aluminiu,Gaurire,56,1,Supraincalzire
256,Burghiu,CARBIDE DRILL Ø12,5263,458.45,0.42,15.42,79.22,8.99,49.9,92.36,Inox,Gaurire,120,1,Vibratii
257,Burghiu,CARBIDE DRILL Ø12,3280,986.42,2.99,9.55,37.08,1.87,6.0,64.16,Aluminiu,Gaurire,143,0,Niciunul
258,Burghiu,CARBIDE DRILL Ø12,3304,579.54,2.76,9.06,38.56,1.12,17.7,66.85,Otel,Gaurire,277,0,Niciunul
259,Burghiu,CARBIDE DRILL Ø12,2903,296.35,0.3,16.99,156.26,3.87,36.8,78.68,Aluminiu,Gaurire,51,1,Supraincalzire
260,Burghiu,CARBIDE DRILL Ø12,3399,370.17,2.48,9.1,135.57,3.57,25.5,80.65,Otel,Gaurire,3,1,Supraincalzire
261,Burghiu,CARBIDE DRILL Ø12,4402,1108.53,1.97,6.48,44.25,1.45,2.6,69.9,Otel,Gaurire,448,0,Niciunul
262,Burghiu,CARBIDE DRILL Ø12,2392,403.88,2.73,15.26,83.91,7.27,29.3,98.33,Inox,Gaurire,291,1,Vibratii
263,Burghiu,CARBIDE DRILL Ø12,1775,510.87,2.93,14.07,53.34,1.13,17.7,68.81,Aluminiu,Gaurire,142,0,Niciunul
264,Burghiu,CARBIDE DRILL Ø12,1504,394.94,0.7,5.82,64.52,0.89,8.8,70.66,Otel,Gaurire,234,0,Niciunul
265,Burghiu,CARBIDE DRILL Ø12,3480,256.98,0.23,17.27,128.6,2.58,33.5,83.38,Otel,Gaurire,6,1,Supraincalzire
266,Burghiu,CARBIDE DRILL Ø12,1822,482.48,2.91,15.21,69.2,1.03,10.7,60.04,Inox,Gaurire,176,0,Niciunul
267,Burghiu,CARBIDE DRILL Ø12,2783,477.6,2.02,15.9,125.52,3.86,38.2,75.42,Inox,Gaurire,201,1,Supraincalzire
268,Burghiu,CARBIDE DRILL Ø12,5477,1135.84,0.28,7.19,147.14,3.36,31.3,79.17,Inox,Gaurire,450,1,Supraincalzire
269,Burghiu,CARBIDE DRILL Ø12,5677,553.4,2.68,12.94,89.29,3.7,86.0,73.41,Inox,Gaurire,447,1,Uzura excesiva
270,Burghiu,CARBIDE DRILL Ø12,3458,841.39,0.39,12.51,45.44,0.51,0.6,68.62,Aluminiu,Gaurire,90,0,Niciunul
271,Burghiu,CARBIDE DRILL Ø12,5979,718.03,0.84,8.82,76.05,8.15,41.5,93.16,Otel,Gaurire,169,1,Vibratii
272,Burghiu,CARBIDE DRILL Ø12,2298,340.22,2.87,19.46,43.83,1.53,1.6,63.97,Otel,Gaurire,109,0,Niciunul
273,Burghiu,CARBIDE DRILL Ø12,4976,1159.8,1.07,19.15,69.8,0.53,1.8,63.08,Aluminiu,Gaurire,191,0,Niciunul
274,Burghiu,CARBIDE DRILL Ø12,4493,880.29,0.19,12.18,51.63,1.91,13.7,68.09,Inox,Gaurire,64,0,Niciunul
275,Burghiu,CARBIDE DRILL Ø12,3964,739.85,2.78,14.96,61.95,1.98,8.6,67.23,Otel,Gaurire,449,0,Niciunul
276,Burghiu,CARBIDE DRILL Ø12,5776,212.54,1.63,8.43,61.83,1.65,14.3,65.97,Otel,Gaurire,145,0,Niciunul
277,Burghiu,CARBIDE DRILL Ø12,1564,1191.79,2.51,13.56,74.11,2.22,89.8,74.99,Inox,Gaurire,483,1,Uzura excesiva
278,Burghiu,CARBIDE DRILL Ø12,4850,1021.14,1.93,12.2,87.5,7.75,31.1,91.67,Aluminiu,Gaurire,121,1,Vibratii
279,Burghiu,CARBIDE DRILL Ø12,1585,450.05,0.63,18.25,46.62,1.63,13.7,69.36,Aluminiu,Gaurire,39,0,Niciunul
280,Burghiu,CARBIDE DRILL Ø12,3310,1006.44,2.27,18.34,147.69,3.66,20.1,80.81,Otel,Gaurire,143,1,Supraincalzire
281,Burghiu,CARBIDE DRILL Ø12,4597,368.06,0.54,11.68,152.11,2.38,35.4,75.8,Otel,Gaurire,296,1,Supraincalzire
282,Burghiu,CARBIDE DRILL Ø12,1852,1144.3,1.34,15.15,149.9,1.97,27.6,83.54,Aluminiu,Gaurire,78,1,Supraincalzire
283,Burghiu,CARBIDE DRILL Ø12,4362,1105.66,0.86,15.83,91.25,4.92,82.2,86.72,Inox,Gaurire,125,1,Uzura excesiva
284,Burghiu,CARBIDE DRILL Ø12,4549,755.66,0.92,6.44,56.4,1.61,13.7,70.62,Inox,Gaurire,195,0,Niciunul
285,Burghiu,CARBIDE DRILL Ø12,5795,371.87,1.64,9.56,68.32,1.05,6.2,64.72,Aluminiu,Gaurire,112,0,Niciunul
286,Burghiu,CARBIDE DRILL Ø12,2551,220.2,0.54,12.35,53.79,1.54,18.1,70.6,Aluminiu,Gaurire,264,0,Niciunul
287,Burghiu,CARBIDE DRILL Ø12,3097,842.79,0.53,12.82,79.82,4.72,94.7,86.67,Otel,Gaurire,16,1,Uzura excesiva
288,Burghiu,CARBIDE DRILL Ø12,2945,1114.6,2.81,12.61,77.37,8.95,46.4,101.61,Otel,Gaurire,293,1,Vibratii
289,Burghiu,CARBIDE DRILL Ø12,4432,240.05,2.85,12.67,128.99,1.84,38.8,75.64,Otel,Gaurire,200,1,Supraincalzire
290,Burghiu,CARBIDE DRILL Ø12,3815,338.83,1.43,12.66,95.67,4.35,99.2,88.13,Inox,Gaurire,200,1,Uzura excesiva
291,Burghiu,CARBIDE DRILL Ø12,5773,251.89,2.15,7.87,71.74,7.54,48.3,93.03,Inox,Gaurire,303,1,Vibratii
292,Burghiu,CARBIDE DRILL Ø12,4913,617.14,1.68,14.72,93.01,2.64,62.4,75.71,Aluminiu,Gaurire,491,1,Uzura excesiva
293,Burghiu,CARBIDE DRILL Ø12,4696,304.87,1.64,12.45,64.08,1.21,15.5,66.69,Otel,Gaurire,361,0,Niciunul
294,Burghiu,CARBIDE DRILL Ø12,2442,639.54,1.34,12.14,36.42,1.06,0.6,71.23,Otel,Gaurire,120,0,Niciunul
295,Burghiu,CARBIDE DRILL Ø12,4534,405.36,2.92,6.41,74.22,4.99,75.5,71.2,Inox,Gaurire,198,1,Uzura excesiva
296,Burghiu,CARBIDE DRILL Ø12,2031,828.55,2.39,16.36,69.64,13.48,47.9,95.46,Aluminiu,Gaurire,425,1,Vibratii
297,Burghiu,CARBIDE DRILL Ø12,2796,765.75,2.46,11.56,49.13,1.72,13.8,71.34,Inox,Gaurire,350,0,Niciunul
298,Burghiu,CARBIDE DRILL Ø12,1504,1013.27,1.15,8.99,77.09,3.14,62.3,77.28,Inox,Gaurire,177,1,Uzura excesiva
299,Burghiu,CARBIDE DRILL Ø12,5295,731.93,1.75,13.38,49.04,0.92,3.0,61.57,Otel,Gaurire,48,0,Niciunul
300,Burghiu,CARBIDE DRILL Ø12,1786,834.22,1.85,10.98,35.03,1.5,4.6,69.66,Aluminiu,Gaurire,354,0,Niciunul
301,Burghiu,CARBIDE DRILL Ø12,5198,597.59,0.7,11.32,170.9,2.83,25.7,84.55,Aluminiu,Gaurire,55,1,Supraincalzire
302,Burghiu,CARBIDE DRILL Ø12,4698,687.27,2.82,5.96,128.49,2.09,39.5,82.13,Otel,Gaurire,328,1,Supraincalzire
303,Burghiu,CARBIDE DRILL Ø12,5637,588.18,2.72,19.72,159.78,3.43,21.2,82.51,Inox,Gaurire,196,1,Supraincalzire
304,Burghiu,CARBIDE DRILL Ø12,5961,949.22,1.28,12.06,56.23,1.28,19.5,67.02,Aluminiu,Gaurire,35,0,Niciunul
305,Burghiu,CARBIDE DRILL Ø12,5288,715.8,2.9,10.06,143.21,3.32,37.5,78.82,Inox,Gaurire,493,1,Supraincalzire
306,Burghiu,CARBIDE DRILL Ø12,1561,252.04,0.74,14.36,68.48,0.7,19.7,73.96,Inox,Gaurire,21,0,Niciunul
307,Burghiu,CARBIDE DRILL Ø12,4020,948.15,1.34,9.31,60.16,1.13,18.0,66.33,Aluminiu,Gaurire,206,0,Niciunul
308,Burghiu,CARBIDE DRILL Ø12,3750,448.53,0.47,7.87,124.15,2.42,21.5,79.34,Inox,Gaurire,340,1,Supraincalzire
309,Burghiu,CARBIDE DRILL Ø12,4847,470.81,1.72,7.66,129.37,2.84,34.1,76.08,Inox,Gaurire,360,1,Supraincalzire
310,Burghiu,CARBIDE DRILL Ø12,4370,830.67,0.42,7.03,66.81,1.67,12.4,68.22,Aluminiu,Gaurire,180,0,Niciunul
311,Burghiu,CARBIDE DRILL Ø12,4450,533.88,2.82,18.43,66.63,0.73,6.7,62.19,Aluminiu,Gaurire,193,0,Niciunul
312,Burghiu,CARBIDE DRILL Ø12,1614,459.96,0.86,18.13,49.31,1.1,16.8,63.24,Aluminiu,Gaurire,107,0,Niciunul
313,Burghiu,CARBIDE DRILL Ø12,4431,875.76,2.24,13.85,126.31,1.94,38.9,80.95,Otel,Gaurire,457,1,Supraincalzire
314,Burghiu,CARBIDE DRILL Ø12,1734,1096.43,0.63,16.88,67.89,8.59,22.5,104.5,Otel,Gaurire,469,1,Vibratii
315,Burghiu,CARBIDE DRILL Ø12,4244,277.07,2.35,15.1,75.69,6.03,40.8,89.8,Otel,Gaurire,383,1,Vibratii
316,Burghiu,CARBIDE DRILL Ø12,4153,756.58,1.87,11.43,107.83,4.71,96.2,81.45,Otel,Gaurire,420,1,Uzura excesiva
317,Burghiu,CARBIDE DRILL Ø12,2467,720.85,2.69,6.16,54.28,0.86,0.2,74.91,Otel,Gaurire,73,0,Niciunul
318,Burghiu,CARBIDE DRILL Ø12,3050,854.75,0.33,7.54,56.76,1.77,12.4,64.96,Inox,Gaurire,459,0,Niciunul
319,Burghiu,CARBIDE DRILL Ø12,4891,725.11,0.78,5.51,55.04,1.74,11.9,60.94,Otel,Gaurire,230,0,Niciunul
320,Burghiu,CARBIDE DRILL Ø12,3050,975.94,2.85,16.95,62.36,6.92,31.3,90.63,Inox,Gaurire,408,1,Vibratii
321,Burghiu,CARBIDE DRILL Ø12,3258,1191.46,0.4,5.91,71.99,7.82,26.2,99.02,Otel,Gaurire,286,1,Vibratii
322,Burghiu,CARBIDE DRILL Ø12,2215,1057.05,2.41,7.61,64.1,0.73,8.2,73.42,Otel,Gaurire,201,0,Niciunul
323,Burghiu,CARBIDE DRILL Ø12,3259,968.49,1.57,6.95,42.1,0.51,9.1,71.27,Otel,Gaurire,232,0,Niciunul
324,Burghiu,CARBIDE DRILL Ø12,4988,861.99,1.3,8.98,37.2,1.86,4.3,66.83,Aluminiu,Gaurire,92,0,Niciunul
325,Burghiu,CARBIDE DRILL Ø12,3360,486.46,2.55,9.54,82.51,11.13,28.0,98.62,Aluminiu,Gaurire,192,1,Vibratii
326,Burghiu,CARBIDE DRILL Ø12,2702,377.77,2.21,15.63,39.89,1.28,14.2,72.68,Aluminiu,Gaurire,283,0,Niciunul
327,Burghiu,CARBIDE DRILL Ø12,3462,453.85,0.72,5.36,169.26,2.26,20.8,80.27,Otel,Gaurire,199,1,Supraincalzire
328,Burghiu,CARBIDE DRILL Ø12,1927,645.54,1.66,8.01,135.79,2.45,23.1,77.42,Otel,Gaurire,33,1,Supraincalzire
329,Burghiu,CARBIDE DRILL Ø12,3264,529.02,1.31,18.95,40.03,1.6,4.6,73.28,Aluminiu,Gaurire,323,0,Niciunul
330,Burghiu,CARBIDE DRILL Ø12,5395,369.72,1.09,17.36,38.04,1.61,14.3,62.32,Inox,Gaurire,43,0,Niciunul
331,Burghiu,CARBIDE DRILL Ø12,5635,881.21,1.19,18.85,141.49,3.96,30.5,83.18,Aluminiu,Gaurire,229,1,Supraincalzire
332,Burghiu,CARBIDE DRILL Ø12,4063,316.37,2.49,18.79,47.88,1.28,11.0,60.58,Aluminiu,Gaurire,500,0,Niciunul
333,Burghiu,CARBIDE DRILL Ø12,5625,849.9,2.36,8.36,39.51,0.68,8.3,73.14,Otel,Gaurire,461,0,Niciunul
334,Burghiu,CARBIDE DRILL Ø12,1527,669.69,2.37,19.13,49.84,1.2,13.2,61.89,Otel,Gaurire,110,0,Niciunul
335,Burghiu,CARBIDE DRILL Ø12,3100,550.92,2.76,12.15,154.93,2.58,31.4,77.21,Otel,Gaurire,308,1,Supraincalzire
336,Burghiu,CARBIDE DRILL Ø12,5826,816.15,2.19,5.35,154.84,3.77,32.3,79.93,Aluminiu,Gaurire,400,1,Supraincalzire
337,Burghiu,CARBIDE DRILL Ø12,1764,725.12,1.64,8.01,168.38,2.41,22.9,83.98,Aluminiu,Gaurire,10,1,Supraincalzire
338,Burghiu,CARBIDE DRILL Ø12,4265,805.92,1.77,14.36,64.64,0.99,4.3,61.07,Aluminiu,Gaurire,113,0,Niciunul
339,Burghiu,CARBIDE DRILL Ø12,5191,874.61,2.18,8.67,82.41,4.14,70.9,81.33,Inox,Gaurire,424,1,Uzura excesiva
340,Burghiu,CARBIDE DRILL Ø12,4045,599.39,2.97,8.96,73.32,4.03,94.0,84.5,Aluminiu,Gaurire,182,1,Uzura excesiva
341,Burghiu,CARBIDE DRILL Ø12,1582,1011.49,1.2,15.59,73.87,8.53,35.4,91.5,Otel,Gaurire,103,1,Vibratii
342,Burghiu,CARBIDE DRILL Ø12,4490,1054.0,1.41,9.94,98.89,3.7,89.0,73.02,Otel,Gaurire,110,1,Uzura excesiva
343,Burghiu,CARBIDE DRILL Ø12,4358,414.63,2.79,18.43,61.15,7.3,31.8,90.19,Aluminiu,Gaurire,54,1,Vibratii
344,Burghiu,CARBIDE DRILL Ø12,4213,602.79,1.94,10.52,84.55,13.77,29.7,98.48,Aluminiu,Gaurire,134,1,Vibratii
345,Burghiu,CARBIDE DRILL Ø12,1506,359.1,2.25,6.59,69.18,8.2,38.6,90.25,Aluminiu,Gaurire,455,1,Vibratii
346,Burghiu,CARBIDE DRILL Ø12,3469,778.82,0.18,12.11,42.47,1.56,11.8,68.62,Inox,Gaurire,115,0,Niciunul
347,Burghiu,CARBIDE DRILL Ø12,3559,422.92,2.82,8.04,130.83,2.61,31.6,76.0,Otel,Gaurire,338,1,Supraincalzire
348,Burghiu,CARBIDE DRILL Ø12,4849,991.72,2.23,18.56,67.71,1.59,18.9,67.86,Inox,Gaurire,471,0,Niciunul
349,Burghiu,CARBIDE DRILL Ø12,2276,1195.44,0.23,14.27,167.29,3.98,31.6,80.89,Inox,Gaurire,394,1,Supraincalzire
350,Burghiu,CARBIDE DRILL Ø12,3892,1047.73,2.22,14.82,64.52,1.41,11.6,60.0,Otel,Gaurire,150,0,Niciunul
351,Burghiu,CARBIDE DRILL Ø12,2919,556.06,1.11,16.37,82.52,10.51,24.6,99.07,Aluminiu,Gaurire,401,1,Vibratii
352,Burghiu,CARBIDE DRILL Ø12,2813,339.43,2.19,6.4,44.76,1.43,15.6,69.04,Inox,Gaurire,110,0,Niciunul
353,Burghiu,CARBIDE DRILL Ø12,4955,336.07,0.58,17.06,62.22,1.77,6.8,71.07,Inox,Gaurire,394,0,Niciunul
354,Burghiu,CARBIDE DRILL Ø12,5457,375.13,2.42,15.75,40.18,0.88,8.3,74.29,Otel,Gaurire,143,0,Niciunul
355,Burghiu,CARBIDE DRILL Ø12,2063,203.03,2.68,17.51,44.39,0.61,10.8,65.98,Inox,Gaurire,75,0,Niciunul
356,Burghiu,CARBIDE DRILL Ø12,2584,1053.22,1.87,13.86,47.61,0.76,7.5,67.38,Inox,Gaurire,477,0,Niciunul
357,Burghiu,CARBIDE DRILL Ø12,4969,1181.5,0.52,18.26,56.65,1.71,8.6,65.21,Inox,Gaurire,42,0,Niciunul
358,Burghiu,CARBIDE DRILL Ø12,2825,762.6,0.3,11.52,48.54,1.16,17.6,70.59,Aluminiu,Gaurire,143,0,Niciunul
359,Burghiu,CARBIDE DRILL Ø12,3904,679.0,2.39,11.3,35.41,1.33,9.2,64.14,Inox,Gaurire,392,0,Niciunul
360,Burghiu,CARBIDE DRILL Ø12,3667,617.99,0.78,9.22,40.02,0.76,7.5,71.24,Otel,Gaurire,456,0,Niciunul
361,Burghiu,CARBIDE DRILL Ø12,2126,510.41,1.88,18.45,36.25,1.43,10.8,66.42,Aluminiu,Gaurire,259,0,Niciunul
362,Burghiu,CARBIDE DRILL Ø12,3826,530.26,0.41,19.33,80.75,3.23,83.0,80.95,Inox,Gaurire,261,1,Uzura excesiva
363,Burghiu,CARBIDE DRILL Ø12,3864,1151.77,0.32,19.09,78.92,7.44,25.2,87.29,Inox,Gaurire,231,1,Vibratii
364,Burghiu,CARBIDE DRILL Ø12,2768,745.78,0.69,19.17,65.51,0.71,12.4,68.35,Otel,Gaurire,231,0,Niciunul
365,Burghiu,CARBIDE DRILL Ø12,3777,1122.94,2.96,9.03,62.42,12.35,40.6,88.02,Aluminiu,Gaurire,130,1,Vibratii
366,Burghiu,CARBIDE DRILL Ø12,1556,390.76,0.88,9.77,82.95,2.42,78.9,73.11,Inox,Gaurire,68,1,Uzura excesiva
367,Burghiu,CARBIDE DRILL Ø12,5193,532.7,2.76,8.51,89.69,9.21,20.9,99.65,Aluminiu,Gaurire,370,1,Vibratii
368,Burghiu,CARBIDE DRILL Ø12,3879,938.37,2.81,8.74,46.88,1.26,12.2,63.51,Otel,Gaurire,79,0,Niciunul
369,Burghiu,CARBIDE DRILL Ø12,4429,818.11,1.89,12.06,56.89,1.6,16.8,67.38,Inox,Gaurire,469,0,Niciunul
370,Burghiu,CARBIDE DRILL Ø12,5313,636.24,0.99,13.14,46.38,0.89,1.8,64.0,Inox,Gaurire,402,0,Niciunul
371,Burghiu,CARBIDE DRILL Ø12,2681,832.82,2.26,14.24,37.44,1.68,17.0,66.51,Aluminiu,Gaurire,379,0,Niciunul
372,Burghiu,CARBIDE DRILL Ø12,3511,882.2,2.3,8.52,59.29,1.5,14.7,74.68,Inox,Gaurire,108,0,Niciunul
373,Burghiu,CARBIDE DRILL Ø12,2117,852.81,1.63,13.79,66.4,1.63,14.5,68.32,Otel,Gaurire,226,0,Niciunul
374,Burghiu,CARBIDE DRILL Ø12,4729,249.35,0.26,10.01,43.72,0.96,10.7,63.74,Inox,Gaurire,387,0,Niciunul
375,Burghiu,CARBIDE DRILL Ø12,5042,987.06,1.52,18.52,157.12,3.05,35.6,83.75,Inox,Gaurire,133,1,Supraincalzire
376,Burghiu,CARBIDE DRILL Ø12,3058,619.07,0.57,12.93,39.38,1.97,0.3,66.48,Aluminiu,Gaurire,144,0,Niciunul
377,Burghiu,CARBIDE DRILL Ø12,2928,1160.21,2.17,12.92,65.31,0.72,8.5,69.85,Inox,Gaurire,363,0,Niciunul
378,Burghiu,CARBIDE DRILL Ø12,2213,1136.13,1.79,14.64,166.39,2.23,34.6,79.88,Otel,Gaurire,355,1,Supraincalzire
379,Burghiu,CARBIDE DRILL Ø12,5483,421.65,0.22,19.25,60.28,11.09,21.6,85.1,Otel,Gaurire,69,1,Vibratii
380,Burghiu,CARBIDE DRILL Ø12,2735,728.42,1.68,19.02,78.36,4.61,72.5,86.62,Inox,Gaurire,120,1,Uzura excesiva
381,Burghiu,CARBIDE DRILL Ø12,1986,500.65,0.85,8.15,155.33,3.58,31.5,83.8,Otel,Gaurire,321,1,Supraincalzire
382,Burghiu,CARBIDE DRILL Ø12,2152,414.74,0.94,5.45,73.03,10.45,48.4,99.83,Otel,Gaurire,366,1,Vibratii
383,Burghiu,CARBIDE DRILL Ø12,2169,650.26,0.77,14.65,56.16,0.55,5.3,66.17,Aluminiu,Gaurire,420,0,Niciunul
384,Burghiu,CARBIDE DRILL Ø12,5389,303.39,0.95,12.88,41.22,1.1,17.8,73.78,Aluminiu,Gaurire,308,0,Niciunul
385,Burghiu,CARBIDE DRILL Ø12,3428,692.19,0.86,17.2,80.48,3.36,95.7,89.65,Inox,Gaurire,208,1,Uzura excesiva
386,Burghiu,CARBIDE DRILL Ø12,3943,593.43,2.68,12.58,67.43,7.82,40.5,86.58,Otel,Gaurire,478,1,Vibratii
387,Burghiu,CARBIDE DRILL Ø12,4857,547.49,0.51,7.27,52.04,1.81,15.8,68.98,Otel,Gaurire,278,0,Niciunul
388,Burghiu,CARBIDE DRILL Ø12,5426,426.89,0.53,10.69,68.85,0.87,0.5,63.67,Otel,Gaurire,16,0,Niciunul
389,Burghiu,CARBIDE DRILL Ø12,1992,585.57,1.84,14.56,41.15,1.09,10.9,63.02,Aluminiu,Gaurire,226,0,Niciunul
390,Burghiu,CARBIDE DRILL Ø12,5834,1103.0,2.29,5.37,62.49,1.22,14.2,72.0,Inox,Gaurire,252,0,Niciunul
391,Burghiu,CARBIDE DRILL Ø12,2382,846.5,1.14,19.3,143.17,2.0,27.9,83.01,Aluminiu,Gaurire,228,1,Supraincalzire
392,Burghiu,CARBIDE DRILL Ø12,2097,862.07,0.78,14.9,55.51,1.5,12.7,67.96,Inox,Gaurire,201,0,Niciunul
393,Burghiu,CARBIDE DRILL Ø12,3116,450.91,0.94,16.3,55.88,0.59,19.5,61.71,Otel,Gaurire,218,0,Niciunul
394,Burghiu,CARBIDE DRILL Ø12,2218,551.68,2.58,17.62,36.5,1.74,5.4,67.41,Aluminiu,Gaurire,61,0,Niciunul
395,Burghiu,CARBIDE DRILL Ø12,3997,670.1,1.39,17.14,40.56,1.06,4.0,65.33,Aluminiu,Gaurire,141,0,Niciunul
396,Burghiu,CARBIDE DRILL Ø12,4923,477.9,2.97,11.72,78.44,10.34,30.8,89.83,Otel,Gaurire,59,1,Vibratii
397,Burghiu,CARBIDE DRILL Ø12,5208,754.23,0.95,16.3,155.5,3.56,35.9,82.96,Inox,Gaurire,97,1,Supraincalzire
398,Burghiu,CARBIDE DRILL Ø12,5805,753.68,2.22,6.05,57.89,1.41,19.8,74.13,Aluminiu,Gaurire,275,0,Niciunul
399,Burghiu,CARBIDE DRILL Ø12,4588,821.21,1.95,10.4,95.54,2.73,76.8,74.3,Aluminiu,Gaurire,468,1,Uzura excesiva
400,Burghiu,CARBIDE DRILL Ø12,3398,984.19,2.3,9.66,51.14,0.9,2.0,60.98,Aluminiu,Gaurire,69,0,Niciunul
401,Burghiu,CARBIDE DRILL Ø12,2775,1155.93,2.75,19.42,127.07,2.32,37.8,79.7,Otel,Gaurire,185,1,Supraincalzire
402,Burghiu,CARBIDE DRILL Ø12,1623,916.14,2.68,17.91,41.74,1.47,13.5,64.14,Otel,Gaurire,368,0,Niciunul
403,Burghiu,CARBIDE DRILL Ø12,3977,726.38,2.63,11.88,76.33,7.96,44.6,95.6,Otel,Gaurire,197,1,Vibratii
404,Burghiu,CARBIDE DRILL Ø12,1882,342.62,2.38,8.75,150.63,3.92,25.2,83.81,Aluminiu,Gaurire,332,1,Supraincalzire
405,Burghiu,CARBIDE DRILL Ø12,5619,778.35,0.47,12.51,178.36,1.81,24.3,84.15,Inox,Gaurire,420,1,Supraincalzire
406,Burghiu,CARBIDE DRILL Ø12,5799,981.74,2.81,17.82,39.9,1.25,15.3,65.72,Inox,Gaurire,452,0,Niciunul
407,Burghiu,CARBIDE DRILL Ø12,3893,1078.83,0.52,18.09,43.28,0.98,15.1,63.76,Otel,Gaurire,298,0,Niciunul
408,Burghiu,CARBIDE DRILL Ø12,5054,865.8,0.18,6.99,162.79,3.48,21.0,77.67,Inox,Gaurire,180,1,Supraincalzire
409,Burghiu,CARBIDE DRILL Ø12,4091,264.98,2.26,12.61,87.61,3.46,70.4,70.53,Inox,Gaurire,193,1,Uzura excesiva
410,Burghiu,CARBIDE DRILL Ø12,4589,833.17,2.93,6.13,137.47,3.89,24.2,77.77,Inox,Gaurire,379,1,Supraincalzire
411,Burghiu,CARBIDE DRILL Ø12,2916,491.82,2.98,14.94,130.29,3.77,26.3,76.99,Aluminiu,Gaurire,34,1,Supraincalzire
412,Burghiu,CARBIDE DRILL Ø12,2425,748.36,1.93,9.52,57.57,1.75,16.0,68.39,Inox,Gaurire,2,0,Niciunul
413,Burghiu,CARBIDE DRILL Ø12,5003,425.75,0.73,18.28,36.5,0.71,17.0,63.95,Aluminiu,Gaurire,166,0,Niciunul
414,Burghiu,CARBIDE DRILL Ø12,1917,1170.35,1.86,16.14,67.42,1.11,16.3,66.9,Inox,Gaurire,299,0,Niciunul
415,Burghiu,CARBIDE DRILL Ø12,1771,564.77,2.16,9.89,67.23,10.34,27.7,100.52,Otel,Gaurire,234,1,Vibratii
416,Burghiu,CARBIDE DRILL Ø12,1740,648.08,1.9,18.21,42.14,1.52,2.4,72.02,Aluminiu,Gaurire,477,0,Niciunul
417,Burghiu,CARBIDE DRILL Ø12,1605,330.69,2.85,14.13,48.72,0.71,13.2,73.12,Otel,Gaurire,26,0,Niciunul
418,Burghiu,CARBIDE DRILL Ø12,5413,404.0,2.61,10.19,173.02,2.91,27.8,84.66,Otel,Gaurire,4,1,Supraincalzire
419,Burghiu,CARBIDE DRILL Ø12,2882,775.3,0.61,19.68,56.62,1.37,7.1,62.7,Otel,Gaurire,213,0,Niciunul
420,Burghiu,CARBIDE DRILL Ø12,4753,335.97,2.0,6.45,39.01,1.78,16.2,74.3,Otel,Gaurire,484,0,Niciunul
421,Burghiu,CARBIDE DRILL Ø12,5676,891.67,2.46,10.56,176.57,2.04,37.4,79.23,Inox,Gaurire,421,1,Supraincalzire
422,Burghiu,CARBIDE DRILL Ø12,3972,309.04,1.4,16.75,38.18,1.18,7.3,70.14,Otel,Gaurire,96,0,Niciunul
423,Burghiu,CARBIDE DRILL Ø12,1860,583.9,0.21,14.62,40.37,1.24,14.5,63.14,Aluminiu,Gaurire,29,0,Niciunul
424,Burghiu,CARBIDE DRILL Ø12,1677,445.36,1.82,13.93,52.11,1.95,2.0,65.9,Aluminiu,Gaurire,139,0,Niciunul
425,Burghiu,CARBIDE DRILL Ø12,1539,444.94,0.44,12.37,47.54,1.0,12.1,72.08,Otel,Gaurire,203,0,Niciunul
426,Burghiu,CARBIDE DRILL Ø12,3614,809.3,1.08,15.46,84.69,11.09,43.2,103.41,Otel,Gaurire,200,1,Vibratii
427,Burghiu,CARBIDE DRILL Ø12,3754,576.75,2.0,5.87,57.45,0.82,3.8,62.06,Aluminiu,Gaurire,461,0,Niciunul
428,Burghiu,CARBIDE DRILL Ø12,5444,765.69,1.04,5.15,85.26,11.42,42.5,89.55,Aluminiu,Gaurire,320,1,Vibratii
429,Burghiu,CARBIDE DRILL Ø12,5538,632.64,0.2,18.63,149.5,2.09,29.1,83.61,Inox,Gaurire,165,1,Supraincalzire
430,Burghiu,CARBIDE DRILL Ø12,2058,627.55,1.07,13.9,83.54,2.24,95.1,77.3,Inox,Gaurire,399,1,Uzura excesiva
431,Burghiu,CARBIDE DRILL Ø12,5045,278.06,2.4,13.5,57.96,0.83,2.0,73.22,Aluminiu,Gaurire,227,0,Niciunul
432,Burghiu,CARBIDE DRILL Ø12,4719,592.1,2.47,14.36,54.51,1.19,6.1,61.45,Otel,Gaurire,303,0,Niciunul
433,Burghiu,CARBIDE DRILL Ø12,2360,1018.01,1.69,14.23,135.58,1.96,29.4,82.74,Aluminiu,Gaurire,84,1,Supraincalzire
434,Burghiu,CARBIDE DRILL Ø12,5570,443.38,2.22,6.19,63.71,1.75,13.0,74.95,Inox,Gaurire,81,0,Niciunul
435,Burghiu,CARBIDE DRILL Ø12,3690,554.67,0.49,18.7,169.89,2.63,36.7,81.47,Inox,Gaurire,457,1,Supraincalzire
436,Burghiu,CARBIDE DRILL Ø12,4914,679.83,0.58,12.43,81.16,7.09,37.2,92.29,Aluminiu,Gaurire,161,1,Vibratii
437,Burghiu,CARBIDE DRILL Ø12,5349,395.73,1.94,5.98,62.73,1.81,12.0,63.6,Otel,Gaurire,72,0,Niciunul
438,Burghiu,CARBIDE DRILL Ø12,5935,1120.17,2.18,8.23,60.48,12.72,39.4,101.21,Inox,Gaurire,77,1,Vibratii
439,Burghiu,CARBIDE DRILL Ø12,3042,225.23,2.95,8.16,65.88,1.13,2.4,72.09,Inox,Gaurire,319,0,Niciunul
440,Burghiu,CARBIDE DRILL Ø12,4787,1189.18,2.74,11.75,71.47,10.56,29.2,94.45,Otel,Gaurire,301,1,Vibratii
441,Burghiu,CARBIDE DRILL Ø12,4233,1042.11,1.73,8.45,86.25,7.04,26.8,99.97,Inox,Gaurire,183,1,Vibratii
442,Burghiu,CARBIDE DRILL Ø12,5922,479.85,2.34,10.58,63.82,0.62,19.9,65.21,Aluminiu,Gaurire,286,0,Niciunul
443,Burghiu,CARBIDE DRILL Ø12,2914,780.92,2.17,12.81,88.09,9.16,39.7,88.62,Aluminiu,Gaurire,493,1,Vibratii
444,Burghiu,CARBIDE DRILL Ø12,5976,1127.31,2.19,14.49,74.02,2.54,71.7,71.7,Otel,Gaurire,15,1,Uzura excesiva
445,Burghiu,CARBIDE DRILL Ø12,4519,362.67,0.61,18.0,102.78,2.23,99.8,88.45,Aluminiu,Gaurire,424,1,Uzura excesiva
446,Burghiu,CARBIDE DRILL Ø12,4771,945.98,2.07,17.1,138.61,3.02,39.0,83.88,Inox,Gaurire,45,1,Supraincalzire
447,Burghiu,CARBIDE DRILL Ø12,4073,1107.24,2.14,13.93,125.5,3.67,34.0,76.3,Inox,Gaurire,351,1,Supraincalzire
448,Burghiu,CARBIDE DRILL Ø12,4068,930.6,1.97,9.68,154.06,2.94,37.7,84.04,Inox,Gaurire,242,1,Supraincalzire
449,Burghiu,CARBIDE DRILL Ø12,4667,222.24,0.3,16.42,65.97,9.97,22.5,96.82,Aluminiu,Gaurire,362,1,Vibratii
450,Burghiu,CARBIDE DRILL Ø12,1771,1130.05,0.89,17.2,60.65,0.54,9.4,74.72,Otel,Gaurire,442,0,Niciunul
451,Burghiu,CARBIDE DRILL Ø12,4250,769.54,1.7,16.68,169.29,2.99,39.8,81.06,Aluminiu,Gaurire,121,1,Supraincalzire
452,Burghiu,CARBIDE DRILL Ø12,3667,565.47,1.86,13.36,167.81,1.52,22.0,75.88,Inox,Gaurire,134,1,Supraincalzire
453,Burghiu,CARBIDE DRILL Ø12,1595,987.02,2.88,8.92,35.59,0.88,19.9,62.07,Inox,Gaurire,439,0,Niciunul
454,Burghiu,CARBIDE DRILL Ø12,5499,690.94,1.35,17.62,50.27,1.21,6.9,60.41,Inox,Gaurire,195,0,Niciunul
455,Burghiu,CARBIDE DRILL Ø12,3425,457.22,2.83,16.59,69.17,7.69,33.1,103.25,Inox,Gaurire,154,1,Vibratii
456,Burghiu,CARBIDE DRILL Ø12,2643,396.34,1.89,9.92,157.34,3.33,35.6,79.45,Otel,Gaurire,459,1,Supraincalzire
457,Burghiu,CARBIDE DRILL Ø12,2334,413.14,1.83,11.0,98.85,2.34,69.9,87.68,Otel,Gaurire,448,1,Uzura excesiva
458,Burghiu,CARBIDE DRILL Ø12,3974,812.4,0.75,9.0,108.09,2.08,92.3,73.79,Otel,Gaurire,396,1,Uzura excesiva
459,Burghiu,CARBIDE DRILL Ø12,3006,647.97,1.92,12.36,152.67,2.4,36.4,81.43,Aluminiu,Gaurire,237,1,Supraincalzire
460,Burghiu,CARBIDE DRILL Ø12,2561,260.76,0.38,5.09,59.36,1.18,10.7,74.53,Inox,Gaurire,429,0,Niciunul
461,Burghiu,CARBIDE DRILL Ø12,3376,382.45,1.73,12.73,45.73,1.28,7.9,69.15,Aluminiu,Gaurire,363,0,Niciunul
462,Burghiu,CARBIDE DRILL Ø12,5500,211.9,1.62,7.12,36.06,0.5,5.1,68.96,Inox,Gaurire,262,0,Niciunul
463,Burghiu,CARBIDE DRILL Ø12,3755,480.15,0.31,6.59,59.38,1.5,5.4,74.27,Otel,Gaurire,482,0,Niciunul
464,Burghiu,CARBIDE DRILL Ø12,3113,635.16,0.63,5.02,74.36,7.25,25.9,95.72,Otel,Gaurire,436,1,Vibratii
465,Burghiu,CARBIDE DRILL Ø12,3166,554.97,1.34,5.41,155.97,1.72,28.2,83.89,Otel,Gaurire,356,1,Supraincalzire
466,Burghiu,CARBIDE DRILL Ø12,1814,237.84,2.06,15.5,104.97,3.04,63.1,86.19,Aluminiu,Gaurire,227,1,Uzura excesiva
467,Burghiu,CARBIDE DRILL Ø12,1582,759.82,2.84,6.91,87.84,8.59,48.6,89.86,Otel,Gaurire,75,1,Vibratii
468,Burghiu,CARBIDE DRILL Ø12,4790,378.14,2.37,19.11,75.16,8.01,40.1,89.82,Inox,Gaurire,290,1,Vibratii
469,Burghiu,CARBIDE DRILL Ø12,4192,1150.85,0.7,13.8,46.52,0.84,6.1,63.74,Inox,Gaurire,196,0,Niciunul
470,Burghiu,CARBIDE DRILL Ø12,3939,876.63,2.67,6.88,165.09,1.69,32.0,79.43,Aluminiu,Gaurire,279,1,Supraincalzire
471,Burghiu,CARBIDE DRILL Ø12,4772,635.4,1.96,8.46,104.11,3.74,82.5,81.76,Otel,Gaurire,462,1,Uzura excesiva
472,Burghiu,CARBIDE DRILL Ø12,5482,558.62,1.7,10.82,61.5,7.32,45.8,103.15,Aluminiu,Gaurire,304,1,Vibratii
473,Burghiu,CARBIDE DRILL Ø12,4324,1072.53,2.15,5.42,106.61,3.26,64.6,82.68,Otel,Gaurire,404,1,Uzura excesiva
474,Burghiu,CARBIDE DRILL Ø12,2886,832.14,1.77,18.3,55.49,1.15,2.7,64.62,Inox,Gaurire,201,0,Niciunul
475,Burghiu,CARBIDE DRILL Ø12,4166,1078.65,1.72,10.99,123.31,2.04,22.8,80.48,Aluminiu,Gaurire,441,1,Supraincalzire
476,Burghiu,CARBIDE DRILL Ø12,5321,615.62,1.18,16.62,128.58,3.13,30.2,80.42,Inox,Gaurire,52,1,Supraincalzire
477,Burghiu,CARBIDE DRILL Ø12,2747,1030.04,2.66,8.51,83.55,13.58,24.6,88.17,Aluminiu,Gaurire,486,1,Vibratii
478,Burghiu,CARBIDE DRILL Ø12,5304,818.4,2.75,10.24,40.96,2.0,2.1,65.39,Otel,Gaurire,65,0,Niciunul
479,Burghiu,CARBIDE DRILL Ø12,3237,1078.55,1.74,14.33,81.52,4.01,96.7,76.89,Aluminiu,Gaurire,274,1,Uzura excesiva
480,Burghiu,CARBIDE DRILL Ø12,4184,1022.64,0.56,12.42,89.04,3.4,96.9,82.79,Aluminiu,Gaurire,238,1,Uzura excesiva
481,Burghiu,CARBIDE DRILL Ø12,2975,940.74,0.78,19.31,74.34,3.23,61.9,89.31,Otel,Gaurire,336,1,Uzura excesiva
482,Burghiu,CARBIDE DRILL Ø12,4139,309.53,1.63,9.97,66.24,12.6,30.5,89.51,Inox,Gaurire,327,1,Vibratii
483,Burghiu,CARBIDE DRILL Ø12,2716,262.04,0.31,8.28,60.09,10.32,45.8,100.71,Inox,Gaurire,27,1,Vibratii
484,Burghiu,CARBIDE DRILL Ø12,3072,258.9,1.42,11.68,61.1,1.17,12.0,64.36,Inox,Gaurire,33,0,Niciunul
485,Burghiu,CARBIDE DRILL Ø12,5723,816.84,0.74,12.31,56.1,1.41,17.3,69.99,Inox,Gaurire,332,0,Niciunul
486,Burghiu,CARBIDE DRILL Ø12,4262,816.33,0.2,7.09,57.26,1.99,14.6,68.07,Inox,Gaurire,191,0,Niciunul
487,Burghiu,CARBIDE DRILL Ø12,3203,238.11,1.68,12.35,91.41,2.32,99.9,81.11,Aluminiu,Gaurire,305,1,Uzura excesiva
488,Burghiu,CARBIDE DRILL Ø12,5730,991.72,1.4,7.22,85.23,13.92,35.8,103.32,Inox,Gaurire,209,1,Vibratii
489,Burghiu,CARBIDE DRILL Ø12,2622,1196.08,1.81,19.73,40.2,1.68,19.9,69.32,Inox,Gaurire,200,0,Niciunul
490,Burghiu,CARBIDE DRILL Ø12,2279,998.81,2.77,8.92,135.58,2.41,20.7,84.8,Aluminiu,Gaurire,331,1,Supraincalzire
491,Burghiu,CARBIDE DRILL Ø12,2182,815.33,1.09,16.34,63.42,9.34,24.9,89.74,Inox,Gaurire,83,1,Vibratii
492,Burghiu,CARBIDE DRILL Ø12,1949,285.31,2.44,9.75,67.42,0.86,13.5,65.56,Aluminiu,Gaurire,378,0,Niciunul
493,Burghiu,CARBIDE DRILL Ø12,1800,213.74,2.98,17.97,51.34,0.6,12.9,60.33,Inox,Gaurire,430,0,Niciunul
494,Burghiu,CARBIDE DRILL Ø12,1674,812.96,1.95,7.21,37.67,1.16,9.7,63.44,Aluminiu,Gaurire,178,0,Niciunul
495,Burghiu,CARBIDE DRILL Ø12,5546,461.95,0.81,10.11,47.65,1.32,20.0,60.31,Inox,Gaurire,135,0,Niciunul
496,Burghiu,CARBIDE DRILL Ø12,1516,604.04,2.08,8.07,94.03,4.24,96.8,89.9,Aluminiu,Gaurire,302,1,Uzura excesiva
497,Burghiu,CARBIDE DRILL Ø12,3153,640.91,2.79,13.56,76.71,3.55,91.5,82.35,Aluminiu,Gaurire,216,1,Uzura excesiva
498,Burghiu,CARBIDE DRILL Ø12,2603,1113.7,0.54,10.32,162.88,2.91,35.4,77.33,Otel,Gaurire,442,1,Supraincalzire
499,Burghiu,CARBIDE DRILL Ø12,3674,867.53,0.15,15.81,59.53,1.95,9.5,66.0,Inox,Gaurire,130,0,Niciunul
500,Burghiu,CARBIDE DRILL Ø12,2497,335.15,2.17,11.71,144.09,2.19,25.3,79.8,Otel,Gaurire,357,1,Supraincalzire
501,Burghiu,CARBIDE DRILL Ø12,2239,398.37,0.51,10.52,60.86,1.66,4.6,71.35,Inox,Gaurire,387,0,Niciunul
502,Burghiu,CARBIDE DRILL Ø12,4908,622.16,2.8,12.84,84.18,10.36,46.5,97.78,Aluminiu,Gaurire,41,1,Vibratii
503,Burghiu,CARBIDE DRILL Ø12,1971,1027.83,2.72,6.52,63.55,1.6,8.1,63.01,Otel,Gaurire,277,0,Niciunul
504,Burghiu,CARBIDE DRILL Ø12,4824,986.28,0.75,8.93,66.8,12.4,46.7,97.99,Otel,Gaurire,464,1,Vibratii
505,Burghiu,CARBIDE DRILL Ø12,2022,309.45,0.41,14.95,60.45,0.84,7.1,66.31,Otel,Gaurire,405,0,Niciunul
506,Burghiu,CARBIDE DRILL Ø12,3076,601.21,0.37,15.3,76.81,4.98,68.7,70.27,Aluminiu,Gaurire,310,1,Uzura excesiva
507,Burghiu,CARBIDE DRILL Ø12,2123,1034.21,0.74,18.84,70.01,3.87,67.7,83.07,Aluminiu,Gaurire,299,1,Uzura excesiva
508,Burghiu,CARBIDE DRILL Ø12,3077,448.19,2.63,19.15,53.48,1.95,2.7,68.81,Inox,Gaurire,160,0,Niciunul
509,Burghiu,CARBIDE DRILL Ø12,5459,864.21,2.22,8.54,68.36,0.99,12.7,68.49,Aluminiu,Gaurire,95,0,Niciunul
510,Burghiu,CARBIDE DRILL Ø12,4180,1016.14,0.49,16.46,39.8,1.31,3.8,61.17,Otel,Gaurire,1,0,Niciunul
511,Burghiu,CARBIDE DRILL Ø12,4732,371.52,2.41,8.76,99.88,4.63,60.6,86.36,Aluminiu,Gaurire,486,1,Uzura excesiva
512,Burghiu,CARBIDE DRILL Ø12,5198,1093.32,0.91,10.84,81.77,6.91,46.7,95.14,Inox,Gaurire,464,1,Vibratii
513,Burghiu,CARBIDE DRILL Ø12,3560,827.27,1.27,11.5,68.37,1.31,14.2,65.67,Otel,Gaurire,465,0,Niciunul
514,Burghiu,CARBIDE DRILL Ø12,3780,730.02,0.98,11.57,101.45,3.12,80.0,84.53,Inox,Gaurire,276,1,Uzura excesiva
515,Burghiu,CARBIDE DRILL Ø12,3531,1106.12,0.84,10.83,43.27,1.29,12.1,60.66,Otel,Gaurire,189,0,Niciunul
516,Burghiu,CARBIDE DRILL Ø12,5497,607.6,1.82,9.55,85.61,3.03,77.1,74.94,Inox,Gaurire,435,1,Uzura excesiva
517,Burghiu,CARBIDE DRILL Ø12,2891,937.38,0.35,19.75,95.08,3.01,77.4,82.56,Aluminiu,Gaurire,365,1,Uzura excesiva
518,Burghiu,CARBIDE DRILL Ø12,3831,434.1,1.77,9.29,48.0,1.67,17.0,72.19,Inox,Gaurire,148,0,Niciunul
519,Burghiu,CARBIDE DRILL Ø12,1810,209.17,2.17,10.93,52.68,1.04,2.8,64.67,Inox,Gaurire,212,0,Niciunul
520,Burghiu,CARBIDE DRILL Ø12,5057,593.43,1.25,19.37,55.49,1.54,8.1,69.86,Otel,Gaurire,44,0,Niciunul
521,Burghiu,CARBIDE DRILL Ø12,3563,350.6,2.18,6.82,149.95,3.13,22.2,75.14,Inox,Gaurire,394,1,Supraincalzire
522,Burghiu,CARBIDE DRILL Ø12,4298,1167.19,2.13,18.17,157.11,3.34,37.4,76.15,Otel,Gaurire,356,1,Supraincalzire
523,Burghiu,CARBIDE DRILL Ø12,5951,551.49,0.94,11.47,79.34,2.13,60.3,85.96,Otel,Gaurire,21,1,Uzura excesiva
524,Burghiu,CARBIDE DRILL Ø12,1845,244.96,0.48,8.79,68.76,1.58,9.7,67.5,Aluminiu,Gaurire,144,0,Niciunul
525,Burghiu,CARBIDE DRILL Ø12,1678,1017.92,1.06,12.95,146.96,2.36,33.8,81.16,Inox,Gaurire,65,1,Supraincalzire
526,Burghiu,CARBIDE DRILL Ø12,3530,514.87,1.5,9.56,43.12,0.6,14.5,67.37,Aluminiu,Gaurire,477,0,Niciunul
527,Burghiu,CARBIDE DRILL Ø12,4108,741.63,2.98,18.73,167.55,3.53,24.5,77.77,Otel,Gaurire,105,1,Supraincalzire
528,Burghiu,CARBIDE DRILL Ø12,4052,846.87,1.9,14.75,71.01,2.6,95.5,73.48,Otel,Gaurire,328,1,Uzura excesiva
529,Burghiu,CARBIDE DRILL Ø12,3134,1097.34,1.35,8.1,39.69,1.02,5.7,64.62,Otel,Gaurire,386,0,Niciunul
530,Burghiu,CARBIDE DRILL Ø12,3677,1186.78,2.41,11.24,37.13,0.72,8.4,68.5,Otel,Gaurire,312,0,Niciunul
531,Burghiu,CARBIDE DRILL Ø12,5239,772.29,1.42,16.01,37.68,1.65,3.1,74.54,Aluminiu,Gaurire,210,0,Niciunul
532,Burghiu,CARBIDE DRILL Ø12,3021,856.71,1.97,10.83,138.01,2.54,33.4,79.25,Inox,Gaurire,78,1,Supraincalzire
533,Burghiu,CARBIDE DRILL Ø12,2294,519.93,1.26,13.44,48.95,1.73,15.1,70.35,Otel,Gaurire,327,0,Niciunul
534,Burghiu,CARBIDE DRILL Ø12,2738,960.91,0.47,13.11,64.67,8.91,36.7,99.15,Inox,Gaurire,315,1,Vibratii
535,Burghiu,CARBIDE DRILL Ø12,3213,240.29,2.05,18.1,59.11,1.06,10.1,60.29,Otel,Gaurire,428,0,Niciunul
536,Burghiu,CARBIDE DRILL Ø12,1962,702.83,1.5,9.73,54.18,1.34,13.2,70.95,Otel,Gaurire,332,0,Niciunul
537,Burghiu,CARBIDE DRILL Ø12,2285,281.05,0.47,15.8,130.3,1.84,24.7,82.59,Inox,Gaurire,137,1,Supraincalzire
538,Burghiu,CARBIDE DRILL Ø12,4057,775.54,0.55,19.87,98.25,4.4,83.0,88.44,Aluminiu,Gaurire,239,1,Uzura excesiva
539,Burghiu,CARBIDE DRILL Ø12,5610,1032.97,2.73,12.45,35.5,1.9,6.7,74.65,Aluminiu,Gaurire,35,0,Niciunul
540,Burghiu,CARBIDE DRILL Ø12,4079,360.06,2.83,8.24,55.92,1.57,9.5,63.81,Otel,Gaurire,80,0,Niciunul
541,Burghiu,CARBIDE DRILL Ø12,2292,795.87,0.67,14.31,66.85,6.19,25.0,90.1,Otel,Gaurire,152,1,Vibratii
542,Burghiu,CARBIDE DRILL Ø12,3403,807.05,0.63,7.42,174.21,2.66,24.1,80.28,Inox,Gaurire,440,1,Supraincalzire
543,Burghiu,CARBIDE DRILL Ø12,2079,564.26,0.91,10.98,163.42,3.04,26.2,81.69,Aluminiu,Gaurire,236,1,Supraincalzire
544,Burghiu,CARBIDE DRILL Ø12,4559,370.35,0.54,6.49,53.85,1.27,20.0,73.94,Inox,Gaurire,117,0,Niciunul
545,Burghiu,CARBIDE DRILL Ø12,4947,239.43,2.25,19.54,140.1,3.68,39.3,76.2,Otel,Gaurire,315,1,Supraincalzire
546,Burghiu,CARBIDE DRILL Ø12,1890,927.24,0.69,12.9,39.84,0.55,0.9,69.0,Inox,Gaurire,444,0,Niciunul
547,Burghiu,CARBIDE DRILL Ø12,2850,686.13,2.04,17.89,76.25,4.7,89.1,86.98,Otel,Gaurire,216,1,Uzura excesiva
548,Burghiu,CARBIDE DRILL Ø12,5616,487.05,2.73,11.26,54.75,1.63,17.4,63.64,Inox,Gaurire,191,0,Niciunul
549,Burghiu,CARBIDE DRILL Ø12,2007,908.87,2.31,12.4,76.52,4.02,93.4,72.96,Aluminiu,Gaurire,323,1,Uzura excesiva
550,Burghiu,CARBIDE DRILL Ø12,4277,629.95,2.17,16.02,140.24,3.55,23.9,76.52,Aluminiu,Gaurire,251,1,Supraincalzire
551,Burghiu,CARBIDE DRILL Ø12,4213,557.62,1.98,8.0,44.58,1.93,18.2,64.85,Otel,Gaurire,399,0,Niciunul
552,Burghiu,CARBIDE DRILL Ø12,4096,451.5,1.07,5.51,56.27,0.68,1.0,60.24,Aluminiu,Gaurire,340,0,Niciunul
553,Burghiu,CARBIDE DRILL Ø12,2982,1018.7,1.99,17.95,59.12,1.85,16.9,64.64,Otel,Gaurire,237,0,Niciunul
554,Burghiu,CARBIDE DRILL Ø12,3830,214.83,0.63,16.27,66.37,1.11,3.0,63.28,Inox,Gaurire,23,0,Niciunul
555,Burghiu,CARBIDE DRILL Ø12,2087,616.78,2.44,16.28,63.75,0.89,7.2,61.33,Inox,Gaurire,168,0,Niciunul
556,Burghiu,CARBIDE DRILL Ø12,4642,383.21,0.69,5.71,66.41,1.27,18.2,60.44,Aluminiu,Gaurire,173,0,Niciunul
557,Burghiu,CARBIDE DRILL Ø12,5424,741.34,2.51,14.66,54.52,1.91,3.5,62.07,Otel,Gaurire,235,0,Niciunul
558,Burghiu,CARBIDE DRILL Ø12,2053,667.46,1.44,14.13,124.17,2.67,29.2,84.79,Otel,Gaurire,392,1,Supraincalzire
559,Burghiu,CARBIDE DRILL Ø12,5674,1118.15,1.03,19.77,72.13,9.23,31.7,99.73,Inox,Gaurire,197,1,Vibratii
560,Burghiu,CARBIDE DRILL Ø12,3757,1177.46,2.76,5.2,101.46,3.96,84.9,87.35,Otel,Gaurire,419,1,Uzura excesiva
561,Burghiu,CARBIDE DRILL Ø12,3003,1078.46,2.77,18.99,123.3,2.72,38.9,76.16,Aluminiu,Gaurire,61,1,Supraincalzire
562,Burghiu,CARBIDE DRILL Ø12,2432,283.67,1.78,14.53,68.53,0.98,13.8,71.68,Inox,Gaurire,373,0,Niciunul
563,Burghiu,CARBIDE DRILL Ø12,2483,1024.18,2.8,18.72,84.22,13.7,40.1,96.75,Aluminiu,Gaurire,103,1,Vibratii
564,Burghiu,CARBIDE DRILL Ø12,4112,878.66,0.22,11.56,41.75,1.92,2.0,64.54,Otel,Gaurire,387,0,Niciunul
565,Burghiu,CARBIDE DRILL Ø12,4129,907.52,1.31,10.25,36.19,0.93,11.8,68.23,Aluminiu,Gaurire,236,0,Niciunul
566,Burghiu,CARBIDE DRILL Ø12,2652,978.56,1.23,11.42,44.41,1.97,17.5,60.45,Aluminiu,Gaurire,265,0,Niciunul
567,Burghiu,CARBIDE DRILL Ø12,4660,610.54,1.56,19.88,125.31,2.88,27.3,81.48,Aluminiu,Gaurire,97,1,Supraincalzire
568,Burghiu,CARBIDE DRILL Ø12,2029,418.78,2.2,14.88,64.75,7.26,37.5,90.92,Otel,Gaurire,295,1,Vibratii
569,Burghiu,CARBIDE DRILL Ø12,2573,279.43,2.49,5.1,58.76,0.83,12.3,62.01,Otel,Gaurire,435,0,Niciunul
570,Burghiu,CARBIDE DRILL Ø12,4353,431.25,2.56,6.83,84.1,11.21,45.5,87.5,Aluminiu,Gaurire,279,1,Vibratii
571,Burghiu,CARBIDE DRILL Ø12,4711,698.5,1.47,10.29,89.48,3.32,62.5,73.27,Inox,Gaurire,384,1,Uzura excesiva
572,Burghiu,CARBIDE DRILL Ø12,2817,457.01,1.38,16.68,66.61,0.73,1.5,71.78,Aluminiu,Gaurire,97,0,Niciunul
573,Burghiu,CARBIDE DRILL Ø12,5499,227.69,2.45,17.99,55.64,1.47,7.4,64.91,Otel,Gaurire,270,0,Niciunul
574,Burghiu,CARBIDE DRILL Ø12,4342,1087.06,0.23,7.22,140.43,3.44,38.9,80.38,Otel,Gaurire,484,1,Supraincalzire
575,Burghiu,CARBIDE DRILL Ø12,3603,666.49,2.55,5.5,79.52,4.95,84.1,72.93,Aluminiu,Gaurire,472,1,Uzura excesiva
576,Burghiu,CARBIDE DRILL Ø12,4993,791.68,0.59,7.95,69.51,0.66,17.4,68.19,Otel,Gaurire,57,0,Niciunul
577,Burghiu,CARBIDE DRILL Ø12,3161,981.44,1.32,14.64,146.45,3.15,31.2,80.31,Aluminiu,Gaurire,110,1,Supraincalzire
578,Burghiu,CARBIDE DRILL Ø12,5380,351.93,1.02,6.21,80.51,2.22,79.2,85.51,Otel,Gaurire,185,1,Uzura excesiva
579,Burghiu,CARBIDE DRILL Ø12,3311,387.69,2.52,14.82,44.27,1.07,6.8,66.71,Inox,Gaurire,31,0,Niciunul
580,Burghiu,CARBIDE DRILL Ø12,5350,1124.83,2.5,7.05,47.83,1.13,5.3,69.76,Inox,Gaurire,336,0,Niciunul
581,Burghiu,CARBIDE DRILL Ø12,5804,1077.32,0.6,12.61,60.86,1.64,19.3,74.05,Otel,Gaurire,274,0,Niciunul
582,Burghiu,CARBIDE DRILL Ø12,2893,648.52,0.45,12.0,79.4,6.5,47.2,96.47,Inox,Gaurire,432,1,Vibratii
583,Burghiu,CARBIDE DRILL Ø12,3717,286.12,0.9,8.66,44.0,1.87,1.4,69.54,Inox,Gaurire,441,0,Niciunul
584,Burghiu,CARBIDE DRILL Ø12,2573,484.61,1.31,8.9,73.37,4.88,95.2,72.26,Inox,Gaurire,328,1,Uzura excesiva
585,Burghiu,CARBIDE DRILL Ø12,2531,381.21,1.81,13.67,37.66,1.45,3.1,64.51,Inox,Gaurire,70,0,Niciunul
586,Burghiu,CARBIDE DRILL Ø12,5395,954.73,2.99,9.26,154.48,2.54,37.6,77.12,Aluminiu,Gaurire,440,1,Supraincalzire
587,Burghiu,CARBIDE DRILL Ø12,3636,838.07,1.39,13.76,77.85,7.94,31.8,94.2,Otel,Gaurire,270,1,Vibratii
588,Burghiu,CARBIDE DRILL Ø12,2403,469.21,0.41,9.92,67.79,1.44,19.6,66.71,Inox,Gaurire,345,0,Niciunul
589,Burghiu,CARBIDE DRILL Ø12,2562,435.33,2.9,15.79,55.77,1.01,18.8,71.19,Inox,Gaurire,400,0,Niciunul
590,Burghiu,CARBIDE DRILL Ø12,5024,1033.19,2.1,5.05,49.25,0.55,7.0,73.19,Otel,Gaurire,79,0,Niciunul
591,Burghiu,CARBIDE DRILL Ø12,1521,720.04,0.91,8.52,153.48,1.74,26.2,83.13,Otel,Gaurire,114,1,Supraincalzire
592,Burghiu,CARBIDE DRILL Ø12,5147,757.51,1.03,7.77,62.33,1.83,17.7,61.95,Otel,Gaurire,269,0,Niciunul
593,Burghiu,CARBIDE DRILL Ø12,3807,883.3,2.99,18.92,86.0,2.68,82.1,86.72,Aluminiu,Gaurire,312,1,Uzura excesiva
594,Burghiu,CARBIDE DRILL Ø12,2085,651.86,2.63,6.86,64.83,1.28,18.3,63.76,Otel,Gaurire,157,0,Niciunul
595,Burghiu,CARBIDE DRILL Ø12,4079,320.48,2.53,9.64,74.81,6.97,49.2,103.28,Aluminiu,Gaurire,162,1,Vibratii
596,Burghiu,CARBIDE DRILL Ø12,5560,1161.06,0.11,9.29,68.14,0.78,7.8,67.89,Inox,Gaurire,103,0,Niciunul
597,Burghiu,CARBIDE DRILL Ø12,5706,496.9,0.33,12.1,172.52,2.15,39.4,79.16,Otel,Gaurire,75,1,Supraincalzire
598,Burghiu,CARBIDE DRILL Ø12,2313,1041.41,1.15,14.62,70.29,12.04,41.7,93.31,Inox,Gaurire,237,1,Vibratii
599,Burghiu,CARBIDE DRILL Ø12,1626,392.89,0.96,13.39,35.14,1.17,19.0,67.24,Otel,Gaurire,176,0,Niciunul
600,Burghiu,CARBIDE DRILL Ø12,2737,513.33,2.58,16.44,151.09,1.78,37.3,78.66,Otel,Gaurire,5,1,Supraincalzire
1,Burghiu,HSS DRILL Ø6,5879,241.92,1.14,5.79,68.85,0.55,19.3,68.77,Inox,Gaurire,338,0,Niciunul
2,Burghiu,HSS DRILL Ø6,2263,811.99,2.54,6.85,161.77,3.33,38.9,75.91,Otel,Gaurire,23,1,Supraincalzire
3,Burghiu,HSS DRILL Ø6,5576,379.91,2.12,9.24,52.07,1.83,2.1,61.37,Otel,Gaurire,238,0,Niciunul
4,Burghiu,HSS DRILL Ø6,2431,290.43,1.01,17.86,67.05,1.82,9.8,66.76,Inox,Gaurire,228,0,Niciunul
5,Burghiu,HSS DRILL Ø6,1693,1125.85,1.0,8.44,96.45,3.0,66.3,87.31,Aluminiu,Gaurire,109,1,Uzura excesiva
6,Burghiu,HSS DRILL Ø6,2351,1145.77,1.39,5.79,62.94,1.8,14.6,64.02,Otel,Gaurire,191,0,Niciunul
7,Burghiu,HSS DRILL Ø6,2257,1113.27,1.04,13.91,39.72,1.69,11.4,71.84,Otel,Gaurire,412,0,Niciunul
8,Burghiu,HSS DRILL Ø6,2126,1096.75,0.22,15.83,62.05,0.84,17.3,73.15,Otel,Gaurire,461,0,Niciunul
9,Burghiu,HSS DRILL Ø6,3580,648.44,0.12,17.81,57.36,1.93,4.5,62.79,Inox,Gaurire,139,0,Niciunul
10,Burghiu,HSS DRILL Ø6,1802,1067.41,1.1,9.25,128.22,2.85,33.3,81.53,Otel,Gaurire,110,1,Supraincalzire
11,Burghiu,HSS DRILL Ø6,4983,1049.65,2.43,9.07,57.92,1.26,11.9,64.94,Inox,Gaurire,3,0,Niciunul
12,Burghiu,HSS DRILL Ø6,4942,352.24,0.57,15.52,69.76,13.04,23.1,104.08,Aluminiu,Gaurire,121,1,Vibratii
13,Burghiu,HSS DRILL Ø6,3022,262.24,2.81,17.54,100.2,3.05,62.4,77.5,Inox,Gaurire,481,1,Uzura excesiva
14,Burghiu,HSS DRILL Ø6,4058,466.04,2.67,5.73,60.92,1.0,15.8,62.37,Inox,Gaurire,325,0,Niciunul
15,Burghiu,HSS DRILL Ø6,2837,397.9,2.92,6.21,45.7,1.67,15.4,65.9,Inox,Gaurire,491,0,Niciunul
16,Burghiu,HSS DRILL Ø6,2581,440.13,0.92,12.02,96.93,4.11,92.8,81.16,Inox,Gaurire,106,1,Uzura excesiva
17,Burghiu,HSS DRILL Ø6,2996,657.3,0.36,11.27,66.65,12.4,33.4,103.9,Inox,Gaurire,349,1,Vibratii
18,Burghiu,HSS DRILL Ø6,3094,918.09,2.19,8.39,71.62,4.02,60.9,77.87,Otel,Gaurire,64,1,Uzura excesiva
19,Burghiu,HSS DRILL Ø6,3985,723.15,2.81,6.79,167.53,2.62,22.4,75.1,Inox,Gaurire,498,1,Supraincalzire
20,Burghiu,HSS DRILL Ø6,1650,591.83,2.91,8.97,57.95,0.7,12.1,70.7,Otel,Gaurire,342,0,Niciunul
21,Burghiu,HSS DRILL Ø6,3522,816.29,0.51,10.41,159.52,2.05,39.3,82.54,Otel,Gaurire,49,1,Supraincalzire
22,Burghiu,HSS DRILL Ø6,2073,693.78,0.94,17.93,39.16,1.17,13.2,63.26,Inox,Gaurire,383,0,Niciunul
23,Burghiu,HSS DRILL Ø6,2831,747.85,0.2,14.96,97.96,4.26,95.1,83.64,Otel,Gaurire,306,1,Uzura excesiva
24,Burghiu,HSS DRILL Ø6,4968,1177.44,2.78,5.34,145.57,2.93,32.2,83.83,Otel,Gaurire,224,1,Supraincalzire
25,Burghiu,HSS DRILL Ø6,4676,704.71,0.18,11.31,68.52,1.96,15.1,71.71,Otel,Gaurire,496,0,Niciunul
26,Burghiu,HSS DRILL Ø6,3597,630.01,0.61,15.25,67.99,1.61,13.8,67.54,Inox,Gaurire,325,0,Niciunul
27,Burghiu,HSS DRILL Ø6,4669,974.02,1.53,5.61,64.45,1.46,9.0,62.01,Inox,Gaurire,384,0,Niciunul
28,Burghiu,HSS DRILL Ø6,3277,816.32,1.13,13.75,69.48,11.22,31.3,94.94,Aluminiu,Gaurire,344,1,Vibratii
29,Burghiu,HSS DRILL Ø6,2736,1036.47,2.45,13.13,129.83,2.64,33.7,83.26,Otel,Gaurire,460,1,Supraincalzire
30,Burghiu,HSS DRILL Ø6,5808,660.63,0.17,16.12,143.52,2.78,25.6,82.0,Inox,Gaurire,390,1,Supraincalzire
31,Burghiu,HSS DRILL Ø6,4451,417.13,0.9,15.01,56.4,1.0,6.7,65.6,Aluminiu,Gaurire,469,0,Niciunul
32,Burghiu,HSS DRILL Ø6,4938,429.73,2.65,13.33,49.23,0.64,1.9,71.95,Aluminiu,Gaurire,445,0,Niciunul
33,Burghiu,HSS DRILL Ø6,2473,508.74,2.15,16.46,37.09,0.57,15.8,67.88,Inox,Gaurire,277,0,Niciunul
34,Burghiu,HSS DRILL Ø6,5763,1145.2,0.47,6.12,57.33,0.78,7.8,70.44,Inox,Gaurire,138,0,Niciunul
35,Burghiu,HSS DRILL Ø6,3526,286.41,1.08,7.02,93.7,4.71,73.8,74.91,Inox,Gaurire,492,1,Uzura excesiva
36,Burghiu,HSS DRILL Ø6,3015,627.54,1.23,12.88,46.15,1.61,10.0,62.58,Otel,Gaurire,145,0,Niciunul
37,Burghiu,HSS DRILL Ø6,4071,439.34,0.93,13.32,167.97,1.74,22.3,83.44,Otel,Gaurire,21,1,Supraincalzire
38,Burghiu,HSS DRILL Ø6,3779,1103.96,0.19,5.41,62.11,1.92,10.9,60.91,Aluminiu,Gaurire,393,0,Niciunul
39,Burghiu,HSS DRILL Ø6,2195,1062.02,1.63,17.74,47.24,1.63,7.1,65.83,Inox,Gaurire,270,0,Niciunul
40,Burghiu,HSS DRILL Ø6,4122,888.07,2.95,13.51,79.02,10.53,22.9,90.89,Otel,Gaurire,5,1,Vibratii
41,Burghiu,HSS DRILL Ø6,5305,1157.15,1.13,8.74,88.96,3.64,86.6,82.98,Inox,Gaurire,22,1,Uzura excesiva
42,Burghiu,HSS DRILL Ø6,2001,1077.44,0.44,19.44,61.33,0.87,0.2,61.42,Aluminiu,Gaurire,498,0,Niciunul
43,Burghiu,HSS DRILL Ø6,5622,241.44,0.39,5.39,36.49,1.93,2.4,61.35,Aluminiu,Gaurire,188,0,Niciunul
44,Burghiu,HSS DRILL Ø6,2775,301.01,0.15,16.74,128.98,2.83,28.3,83.66,Inox,Gaurire,62,1,Supraincalzire
45,Burghiu,HSS DRILL Ø6,4035,694.14,2.04,17.22,47.29,1.81,3.5,63.06,Otel,Gaurire,377,0,Niciunul
46,Burghiu,HSS DRILL Ø6,2441,278.07,0.6,8.81,52.54,0.79,5.1,74.32,Aluminiu,Gaurire,300,0,Niciunul
47,Burghiu,HSS DRILL Ø6,5270,721.75,2.47,12.35,45.01,0.77,18.1,66.11,Otel,Gaurire,184,0,Niciunul
48,Burghiu,HSS DRILL Ø6,3910,420.67,0.27,12.9,102.2,4.78,64.4,74.23,Aluminiu,Gaurire,107,1,Uzura excesiva
49,Burghiu,HSS DRILL Ø6,1782,735.55,0.69,9.39,164.05,3.87,29.9,79.15,Otel,Gaurire,476,1,Supraincalzire
50,Burghiu,HSS DRILL Ø6,5955,468.22,0.14,6.36,178.88,3.29,32.7,78.47,Inox,Gaurire,87,1,Supraincalzire
51,Burghiu,HSS DRILL Ø6,1675,235.77,2.94,12.42,152.62,2.8,33.7,80.53,Otel,Gaurire,243,1,Supraincalzire
52,Burghiu,HSS DRILL Ø6,2441,753.56,0.27,10.69,81.48,6.11,43.5,89.8,Inox,Gaurire,175,1,Vibratii
53,Burghiu,HSS DRILL Ø6,2722,532.55,1.45,6.77,35.31,1.35,11.7,70.67,Aluminiu,Gaurire,279,0,Niciunul
54,Burghiu,HSS DRILL Ø6,2940,496.62,2.59,10.2,50.49,0.58,3.5,64.18,Aluminiu,Gaurire,475,0,Niciunul
55,Burghiu,HSS DRILL Ø6,4137,654.38,1.18,16.79,48.43,1.44,12.4,74.34,Otel,Gaurire,322,0,Niciunul
56,Burghiu,HSS DRILL Ø6,5043,966.3,2.05,8.0,91.49,3.07,97.7,82.88,Aluminiu,Gaurire,468,1,Uzura excesiva
57,Burghiu,HSS DRILL Ø6,3185,687.17,0.18,14.28,103.71,2.17,69.5,86.73,Otel,Gaurire,368,1,Uzura excesiva
58,Burghiu,HSS DRILL Ø6,2161,538.35,1.72,6.56,52.79,1.28,12.9,71.31,Inox,Gaurire,434,0,Niciunul
59,Burghiu,HSS DRILL Ø6,1811,971.25,0.5,9.26,65.44,11.03,26.2,104.86,Otel,Gaurire,118,1,Vibratii
60,Burghiu,HSS DRILL Ø6,4837,679.15,1.51,12.26,39.08,1.78,11.8,60.11,Aluminiu,Gaurire,365,0,Niciunul
61,Burghiu,HSS DRILL Ø6,1926,282.76,2.56,7.55,53.86,1.69,14.6,60.37,Otel,Gaurire,25,0,Niciunul
62,Burghiu,HSS DRILL Ø6,5817,763.72,1.21,7.19,56.58,1.94,4.0,74.4,Inox,Gaurire,28,0,Niciunul
63,Burghiu,HSS DRILL Ø6,2254,279.2,2.06,9.44,88.06,2.37,90.4,83.38,Aluminiu,Gaurire,270,1,Uzura excesiva
64,Burghiu,HSS DRILL Ø6,4950,639.09,0.69,11.96,148.91,2.06,24.6,84.22,Aluminiu,Gaurire,358,1,Supraincalzire
65,Burghiu,HSS DRILL Ø6,1820,337.59,2.89,7.66,55.79,1.55,13.7,64.77,Otel,Gaurire,3,0,Niciunul
66,Burghiu,HSS DRILL Ø6,2421,556.19,2.54,19.31,73.73,13.79,44.6,100.0,Inox,Gaurire,158,1,Vibratii
67,Burghiu,HSS DRILL Ø6,3180,309.38,2.33,16.36,58.61,1.82,15.4,72.18,Otel,Gaurire,22,0,Niciunul
68,Burghiu,HSS DRILL Ø6,3904,1171.39,0.27,18.83,97.62,3.38,87.9,87.07,Inox,Gaurire,26,1,Uzura excesiva
69,Burghiu,HSS DRILL Ø6,4510,671.98,0.68,7.84,149.2,3.4,29.9,83.73,Otel,Gaurire,495,1,Supraincalzire
70,Burghiu,HSS DRILL Ø6,3186,990.93,0.22,15.36,80.42,12.02,47.0,92.71,Otel,Gaurire,9,1,Vibratii
71,Burghiu,HSS DRILL Ø6,5081,539.36,2.56,13.84,127.68,2.99,39.1,81.24,Inox,Gaurire,103,1,Supraincalzire
72,Burghiu,HSS DRILL Ø6,4820,493.19,0.24,8.06,169.62,2.18,27.8,80.14,Otel,Gaurire,227,1,Supraincalzire
73,Burghiu,HSS DRILL Ø6,5846,667.44,2.79,17.64,73.87,3.67,69.7,75.43,Inox,Gaurire,143,1,Uzura excesiva
74,Burghiu,HSS DRILL Ø6,3928,328.33,1.17,13.88,77.98,9.93,26.4,103.27,Aluminiu,Gaurire,395,1,Vibratii
75,Burghiu,HSS DRILL Ø6,5419,555.24,0.41,7.74,55.26,1.03,15.5,61.82,Inox,Gaurire,36,0,Niciunul
76,Burghiu,HSS DRILL Ø6,2476,509.6,1.74,16.27,53.66,1.73,14.7,64.29,Inox,Gaurire,284,0,Niciunul
77,Burghiu,HSS DRILL Ø6,4437,512.49,2.23,16.68,56.18,1.89,3.7,62.24,Otel,Gaurire,422,0,Niciunul
78,Burghiu,HSS DRILL Ø6,1917,1151.69,1.49,13.51,37.07,1.41,14.5,66.75,Otel,Gaurire,299,0,Niciunul
79,Burghiu,HSS DRILL Ø6,5879,459.24,1.93,6.4,66.83,1.45,17.9,74.04,Aluminiu,Gaurire,499,0,Niciunul
80,Burghiu,HSS DRILL Ø6,2978,772.51,1.22,7.08,101.85,3.88,70.1,89.06,Inox,Gaurire,368,1,Uzura excesiva
81,Burghiu,HSS DRILL Ø6,5521,335.44,2.99,16.97,70.62,3.2,64.1,80.36,Otel,Gaurire,274,1,Uzura excesiva
82,Burghiu,HSS DRILL Ø6,5889,438.82,2.55,7.65,68.59,6.2,27.2,101.1,Aluminiu,Gaurire,12,1,Vibratii
83,Burghiu,HSS DRILL Ø6,1877,793.42,1.11,18.33,69.8,8.71,29.7,90.92,Aluminiu,Gaurire,85,1,Vibratii
84,Burghiu,HSS DRILL Ø6,4575,981.41,2.48,5.03,95.19,3.15,68.3,80.86,Inox,Gaurire,307,1,Uzura excesiva
85,Burghiu,HSS DRILL Ø6,2817,252.27,2.33,18.57,61.95,0.64,0.3,70.45,Aluminiu,Gaurire,443,0,Niciunul
86,Burghiu,HSS DRILL Ø6,5239,641.7,2.72,18.73,126.22,2.96,23.4,76.75,Otel,Gaurire,133,1,Supraincalzire
87,Burghiu,HSS DRILL Ø6,4619,444.67,2.28,11.22,63.38,1.35,2.3,70.3,Aluminiu,Gaurire,430,0,Niciunul
88,Burghiu,HSS DRILL Ø6,5480,672.9,2.57,6.83,168.44,3.3,31.5,75.59,Aluminiu,Gaurire,83,1,Supraincalzire
89,Burghiu,HSS DRILL Ø6,3144,710.7,2.97,16.5,41.23,1.31,15.7,68.93,Inox,Gaurire,264,0,Niciunul
90,Burghiu,HSS DRILL Ø6,1726,735.55,2.76,14.35,105.22,4.44,62.3,85.82,Aluminiu,Gaurire,235,1,Uzura excesiva
91,Burghiu,HSS DRILL Ø6,5646,566.16,2.54,16.96,89.03,3.43,96.9,78.88,Inox,Gaurire,119,1,Uzura excesiva
92,Burghiu,HSS DRILL Ø6,2117,949.66,0.3,13.53,158.4,3.02,25.6,78.71,Aluminiu,Gaurire,99,1,Supraincalzire
93,Burghiu,HSS DRILL Ø6,1885,823.48,1.9,19.69,49.4,0.76,19.1,68.53,Aluminiu,Gaurire,234,0,Niciunul
94,Burghiu,HSS DRILL Ø6,4184,474.41,0.46,9.42,52.12,0.99,19.9,64.75,Aluminiu,Gaurire,59,0,Niciunul
95,Burghiu,HSS DRILL Ø6,4604,802.95,2.45,7.72,72.52,6.55,47.7,95.75,Otel,Gaurire,352,1,Vibratii
96,Burghiu,HSS DRILL Ø6,5751,374.95,2.84,10.74,73.98,10.37,46.7,99.01,Otel,Gaurire,374,1,Vibratii
97,Burghiu,HSS DRILL Ø6,2367,928.81,0.95,7.44,159.78,2.41,27.5,75.74,Aluminiu,Gaurire,217,1,Supraincalzire
98,Burghiu,HSS DRILL Ø6,1759,840.54,0.21,12.17,177.2,3.01,26.3,76.73,Otel,Gaurire,444,1,Supraincalzire
99,Burghiu,HSS DRILL Ø6,3453,414.09,2.74,16.71,100.57,4.35,65.4,82.42,Inox,Gaurire,157,1,Uzura excesiva
100,Burghiu,HSS DRILL Ø6,3862,1116.69,0.69,15.43,46.73,1.0,3.2,72.89,Otel,Gaurire,163,0,Niciunul
101,Burghiu,HSS DRILL Ø6,5948,1176.41,0.31,12.35,55.22,1.89,2.7,65.27,Inox,Gaurire,371,0,Niciunul
102,Burghiu,HSS DRILL Ø6,2418,328.17,1.49,9.91,58.62,1.34,11.7,66.37,Inox,Gaurire,33,0,Niciunul
103,Burghiu,HSS DRILL Ø6,2320,1136.48,1.23,10.17,68.29,0.99,13.7,66.22,Inox,Gaurire,157,0,Niciunul
104,Burghiu,HSS DRILL Ø6,5249,261.63,1.42,16.24,63.22,7.26,32.1,98.24,Otel,Gaurire,119,1,Vibratii
105,Burghiu,HSS DRILL Ø6,5744,319.25,2.96,17.26,152.19,2.38,36.4,82.38,Aluminiu,Gaurire,182,1,Supraincalzire
106,Burghiu,HSS DRILL Ø6,3491,576.05,2.28,10.5,162.83,3.86,31.2,77.83,Inox,Gaurire,241,1,Supraincalzire
107,Burghiu,HSS DRILL Ø6,4616,1199.46,0.93,8.52,67.44,6.6,25.7,100.39,Aluminiu,Gaurire,94,1,Vibratii
108,Burghiu,HSS DRILL Ø6,5538,440.83,1.46,14.84,38.27,0.58,12.8,66.41,Otel,Gaurire,153,0,Niciunul
109,Burghiu,HSS DRILL Ø6,3647,955.05,0.86,17.99,67.38,1.46,4.8,66.41,Aluminiu,Gaurire,18,0,Niciunul
110,Burghiu,HSS DRILL Ø6,3207,405.42,1.31,15.69,65.32,1.11,16.9,72.84,Otel,Gaurire,412,0,Niciunul
111,Burghiu,HSS DRILL Ø6,1674,1032.15,0.78,11.42,89.02,9.48,20.1,100.03,Otel,Gaurire,183,1,Vibratii
112,Burghiu,HSS DRILL Ø6,4006,872.63,2.62,19.45,63.99,8.78,43.9,99.3,Otel,Gaurire,302,1,Vibratii
113,Burghiu,HSS DRILL Ø6,1526,587.43,0.18,6.74,158.12,3.39,30.9,79.74,Otel,Gaurire,69,1,Supraincalzire
114,Burghiu,HSS DRILL Ø6,3153,393.34,0.73,5.85,53.66,1.28,6.6,71.18,Inox,Gaurire,480,0,Niciunul
115,Burghiu,HSS DRILL Ø6,3769,392.05,0.56,13.41,65.32,11.58,30.3,89.31,Aluminiu,Gaurire,301,1,Vibratii
116,Burghiu,HSS DRILL Ø6,1861,203.48,1.04,18.97,150.24,3.84,29.7,80.85,Otel,Gaurire,98,1,Supraincalzire
117,Burghiu,HSS DRILL Ø6,2911,353.68,2.94,10.05,134.47,3.52,29.9,75.9,Otel,Gaurire,163,1,Supraincalzire
118,Burghiu,HSS DRILL Ø6,5970,873.18,1.15,8.04,53.92,0.6,7.4,71.28,Otel,Gaurire,248,0,Niciunul
119,Burghiu,HSS DRILL Ø6,5738,894.71,1.9,12.75,67.2,12.15,32.0,88.45,Aluminiu,Gaurire,435,1,Vibratii
120,Burghiu,HSS DRILL Ø6,2561,473.71,2.68,14.27,82.78,6.7,25.9,93.96,Inox,Gaurire,221,1,Vibratii
121,Burghiu,HSS DRILL Ø6,2749,1083.12,2.38,9.65,164.34,3.56,37.5,79.67,Inox,Gaurire,266,1,Supraincalzire
122,Burghiu,HSS DRILL Ø6,5948,379.96,0.81,17.57,63.53,1.05,9.8,62.03,Otel,Gaurire,16,0,Niciunul
123,Burghiu,HSS DRILL Ø6,5383,1107.69,0.69,11.95,58.07,0.82,0.9,66.91,Otel,Gaurire,250,0,Niciunul
124,Burghiu,HSS DRILL Ø6,3179,773.86,0.59,5.99,66.1,13.45,27.8,88.4,Otel,Gaurire,319,1,Vibratii
125,Burghiu,HSS DRILL Ø6,3447,920.4,0.11,19.1,61.3,9.99,30.1,93.1,Inox,Gaurire,333,1,Vibratii
126,Burghiu,HSS DRILL Ø6,3482,200.36,1.63,12.79,87.65,9.74,20.3,103.0,Aluminiu,Gaurire,14,1,Vibratii
127,Burghiu,HSS DRILL Ø6,1839,1152.56,1.58,18.22,106.98,3.69,80.9,76.49,Aluminiu,Gaurire,319,1,Uzura excesiva
128,Burghiu,HSS DRILL Ø6,3785,262.69,1.75,10.56,49.95,1.16,4.6,62.68,Otel,Gaurire,236,0,Niciunul
129,Burghiu,HSS DRILL Ø6,4659,224.41,0.15,17.02,169.93,3.24,30.9,82.0,Inox,Gaurire,71,1,Supraincalzire
130,Burghiu,HSS DRILL Ø6,4070,1077.83,0.3,13.16,35.44,1.18,0.4,61.86,Inox,Gaurire,49,0,Niciunul
131,Burghiu,HSS DRILL Ø6,3741,312.63,2.41,12.56,89.77,12.21,38.3,86.22,Otel,Gaurire,321,1,Vibratii
132,Burghiu,HSS DRILL Ø6,2323,516.38,1.69,18.23,161.19,1.66,23.1,80.76,Aluminiu,Gaurire,166,1,Supraincalzire
133,Burghiu,HSS DRILL Ø6,2895,1046.53,2.55,10.62,51.0,1.33,7.0,63.86,Inox,Gaurire,489,0,Niciunul
134,Burghiu,HSS DRILL Ø6,5160,383.44,0.45,10.18,106.93,2.72,91.8,88.2,Otel,Gaurire,126,1,Uzura excesiva
135,Burghiu,HSS DRILL Ø6,5968,1028.54,2.29,19.19,173.91,3.75,26.4,77.07,Aluminiu,Gaurire,77,1,Supraincalzire
136,Burghiu,HSS DRILL Ø6,2108,573.16,0.29,13.05,82.35,11.63,27.3,88.68,Aluminiu,Gaurire,51,1,Vibratii
137,Burghiu,HSS DRILL Ø6,4319,1190.64,0.71,12.33,62.67,0.62,10.3,74.59,Inox,Gaurire,282,0,Niciunul
138,Burghiu,HSS DRILL Ø6,3906,902.92,1.94,5.81,63.54,0.95,19.4,73.36,Otel,Gaurire,82,0,Niciunul
139,Burghiu,HSS DRILL Ø6,4706,708.65,1.28,11.39,46.63,1.26,18.6,73.53,Aluminiu,Gaurire,372,0,Niciunul
140,Burghiu,HSS DRILL Ø6,4479,981.83,0.22,18.89,88.95,9.32,46.9,96.93,Aluminiu,Gaurire,432,1,Vibratii
141,Burghiu,HSS DRILL Ø6,2940,725.45,0.66,9.4,55.16,0.78,9.8,61.28,Otel,Gaurire,180,0,Niciunul
142,Burghiu,HSS DRILL Ø6,5211,459.93,2.3,8.1,62.75,13.82,32.0,89.61,Otel,Gaurire,140,1,Vibratii
143,Burghiu,HSS DRILL Ø6,4916,368.8,0.21,8.17,68.04,1.22,0.5,74.19,Inox,Gaurire,312,0,Niciunul
144,Burghiu,HSS DRILL Ø6,5007,1124.72,0.99,14.89,59.94,0.72,17.5,68.32,Inox,Gaurire,106,0,Niciunul
145,Burghiu,HSS DRILL Ø6,1512,539.75,1.43,19.62,78.06,12.15,37.8,90.69,Inox,Gaurire,314,1,Vibratii
146,Burghiu,HSS DRILL Ø6,5476,373.8,0.16,10.81,45.75,1.22,15.2,68.51,Inox,Gaurire,345,0,Niciunul
147,Burghiu,HSS DRILL Ø6,5818,1184.38,0.96,19.69,134.99,2.24,29.3,78.05,Otel,Gaurire,161,1,Supraincalzire
148,Burghiu,HSS DRILL Ø6,1903,859.82,0.68,10.82,54.36,1.82,18.5,67.28,Otel,Gaurire,159,0,Niciunul
149,Burghiu,HSS DRILL Ø6,3320,286.09,0.13,10.84,72.98,9.83,42.9,99.83,Aluminiu,Gaurire,143,1,Vibratii
150,Burghiu,HSS DRILL Ø6,3293,556.97,1.55,14.56,163.56,2.85,22.5,81.62,Otel,Gaurire,30,1,Supraincalzire
151,Burghiu,HSS DRILL Ø6,3006,322.46,2.63,13.26,56.18,0.87,8.7,64.37,Otel,Gaurire,339,0,Niciunul
152,Burghiu,HSS DRILL Ø6,5331,1104.85,2.83,7.48,69.87,1.49,4.4,68.02,Aluminiu,Gaurire,247,0,Niciunul
153,Burghiu,HSS DRILL Ø6,5316,696.74,2.53,12.38,72.34,9.22,31.7,99.76,Otel,Gaurire,18,1,Vibratii
154,Burghiu,HSS DRILL Ø6,5751,514.52,2.89,18.58,68.95,1.66,17.0,67.43,Inox,Gaurire,227,0,Niciunul
155,Burghiu,HSS DRILL Ø6,5184,1007.16,1.35,10.73,100.82,4.78,92.1,71.2,Inox,Gaurire,101,1,Uzura excesiva
156,Burghiu,HSS DRILL Ø6,3504,749.04,0.51,13.83,35.72,0.93,4.6,68.69,Otel,Gaurire,338,0,Niciunul
157,Burghiu,HSS DRILL Ø6,4964,752.35,0.52,11.37,62.98,1.34,3.2,68.47,Inox,Gaurire,337,0,Niciunul
158,Burghiu,HSS DRILL Ø6,5157,799.02,2.51,7.73,76.91,7.76,30.8,96.01,Inox,Gaurire,472,1,Vibratii
159,Burghiu,HSS DRILL Ø6,2949,336.14,2.1,8.98,82.28,3.71,60.6,80.28,Inox,Gaurire,105,1,Uzura excesiva
160,Burghiu,HSS DRILL Ø6,5201,305.44,1.54,10.13,96.21,4.23,92.0,84.14,Otel,Gaurire,46,1,Uzura excesiva
161,Burghiu,HSS DRILL Ø6,3662,349.06,0.44,14.85,70.59,7.2,30.6,91.16,Otel,Gaurire,247,1,Vibratii
162,Burghiu,HSS DRILL Ø6,2680,503.08,2.72,10.89,142.42,3.85,27.0,76.94,Aluminiu,Gaurire,326,1,Supraincalzire
163,Burghiu,HSS DRILL Ø6,1527,603.07,2.59,17.07,96.0,2.19,71.4,70.94,Inox,Gaurire,192,1,Uzura excesiva
164,Burghiu,HSS DRILL Ø6,5947,477.21,1.07,8.59,75.31,3.44,96.3,82.2,Inox,Gaurire,238,1,Uzura excesiva
165,Burghiu,HSS DRILL Ø6,1748,754.9,0.38,13.44,45.16,1.3,19.6,72.98,Inox,Gaurire,226,0,Niciunul
166,Burghiu,HSS DRILL Ø6,2733,1008.34,0.47,13.04,49.53,1.98,17.8,61.08,Otel,Gaurire,342,0,Niciunul
167,Burghiu,HSS DRILL Ø6,5898,486.24,1.67,19.19,36.92,1.91,7.3,71.5,Aluminiu,Gaurire,493,0,Niciunul
168,Burghiu,HSS DRILL Ø6,2820,592.86,1.74,10.96,53.95,1.2,1.3,63.87,Aluminiu,Gaurire,98,0,Niciunul
169,Burghiu,HSS DRILL Ø6,3597,573.68,0.32,12.34,86.3,13.07,42.1,89.81,Inox,Gaurire,11,1,Vibratii
170,Burghiu,HSS DRILL Ø6,3184,507.03,1.45,16.83,45.08,1.94,9.8,61.13,Inox,Gaurire,330,0,Niciunul
171,Burghiu,HSS DRILL Ø6,5671,1193.3,1.19,11.95,67.68,1.88,14.3,65.12,Inox,Gaurire,24,0,Niciunul
172,Burghiu,HSS DRILL Ø6,3200,794.55,1.86,10.94,82.45,9.59,39.2,90.52,Aluminiu,Gaurire,483,1,Vibratii
173,Burghiu,HSS DRILL Ø6,2902,372.05,0.2,11.8,104.29,4.15,97.0,72.81,Inox,Gaurire,295,1,Uzura excesiva
174,Burghiu,HSS DRILL Ø6,4053,253.42,0.94,8.62,39.68,1.05,12.9,72.87,Inox,Gaurire,152,0,Niciunul
175,Burghiu,HSS DRILL Ø6,4423,1181.26,1.95,19.25,155.46,2.06,21.4,75.23,Inox,Gaurire,30,1,Supraincalzire
176,Burghiu,HSS DRILL Ø6,5472,880.27,2.87,19.81,50.21,1.61,1.6,73.37,Aluminiu,Gaurire,82,0,Niciunul
177,Burghiu,HSS DRILL Ø6,4352,913.4,1.47,5.32,66.93,1.66,12.8,61.42,Inox,Gaurire,384,0,Niciunul
178,Burghiu,HSS DRILL Ø6,3063,1053.67,2.27,8.08,39.8,1.03,0.0,71.05,Aluminiu,Gaurire,23,0,Niciunul
179,Burghiu,HSS DRILL Ø6,2354,595.71,1.37,6.1,171.48,2.38,33.4,83.25,Otel,Gaurire,334,1,Supraincalzire
180,Burghiu,HSS DRILL Ø6,4788,482.1,0.98,19.65,69.91,1.01,4.3,61.65,Inox,Gaurire,83,0,Niciunul
181,Burghiu,HSS DRILL Ø6,4804,649.8,1.75,11.42,68.7,11.7,25.4,98.69,Aluminiu,Gaurire,133,1,Vibratii
182,Burghiu,HSS DRILL Ø6,5503,941.67,2.14,8.26,69.26,1.07,14.9,74.17,Otel,Gaurire,433,0,Niciunul
183,Burghiu,HSS DRILL Ø6,4899,302.07,0.63,5.7,174.31,1.76,33.9,84.07,Otel,Gaurire,226,1,Supraincalzire
184,Burghiu,HSS DRILL Ø6,4229,700.94,2.19,18.2,74.44,6.93,39.2,96.1,Inox,Gaurire,264,1,Vibratii
185,Burghiu,HSS DRILL Ø6,5764,460.51,1.96,16.25,171.95,1.84,20.1,84.29,Aluminiu,Gaurire,465,1,Supraincalzire
186,Burghiu,HSS DRILL Ø6,4218,541.71,0.41,13.14,48.72,1.49,17.0,70.51,Aluminiu,Gaurire,256,0,Niciunul
187,Burghiu,HSS DRILL Ø6,2339,273.44,1.64,6.82,167.82,1.77,22.1,78.13,Aluminiu,Gaurire,50,1,Supraincalzire
188,Burghiu,HSS DRILL Ø6,3724,683.32,0.98,19.62,87.65,2.92,74.2,77.46,Inox,Gaurire,329,1,Uzura excesiva
189,Burghiu,HSS DRILL Ø6,5643,1111.51,2.54,15.42,142.51,1.63,36.1,78.14,Aluminiu,Gaurire,4,1,Supraincalzire
190,Burghiu,HSS DRILL Ø6,1762,1086.02,2.7,7.12,39.69,1.28,6.2,69.76,Otel,Gaurire,152,0,Niciunul
191,Burghiu,HSS DRILL Ø6,5283,779.25,0.39,15.98,75.4,2.32,67.1,85.02,Otel,Gaurire,500,1,Uzura excesiva
192,Burghiu,HSS DRILL Ø6,2257,1086.09,2.57,19.73,58.06,0.93,12.1,71.62,Inox,Gaurire,472,0,Niciunul
193,Burghiu,HSS DRILL Ø6,5628,421.26,2.46,6.08,38.79,1.11,9.9,69.68,Otel,Gaurire,374,0,Niciunul
194,Burghiu,HSS DRILL Ø6,1775,1197.6,0.52,5.04,47.9,1.2,15.6,73.64,Aluminiu,Gaurire,475,0,Niciunul
195,Burghiu,HSS DRILL Ø6,5401,1004.55,1.38,15.32,45.0,1.17,4.0,68.25,Inox,Gaurire,309,0,Niciunul
196,Burghiu,HSS DRILL Ø6,2619,1008.49,0.55,8.38,55.47,0.68,1.1,67.84,Inox,Gaurire,13,0,Niciunul
197,Burghiu,HSS DRILL Ø6,2237,645.91,0.81,9.37,43.24,0.66,3.0,68.2,Otel,Gaurire,489,0,Niciunul
198,Burghiu,HSS DRILL Ø6,4598,589.91,1.31,9.78,60.13,7.35,23.3,95.24,Inox,Gaurire,152,1,Vibratii
199,Burghiu,HSS DRILL Ø6,2072,898.03,2.98,14.09,127.52,3.03,29.0,84.83,Otel,Gaurire,391,1,Supraincalzire
200,Burghiu,HSS DRILL Ø6,4932,537.16,0.39,17.2,43.44,1.48,14.2,62.15,Aluminiu,Gaurire,457,0,Niciunul
201,Burghiu,HSS DRILL Ø6,1800,326.3,1.57,17.81,45.27,0.9,13.4,70.18,Inox,Gaurire,164,0,Niciunul
202,Burghiu,HSS DRILL Ø6,4351,757.47,2.4,12.73,44.88,0.58,17.8,72.52,Inox,Gaurire,204,0,Niciunul
203,Burghiu,HSS DRILL Ø6,3628,240.87,1.89,7.87,78.45,13.63,28.6,98.07,Otel,Gaurire,65,1,Vibratii
204,Burghiu,HSS DRILL Ø6,2430,439.53,0.29,11.64,60.09,10.6,40.2,101.74,Aluminiu,Gaurire,147,1,Vibratii
205,Burghiu,HSS DRILL Ø6,4028,846.94,1.28,9.44,54.45,1.26,8.8,71.27,Aluminiu,Gaurire,387,0,Niciunul
206,Burghiu,HSS DRILL Ø6,3495,394.89,0.25,18.98,99.69,3.29,62.0,83.44,Inox,Gaurire,406,1,Uzura excesiva
207,Burghiu,HSS DRILL Ø6,4212,275.06,1.57,8.98,35.3,1.26,9.3,63.09,Aluminiu,Gaurire,31,0,Niciunul
208,Burghiu,HSS DRILL Ø6,5239,257.69,2.2,15.76,174.63,1.9,21.7,76.2,Otel,Gaurire,464,1,Supraincalzire
209,Burghiu,HSS DRILL Ø6,4318,1158.57,1.94,15.82,58.92,0.58,12.7,67.51,Aluminiu,Gaurire,336,0,Niciunul
210,Burghiu,HSS DRILL Ø6,3798,1142.48,1.27,11.91,80.78,8.61,33.0,102.36,Aluminiu,Gaurire,88,1,Vibratii
211,Burghiu,HSS DRILL Ø6,2340,931.64,2.46,8.62,62.58,1.41,15.3,74.21,Aluminiu,Gaurire,415,0,Niciunul
212,Burghiu,HSS DRILL Ø6,5192,925.14,2.91,10.17,139.33,3.78,39.0,84.03,Otel,Gaurire,75,1,Supraincalzire
213,Burghiu,HSS DRILL Ø6,3360,480.19,1.31,14.45,173.12,2.65,27.4,77.68,Inox,Gaurire,159,1,Supraincalzire
214,Burghiu,HSS DRILL Ø6,3448,597.68,0.22,11.94,54.8,0.84,0.3,72.8,Otel,Gaurire,194,0,Niciunul
215,Burghiu,HSS DRILL Ø6,1506,516.91,1.0,9.34,87.48,3.41,67.5,76.05,Aluminiu,Gaurire,180,1,Uzura excesiva
216,Burghiu,HSS DRILL Ø6,4912,898.82,1.88,7.18,46.81,0.81,19.4,71.86,Aluminiu,Gaurire,181,0,Niciunul
217,Burghiu,HSS DRILL Ø6,2843,375.04,2.62,17.77,42.39,1.28,2.3,61.56,Inox,Gaurire,363,0,Niciunul
218,Burghiu,HSS DRILL Ø6,2094,1053.8,1.94,9.46,48.42,1.0,6.4,69.6,Aluminiu,Gaurire,179,0,Niciunul
219,Burghiu,HSS DRILL Ø6,4522,269.58,2.18,19.61,55.45,1.45,4.0,74.74,Aluminiu,Gaurire,22,0,Niciunul
220,Burghiu,HSS DRILL Ø6,3125,448.86,1.33,10.83,69.7,13.28,38.6,88.94,Inox,Gaurire,425,1,Vibratii
221,Burghiu,HSS DRILL Ø6,4827,524.06,0.78,19.04,129.77,2.71,26.5,81.65,Aluminiu,Gaurire,117,1,Supraincalzire
222,Burghiu,HSS DRILL Ø6,1766,285.82,2.37,9.03,35.57,1.24,16.9,74.59,Inox,Gaurire,52,0,Niciunul
223,Burghiu,HSS DRILL Ø6,4410,854.2,2.9,14.87,65.2,1.03,6.5,69.78,Otel,Gaurire,398,0,Niciunul
224,Burghiu,HSS DRILL Ø6,3719,244.29,0.85,6.82,67.93,1.13,4.8,62.62,Aluminiu,Gaurire,294,0,Niciunul
225,Burghiu,HSS DRILL Ø6,2340,915.96,1.97,10.01,58.45,1.91,7.2,61.7,Inox,Gaurire,467,0,Niciunul
226,Burghiu,HSS DRILL Ø6,2892,440.83,0.58,9.74,60.78,0.84,8.1,66.39,Otel,Gaurire,205,0,Niciunul
227,Burghiu,HSS DRILL Ø6,4480,1004.36,2.23,12.43,55.16,1.76,11.1,67.41,Inox,Gaurire,208,0,Niciunul
228,Burghiu,HSS DRILL Ø6,3964,826.91,0.82,6.99,63.35,0.72,5.0,65.24,Otel,Gaurire,177,0,Niciunul
229,Burghiu,HSS DRILL Ø6,3834,289.36,0.44,6.09,75.85,3.67,81.8,84.11,Inox,Gaurire,184,1,Uzura excesiva
230,Burghiu,HSS DRILL Ø6,2951,565.09,0.8,11.19,40.15,1.56,9.0,63.1,Inox,Gaurire,294,0,Niciunul
231,Burghiu,HSS DRILL Ø6,1718,625.46,1.26,10.78,75.96,6.43,22.3,100.42,Inox,Gaurire,181,1,Vibratii
232,Burghiu,HSS DRILL Ø6,3736,450.27,1.62,9.78,69.98,1.4,0.5,69.01,Inox,Gaurire,224,0,Niciunul
233,Burghiu,HSS DRILL Ø6,4587,943.36,2.35,17.48,52.45,0.68,18.5,66.54,Inox,Gaurire,436,0,Niciunul
234,Burghiu,HSS DRILL Ø6,3156,600.51,0.84,5.63,50.41,0.97,3.4,67.28,Inox,Gaurire,321,0,Niciunul
235,Burghiu,HSS DRILL Ø6,3770,696.24,2.6,11.51,103.87,2.78,79.3,88.72,Otel,Gaurire,155,1,Uzura excesiva
236,Burghiu,HSS DRILL Ø6,3459,728.36,2.33,8.69,76.26,2.91,85.6,81.5,Inox,Gaurire,381,1,Uzura excesiva
237,Burghiu,HSS DRILL Ø6,1687,241.13,0.25,9.83,43.89,0.94,13.0,61.11,Otel,Gaurire,382,0,Niciunul
238,Burghiu,HSS DRILL Ø6,4062,617.17,1.63,6.65,108.8,3.16,85.1,86.99,Inox,Gaurire,191,1,Uzura excesiva
239,Burghiu,HSS DRILL Ø6,2260,661.03,1.12,8.37,38.5,0.56,10.3,66.06,Inox,Gaurire,51,0,Niciunul
240,Burghiu,HSS DRILL Ø6,5591,909.58,2.65,7.25,142.79,3.84,30.2,82.01,Inox,Gaurire,217,1,Supraincalzire
241,Burghiu,HSS DRILL Ø6,4118,326.94,2.63,19.02,49.67,1.36,3.2,69.74,Otel,Gaurire,141,0,Niciunul
242,Burghiu,HSS DRILL Ø6,2488,857.98,2.52,6.24,83.46,2.72,80.1,86.9,Inox,Gaurire,52,1,Uzura excesiva
243,Burghiu,HSS DRILL Ø6,4858,581.36,2.19,8.46,64.16,1.79,6.8,73.74,Aluminiu,Gaurire,198,0,Niciunul
244,Burghiu,HSS DRILL Ø6,2128,961.99,2.07,18.63,63.16,8.35,38.1,86.01,Inox,Gaurire,217,1,Vibratii
245,Burghiu,HSS DRILL Ø6,5856,618.36,2.98,12.18,176.95,1.62,39.8,83.53,Aluminiu,Gaurire,403,1,Supraincalzire
246,Burghiu,HSS DRILL Ø6,1940,230.67,1.56,19.68,62.19,0.64,10.0,70.67,Aluminiu,Gaurire,246,0,Niciunul
247,Burghiu,HSS DRILL Ø6,5513,591.6,1.86,12.17,42.55,1.98,0.4,70.76,Aluminiu,Gaurire,66,0,Niciunul
248,Burghiu,HSS DRILL Ø6,3253,786.51,2.14,19.61,81.76,12.17,43.4,90.52,Aluminiu,Gaurire,255,1,Vibratii
249,Burghiu,HSS DRILL Ø6,3664,207.83,0.53,13.28,68.68,1.78,11.7,71.16,Aluminiu,Gaurire,55,0,Niciunul
250,Burghiu,HSS DRILL Ø6,2538,1133.89,2.13,8.06,81.33,9.51,47.0,104.73,Otel,Gaurire,358,1,Vibratii
251,Burghiu,HSS DRILL Ø6,4015,1057.37,0.12,13.72,65.09,8.58,32.2,100.86,Otel,Gaurire,148,1,Vibratii
252,Burghiu,HSS DRILL Ø6,3214,562.41,2.1,13.6,44.15,1.13,0.0,72.67,Inox,Gaurire,246,0,Niciunul
253,Burghiu,HSS DRILL Ø6,5160,804.7,2.92,15.91,109.93,4.61,91.2,81.43,Aluminiu,Gaurire,258,1,Uzura excesiva
254,Burghiu,HSS DRILL Ø6,1733,778.05,2.63,19.62,68.19,1.19,10.3,74.53,Aluminiu,Gaurire,56,0,Niciunul
255,Burghiu,HSS DRILL Ø6,2277,939.43,0.74,20.0,44.11,1.69,7.7,70.67,Aluminiu,Gaurire,235,0,Niciunul
256,Burghiu,HSS DRILL Ø6,5900,824.67,2.47,8.87,155.5,2.45,29.0,84.69,Otel,Gaurire,397,1,Supraincalzire
257,Burghiu,HSS DRILL Ø6,4923,201.45,2.33,11.88,103.31,2.8,64.5,87.73,Otel,Gaurire,176,1,Uzura excesiva
258,Burghiu,HSS DRILL Ø6,3897,728.08,1.4,14.45,83.41,6.8,45.3,100.45,Inox,Gaurire,378,1,Vibratii
259,Burghiu,HSS DRILL Ø6,5510,1028.22,1.87,14.58,64.39,6.08,47.3,92.95,Otel,Gaurire,44,1,Vibratii
260,Burghiu,HSS DRILL Ø6,5485,991.06,1.98,18.66,62.17,1.83,6.4,66.48,Aluminiu,Gaurire,232,0,Niciunul
261,Burghiu,HSS DRILL Ø6,3571,526.83,1.79,16.66,72.59,4.3,72.5,70.41,Inox,Gaurire,352,1,Uzura excesiva
262,Burghiu,HSS DRILL Ø6,5572,769.74,0.51,13.3,43.79,1.19,2.9,63.64,Aluminiu,Gaurire,428,0,Niciunul
263,Burghiu,HSS DRILL Ø6,2837,1028.93,1.0,11.75,80.62,3.45,78.7,79.61,Otel,Gaurire,339,1,Uzura excesiva
264,Burghiu,HSS DRILL Ø6,4882,1185.64,2.4,14.17,67.04,0.77,9.5,72.92,Otel,Gaurire,12,0,Niciunul
265,Burghiu,HSS DRILL Ø6,2883,339.51,0.55,18.25,46.52,0.74,5.4,60.49,Aluminiu,Gaurire,482,0,Niciunul
266,Burghiu,HSS DRILL Ø6,2114,489.3,2.79,5.21,66.93,0.87,0.5,63.73,Aluminiu,Gaurire,221,0,Niciunul
267,Burghiu,HSS DRILL Ø6,2381,312.96,2.75,5.8,68.1,1.23,6.1,61.28,Inox,Gaurire,243,0,Niciunul
268,Burghiu,HSS DRILL Ø6,2529,792.84,1.94,13.63,41.71,1.25,13.2,67.08,Inox,Gaurire,288,0,Niciunul
269,Burghiu,HSS DRILL Ø6,3759,895.09,2.01,18.57,63.47,0.57,5.6,65.14,Inox,Gaurire,393,0,Niciunul
270,Burghiu,HSS DRILL Ø6,3872,512.44,1.17,12.11,49.73,1.44,9.9,64.06,Inox,Gaurire,316,0,Niciunul
271,Burghiu,HSS DRILL Ø6,3688,494.16,2.0,18.59,80.62,3.99,83.5,73.85,Inox,Gaurire,406,1,Uzura excesiva
272,Burghiu,HSS DRILL Ø6,1589,349.11,0.94,14.96,48.86,1.24,18.9,69.03,Aluminiu,Gaurire,491,0,Niciunul
273,Burghiu,HSS DRILL Ø6,2619,599.48,2.0,13.78,66.83,8.61,37.9,99.59,Otel,Gaurire,282,1,Vibratii
274,Burghiu,HSS DRILL Ø6,2555,937.31,0.3,16.36,53.09,1.24,13.9,64.34,Aluminiu,Gaurire,440,0,Niciunul
275,Burghiu,HSS DRILL Ø6,3879,607.12,2.19,17.38,78.54,8.24,47.7,91.34,Aluminiu,Gaurire,343,1,Vibratii
276,Burghiu,HSS DRILL Ø6,4594,864.97,1.89,17.85,78.28,9.15,41.6,86.54,Inox,Gaurire,346,1,Vibratii
277,Burghiu,HSS DRILL Ø6,2888,972.13,1.17,19.54,99.56,3.24,71.8,86.99,Otel,Gaurire,450,1,Uzura excesiva
278,Burghiu,HSS DRILL Ø6,5159,1105.95,2.54,6.06,45.13,0.76,16.8,64.97,Inox,Gaurire,204,0,Niciunul
279,Burghiu,HSS DRILL Ø6,4262,594.16,0.71,9.12,65.57,1.14,13.1,63.15,Aluminiu,Gaurire,230,0,Niciunul
280,Burghiu,HSS DRILL Ø6,5149,690.81,0.54,9.32,96.55,4.49,74.9,70.79,Inox,Gaurire,250,1,Uzura excesiva
281,Burghiu,HSS DRILL Ø6,2377,1123.83,0.77,10.06,61.72,0.64,10.5,70.7,Otel,Gaurire,312,0,Niciunul
282,Burghiu,HSS DRILL Ø6,5929,207.29,1.9,12.19,86.15,12.19,39.3,89.51,Inox,Gaurire,69,1,Vibratii
283,Burghiu,HSS DRILL Ø6,1803,897.67,2.98,5.85,40.5,0.58,2.8,62.11,Inox,Gaurire,380,0,Niciunul
284,Burghiu,HSS DRILL Ø6,3231,1149.48,2.91,15.25,79.65,4.44,62.3,84.71,Aluminiu,Gaurire,77,1,Uzura excesiva
285,Burghiu,HSS DRILL Ø6,5735,692.51,1.07,13.58,67.67,1.24,9.4,74.91,Aluminiu,Gaurire,9,0,Niciunul
286,Burghiu,HSS DRILL Ø6,4535,1029.79,0.35,17.42,61.84,1.56,6.9,62.78,Aluminiu,Gaurire,9,0,Niciunul
287,Burghiu,HSS DRILL Ø6,2136,427.3,0.77,7.67,71.73,7.49,47.0,92.91,Inox,Gaurire,142,1,Vibratii
288,Burghiu,HSS DRILL Ø6,2376,277.03,1.16,12.27,100.2,3.72,66.2,83.15,Otel,Gaurire,79,1,Uzura excesiva
289,Burghiu,HSS DRILL Ø6,4347,402.76,2.6,18.77,74.89,3.4,78.8,81.77,Otel,Gaurire,185,1,Uzura excesiva
290,Burghiu,HSS DRILL Ø6,5032,573.17,2.26,12.43,88.17,7.27,42.0,89.88,Inox,Gaurire,32,1,Vibratii
291,Burghiu,HSS DRILL Ø6,2910,464.85,2.05,18.3,69.14,1.5,7.6,63.66,Otel,Gaurire,202,0,Niciunul
292,Burghiu,HSS DRILL Ø6,4099,648.65,1.78,13.35,65.1,1.4,4.7,70.08,Otel,Gaurire,132,0,Niciunul
293,Burghiu,HSS DRILL Ø6,3048,378.95,1.49,14.76,51.54,0.57,12.5,67.8,Inox,Gaurire,195,0,Niciunul
294,Burghiu,HSS DRILL Ø6,2551,404.3,1.87,16.26,85.54,2.02,85.4,84.8,Inox,Gaurire,10,1,Uzura excesiva
295,Burghiu,HSS DRILL Ø6,3795,1125.55,2.17,11.35,140.13,1.63,37.9,77.44,Inox,Gaurire,227,1,Supraincalzire
296,Burghiu,HSS DRILL Ø6,3240,1167.81,2.43,14.88,39.47,0.8,7.2,68.38,Aluminiu,Gaurire,469,0,Niciunul
297,Burghiu,HSS DRILL Ø6,4214,467.09,0.73,7.02,52.04,1.99,6.3,73.21,Aluminiu,Gaurire,86,0,Niciunul
298,Burghiu,HSS DRILL Ø6,1586,438.31,2.74,12.02,68.65,12.7,22.3,88.28,Aluminiu,Gaurire,232,1,Vibratii
299,Burghiu,HSS DRILL Ø6,4581,781.6,0.81,10.8,50.67,0.9,13.2,72.92,Inox,Gaurire,384,0,Niciunul
300,Burghiu,HSS DRILL Ø6,2654,1154.41,0.36,15.26,67.04,8.21,24.6,88.29,Inox,Gaurire,420,1,Vibratii
301,Burghiu,HSS DRILL Ø6,1666,1105.07,1.86,7.9,161.9,3.73,25.6,79.86,Aluminiu,Gaurire,385,1,Supraincalzire
302,Burghiu,HSS DRILL Ø6,2800,446.45,2.18,11.46,77.53,2.37,97.0,72.9,Inox,Gaurire,451,1,Uzura excesiva
303,Burghiu,HSS DRILL Ø6,4155,422.09,2.63,16.56,100.75,2.16,70.1,89.55,Otel,Gaurire,299,1,Uzura excesiva
304,Burghiu,HSS DRILL Ø6,2826,838.52,0.55,17.44,52.33,1.26,18.1,62.65,Inox,Gaurire,112,0,Niciunul
305,Burghiu,HSS DRILL Ø6,5200,789.01,1.98,10.93,68.72,12.16,27.7,92.91,Inox,Gaurire,499,1,Vibratii
306,Burghiu,HSS DRILL Ø6,4706,941.53,0.46,5.71,52.06,0.65,2.0,67.98,Aluminiu,Gaurire,176,0,Niciunul
307,Burghiu,HSS DRILL Ø6,4487,1010.88,1.7,18.2,35.34,1.11,4.9,69.03,Otel,Gaurire,6,0,Niciunul
308,Burghiu,HSS DRILL Ø6,4875,1089.61,2.27,14.69,64.8,0.63,8.8,64.46,Inox,Gaurire,168,0,Niciunul
309,Burghiu,HSS DRILL Ø6,5328,1160.03,1.22,7.63,35.8,0.53,10.5,73.21,Otel,Gaurire,138,0,Niciunul
310,Burghiu,HSS DRILL Ø6,5221,1004.02,2.08,14.51,78.41,13.56,38.6,90.77,Inox,Gaurire,200,1,Vibratii
311,Burghiu,HSS DRILL Ø6,3709,617.96,1.92,14.48,36.77,1.34,3.0,71.41,Otel,Gaurire,295,0,Niciunul
312,Burghiu,HSS DRILL Ø6,5007,542.74,0.52,13.88,98.38,2.94,91.6,74.15,Aluminiu,Gaurire,119,1,Uzura excesiva
313,Burghiu,HSS DRILL Ø6,1584,1087.19,1.47,16.81,123.28,2.28,37.4,75.15,Aluminiu,Gaurire,272,1,Supraincalzire
314,Burghiu,HSS DRILL Ø6,4008,1172.46,1.76,13.46,60.45,0.73,6.6,62.16,Otel,Gaurire,395,0,Niciunul
315,Burghiu,HSS DRILL Ø6,5356,1176.68,1.32,8.59,57.31,1.36,2.8,69.87,Aluminiu,Gaurire,485,0,Niciunul
316,Burghiu,HSS DRILL Ø6,3842,1119.46,2.8,5.27,35.97,1.54,15.4,69.18,Inox,Gaurire,425,0,Niciunul
317,Burghiu,HSS DRILL Ø6,1813,429.99,2.82,14.64,77.3,7.08,49.2,100.06,Otel,Gaurire,199,1,Vibratii
318,Burghiu,HSS DRILL Ø6,2392,438.59,2.45,5.87,78.6,11.91,30.9,101.04,Aluminiu,Gaurire,471,1,Vibratii
319,Burghiu,HSS DRILL Ø6,3010,1108.89,0.59,12.45,61.71,10.23,39.5,99.32,Inox,Gaurire,378,1,Vibratii
320,Burghiu,HSS DRILL Ø6,1904,886.56,1.68,13.26,150.4,3.05,29.9,84.67,Inox,Gaurire,47,1,Supraincalzire
321,Burghiu,HSS DRILL Ø6,2948,558.56,0.33,14.22,49.77,1.64,1.6,65.59,Aluminiu,Gaurire,289,0,Niciunul
322,Burghiu,HSS DRILL Ø6,2652,588.9,1.98,17.12,85.82,2.95,84.2,87.43,Otel,Gaurire,335,1,Uzura excesiva
323,Burghiu,HSS DRILL Ø6,1579,1017.28,0.84,16.12,102.03,4.65,68.8,88.39,Aluminiu,Gaurire,8,1,Uzura excesiva
324,Burghiu,HSS DRILL Ø6,4408,1068.98,2.49,18.11,63.13,11.36,25.3,85.37,Inox,Gaurire,390,1,Vibratii
325,Burghiu,HSS DRILL Ø6,3971,600.35,2.03,10.43,69.89,1.2,8.2,72.24,Aluminiu,Gaurire,243,0,Niciunul
326,Burghiu,HSS DRILL Ø6,3130,1068.36,0.93,5.23,51.31,0.59,3.0,74.91,Aluminiu,Gaurire,427,0,Niciunul
327,Burghiu,HSS DRILL Ø6,3821,608.13,1.97,8.14,83.19,7.07,43.8,91.89,Inox,Gaurire,155,1,Vibratii
328,Burghiu,HSS DRILL Ø6,5850,1080.73,1.3,10.55,51.55,1.22,0.4,62.1,Otel,Gaurire,315,0,Niciunul
329,Burghiu,HSS DRILL Ø6,1773,428.9,0.12,11.07,72.62,7.11,45.5,87.36,Inox,Gaurire,418,1,Vibratii
330,Burghiu,HSS DRILL Ø6,5530,397.75,0.8,6.02,49.94,1.86,8.6,69.94,Aluminiu,Gaurire,268,0,Niciunul
331,Burghiu,HSS DRILL Ø6,2400,1170.27,1.92,15.8,39.44,0.89,4.5,67.75,Otel,Gaurire,449,0,Niciunul
332,Burghiu,HSS DRILL Ø6,4482,568.61,2.49,14.64,67.4,9.93,36.9,91.5,Otel,Gaurire,428,1,Vibratii
333,Burghiu,HSS DRILL Ø6,4925,832.1,2.63,5.04,60.29,9.73,36.3,90.08,Otel,Gaurire,158,1,Vibratii
334,Burghiu,HSS DRILL Ø6,5567,437.68,1.49,11.49,79.07,4.22,88.9,77.68,Aluminiu,Gaurire,141,1,Uzura excesiva
335,Burghiu,HSS DRILL Ø6,1528,599.52,0.37,17.16,68.11,1.67,15.0,71.43,Aluminiu,Gaurire,384,0,Niciunul
336,Burghiu,HSS DRILL Ø6,1991,389.31,1.98,17.68,59.11,1.06,7.8,62.01,Otel,Gaurire,262,0,Niciunul
337,Burghiu,HSS DRILL Ø6,5991,1075.65,0.13,18.2,79.88,9.91,24.1,101.03,Inox,Gaurire,473,1,Vibratii
338,Burghiu,HSS DRILL Ø6,2215,876.73,0.8,15.02,69.7,1.77,4.0,61.73,Aluminiu,Gaurire,334,0,Niciunul
339,Burghiu,HSS DRILL Ø6,1943,994.1,1.39,5.02,97.34,3.67,66.3,75.56,Aluminiu,Gaurire,277,1,Uzura excesiva
340,Burghiu,HSS DRILL Ø6,2500,629.26,0.18,8.41,104.79,4.28,99.3,72.8,Aluminiu,Gaurire,343,1,Uzura excesiva
341,Burghiu,HSS DRILL Ø6,2277,738.56,2.67,17.29,59.5,1.65,8.8,68.75,Inox,Gaurire,61,0,Niciunul
342,Burghiu,HSS DRILL Ø6,3460,491.42,0.98,6.25,76.27,12.51,31.4,91.48,Aluminiu,Gaurire,408,1,Vibratii
343,Burghiu,HSS DRILL Ø6,4055,1019.06,1.42,8.68,78.98,12.96,27.2,102.88,Aluminiu,Gaurire,165,1,Vibratii
344,Burghiu,HSS DRILL Ø6,5436,1053.37,0.41,18.29,80.24,4.86,77.5,71.54,Otel,Gaurire,193,1,Uzura excesiva
345,Burghiu,HSS DRILL Ø6,5667,515.38,1.48,10.24,80.82,7.48,45.9,102.28,Inox,Gaurire,99,1,Vibratii
346,Burghiu,HSS DRILL Ø6,5283,846.99,2.1,6.85,159.29,1.51,23.6,77.34,Inox,Gaurire,278,1,Supraincalzire
347,Burghiu,HSS DRILL Ø6,3892,980.1,0.12,16.2,129.15,2.42,28.5,82.16,Inox,Gaurire,448,1,Supraincalzire
348,Burghiu,HSS DRILL Ø6,4696,278.93,2.11,8.21,169.25,1.55,29.3,81.6,Inox,Gaurire,223,1,Supraincalzire
349,Burghiu,HSS DRILL Ø6,2228,348.86,1.41,12.3,47.41,0.57,17.5,67.73,Aluminiu,Gaurire,422,0,Niciunul
350,Burghiu,HSS DRILL Ø6,1955,635.09,0.21,17.01,35.6,1.73,3.6,65.03,Inox,Gaurire,409,0,Niciunul
351,Burghiu,HSS DRILL Ø6,3888,758.65,1.13,10.14,55.45,0.95,12.8,69.55,Otel,Gaurire,82,0,Niciunul
352,Burghiu,HSS DRILL Ø6,2269,482.27,2.01,19.4,72.92,11.55,32.1,85.71,Inox,Gaurire,49,1,Vibratii
353,Burghiu,HSS DRILL Ø6,5990,918.2,0.31,13.78,51.25,1.75,2.4,60.88,Inox,Gaurire,190,0,Niciunul
354,Burghiu,HSS DRILL Ø6,1798,349.79,0.45,17.46,99.0,3.43,64.6,89.54,Aluminiu,Gaurire,331,1,Uzura excesiva
355,Burghiu,HSS DRILL Ø6,3402,620.05,2.44,5.34,170.73,2.04,39.3,78.16,Inox,Gaurire,434,1,Supraincalzire
356,Burghiu,HSS DRILL Ø6,4817,280.43,2.79,7.1,76.65,4.7,95.8,78.95,Inox,Gaurire,493,1,Uzura excesiva
357,Burghiu,HSS DRILL Ø6,5572,345.22,0.74,16.98,66.81,1.01,6.8,67.07,Aluminiu,Gaurire,104,0,Niciunul
358,Burghiu,HSS DRILL Ø6,4662,279.14,1.57,7.04,76.19,4.54,76.2,76.31,Otel,Gaurire,194,1,Uzura excesiva
359,Burghiu,HSS DRILL Ø6,4076,323.94,2.25,6.18,121.22,2.74,22.1,84.12,Inox,Gaurire,279,1,Supraincalzire
360,Burghiu,HSS DRILL Ø6,2914,248.2,0.25,9.67,98.91,2.28,61.6,74.91,Inox,Gaurire,197,1,Uzura excesiva
361,Burghiu,HSS DRILL Ø6,3811,219.6,0.25,14.52,138.34,3.25,25.2,84.64,Aluminiu,Gaurire,31,1,Supraincalzire
362,Burghiu,HSS DRILL Ø6,2647,221.03,1.46,15.62,140.53,2.66,32.5,78.77,Otel,Gaurire,159,1,Supraincalzire
363,Burghiu,HSS DRILL Ø6,3857,432.12,0.29,11.06,135.74,2.33,39.9,81.21,Otel,Gaurire,43,1,Supraincalzire
364,Burghiu,HSS DRILL Ø6,3624,1094.82,1.25,10.57,95.57,2.05,61.9,86.24,Inox,Gaurire,23,1,Uzura excesiva
365,Burghiu,HSS DRILL Ø6,1911,1036.95,2.64,19.96,38.88,1.5,11.2,68.07,Otel,Gaurire,135,0,Niciunul
366,Burghiu,HSS DRILL Ø6,1885,725.39,1.37,10.67,45.17,1.72,0.8,68.48,Aluminiu,Gaurire,301,0,Niciunul
367,Burghiu,HSS DRILL Ø6,4817,718.33,0.87,18.47,51.03,1.45,17.8,66.71,Otel,Gaurire,110,0,Niciunul
368,Burghiu,HSS DRILL Ø6,4711,756.97,2.98,7.76,139.17,3.15,24.8,81.39,Aluminiu,Gaurire,423,1,Supraincalzire
369,Burghiu,HSS DRILL Ø6,4592,575.37,2.4,12.37,144.88,2.41,27.8,82.94,Inox,Gaurire,493,1,Supraincalzire
370,Burghiu,HSS DRILL Ø6,5187,445.08,2.06,12.44,103.93,2.01,95.1,81.62,Otel,Gaurire,332,1,Uzura excesiva
371,Burghiu,HSS DRILL Ø6,2648,1178.26,1.82,14.41,72.93,7.7,37.2,96.84,Aluminiu,Gaurire,308,1,Vibratii
372,Burghiu,HSS DRILL Ø6,2797,743.3,2.55,10.55,65.37,1.05,15.6,69.11,Otel,Gaurire,306,0,Niciunul
373,Burghiu,HSS DRILL Ø6,4235,877.55,0.51,10.72,40.95,1.78,3.6,63.24,Inox,Gaurire,247,0,Niciunul
374,Burghiu,HSS DRILL Ø6,3444,569.02,1.73,11.11,60.52,0.79,3.0,63.18,Aluminiu,Gaurire,113,0,Niciunul
375,Burghiu,HSS DRILL Ø6,3987,297.47,1.16,9.21,52.42,1.25,3.4,74.61,Aluminiu,Gaurire,281,0,Niciunul
376,Burghiu,HSS DRILL Ø6,3264,873.86,1.34,19.43,70.37,4.68,71.9,76.85,Otel,Gaurire,76,1,Uzura excesiva
377,Burghiu,HSS DRILL Ø6,5533,632.99,2.27,7.5,45.31,1.06,1.0,71.0,Aluminiu,Gaurire,15,0,Niciunul
378,Burghiu,HSS DRILL Ø6,2248,764.91,1.95,18.6,77.49,2.72,79.8,73.43,Inox,Gaurire,28,1,Uzura excesiva
379,Burghiu,HSS DRILL Ø6,5946,530.14,1.7,7.38,47.17,1.92,9.6,61.99,Inox,Gaurire,178,0,Niciunul
380,Burghiu,HSS DRILL Ø6,4523,354.88,1.53,13.17,106.0,4.99,63.9,72.39,Otel,Gaurire,260,1,Uzura excesiva
381,Burghiu,HSS DRILL Ø6,4775,687.55,2.65,10.65,44.33,0.95,1.0,70.54,Otel,Gaurire,121,0,Niciunul
382,Burghiu,HSS DRILL Ø6,5070,714.5,0.51,12.55,75.36,14.0,42.5,98.14,Inox,Gaurire,70,1,Vibratii
383,Burghiu,HSS DRILL Ø6,3814,581.0,0.59,10.17,65.98,1.92,18.0,64.24,Inox,Gaurire,173,0,Niciunul
384,Burghiu,HSS DRILL Ø6,3360,531.91,1.98,18.07,60.73,1.28,17.8,64.83,Otel,Gaurire,76,0,Niciunul
385,Burghiu,HSS DRILL Ø6,2314,618.2,0.85,13.57,72.05,4.2,94.1,82.0,Inox,Gaurire,437,1,Uzura excesiva
386,Burghiu,HSS DRILL Ø6,3060,351.41,1.11,10.14,62.47,1.19,1.9,71.3,Aluminiu,Gaurire,131,0,Niciunul
387,Burghiu,HSS DRILL Ø6,4322,983.03,2.18,19.3,76.04,3.94,67.6,80.02,Otel,Gaurire,44,1,Uzura excesiva
388,Burghiu,HSS DRILL Ø6,2621,459.94,2.71,8.56,37.35,0.86,15.0,73.46,Otel,Gaurire,285,0,Niciunul
389,Burghiu,HSS DRILL Ø6,1662,792.29,0.63,5.6,69.3,1.95,5.7,69.62,Aluminiu,Gaurire,335,0,Niciunul
390,Burghiu,HSS DRILL Ø6,3489,682.75,2.59,10.92,126.54,3.77,23.4,81.59,Inox,Gaurire,342,1,Supraincalzire
391,Burghiu,HSS DRILL Ø6,2981,886.15,0.34,18.15,40.65,1.24,8.4,61.25,Inox,Gaurire,320,0,Niciunul
392,Burghiu,HSS DRILL Ø6,3680,1176.45,0.47,19.67,50.3,0.85,15.3,63.66,Inox,Gaurire,159,0,Niciunul
393,Burghiu,HSS DRILL Ø6,2306,655.69,0.29,15.32,90.23,2.94,87.1,71.39,Aluminiu,Gaurire,84,1,Uzura excesiva
394,Burghiu,HSS DRILL Ø6,3302,508.72,0.8,9.84,64.59,11.85,49.6,91.33,Aluminiu,Gaurire,421,1,Vibratii
395,Burghiu,HSS DRILL Ø6,5497,792.22,2.71,6.77,56.88,1.22,3.0,67.9,Inox,Gaurire,55,0,Niciunul
396,Burghiu,HSS DRILL Ø6,4849,263.18,1.15,18.11,65.47,1.85,18.0,65.97,Aluminiu,Gaurire,232,0,Niciunul
397,Burghiu,HSS DRILL Ø6,1682,987.67,2.86,8.88,55.61,1.76,9.3,63.02,Aluminiu,Gaurire,20,0,Niciunul
398,Burghiu,HSS DRILL Ø6,4387,921.09,2.3,5.88,52.54,1.95,12.6,69.8,Inox,Gaurire,37,0,Niciunul
399,Burghiu,HSS DRILL Ø6,3679,260.56,0.63,12.76,83.71,4.45,80.6,80.35,Otel,Gaurire,210,1,Uzura excesiva
400,Burghiu,HSS DRILL Ø6,5937,1043.76,2.12,7.76,122.93,1.63,34.3,83.78,Inox,Gaurire,149,1,Supraincalzire
401,Burghiu,HSS DRILL Ø6,3107,1046.32,2.04,17.87,69.36,10.74,35.8,98.2,Otel,Gaurire,258,1,Vibratii
402,Burghiu,HSS DRILL Ø6,1671,979.49,2.66,17.96,69.66,1.64,16.6,70.38,Otel,Gaurire,428,0,Niciunul
403,Burghiu,HSS DRILL Ø6,5676,631.35,0.79,6.19,62.5,1.9,8.5,65.55,Inox,Gaurire,235,0,Niciunul
404,Burghiu,HSS DRILL Ø6,1784,611.79,1.48,12.66,64.97,12.99,33.6,93.86,Aluminiu,Gaurire,334,1,Vibratii
405,Burghiu,HSS DRILL Ø6,1586,929.08,2.8,7.4,166.98,3.17,24.1,82.68,Aluminiu,Gaurire,81,1,Supraincalzire
406,Burghiu,HSS DRILL Ø6,1840,983.02,2.87,14.54,55.34,0.95,17.8,65.68,Inox,Gaurire,66,0,Niciunul
407,Burghiu,HSS DRILL Ø6,5835,446.91,1.93,5.85,148.33,3.56,30.1,81.31,Aluminiu,Gaurire,318,1,Supraincalzire
408,Burghiu,HSS DRILL Ø6,2902,371.49,1.0,8.44,53.05,0.62,16.8,71.72,Otel,Gaurire,191,0,Niciunul
409,Burghiu,HSS DRILL Ø6,2353,358.21,1.69,15.74,86.23,3.59,85.8,89.99,Inox,Gaurire,158,1,Uzura excesiva
410,Burghiu,HSS DRILL Ø6,4477,502.12,0.55,5.98,62.13,12.42,44.8,92.3,Aluminiu,Gaurire,164,1,Vibratii
411,Burghiu,HSS DRILL Ø6,2434,549.85,1.14,7.33,74.61,4.46,99.3,80.23,Inox,Gaurire,439,1,Uzura excesiva
412,Burghiu,HSS DRILL Ø6,3318,1023.94,2.92,5.1,150.5,1.61,34.8,81.97,Otel,Gaurire,194,1,Supraincalzire
413,Burghiu,HSS DRILL Ø6,4384,899.72,2.41,5.48,43.41,0.71,14.6,65.63,Aluminiu,Gaurire,440,0,Niciunul
414,Burghiu,HSS DRILL Ø6,5408,254.49,2.34,11.91,36.35,1.3,17.9,62.51,Inox,Gaurire,112,0,Niciunul
415,Burghiu,HSS DRILL Ø6,3252,967.41,1.74,6.31,47.37,1.34,18.4,68.89,Aluminiu,Gaurire,476,0,Niciunul
416,Burghiu,HSS DRILL Ø6,1504,558.31,0.18,17.46,38.84,1.35,15.6,69.82,Inox,Gaurire,212,0,Niciunul
417,Burghiu,HSS DRILL Ø6,2523,345.01,1.42,16.22,82.64,2.89,66.5,82.99,Otel,Gaurire,421,1,Uzura excesiva
418,Burghiu,HSS DRILL Ø6,4759,613.99,1.39,16.7,130.28,3.22,35.7,80.18,Inox,Gaurire,2,1,Supraincalzire
419,Burghiu,HSS DRILL Ø6,4408,690.56,1.54,12.55,80.34,13.81,48.1,86.62,Inox,Gaurire,468,1,Vibratii
420,Burghiu,HSS DRILL Ø6,4128,821.54,2.63,16.56,85.81,9.85,48.3,101.34,Otel,Gaurire,297,1,Vibratii
421,Burghiu,HSS DRILL Ø6,5204,741.64,2.67,6.46,108.49,2.6,85.0,85.81,Otel,Gaurire,288,1,Uzura excesiva
422,Burghiu,HSS DRILL Ø6,3294,849.6,1.86,19.98,64.13,0.88,6.1,62.23,Otel,Gaurire,330,0,Niciunul
423,Burghiu,HSS DRILL Ø6,2387,519.46,1.87,18.33,66.7,1.78,4.9,67.42,Aluminiu,Gaurire,328,0,Niciunul
424,Burghiu,HSS DRILL Ø6,2047,908.91,2.42,17.1,58.92,1.94,18.0,74.97,Inox,Gaurire,239,0,Niciunul
425,Burghiu,HSS DRILL Ø6,3704,640.42,1.31,15.24,179.24,3.31,36.0,84.06,Aluminiu,Gaurire,372,1,Supraincalzire
426,Burghiu,HSS DRILL Ø6,4900,525.42,2.75,8.51,56.47,1.77,0.6,66.88,Otel,Gaurire,348,0,Niciunul
427,Burghiu,HSS DRILL Ø6,2175,770.64,1.33,6.63,138.77,1.6,30.5,76.31,Otel,Gaurire,30,1,Supraincalzire
428,Burghiu,HSS DRILL Ø6,2072,1169.92,2.24,19.14,42.95,1.12,9.4,62.14,Otel,Gaurire,464,0,Niciunul
429,Burghiu,HSS DRILL Ø6,2529,479.41,1.75,5.94,66.28,0.76,10.8,64.05,Aluminiu,Gaurire,470,0,Niciunul
430,Burghiu,HSS DRILL Ø6,5514,1004.74,0.68,15.81,64.3,12.36,49.8,89.45,Inox,Gaurire,247,1,Vibratii
431,Burghiu,HSS DRILL Ø6,2795,711.97,2.19,15.59,46.11,1.87,6.7,60.53,Aluminiu,Gaurire,332,0,Niciunul
432,Burghiu,HSS DRILL Ø6,5404,498.98,1.36,16.8,38.72,1.57,13.7,73.13,Inox,Gaurire,489,0,Niciunul
433,Burghiu,HSS DRILL Ø6,2468,1053.38,2.04,17.06,76.42,4.85,79.1,85.15,Otel,Gaurire,439,1,Uzura excesiva
434,Burghiu,HSS DRILL Ø6,1995,1049.2,2.18,18.09,76.31,3.71,60.2,79.17,Otel,Gaurire,401,1,Uzura excesiva
435,Burghiu,HSS DRILL Ø6,2641,352.66,0.97,10.46,101.98,3.16,92.6,70.29,Otel,Gaurire,210,1,Uzura excesiva
436,Burghiu,HSS DRILL Ø6,5053,1190.83,2.88,6.84,74.53,13.92,32.3,88.48,Otel,Gaurire,312,1,Vibratii
437,Burghiu,HSS DRILL Ø6,3527,220.19,0.13,9.49,86.11,10.69,21.8,95.87,Aluminiu,Gaurire,251,1,Vibratii
438,Burghiu,HSS DRILL Ø6,2727,378.9,0.93,11.69,40.73,1.16,11.4,62.31,Aluminiu,Gaurire,372,0,Niciunul
439,Burghiu,HSS DRILL Ø6,2754,430.03,0.71,10.71,160.09,3.37,25.7,81.81,Inox,Gaurire,311,1,Supraincalzire
440,Burghiu,HSS DRILL Ø6,5129,1190.63,1.92,5.48,167.03,3.95,28.7,80.75,Inox,Gaurire,159,1,Supraincalzire
441,Burghiu,HSS DRILL Ø6,2747,356.48,2.39,10.97,68.03,0.51,10.7,63.58,Inox,Gaurire,483,0,Niciunul
442,Burghiu,HSS DRILL Ø6,2872,566.3,0.57,10.9,35.63,0.72,6.6,69.01,Aluminiu,Gaurire,54,0,Niciunul
443,Burghiu,HSS DRILL Ø6,5139,1065.55,0.63,18.52,60.6,1.6,1.9,71.2,Otel,Gaurire,375,0,Niciunul
444,Burghiu,HSS DRILL Ø6,2237,1025.08,2.69,14.67,69.99,1.05,9.6,62.59,Otel,Gaurire,397,0,Niciunul
445,Burghiu,HSS DRILL Ø6,1932,1023.39,1.76,14.15,63.04,11.54,43.7,85.03,Inox,Gaurire,487,1,Vibratii
446,Burghiu,HSS DRILL Ø6,3094,646.09,2.8,10.86,89.67,3.61,69.5,72.36,Otel,Gaurire,247,1,Uzura excesiva
447,Burghiu,HSS DRILL Ø6,3779,215.75,2.6,16.3,58.52,1.77,15.6,65.92,Aluminiu,Gaurire,239,0,Niciunul
448,Burghiu,HSS DRILL Ø6,5712,369.37,1.87,7.08,46.97,1.44,13.1,62.11,Otel,Gaurire,271,0,Niciunul
449,Burghiu,HSS DRILL Ø6,2732,270.81,1.02,16.52,148.64,2.59,30.5,80.36,Otel,Gaurire,96,1,Supraincalzire
450,Burghiu,HSS DRILL Ø6,4849,682.51,0.1,17.29,46.7,1.12,5.9,70.81,Otel,Gaurire,212,0,Niciunul
451,Burghiu,HSS DRILL Ø6,4094,761.18,2.08,5.32,44.46,1.73,13.9,60.99,Otel,Gaurire,249,0,Niciunul
452,Burghiu,HSS DRILL Ø6,2250,1197.85,0.37,5.66,109.33,2.9,99.4,74.49,Otel,Gaurire,290,1,Uzura excesiva
453,Burghiu,HSS DRILL Ø6,5241,918.83,2.69,8.28,46.73,1.78,14.1,63.3,Inox,Gaurire,111,0,Niciunul
454,Burghiu,HSS DRILL Ø6,3126,509.89,0.92,17.44,101.44,3.23,80.0,81.09,Inox,Gaurire,7,1,Uzura excesiva
455,Burghiu,HSS DRILL Ø6,2177,368.18,2.18,14.33,88.12,11.92,27.9,89.14,Otel,Gaurire,67,1,Vibratii
456,Burghiu,HSS DRILL Ø6,3321,1043.0,2.61,11.69,131.58,3.74,24.4,80.77,Inox,Gaurire,186,1,Supraincalzire
457,Burghiu,HSS DRILL Ø6,1767,882.58,1.4,15.52,77.61,9.79,20.3,86.53,Aluminiu,Gaurire,487,1,Vibratii
458,Burghiu,HSS DRILL Ø6,1836,1041.82,1.41,12.81,85.84,10.37,21.0,96.23,Otel,Gaurire,453,1,Vibratii
459,Burghiu,HSS DRILL Ø6,3142,1180.5,0.13,18.64,58.11,1.09,7.9,69.43,Otel,Gaurire,125,0,Niciunul
460,Burghiu,HSS DRILL Ø6,4522,848.89,0.99,19.45,62.17,0.86,16.7,66.52,Aluminiu,Gaurire,463,0,Niciunul
461,Burghiu,HSS DRILL Ø6,5962,784.57,1.03,6.62,60.4,1.91,4.4,61.32,Otel,Gaurire,225,0,Niciunul
462,Burghiu,HSS DRILL Ø6,3086,903.85,2.14,9.34,176.96,3.56,35.2,78.74,Aluminiu,Gaurire,292,1,Supraincalzire
463,Burghiu,HSS DRILL Ø6,5032,1158.33,1.99,6.87,121.48,3.33,31.2,75.63,Inox,Gaurire,352,1,Supraincalzire
464,Burghiu,HSS DRILL Ø6,4394,685.83,0.37,12.99,63.72,1.68,4.9,68.11,Aluminiu,Gaurire,247,0,Niciunul
465,Burghiu,HSS DRILL Ø6,4339,1070.09,0.42,12.84,163.63,3.24,31.4,75.59,Otel,Gaurire,221,1,Supraincalzire
466,Burghiu,HSS DRILL Ø6,5181,516.56,0.14,17.14,77.24,9.86,44.7,93.1,Aluminiu,Gaurire,160,1,Vibratii
467,Burghiu,HSS DRILL Ø6,3280,934.27,0.17,13.83,42.25,0.75,13.0,67.74,Inox,Gaurire,39,0,Niciunul
468,Burghiu,HSS DRILL Ø6,1880,938.34,1.29,9.0,102.5,3.89,69.3,75.47,Aluminiu,Gaurire,234,1,Uzura excesiva
469,Burghiu,HSS DRILL Ø6,3135,794.09,1.21,15.77,68.7,0.67,5.5,68.31,Inox,Gaurire,302,0,Niciunul
470,Burghiu,HSS DRILL Ø6,2266,388.85,0.29,17.53,80.84,6.26,30.6,94.24,Inox,Gaurire,279,1,Vibratii
471,Burghiu,HSS DRILL Ø6,1917,627.26,0.73,19.41,79.75,4.45,86.2,83.5,Otel,Gaurire,297,1,Uzura excesiva
472,Burghiu,HSS DRILL Ø6,4063,374.2,1.96,10.91,96.29,4.08,76.6,75.27,Inox,Gaurire,367,1,Uzura excesiva
473,Burghiu,HSS DRILL Ø6,5000,927.29,1.18,18.86,37.12,1.45,4.8,69.6,Aluminiu,Gaurire,421,0,Niciunul
474,Burghiu,HSS DRILL Ø6,4569,678.05,1.61,6.55,63.38,1.62,0.7,68.57,Otel,Gaurire,2,0,Niciunul
475,Burghiu,HSS DRILL Ø6,3564,339.28,1.6,15.27,78.65,7.64,24.3,102.56,Otel,Gaurire,177,1,Vibratii
476,Burghiu,HSS DRILL Ø6,3405,216.09,2.6,17.13,166.9,3.21,23.1,75.68,Otel,Gaurire,363,1,Supraincalzire
477,Burghiu,HSS DRILL Ø6,5157,1035.73,2.53,7.72,90.95,4.9,88.9,75.55,Inox,Gaurire,240,1,Uzura excesiva
478,Burghiu,HSS DRILL Ø6,2094,546.91,2.83,5.67,90.44,3.5,98.6,73.69,Inox,Gaurire,317,1,Uzura excesiva
479,Burghiu,HSS DRILL Ø6,3731,759.16,0.67,11.53,65.77,0.61,11.2,67.34,Inox,Gaurire,97,0,Niciunul
480,Burghiu,HSS DRILL Ø6,2146,1084.39,2.39,7.88,103.3,3.8,81.5,73.05,Inox,Gaurire,46,1,Uzura excesiva
481,Burghiu,HSS DRILL Ø6,3461,405.8,2.52,5.11,51.76,0.94,12.7,69.16,Inox,Gaurire,229,0,Niciunul
482,Burghiu,HSS DRILL Ø6,2228,248.21,2.41,16.89,133.72,2.33,32.6,82.45,Inox,Gaurire,497,1,Supraincalzire
483,Burghiu,HSS DRILL Ø6,5813,748.74,1.63,6.38,55.85,0.68,5.3,63.84,Inox,Gaurire,343,0,Niciunul
484,Burghiu,HSS DRILL Ø6,4670,471.4,0.13,12.04,81.76,6.83,34.6,103.23,Aluminiu,Gaurire,150,1,Vibratii
485,Burghiu,HSS DRILL Ø6,5873,700.91,0.25,10.61,129.74,2.56,38.2,77.12,Inox,Gaurire,421,1,Supraincalzire
486,Burghiu,HSS DRILL Ø6,1695,683.49,1.41,16.4,37.35,1.88,5.3,73.1,Aluminiu,Gaurire,151,0,Niciunul
487,Burghiu,HSS DRILL Ø6,1558,420.4,1.65,5.3,47.77,1.93,14.8,61.85,Inox,Gaurire,52,0,Niciunul
488,Burghiu,HSS DRILL Ø6,5492,437.67,2.9,17.05,54.33,1.0,1.5,61.65,Aluminiu,Gaurire,284,0,Niciunul
489,Burghiu,HSS DRILL Ø6,3677,610.87,1.83,8.61,52.38,1.0,15.5,64.66,Otel,Gaurire,262,0,Niciunul
490,Burghiu,HSS DRILL Ø6,2571,462.16,0.87,17.99,41.75,1.34,8.7,63.14,Otel,Gaurire,53,0,Niciunul
491,Burghiu,HSS DRILL Ø6,5620,1002.9,2.39,10.28,163.57,1.91,31.2,81.67,Otel,Gaurire,479,1,Supraincalzire
492,Burghiu,HSS DRILL Ø6,3645,311.13,0.67,10.64,35.41,0.6,4.0,69.62,Otel,Gaurire,376,0,Niciunul
493,Burghiu,HSS DRILL Ø6,3853,812.78,1.0,9.81,80.85,7.48,48.1,94.66,Aluminiu,Gaurire,326,1,Vibratii
494,Burghiu,HSS DRILL Ø6,4778,619.11,2.64,13.1,47.6,1.62,7.3,62.98,Aluminiu,Gaurire,120,0,Niciunul
495,Burghiu,HSS DRILL Ø6,2316,373.28,2.33,18.91,61.11,7.07,35.7,97.78,Aluminiu,Gaurire,206,1,Vibratii
496,Burghiu,HSS DRILL Ø6,1801,476.76,1.47,10.76,167.52,3.96,27.2,75.77,Aluminiu,Gaurire,272,1,Supraincalzire
497,Burghiu,HSS DRILL Ø6,4459,729.89,1.79,6.37,46.3,0.51,14.7,62.12,Otel,Gaurire,483,0,Niciunul
498,Burghiu,HSS DRILL Ø6,4375,1144.55,2.44,12.45,131.19,3.63,35.9,78.07,Inox,Gaurire,434,1,Supraincalzire
499,Burghiu,HSS DRILL Ø6,5811,773.67,2.75,15.76,82.32,9.94,38.5,101.96,Inox,Gaurire,471,1,Vibratii
500,Burghiu,HSS DRILL Ø6,4989,674.83,2.84,12.58,49.16,1.21,13.5,74.83,Inox,Gaurire,3,0,Niciunul
501,Burghiu,HSS DRILL Ø6,2824,558.41,1.4,12.03,59.18,0.73,15.8,65.83,Inox,Gaurire,322,0,Niciunul
502,Burghiu,HSS DRILL Ø6,4477,754.16,0.25,15.72,44.98,1.93,8.4,71.53,Inox,Gaurire,350,0,Niciunul
503,Burghiu,HSS DRILL Ø6,3576,269.95,1.91,10.79,54.39,1.41,12.9,73.42,Otel,Gaurire,103,0,Niciunul
504,Burghiu,HSS DRILL Ø6,5358,421.41,1.15,9.78,62.29,1.34,6.5,73.84,Inox,Gaurire,456,0,Niciunul
505,Burghiu,HSS DRILL Ø6,2122,935.55,0.43,8.58,154.36,1.64,20.7,81.42,Inox,Gaurire,107,1,Supraincalzire
506,Burghiu,HSS DRILL Ø6,5596,1138.92,0.49,7.62,143.3,2.33,33.3,78.77,Inox,Gaurire,263,1,Supraincalzire
507,Burghiu,HSS DRILL Ø6,2014,869.2,1.14,18.85,77.84,7.6,47.4,91.59,Inox,Gaurire,281,1,Vibratii
508,Burghiu,HSS DRILL Ø6,4111,829.67,2.85,10.46,153.18,3.18,34.9,79.93,Otel,Gaurire,467,1,Supraincalzire
509,Burghiu,HSS DRILL Ø6,4286,230.83,0.42,9.72,48.42,1.13,19.4,71.26,Aluminiu,Gaurire,29,0,Niciunul
510,Burghiu,HSS DRILL Ø6,1975,446.09,0.1,11.82,84.11,3.35,65.2,79.86,Aluminiu,Gaurire,179,1,Uzura excesiva
511,Burghiu,HSS DRILL Ø6,5580,1007.24,1.54,18.74,39.9,1.91,9.0,63.36,Aluminiu,Gaurire,350,0,Niciunul
512,Burghiu,HSS DRILL Ø6,2386,1079.35,2.99,5.14,67.78,1.32,0.3,66.93,Inox,Gaurire,10,0,Niciunul
513,Burghiu,HSS DRILL Ø6,5402,472.02,2.7,16.77,36.24,0.75,15.1,64.1,Otel,Gaurire,239,0,Niciunul
514,Burghiu,HSS DRILL Ø6,1722,861.41,0.12,15.25,70.82,4.87,76.5,84.74,Inox,Gaurire,387,1,Uzura excesiva
515,Burghiu,HSS DRILL Ø6,4525,1168.12,2.88,6.99,129.32,2.28,35.8,80.06,Aluminiu,Gaurire,248,1,Supraincalzire
516,Burghiu,HSS DRILL Ø6,4143,836.93,0.49,8.38,72.91,12.79,20.6,90.65,Aluminiu,Gaurire,179,1,Vibratii
517,Burghiu,HSS DRILL Ø6,5501,769.68,2.89,19.97,127.48,1.8,37.9,80.03,Inox,Gaurire,260,1,Supraincalzire
518,Burghiu,HSS DRILL Ø6,3621,955.4,2.25,12.99,107.48,2.78,68.1,76.24,Otel,Gaurire,468,1,Uzura excesiva
519,Burghiu,HSS DRILL Ø6,2449,531.85,0.97,6.81,74.81,4.38,68.8,86.29,Aluminiu,Gaurire,244,1,Uzura excesiva
520,Burghiu,HSS DRILL Ø6,4539,318.01,1.79,10.16,74.31,7.79,39.5,101.86,Otel,Gaurire,458,1,Vibratii
521,Burghiu,HSS DRILL Ø6,4385,895.42,0.51,19.81,68.6,12.25,38.8,101.02,Aluminiu,Gaurire,180,1,Vibratii
522,Burghiu,HSS DRILL Ø6,3170,1174.97,0.81,5.01,101.18,4.24,73.9,78.8,Aluminiu,Gaurire,141,1,Uzura excesiva
523,Burghiu,HSS DRILL Ø6,2009,472.0,1.85,14.79,51.81,0.58,9.0,68.13,Inox,Gaurire,470,0,Niciunul
524,Burghiu,HSS DRILL Ø6,5194,1112.36,0.58,9.13,98.98,4.12,71.1,87.29,Otel,Gaurire,370,1,Uzura excesiva
525,Burghiu,HSS DRILL Ø6,3104,1111.64,2.42,10.38,72.09,9.19,39.4,89.2,Aluminiu,Gaurire,488,1,Vibratii
526,Burghiu,HSS DRILL Ø6,5489,424.62,2.06,10.35,57.84,1.82,3.0,74.58,Inox,Gaurire,161,0,Niciunul
527,Burghiu,HSS DRILL Ø6,5688,500.57,2.79,15.63,131.98,3.02,26.0,80.65,Aluminiu,Gaurire,271,1,Supraincalzire
528,Burghiu,HSS DRILL Ø6,4139,940.32,2.54,19.77,44.32,1.65,19.3,71.76,Aluminiu,Gaurire,253,0,Niciunul
529,Burghiu,HSS DRILL Ø6,5187,1087.92,0.16,19.6,80.49,10.23,39.6,91.43,Aluminiu,Gaurire,494,1,Vibratii
530,Burghiu,HSS DRILL Ø6,5935,1046.47,2.08,14.41,64.76,0.97,4.8,69.62,Aluminiu,Gaurire,234,0,Niciunul
531,Burghiu,HSS DRILL Ø6,4877,895.57,0.8,14.78,81.96,2.01,67.2,73.18,Aluminiu,Gaurire,48,1,Uzura excesiva
532,Burghiu,HSS DRILL Ø6,4424,1166.61,1.61,8.83,62.62,1.71,6.6,60.04,Inox,Gaurire,110,0,Niciunul
533,Burghiu,HSS DRILL Ø6,3811,596.0,1.16,13.77,177.08,2.07,35.3,79.45,Inox,Gaurire,219,1,Supraincalzire
534,Burghiu,HSS DRILL Ø6,1769,765.26,1.71,5.02,40.67,1.6,9.0,61.84,Inox,Gaurire,475,0,Niciunul
535,Burghiu,HSS DRILL Ø6,5542,996.88,1.08,11.53,158.44,3.96,36.4,81.06,Otel,Gaurire,176,1,Supraincalzire
536,Burghiu,HSS DRILL Ø6,4214,652.89,2.0,18.11,131.9,2.97,34.0,76.49,Inox,Gaurire,268,1,Supraincalzire
537,Burghiu,HSS DRILL Ø6,4148,208.79,0.75,10.26,47.33,1.16,16.8,62.74,Otel,Gaurire,312,0,Niciunul
538,Burghiu,HSS DRILL Ø6,3225,269.43,0.76,19.18,179.37,3.39,29.0,78.41,Otel,Gaurire,167,1,Supraincalzire
539,Burghiu,HSS DRILL Ø6,5746,215.96,0.59,11.57,46.35,1.88,11.9,72.92,Inox,Gaurire,180,0,Niciunul
540,Burghiu,HSS DRILL Ø6,5449,556.65,0.46,8.59,77.22,3.88,72.2,79.86,Aluminiu,Gaurire,434,1,Uzura excesiva
541,Burghiu,HSS DRILL Ø6,4542,386.0,2.25,7.8,65.38,6.3,33.0,103.14,Inox,Gaurire,110,1,Vibratii
542,Burghiu,HSS DRILL Ø6,1638,1177.21,1.95,18.74,39.1,1.73,4.8,60.77,Inox,Gaurire,371,0,Niciunul
543,Burghiu,HSS DRILL Ø6,1912,558.25,0.15,5.5,87.79,12.26,29.2,95.09,Aluminiu,Gaurire,492,1,Vibratii
544,Burghiu,HSS DRILL Ø6,4617,616.07,0.14,11.45,39.47,1.74,3.4,74.92,Inox,Gaurire,240,0,Niciunul
545,Burghiu,HSS DRILL Ø6,1508,211.55,0.16,18.09,38.84,1.02,10.1,64.42,Aluminiu,Gaurire,492,0,Niciunul
546,Burghiu,HSS DRILL Ø6,4204,487.56,2.82,15.52,88.51,3.77,68.5,87.59,Otel,Gaurire,474,1,Uzura excesiva
547,Burghiu,HSS DRILL Ø6,1722,987.92,1.96,16.79,44.74,0.59,16.8,67.96,Aluminiu,Gaurire,248,0,Niciunul
548,Burghiu,HSS DRILL Ø6,3891,1001.23,1.51,15.81,76.95,8.9,35.4,103.81,Inox,Gaurire,228,1,Vibratii
549,Burghiu,HSS DRILL Ø6,3278,1088.29,1.49,5.49,74.24,6.57,39.7,102.06,Inox,Gaurire,218,1,Vibratii
550,Burghiu,HSS DRILL Ø6,3605,754.08,3.0,15.05,136.16,2.56,31.5,83.4,Aluminiu,Gaurire,7,1,Supraincalzire
551,Burghiu,HSS DRILL Ø6,5792,297.93,1.37,16.98,120.31,3.78,33.3,79.12,Inox,Gaurire,317,1,Supraincalzire
552,Burghiu,HSS DRILL Ø6,2551,370.23,1.17,16.33,36.86,0.58,19.3,73.22,Aluminiu,Gaurire,304,0,Niciunul
553,Burghiu,HSS DRILL Ø6,2855,660.48,0.11,10.63,75.86,12.96,42.9,93.35,Otel,Gaurire,328,1,Vibratii
554,Burghiu,HSS DRILL Ø6,3687,306.39,2.1,6.5,71.81,10.5,30.2,92.91,Aluminiu,Gaurire,381,1,Vibratii
555,Burghiu,HSS DRILL Ø6,2271,397.63,1.43,17.0,69.56,0.97,5.8,70.99,Otel,Gaurire,331,0,Niciunul
556,Burghiu,HSS DRILL Ø6,5362,368.15,0.26,12.84,59.73,0.66,19.5,72.63,Otel,Gaurire,337,0,Niciunul
557,Burghiu,HSS DRILL Ø6,1601,603.97,1.43,9.5,64.69,1.27,1.3,71.98,Otel,Gaurire,290,0,Niciunul
558,Burghiu,HSS DRILL Ø6,5919,226.06,2.58,15.09,59.32,1.01,9.6,60.81,Inox,Gaurire,193,0,Niciunul
559,Burghiu,HSS DRILL Ø6,1576,1087.93,1.15,14.82,75.64,4.82,91.2,71.35,Otel,Gaurire,285,1,Uzura excesiva
560,Burghiu,HSS DRILL Ø6,4610,1185.65,2.15,12.79,55.84,0.61,7.4,67.07,Otel,Gaurire,189,0,Niciunul
561,Burghiu,HSS DRILL Ø6,5043,1165.83,1.65,19.46,60.51,13.7,40.5,94.06,Otel,Gaurire,329,1,Vibratii
562,Burghiu,HSS DRILL Ø6,3274,828.7,2.46,17.83,61.69,1.79,2.6,64.39,Aluminiu,Gaurire,142,0,Niciunul
563,Burghiu,HSS DRILL Ø6,5726,355.41,1.67,18.02,59.97,1.82,5.4,73.96,Otel,Gaurire,465,0,Niciunul
564,Burghiu,HSS DRILL Ø6,5494,703.04,0.93,7.09,127.19,3.35,21.6,77.9,Inox,Gaurire,56,1,Supraincalzire
565,Burghiu,HSS DRILL Ø6,5139,452.26,0.72,5.31,77.18,11.8,34.2,98.22,Otel,Gaurire,413,1,Vibratii
566,Burghiu,HSS DRILL Ø6,2573,668.27,1.99,19.17,43.53,1.57,17.6,69.63,Otel,Gaurire,11,0,Niciunul
567,Burghiu,HSS DRILL Ø6,2121,447.35,1.79,16.39,56.37,1.32,1.2,73.53,Otel,Gaurire,288,0,Niciunul
568,Burghiu,HSS DRILL Ø6,3363,451.86,0.91,9.46,48.48,1.33,2.5,60.78,Otel,Gaurire,355,0,Niciunul
569,Burghiu,HSS DRILL Ø6,3885,975.37,2.75,14.22,41.42,1.0,11.1,74.33,Otel,Gaurire,448,0,Niciunul
570,Burghiu,HSS DRILL Ø6,2138,348.55,1.86,5.21,51.26,1.92,12.1,67.69,Otel,Gaurire,287,0,Niciunul
571,Burghiu,HSS DRILL Ø6,2159,745.01,0.92,12.81,44.75,1.32,4.4,60.36,Otel,Gaurire,465,0,Niciunul
572,Burghiu,HSS DRILL Ø6,1919,542.85,1.16,18.75,54.01,1.6,8.4,69.98,Otel,Gaurire,411,0,Niciunul
573,Burghiu,HSS DRILL Ø6,5125,1070.33,1.05,11.46,65.67,1.59,3.6,72.41,Aluminiu,Gaurire,245,0,Niciunul
574,Burghiu,HSS DRILL Ø6,4491,991.52,1.2,17.0,38.99,0.97,12.1,71.02,Aluminiu,Gaurire,355,0,Niciunul
575,Burghiu,HSS DRILL Ø6,5007,581.64,2.74,13.84,49.09,1.66,18.4,70.03,Aluminiu,Gaurire,494,0,Niciunul
576,Burghiu,HSS DRILL Ø6,2714,845.99,1.6,16.68,42.64,1.97,1.5,69.58,Aluminiu,Gaurire,79,0,Niciunul
577,Burghiu,HSS DRILL Ø6,2401,777.44,1.9,16.65,40.86,0.86,19.0,62.91,Aluminiu,Gaurire,423,0,Niciunul
578,Burghiu,HSS DRILL Ø6,1605,792.35,0.67,12.56,84.3,9.47,32.3,90.85,Aluminiu,Gaurire,104,1,Vibratii
579,Burghiu,HSS DRILL Ø6,5274,852.45,2.33,16.76,73.12,9.71,40.0,100.27,Aluminiu,Gaurire,137,1,Vibratii
580,Burghiu,HSS DRILL Ø6,4588,300.4,0.83,7.9,75.64,6.49,42.2,86.97,Inox,Gaurire,227,1,Vibratii
581,Burghiu,HSS DRILL Ø6,3346,750.72,0.45,5.08,77.97,6.47,34.4,98.68,Inox,Gaurire,336,1,Vibratii
582,Burghiu,HSS DRILL Ø6,2030,346.89,2.54,7.41,64.83,1.02,9.6,61.0,Aluminiu,Gaurire,495,0,Niciunul
583,Burghiu,HSS DRILL Ø6,1914,853.85,1.73,9.24,82.03,11.37,24.9,90.25,Inox,Gaurire,337,1,Vibratii
584,Burghiu,HSS DRILL Ø6,4544,854.92,1.21,10.5,88.14,3.27,67.3,83.72,Aluminiu,Gaurire,134,1,Uzura excesiva
585,Burghiu,HSS DRILL Ø6,1955,1186.52,1.84,16.7,52.54,0.73,12.0,73.67,Inox,Gaurire,313,0,Niciunul
586,Burghiu,HSS DRILL Ø6,4379,1029.7,0.82,12.23,104.67,4.36,82.0,85.01,Otel,Gaurire,410,1,Uzura excesiva
587,Burghiu,HSS DRILL Ø6,2532,628.9,0.59,19.15,55.28,1.68,7.8,62.31,Otel,Gaurire,49,0,Niciunul
588,Burghiu,HSS DRILL Ø6,5471,369.78,0.81,18.73,120.31,2.45,25.2,77.94,Inox,Gaurire,62,1,Supraincalzire
589,Burghiu,HSS DRILL Ø6,4160,662.92,1.46,14.9,63.53,1.68,15.5,60.02,Otel,Gaurire,179,0,Niciunul
590,Burghiu,HSS DRILL Ø6,5513,621.95,1.55,14.4,73.08,4.27,69.5,85.6,Inox,Gaurire,102,1,Uzura excesiva
591,Burghiu,HSS DRILL Ø6,5456,387.66,2.0,12.62,45.68,1.46,5.1,62.4,Aluminiu,Gaurire,213,0,Niciunul
592,Burghiu,HSS DRILL Ø6,5514,298.92,2.45,12.8,107.15,2.11,68.4,74.86,Otel,Gaurire,305,1,Uzura excesiva
593,Burghiu,HSS DRILL Ø6,5628,1177.55,1.25,15.18,53.84,1.04,16.3,70.28,Otel,Gaurire,272,0,Niciunul
594,Burghiu,HSS DRILL Ø6,5482,218.24,2.89,6.12,53.26,0.53,8.1,72.43,Aluminiu,Gaurire,159,0,Niciunul
595,Burghiu,HSS DRILL Ø6,4460,1086.89,0.38,18.02,84.15,9.06,48.0,93.85,Inox,Gaurire,186,1,Vibratii
596,Burghiu,HSS DRILL Ø6,3603,715.06,0.69,16.37,91.45,2.27,72.4,83.45,Otel,Gaurire,170,1,Uzura excesiva
597,Burghiu,HSS DRILL Ø6,3276,311.81,2.41,14.26,44.78,1.25,15.6,73.61,Otel,Gaurire,353,0,Niciunul
598,Burghiu,HSS DRILL Ø6,2259,640.01,0.24,13.74,65.54,1.11,12.4,67.04,Aluminiu,Gaurire,119,0,Niciunul
599,Burghiu,HSS DRILL Ø6,2107,808.62,2.46,14.11,71.28,13.1,39.2,102.24,Aluminiu,Gaurire,117,1,Vibratii
600,Burghiu,HSS DRILL Ø6,3458,275.75,0.75,15.19,135.18,2.55,30.9,83.63,Otel,Gaurire,184,1,Supraincalzire
1,Tarod,TAROD M10 ISO2,1734,640.97,1.88,7.39,94.31,3.84,100.0,88.02,Otel,Filetare,180,1,Uzura excesiva
2,Tarod,TAROD M10 ISO2,1987,403.25,0.59,11.01,54.13,0.55,1.5,65.62,Otel,Filetare,163,0,Niciunul
3,Tarod,TAROD M10 ISO2,3383,343.11,2.94,12.8,52.91,1.82,14.4,64.81,Inox,Filetare,277,0,Niciunul
4,Tarod,TAROD M10 ISO2,2381,734.33,1.39,19.77,69.27,1.01,5.5,62.55,Aluminiu,Filetare,211,0,Niciunul
5,Tarod,TAROD M10 ISO2,5022,783.27,2.71,17.72,125.74,3.03,37.5,76.28,Otel,Filetare,198,1,Supraincalzire
6,Tarod,TAROD M10 ISO2,5143,1022.41,0.34,9.55,107.33,3.96,66.8,84.45,Aluminiu,Filetare,378,1,Uzura excesiva
7,Tarod,TAROD M10 ISO2,2476,302.01,2.66,7.23,60.7,0.61,11.3,60.16,Otel,Filetare,252,0,Niciunul
8,Tarod,TAROD M10 ISO2,3194,287.55,2.78,16.66,36.54,1.36,4.3,67.97,Inox,Filetare,286,0,Niciunul
9,Tarod,TAROD M10 ISO2,3018,903.32,2.12,5.99,66.66,1.31,8.3,71.59,Inox,Filetare,471,0,Niciunul
10,Tarod,TAROD M10 ISO2,2857,560.46,1.62,10.3,63.1,1.1,17.8,72.99,Otel,Filetare,6,0,Niciunul
11,Tarod,TAROD M10 ISO2,1759,531.67,1.73,11.69,65.34,9.82,42.1,103.07,Otel,Filetare,274,1,Vibratii
12,Tarod,TAROD M10 ISO2,5133,963.36,0.55,17.35,179.05,3.16,21.4,81.69,Otel,Filetare,130,1,Supraincalzire
13,Tarod,TAROD M10 ISO2,5730,897.5,2.5,18.02,41.57,0.8,9.7,70.87,Otel,Filetare,5,0,Niciunul
14,Tarod,TAROD M10 ISO2,2559,379.61,0.24,17.11,135.04,1.6,32.9,83.47,Aluminiu,Filetare,96,1,Supraincalzire
15,Tarod,TAROD M10 ISO2,2550,737.73,1.41,5.09,44.68,1.72,9.0,74.36,Otel,Filetare,84,0,Niciunul
16,Tarod,TAROD M10 ISO2,2179,541.26,0.27,11.79,64.18,0.93,8.4,66.68,Aluminiu,Filetare,208,0,Niciunul
17,Tarod,TAROD M10 ISO2,3991,613.09,2.24,11.38,138.54,2.67,38.1,76.26,Otel,Filetare,382,1,Supraincalzire
18,Tarod,TAROD M10 ISO2,1662,579.55,2.92,12.0,97.16,2.42,77.9,70.04,Otel,Filetare,317,1,Uzura excesiva
19,Tarod,TAROD M10 ISO2,2248,1158.07,0.89,9.83,66.22,1.86,9.6,68.94,Otel,Filetare,386,0,Niciunul
20,Tarod,TAROD M10 ISO2,2936,233.42,0.41,9.06,66.44,1.5,1.4,60.21,Aluminiu,Filetare,16,0,Niciunul
21,Tarod,TAROD M10 ISO2,2714,1137.05,0.83,13.82,61.56,1.94,10.4,73.93,Otel,Filetare,75,0,Niciunul
22,Tarod,TAROD M10 ISO2,1538,260.77,1.59,15.65,149.89,1.96,31.7,81.58,Inox,Filetare,396,1,Supraincalzire
23,Tarod,TAROD M10 ISO2,3442,913.62,1.64,19.82,40.39,0.86,0.1,61.95,Aluminiu,Filetare,172,0,Niciunul
24,Tarod,TAROD M10 ISO2,3663,495.87,1.9,13.2,49.01,0.91,0.3,63.46,Otel,Filetare,387,0,Niciunul
25,Tarod,TAROD M10 ISO2,2734,232.57,0.38,14.74,93.71,3.48,76.8,75.29,Inox,Filetare,231,1,Uzura excesiva
26,Tarod,TAROD M10 ISO2,1716,924.68,2.62,16.03,48.71,0.54,15.0,65.74,Otel,Filetare,57,0,Niciunul
27,Tarod,TAROD M10 ISO2,2173,1169.32,2.11,8.26,175.41,1.96,26.4,83.53,Inox,Filetare,147,1,Supraincalzire
28,Tarod,TAROD M10 ISO2,5027,1034.38,2.92,16.58,62.6,1.09,12.3,71.42,Otel,Filetare,476,0,Niciunul
29,Tarod,TAROD M10 ISO2,2240,948.78,2.27,9.7,61.56,1.43,10.8,68.46,Otel,Filetare,18,0,Niciunul
30,Tarod,TAROD M10 ISO2,1530,1087.73,1.83,6.08,67.81,0.65,4.3,68.6,Inox,Filetare,215,0,Niciunul
31,Tarod,TAROD M10 ISO2,3531,974.55,1.66,5.03,76.35,13.31,36.5,101.37,Inox,Filetare,134,1,Vibratii
32,Tarod,TAROD M10 ISO2,5609,472.99,1.45,8.2,161.75,2.63,38.2,75.58,Inox,Filetare,325,1,Supraincalzire
33,Tarod,TAROD M10 ISO2,5977,932.78,2.48,15.33,105.64,3.11,61.8,88.07,Otel,Filetare,260,1,Uzura excesiva
34,Tarod,TAROD M10 ISO2,1781,218.29,2.55,11.72,44.92,1.59,10.4,73.09,Otel,Filetare,216,0,Niciunul
35,Tarod,TAROD M10 ISO2,5735,798.83,2.71,7.05,92.48,3.82,81.5,70.43,Inox,Filetare,122,1,Uzura excesiva
36,Tarod,TAROD M10 ISO2,3654,928.31,2.08,7.23,102.73,2.85,82.2,82.16,Otel,Filetare,47,1,Uzura excesiva
37,Tarod,TAROD M10 ISO2,5718,1057.05,0.86,19.86,61.56,13.5,30.3,88.68,Otel,Filetare,301,1,Vibratii
38,Tarod,TAROD M10 ISO2,3229,503.14,1.03,19.54,61.41,0.89,12.2,73.33,Inox,Filetare,140,0,Niciunul
39,Tarod,TAROD M10 ISO2,4541,1010.97,1.12,6.14,56.94,1.19,5.2,68.78,Aluminiu,Filetare,492,0,Niciunul
40,Tarod,TAROD M10 ISO2,4034,810.96,0.65,9.7,103.93,4.62,95.0,89.57,Aluminiu,Filetare,252,1,Uzura excesiva
41,Tarod,TAROD M10 ISO2,4784,339.62,1.42,8.01,51.36,0.69,8.6,62.39,Otel,Filetare,366,0,Niciunul
42,Tarod,TAROD M10 ISO2,1754,499.34,1.84,19.43,38.91,1.52,16.7,72.26,Otel,Filetare,423,0,Niciunul
43,Tarod,TAROD M10 ISO2,4758,204.07,2.98,15.39,80.01,3.12,73.0,86.84,Otel,Filetare,379,1,Uzura excesiva
44,Tarod,TAROD M10 ISO2,2759,1024.83,1.16,13.84,41.63,1.39,2.1,65.84,Aluminiu,Filetare,278,0,Niciunul
45,Tarod,TAROD M10 ISO2,3850,341.87,2.85,6.31,43.8,0.8,6.6,69.42,Aluminiu,Filetare,111,0,Niciunul
46,Tarod,TAROD M10 ISO2,2159,1099.2,2.58,17.24,101.8,3.3,82.8,73.9,Otel,Filetare,305,1,Uzura excesiva
47,Tarod,TAROD M10 ISO2,3650,712.75,2.33,7.49,60.64,1.48,1.9,64.36,Otel,Filetare,191,0,Niciunul
48,Tarod,TAROD M10 ISO2,3449,609.99,0.66,8.64,169.48,3.88,38.8,82.18,Aluminiu,Filetare,20,1,Supraincalzire
49,Tarod,TAROD M10 ISO2,1963,357.42,2.03,10.83,93.42,4.43,60.6,76.12,Aluminiu,Filetare,10,1,Uzura excesiva
50,Tarod,TAROD M10 ISO2,4374,997.57,0.79,16.54,47.79,1.46,1.5,60.52,Inox,Filetare,315,0,Niciunul
51,Tarod,TAROD M10 ISO2,3692,502.06,1.72,6.57,40.85,0.77,4.9,63.26,Otel,Filetare,320,0,Niciunul
52,Tarod,TAROD M10 ISO2,4572,1073.58,2.88,17.66,151.16,3.09,23.5,81.89,Inox,Filetare,49,1,Supraincalzire
53,Tarod,TAROD M10 ISO2,2586,830.27,2.76,8.69,42.53,0.61,16.3,62.76,Otel,Filetare,17,0,Niciunul
54,Tarod,TAROD M10 ISO2,5853,321.64,1.97,12.16,48.91,1.98,17.2,69.07,Otel,Filetare,61,0,Niciunul
55,Tarod,TAROD M10 ISO2,4030,988.87,1.76,15.27,105.58,2.19,72.4,87.85,Inox,Filetare,351,1,Uzura excesiva
56,Tarod,TAROD M10 ISO2,3701,392.61,0.64,10.37,130.54,3.53,21.1,83.3,Aluminiu,Filetare,169,1,Supraincalzire
57,Tarod,TAROD M10 ISO2,3078,871.62,1.62,12.69,88.72,4.98,93.4,76.98,Inox,Filetare,300,1,Uzura excesiva
58,Tarod,TAROD M10 ISO2,4312,280.01,1.18,11.67,38.53,1.27,10.7,73.07,Aluminiu,Filetare,19,0,Niciunul
59,Tarod,TAROD M10 ISO2,5476,303.93,0.54,8.0,150.63,2.93,20.0,77.95,Aluminiu,Filetare,345,1,Supraincalzire
60,Tarod,TAROD M10 ISO2,3592,490.38,1.67,9.86,45.58,1.59,11.0,69.53,Aluminiu,Filetare,302,0,Niciunul
61,Tarod,TAROD M10 ISO2,4159,1190.94,2.57,8.0,89.1,8.86,36.9,95.9,Inox,Filetare,363,1,Vibratii
62,Tarod,TAROD M10 ISO2,5165,788.39,1.98,11.85,93.53,3.6,98.3,73.0,Otel,Filetare,205,1,Uzura excesiva
63,Tarod,TAROD M10 ISO2,5222,1086.33,1.13,13.74,55.93,1.61,11.0,70.96,Otel,Filetare,102,0,Niciunul
64,Tarod,TAROD M10 ISO2,2774,431.94,1.42,7.48,45.02,1.22,1.6,64.29,Inox,Filetare,39,0,Niciunul
65,Tarod,TAROD M10 ISO2,5396,434.05,2.09,16.27,155.69,3.11,25.4,75.33,Inox,Filetare,433,1,Supraincalzire
66,Tarod,TAROD M10 ISO2,2298,314.08,2.09,9.85,76.43,9.91,20.1,97.26,Otel,Filetare,149,1,Vibratii
67,Tarod,TAROD M10 ISO2,4907,355.83,0.92,15.34,39.16,1.39,5.8,74.7,Otel,Filetare,191,0,Niciunul
68,Tarod,TAROD M10 ISO2,4760,836.56,2.13,15.22,175.62,1.88,31.4,82.81,Aluminiu,Filetare,62,1,Supraincalzire
69,Tarod,TAROD M10 ISO2,3479,404.97,1.08,17.55,43.72,0.8,0.0,73.74,Inox,Filetare,325,0,Niciunul
70,Tarod,TAROD M10 ISO2,5887,565.04,2.55,14.31,66.04,1.54,9.5,60.16,Otel,Filetare,417,0,Niciunul
71,Tarod,TAROD M10 ISO2,3183,1173.39,0.55,17.69,60.71,11.85,31.2,101.96,Otel,Filetare,282,1,Vibratii
72,Tarod,TAROD M10 ISO2,4096,690.46,2.7,19.96,89.5,3.03,91.3,84.16,Inox,Filetare,223,1,Uzura excesiva
73,Tarod,TAROD M10 ISO2,5229,307.98,2.28,17.89,165.95,1.76,27.3,77.73,Inox,Filetare,295,1,Supraincalzire
74,Tarod,TAROD M10 ISO2,4394,665.91,2.01,19.49,79.77,2.1,67.4,73.52,Aluminiu,Filetare,116,1,Uzura excesiva
75,Tarod,TAROD M10 ISO2,3428,255.14,0.57,7.5,132.77,3.14,30.8,79.96,Aluminiu,Filetare,234,1,Supraincalzire
76,Tarod,TAROD M10 ISO2,5944,488.12,2.92,5.59,104.55,4.85,86.0,80.43,Aluminiu,Filetare,23,1,Uzura excesiva
77,Tarod,TAROD M10 ISO2,5132,386.97,2.51,18.64,153.37,2.57,37.6,84.83,Inox,Filetare,164,1,Supraincalzire
78,Tarod,TAROD M10 ISO2,4307,946.63,1.39,19.61,120.09,2.99,38.5,82.23,Inox,Filetare,291,1,Supraincalzire
79,Tarod,TAROD M10 ISO2,5784,281.53,1.89,19.93,64.4,1.84,6.2,72.15,Inox,Filetare,222,0,Niciunul
80,Tarod,TAROD M10 ISO2,1691,977.69,2.77,8.89,55.01,0.88,0.8,74.35,Aluminiu,Filetare,494,0,Niciunul
81,Tarod,TAROD M10 ISO2,5951,661.86,2.33,14.51,66.0,1.56,8.6,67.16,Inox,Filetare,363,0,Niciunul
82,Tarod,TAROD M10 ISO2,4491,265.61,2.27,17.83,91.77,4.95,90.8,76.75,Inox,Filetare,457,1,Uzura excesiva
83,Tarod,TAROD M10 ISO2,1611,362.78,2.53,7.37,42.81,0.7,9.9,70.29,Inox,Filetare,9,0,Niciunul
84,Tarod,TAROD M10 ISO2,5468,453.93,1.98,19.61,65.22,1.08,0.1,60.41,Aluminiu,Filetare,312,0,Niciunul
85,Tarod,TAROD M10 ISO2,5359,932.09,1.12,6.06,42.54,1.74,19.1,64.15,Otel,Filetare,483,0,Niciunul
86,Tarod,TAROD M10 ISO2,5140,952.71,2.36,15.71,57.42,0.65,16.6,65.63,Aluminiu,Filetare,295,0,Niciunul
87,Tarod,TAROD M10 ISO2,3478,981.42,0.75,8.89,170.01,3.13,26.2,75.88,Aluminiu,Filetare,296,1,Supraincalzire
88,Tarod,TAROD M10 ISO2,3993,821.35,1.99,18.0,77.95,2.06,97.3,80.5,Otel,Filetare,305,1,Uzura excesiva
89,Tarod,TAROD M10 ISO2,1527,464.8,2.98,5.57,78.13,2.56,69.7,82.28,Inox,Filetare,318,1,Uzura excesiva
90,Tarod,TAROD M10 ISO2,5407,624.8,2.12,10.42,63.7,1.63,14.4,65.33,Otel,Filetare,443,0,Niciunul
91,Tarod,TAROD M10 ISO2,5774,624.04,1.27,10.75,128.42,2.92,32.6,80.48,Otel,Filetare,245,1,Supraincalzire
92,Tarod,TAROD M10 ISO2,4058,619.48,2.55,14.09,50.7,1.3,7.1,63.2,Inox,Filetare,141,0,Niciunul
93,Tarod,TAROD M10 ISO2,4954,937.9,2.34,6.79,130.96,3.51,36.8,81.27,Otel,Filetare,26,1,Supraincalzire
94,Tarod,TAROD M10 ISO2,5183,663.58,0.53,14.6,70.21,3.15,89.5,75.11,Aluminiu,Filetare,14,1,Uzura excesiva
95,Tarod,TAROD M10 ISO2,4197,1180.61,2.49,16.95,148.42,2.13,22.5,84.36,Otel,Filetare,194,1,Supraincalzire
96,Tarod,TAROD M10 ISO2,1686,552.69,2.2,17.48,77.07,2.59,88.7,88.96,Otel,Filetare,377,1,Uzura excesiva
97,Tarod,TAROD M10 ISO2,5487,1152.9,1.29,17.61,66.13,1.19,11.9,67.23,Inox,Filetare,113,0,Niciunul
98,Tarod,TAROD M10 ISO2,2727,1164.62,1.76,11.27,60.91,8.82,37.1,102.04,Otel,Filetare,75,1,Vibratii
99,Tarod,TAROD M10 ISO2,3429,221.82,2.27,16.77,89.35,2.37,87.7,76.61,Inox,Filetare,41,1,Uzura excesiva
100,Tarod,TAROD M10 ISO2,5771,822.61,2.62,9.01,61.51,1.74,9.2,63.41,Aluminiu,Filetare,341,0,Niciunul
101,Tarod,TAROD M10 ISO2,1668,795.3,0.67,11.11,50.76,1.9,4.1,60.51,Inox,Filetare,229,0,Niciunul
102,Tarod,TAROD M10 ISO2,3983,268.3,2.04,10.12,84.18,2.34,92.3,81.93,Otel,Filetare,2,1,Uzura excesiva
103,Tarod,TAROD M10 ISO2,4516,1123.89,2.77,6.83,61.87,0.66,8.4,61.13,Otel,Filetare,453,0,Niciunul
104,Tarod,TAROD M10 ISO2,5688,611.3,0.22,9.37,52.58,1.61,6.9,68.49,Aluminiu,Filetare,422,0,Niciunul
105,Tarod,TAROD M10 ISO2,2962,745.65,0.83,9.35,50.57,0.82,9.2,66.13,Aluminiu,Filetare,491,0,Niciunul
106,Tarod,TAROD M10 ISO2,4708,522.34,0.84,14.04,81.48,4.3,73.1,88.11,Aluminiu,Filetare,432,1,Uzura excesiva
107,Tarod,TAROD M10 ISO2,4050,1122.04,1.86,11.42,135.28,3.6,22.1,83.24,Otel,Filetare,422,1,Supraincalzire
108,Tarod,TAROD M10 ISO2,4971,777.36,2.39,7.8,80.77,3.13,86.1,70.44,Aluminiu,Filetare,233,1,Uzura excesiva
109,Tarod,TAROD M10 ISO2,4316,1009.55,2.3,12.87,59.47,1.97,7.2,72.45,Aluminiu,Filetare,254,0,Niciunul
110,Tarod,TAROD M10 ISO2,2303,1152.79,1.34,12.25,95.36,2.97,84.7,78.68,Inox,Filetare,402,1,Uzura excesiva
111,Tarod,TAROD M10 ISO2,3129,569.31,2.16,16.35,37.54,1.6,15.6,62.13,Inox,Filetare,439,0,Niciunul
112,Tarod,TAROD M10 ISO2,4829,719.31,0.96,19.64,153.71,2.92,31.2,84.01,Otel,Filetare,148,1,Supraincalzire
113,Tarod,TAROD M10 ISO2,2063,979.86,2.03,9.35,108.31,3.49,86.7,74.4,Otel,Filetare,64,1,Uzura excesiva
114,Tarod,TAROD M10 ISO2,1975,859.79,2.04,19.48,70.29,4.7,60.3,76.65,Aluminiu,Filetare,454,1,Uzura excesiva
115,Tarod,TAROD M10 ISO2,5147,424.37,2.23,15.48,85.9,13.31,43.2,86.45,Otel,Filetare,419,1,Vibratii
116,Tarod,TAROD M10 ISO2,4420,429.89,2.31,14.6,61.96,7.07,37.0,102.36,Inox,Filetare,117,1,Vibratii
117,Tarod,TAROD M10 ISO2,3402,934.37,0.59,8.19,68.88,13.52,42.2,91.25,Aluminiu,Filetare,122,1,Vibratii
118,Tarod,TAROD M10 ISO2,4184,628.89,2.27,11.07,162.24,2.0,37.8,75.84,Otel,Filetare,454,1,Supraincalzire
119,Tarod,TAROD M10 ISO2,4172,449.64,1.32,12.24,64.52,0.77,11.2,70.05,Aluminiu,Filetare,351,0,Niciunul
120,Tarod,TAROD M10 ISO2,2388,461.02,2.5,5.39,36.28,1.95,8.8,68.51,Aluminiu,Filetare,217,0,Niciunul
121,Tarod,TAROD M10 ISO2,4281,750.86,0.85,6.42,89.93,3.48,99.3,78.33,Inox,Filetare,110,1,Uzura excesiva
122,Tarod,TAROD M10 ISO2,3052,297.79,0.76,6.09,39.89,0.59,17.8,62.4,Inox,Filetare,87,0,Niciunul
123,Tarod,TAROD M10 ISO2,5347,1143.49,0.83,6.49,73.59,4.99,79.8,85.98,Aluminiu,Filetare,23,1,Uzura excesiva
124,Tarod,TAROD M10 ISO2,2272,868.58,0.52,16.93,48.4,0.8,6.5,67.92,Otel,Filetare,427,0,Niciunul
125,Tarod,TAROD M10 ISO2,5682,856.54,2.1,11.45,106.35,4.78,81.3,73.04,Aluminiu,Filetare,416,1,Uzura excesiva
126,Tarod,TAROD M10 ISO2,5650,917.43,1.99,19.47,60.31,0.8,15.3,64.03,Otel,Filetare,54,0,Niciunul
127,Tarod,TAROD M10 ISO2,3235,587.46,2.29,6.65,67.34,1.64,10.5,64.04,Aluminiu,Filetare,265,0,Niciunul
128,Tarod,TAROD M10 ISO2,2969,988.26,1.55,5.29,129.43,1.94,34.0,78.98,Aluminiu,Filetare,389,1,Supraincalzire
129,Tarod,TAROD M10 ISO2,3659,1091.78,2.32,17.03,46.21,1.24,1.7,64.58,Aluminiu,Filetare,394,0,Niciunul
130,Tarod,TAROD M10 ISO2,4740,208.5,1.1,14.31,39.16,1.19,15.0,69.11,Aluminiu,Filetare,258,0,Niciunul
131,Tarod,TAROD M10 ISO2,3039,838.73,1.7,15.68,138.4,3.02,28.9,78.01,Otel,Filetare,341,1,Supraincalzire
132,Tarod,TAROD M10 ISO2,4551,592.79,1.53,10.45,59.82,1.61,19.8,62.55,Aluminiu,Filetare,454,0,Niciunul
133,Tarod,TAROD M10 ISO2,3342,511.57,2.44,13.13,41.15,0.97,2.4,62.48,Aluminiu,Filetare,226,0,Niciunul
134,Tarod,TAROD M10 ISO2,4434,1120.09,2.06,13.45,70.94,11.97,42.4,90.13,Aluminiu,Filetare,148,1,Vibratii
135,Tarod,TAROD M10 ISO2,1977,1035.47,1.43,19.56,165.24,3.47,35.5,83.01,Inox,Filetare,98,1,Supraincalzire
136,Tarod,TAROD M10 ISO2,5929,1149.38,0.99,17.57,85.13,7.74,25.5,87.93,Otel,Filetare,119,1,Vibratii
137,Tarod,TAROD M10 ISO2,3947,394.58,0.88,19.74,67.83,1.98,14.1,63.87,Otel,Filetare,302,0,Niciunul
138,Tarod,TAROD M10 ISO2,4161,506.18,1.01,16.77,139.57,2.65,38.1,79.71,Inox,Filetare,477,1,Supraincalzire
139,Tarod,TAROD M10 ISO2,3590,1123.45,2.43,14.86,51.78,1.89,4.2,72.41,Otel,Filetare,425,0,Niciunul
140,Tarod,TAROD M10 ISO2,4594,284.74,0.92,7.34,37.48,0.9,11.3,68.67,Inox,Filetare,107,0,Niciunul
141,Tarod,TAROD M10 ISO2,2423,671.2,2.96,9.24,166.1,3.84,33.4,78.01,Inox,Filetare,499,1,Supraincalzire
142,Tarod,TAROD M10 ISO2,4704,204.57,2.25,6.21,88.86,12.26,44.1,103.68,Otel,Filetare,440,1,Vibratii
143,Tarod,TAROD M10 ISO2,5307,954.75,2.58,9.16,80.22,4.22,72.7,77.9,Aluminiu,Filetare,172,1,Uzura excesiva
144,Tarod,TAROD M10 ISO2,5269,1034.08,1.93,8.69,101.45,2.6,76.4,87.92,Otel,Filetare,479,1,Uzura excesiva
145,Tarod,TAROD M10 ISO2,1984,1096.78,2.68,16.29,67.4,1.44,17.2,73.59,Otel,Filetare,348,0,Niciunul
146,Tarod,TAROD M10 ISO2,5967,515.74,1.04,6.86,86.94,4.17,83.9,77.76,Inox,Filetare,263,1,Uzura excesiva
147,Tarod,TAROD M10 ISO2,5828,1071.54,1.81,19.36,157.55,3.22,36.1,83.58,Aluminiu,Filetare,162,1,Supraincalzire
148,Tarod,TAROD M10 ISO2,2544,945.83,1.69,13.43,63.45,12.22,44.5,102.69,Aluminiu,Filetare,217,1,Vibratii
149,Tarod,TAROD M10 ISO2,2289,363.87,1.23,14.8,85.92,6.05,34.6,87.72,Inox,Filetare,474,1,Vibratii
150,Tarod,TAROD M10 ISO2,3399,1124.06,1.21,13.82,77.41,3.86,86.5,79.13,Aluminiu,Filetare,29,1,Uzura excesiva
151,Tarod,TAROD M10 ISO2,5243,825.29,2.34,8.36,60.76,13.55,30.0,104.58,Otel,Filetare,486,1,Vibratii
152,Tarod,TAROD M10 ISO2,5439,434.39,2.1,5.5,82.94,13.69,34.0,92.94,Aluminiu,Filetare,300,1,Vibratii
153,Tarod,TAROD M10 ISO2,3886,1038.7,1.1,13.39,68.25,0.87,19.9,61.54,Aluminiu,Filetare,185,0,Niciunul
154,Tarod,TAROD M10 ISO2,4303,1004.44,0.33,6.82,73.54,8.13,35.8,95.38,Inox,Filetare,275,1,Vibratii
155,Tarod,TAROD M10 ISO2,2926,428.56,0.84,12.88,61.09,0.78,6.1,60.97,Aluminiu,Filetare,496,0,Niciunul
156,Tarod,TAROD M10 ISO2,5443,775.96,1.41,9.19,48.92,1.65,15.4,65.54,Aluminiu,Filetare,431,0,Niciunul
157,Tarod,TAROD M10 ISO2,5924,942.71,1.09,5.55,51.43,1.36,5.0,61.08,Aluminiu,Filetare,199,0,Niciunul
158,Tarod,TAROD M10 ISO2,3612,1031.14,0.62,5.99,107.29,3.24,95.0,88.16,Inox,Filetare,447,1,Uzura excesiva
159,Tarod,TAROD M10 ISO2,2916,1068.0,0.75,19.2,69.29,1.55,12.2,74.91,Inox,Filetare,189,0,Niciunul
160,Tarod,TAROD M10 ISO2,4086,545.16,0.61,14.14,37.78,1.22,1.3,71.2,Aluminiu,Filetare,183,0,Niciunul
161,Tarod,TAROD M10 ISO2,2409,532.69,0.48,14.51,98.8,2.67,69.5,87.58,Aluminiu,Filetare,464,1,Uzura excesiva
162,Tarod,TAROD M10 ISO2,5918,868.86,2.04,9.94,103.0,4.57,94.4,73.45,Aluminiu,Filetare,440,1,Uzura excesiva
163,Tarod,TAROD M10 ISO2,5893,552.77,2.75,17.52,92.15,3.96,65.6,78.39,Otel,Filetare,5,1,Uzura excesiva
164,Tarod,TAROD M10 ISO2,5407,651.65,0.93,12.8,38.0,1.0,5.1,61.23,Aluminiu,Filetare,195,0,Niciunul
165,Tarod,TAROD M10 ISO2,5087,481.07,1.15,8.8,46.67,1.3,10.9,61.07,Otel,Filetare,446,0,Niciunul
166,Tarod,TAROD M10 ISO2,2956,1099.4,2.94,5.55,41.16,1.2,13.3,62.69,Inox,Filetare,301,0,Niciunul
167,Tarod,TAROD M10 ISO2,1717,1152.97,2.14,16.96,85.69,6.09,20.1,91.6,Inox,Filetare,74,1,Vibratii
168,Tarod,TAROD M10 ISO2,5661,244.42,1.12,16.26,157.39,2.16,38.8,82.81,Inox,Filetare,272,1,Supraincalzire
169,Tarod,TAROD M10 ISO2,3642,754.5,2.04,14.74,81.97,3.68,61.4,71.43,Otel,Filetare,177,1,Uzura excesiva
170,Tarod,TAROD M10 ISO2,4093,948.8,2.67,5.99,51.45,1.18,11.4,68.18,Inox,Filetare,214,0,Niciunul
171,Tarod,TAROD M10 ISO2,2024,1128.46,0.28,7.72,45.43,0.79,9.8,70.53,Aluminiu,Filetare,91,0,Niciunul
172,Tarod,TAROD M10 ISO2,4065,462.0,0.37,18.0,73.94,9.63,26.4,96.63,Otel,Filetare,428,1,Vibratii
173,Tarod,TAROD M10 ISO2,4669,961.51,2.75,13.98,52.98,1.45,19.1,68.86,Otel,Filetare,155,0,Niciunul
174,Tarod,TAROD M10 ISO2,2466,969.98,0.55,15.12,36.36,1.33,18.0,61.2,Aluminiu,Filetare,370,0,Niciunul
175,Tarod,TAROD M10 ISO2,5281,1106.28,2.79,16.53,67.83,10.8,48.7,92.34,Otel,Filetare,290,1,Vibratii
176,Tarod,TAROD M10 ISO2,1645,809.99,2.04,13.56,78.46,12.28,40.3,100.35,Aluminiu,Filetare,352,1,Vibratii
177,Tarod,TAROD M10 ISO2,3692,213.84,0.21,14.48,48.97,1.44,4.3,64.4,Inox,Filetare,399,0,Niciunul
178,Tarod,TAROD M10 ISO2,3543,1171.74,0.17,10.76,146.16,2.56,35.7,81.68,Aluminiu,Filetare,162,1,Supraincalzire
179,Tarod,TAROD M10 ISO2,3002,907.54,2.03,6.73,143.13,3.32,29.1,82.05,Otel,Filetare,178,1,Supraincalzire
180,Tarod,TAROD M10 ISO2,5367,1100.01,0.84,12.93,104.89,2.51,91.2,81.57,Otel,Filetare,89,1,Uzura excesiva
181,Tarod,TAROD M10 ISO2,5830,568.23,2.37,9.51,81.03,9.84,26.0,85.73,Otel,Filetare,120,1,Vibratii
182,Tarod,TAROD M10 ISO2,5444,422.14,0.18,5.54,95.95,3.69,74.6,89.48,Otel,Filetare,229,1,Uzura excesiva
183,Tarod,TAROD M10 ISO2,4576,802.89,0.96,8.84,52.62,0.84,17.0,66.03,Inox,Filetare,38,0,Niciunul
184,Tarod,TAROD M10 ISO2,2748,1124.99,0.47,19.61,55.85,1.05,8.7,74.72,Aluminiu,Filetare,410,0,Niciunul
185,Tarod,TAROD M10 ISO2,4243,212.83,1.27,9.79,87.4,8.68,22.6,92.94,Inox,Filetare,447,1,Vibratii
186,Tarod,TAROD M10 ISO2,5326,238.57,2.57,15.8,46.01,0.62,0.6,73.27,Aluminiu,Filetare,17,0,Niciunul
187,Tarod,TAROD M10 ISO2,5381,832.9,0.84,10.18,48.41,1.42,6.3,71.33,Otel,Filetare,192,0,Niciunul
188,Tarod,TAROD M10 ISO2,3780,717.83,1.63,7.94,40.97,1.37,0.8,71.05,Aluminiu,Filetare,296,0,Niciunul
189,Tarod,TAROD M10 ISO2,2626,744.73,1.1,17.09,62.38,7.64,36.3,92.07,Inox,Filetare,253,1,Vibratii
190,Tarod,TAROD M10 ISO2,5542,765.61,2.76,12.85,83.46,10.34,40.0,99.32,Aluminiu,Filetare,458,1,Vibratii
191,Tarod,TAROD M10 ISO2,2485,299.61,0.28,19.19,69.54,0.67,1.3,60.52,Otel,Filetare,480,0,Niciunul
192,Tarod,TAROD M10 ISO2,5121,391.91,1.33,5.22,44.84,1.67,17.1,68.36,Aluminiu,Filetare,492,0,Niciunul
193,Tarod,TAROD M10 ISO2,3433,811.98,1.38,16.89,100.87,2.77,69.7,81.02,Otel,Filetare,483,1,Uzura excesiva
194,Tarod,TAROD M10 ISO2,4364,205.97,1.25,15.13,144.67,2.95,38.7,82.08,Inox,Filetare,239,1,Supraincalzire
195,Tarod,TAROD M10 ISO2,4412,265.08,0.6,9.87,96.61,2.61,92.8,84.58,Otel,Filetare,447,1,Uzura excesiva
196,Tarod,TAROD M10 ISO2,2295,961.11,1.94,6.9,102.54,4.13,69.1,89.85,Aluminiu,Filetare,350,1,Uzura excesiva
197,Tarod,TAROD M10 ISO2,5003,718.47,1.2,18.26,41.86,0.96,16.9,68.68,Aluminiu,Filetare,380,0,Niciunul
198,Tarod,TAROD M10 ISO2,4432,919.24,2.46,15.1,167.46,3.94,23.0,77.0,Otel,Filetare,175,1,Supraincalzire
199,Tarod,TAROD M10 ISO2,4043,504.53,2.28,8.02,40.46,0.56,2.2,61.21,Inox,Filetare,279,0,Niciunul
200,Tarod,TAROD M10 ISO2,5782,742.56,1.07,11.4,100.83,3.43,82.8,77.86,Inox,Filetare,14,1,Uzura excesiva
201,Tarod,TAROD M10 ISO2,2503,1058.46,2.43,16.2,40.09,1.29,6.8,68.46,Aluminiu,Filetare,60,0,Niciunul
202,Tarod,TAROD M10 ISO2,5126,342.66,2.11,15.15,103.68,2.11,89.2,71.64,Inox,Filetare,170,1,Uzura excesiva
203,Tarod,TAROD M10 ISO2,5385,1074.33,1.24,7.47,58.78,1.99,18.7,68.17,Aluminiu,Filetare,387,0,Niciunul
204,Tarod,TAROD M10 ISO2,3159,713.42,2.94,16.19,62.35,0.51,5.8,64.09,Aluminiu,Filetare,484,0,Niciunul
205,Tarod,TAROD M10 ISO2,2547,411.89,2.38,7.42,174.33,1.87,25.7,84.22,Inox,Filetare,64,1,Supraincalzire
206,Tarod,TAROD M10 ISO2,5009,202.82,1.92,14.46,53.53,1.12,13.1,66.22,Inox,Filetare,42,0,Niciunul
207,Tarod,TAROD M10 ISO2,2468,220.68,0.41,15.34,134.07,2.62,30.3,75.49,Aluminiu,Filetare,437,1,Supraincalzire
208,Tarod,TAROD M10 ISO2,3647,607.02,1.48,10.69,42.48,1.14,6.9,69.34,Otel,Filetare,197,0,Niciunul
209,Tarod,TAROD M10 ISO2,4081,925.88,1.39,18.74,51.25,1.24,19.7,62.56,Inox,Filetare,307,0,Niciunul
210,Tarod,TAROD M10 ISO2,1984,499.96,1.81,18.62,48.26,1.59,17.3,60.28,Otel,Filetare,417,0,Niciunul
211,Tarod,TAROD M10 ISO2,4339,746.19,0.33,7.69,161.94,2.31,24.0,78.1,Aluminiu,Filetare,337,1,Supraincalzire
212,Tarod,TAROD M10 ISO2,1640,531.09,2.59,16.11,53.67,0.83,15.8,68.5,Inox,Filetare,145,0,Niciunul
213,Tarod,TAROD M10 ISO2,4221,957.21,2.66,12.88,65.92,1.54,6.4,74.19,Inox,Filetare,491,0,Niciunul
214,Tarod,TAROD M10 ISO2,2098,637.88,2.45,17.51,145.29,2.08,31.5,78.83,Inox,Filetare,280,1,Supraincalzire
215,Tarod,TAROD M10 ISO2,2840,429.71,1.24,12.93,42.81,0.53,18.5,74.62,Inox,Filetare,458,0,Niciunul
216,Tarod,TAROD M10 ISO2,2323,1009.65,2.29,8.66,52.46,1.81,16.7,72.37,Otel,Filetare,135,0,Niciunul
217,Tarod,TAROD M10 ISO2,2583,1000.57,0.53,10.05,56.12,1.51,3.5,65.97,Inox,Filetare,171,0,Niciunul
218,Tarod,TAROD M10 ISO2,2399,665.63,0.51,13.09,86.24,7.92,36.8,87.99,Inox,Filetare,32,1,Vibratii
219,Tarod,TAROD M10 ISO2,5588,741.2,2.23,14.91,121.1,3.2,21.6,79.9,Otel,Filetare,83,1,Supraincalzire
220,Tarod,TAROD M10 ISO2,4991,617.2,0.9,18.94,71.02,10.13,38.3,96.33,Otel,Filetare,450,1,Vibratii
221,Tarod,TAROD M10 ISO2,3664,897.43,2.35,17.16,88.66,4.69,78.2,86.39,Inox,Filetare,363,1,Uzura excesiva
222,Tarod,TAROD M10 ISO2,5643,391.75,0.23,18.82,83.82,2.25,98.7,76.37,Aluminiu,Filetare,384,1,Uzura excesiva
223,Tarod,TAROD M10 ISO2,3636,929.27,2.46,16.32,74.24,10.55,29.0,85.23,Inox,Filetare,314,1,Vibratii
224,Tarod,TAROD M10 ISO2,3303,911.26,1.39,12.93,88.89,2.2,63.1,84.1,Inox,Filetare,152,1,Uzura excesiva
225,Tarod,TAROD M10 ISO2,3827,428.15,0.4,16.4,69.13,7.07,21.1,85.97,Aluminiu,Filetare,256,1,Vibratii
226,Tarod,TAROD M10 ISO2,2213,934.86,1.59,8.74,171.54,3.34,23.8,84.24,Inox,Filetare,418,1,Supraincalzire
227,Tarod,TAROD M10 ISO2,2159,417.78,1.55,8.46,135.93,2.45,34.8,75.34,Inox,Filetare,314,1,Supraincalzire
228,Tarod,TAROD M10 ISO2,4477,343.83,1.24,11.35,68.63,0.7,0.2,60.55,Otel,Filetare,150,0,Niciunul
229,Tarod,TAROD M10 ISO2,3946,723.68,1.86,15.23,51.07,1.9,16.5,67.42,Otel,Filetare,343,0,Niciunul
230,Tarod,TAROD M10 ISO2,1881,1045.58,1.71,16.89,66.24,1.83,7.9,72.03,Otel,Filetare,454,0,Niciunul
231,Tarod,TAROD M10 ISO2,5129,376.97,2.72,14.45,169.32,3.39,35.2,77.9,Aluminiu,Filetare,54,1,Supraincalzire
232,Tarod,TAROD M10 ISO2,4501,1048.18,1.21,12.08,64.07,9.36,48.3,89.86,Inox,Filetare,436,1,Vibratii
233,Tarod,TAROD M10 ISO2,4796,580.92,1.52,9.2,82.89,3.52,88.1,78.68,Inox,Filetare,313,1,Uzura excesiva
234,Tarod,TAROD M10 ISO2,2708,479.88,2.28,13.71,173.43,1.87,25.7,83.09,Inox,Filetare,167,1,Supraincalzire
235,Tarod,TAROD M10 ISO2,5977,560.25,0.12,9.12,37.6,0.85,9.6,74.37,Inox,Filetare,282,0,Niciunul
236,Tarod,TAROD M10 ISO2,3450,552.67,0.3,19.42,98.57,3.72,72.3,73.03,Aluminiu,Filetare,61,1,Uzura excesiva
237,Tarod,TAROD M10 ISO2,3052,775.02,0.42,16.27,67.14,1.15,14.9,63.31,Otel,Filetare,18,0,Niciunul
238,Tarod,TAROD M10 ISO2,3373,825.79,1.13,9.89,99.72,3.17,63.6,89.94,Aluminiu,Filetare,111,1,Uzura excesiva
239,Tarod,TAROD M10 ISO2,3042,919.15,1.14,15.6,75.87,10.25,20.5,101.59,Otel,Filetare,435,1,Vibratii
240,Tarod,TAROD M10 ISO2,4920,934.91,0.75,19.88,67.95,7.7,44.5,87.01,Inox,Filetare,238,1,Vibratii
241,Tarod,TAROD M10 ISO2,4561,332.4,2.87,11.72,138.04,1.71,28.3,81.86,Otel,Filetare,188,1,Supraincalzire
242,Tarod,TAROD M10 ISO2,1783,1083.31,2.94,15.55,139.85,3.88,36.3,76.04,Inox,Filetare,119,1,Supraincalzire
243,Tarod,TAROD M10 ISO2,5626,536.01,2.02,5.48,52.6,1.98,16.0,68.8,Otel,Filetare,443,0,Niciunul
244,Tarod,TAROD M10 ISO2,5999,587.41,2.53,15.04,178.31,1.79,21.4,82.49,Otel,Filetare,292,1,Supraincalzire
245,Tarod,TAROD M10 ISO2,3397,881.48,2.54,9.14,61.77,1.45,14.9,63.95,Inox,Filetare,135,0,Niciunul
246,Tarod,TAROD M10 ISO2,5446,220.14,2.23,13.78,44.07,0.61,18.5,66.03,Aluminiu,Filetare,419,0,Niciunul
247,Tarod,TAROD M10 ISO2,1858,623.99,1.58,16.04,36.83,1.14,7.1,63.39,Inox,Filetare,345,0,Niciunul
248,Tarod,TAROD M10 ISO2,4216,1036.82,0.28,14.5,89.72,13.02,33.1,86.24,Aluminiu,Filetare,177,1,Vibratii
249,Tarod,TAROD M10 ISO2,5086,280.21,1.95,12.38,48.93,0.69,3.3,62.3,Otel,Filetare,41,0,Niciunul
250,Tarod,TAROD M10 ISO2,5622,247.72,0.55,7.16,84.95,3.08,90.8,87.55,Otel,Filetare,402,1,Uzura excesiva
251,Tarod,TAROD M10 ISO2,1723,1150.57,0.36,10.84,146.14,1.58,35.4,82.56,Otel,Filetare,423,1,Supraincalzire
252,Tarod,TAROD M10 ISO2,3369,1147.09,0.84,18.07,127.45,3.44,34.1,76.16,Inox,Filetare,90,1,Supraincalzire
253,Tarod,TAROD M10 ISO2,4008,1139.54,1.67,18.99,54.78,1.17,12.2,66.84,Inox,Filetare,134,0,Niciunul
254,Tarod,TAROD M10 ISO2,3324,850.3,0.94,12.85,39.13,1.13,8.9,68.52,Inox,Filetare,254,0,Niciunul
255,Tarod,TAROD M10 ISO2,4572,547.45,1.62,13.03,41.67,1.22,1.8,67.03,Aluminiu,Filetare,340,0,Niciunul
256,Tarod,TAROD M10 ISO2,3981,633.13,1.88,17.04,89.78,4.08,72.2,76.69,Aluminiu,Filetare,107,1,Uzura excesiva
257,Tarod,TAROD M10 ISO2,5380,617.72,1.01,7.01,139.8,3.86,30.9,77.33,Otel,Filetare,148,1,Supraincalzire
258,Tarod,TAROD M10 ISO2,5666,813.55,2.52,17.35,51.92,0.53,1.2,64.43,Otel,Filetare,417,0,Niciunul
259,Tarod,TAROD M10 ISO2,5830,447.56,1.61,15.56,38.35,1.16,16.0,74.8,Aluminiu,Filetare,425,0,Niciunul
260,Tarod,TAROD M10 ISO2,2795,284.71,2.77,18.99,73.14,3.28,98.8,86.08,Aluminiu,Filetare,40,1,Uzura excesiva
261,Tarod,TAROD M10 ISO2,2726,1055.61,2.45,7.38,53.51,1.82,5.0,63.62,Inox,Filetare,228,0,Niciunul
262,Tarod,TAROD M10 ISO2,5504,612.78,1.56,5.47,58.19,1.69,17.5,69.39,Inox,Filetare,470,0,Niciunul
263,Tarod,TAROD M10 ISO2,5187,1177.44,0.99,16.53,45.17,1.67,13.2,73.61,Inox,Filetare,78,0,Niciunul
264,Tarod,TAROD M10 ISO2,2430,367.99,2.3,11.39,126.63,3.06,32.3,76.4,Inox,Filetare,382,1,Supraincalzire
265,Tarod,TAROD M10 ISO2,2741,1181.37,2.3,16.77,69.27,11.09,32.2,91.41,Otel,Filetare,293,1,Vibratii
266,Tarod,TAROD M10 ISO2,1935,753.26,2.89,12.78,81.15,9.79,34.3,88.28,Aluminiu,Filetare,484,1,Vibratii
267,Tarod,TAROD M10 ISO2,5064,780.94,2.57,7.98,80.27,2.26,97.0,89.13,Inox,Filetare,472,1,Uzura excesiva
268,Tarod,TAROD M10 ISO2,3921,793.21,0.35,10.82,141.89,2.01,27.5,76.5,Otel,Filetare,241,1,Supraincalzire
269,Tarod,TAROD M10 ISO2,5673,645.31,1.98,13.89,80.51,10.49,25.8,95.09,Otel,Filetare,54,1,Vibratii
270,Tarod,TAROD M10 ISO2,1749,834.22,1.74,10.46,64.12,10.29,33.4,87.01,Aluminiu,Filetare,125,1,Vibratii
271,Tarod,TAROD M10 ISO2,4204,256.45,0.88,16.75,69.6,1.56,13.1,63.38,Otel,Filetare,376,0,Niciunul
272,Tarod,TAROD M10 ISO2,1755,931.16,2.95,11.96,36.54,1.4,19.0,61.91,Inox,Filetare,439,0,Niciunul
273,Tarod,TAROD M10 ISO2,3021,267.65,1.49,6.15,41.61,1.05,4.5,63.48,Inox,Filetare,53,0,Niciunul
274,Tarod,TAROD M10 ISO2,2213,468.75,1.98,12.16,77.03,4.85,87.8,80.89,Otel,Filetare,485,1,Uzura excesiva
275,Tarod,TAROD M10 ISO2,3672,504.85,0.8,16.9,35.39,1.34,18.3,61.75,Otel,Filetare,342,0,Niciunul
276,Tarod,TAROD M10 ISO2,5409,993.47,1.57,15.68,38.25,1.1,16.2,60.72,Aluminiu,Filetare,225,0,Niciunul
277,Tarod,TAROD M10 ISO2,3003,1040.04,1.82,10.09,38.72,1.63,12.7,72.61,Otel,Filetare,226,0,Niciunul
278,Tarod,TAROD M10 ISO2,4201,809.22,2.24,14.45,173.33,3.11,28.9,80.23,Inox,Filetare,71,1,Supraincalzire
279,Tarod,TAROD M10 ISO2,3424,315.14,2.89,5.61,75.62,9.69,21.2,101.08,Aluminiu,Filetare,208,1,Vibratii
280,Tarod,TAROD M10 ISO2,1921,1069.44,0.99,17.63,70.75,7.93,40.0,85.65,Aluminiu,Filetare,359,1,Vibratii
281,Tarod,TAROD M10 ISO2,1516,408.49,2.7,9.68,72.05,7.74,26.5,95.17,Inox,Filetare,81,1,Vibratii
282,Tarod,TAROD M10 ISO2,2163,661.61,0.66,16.21,69.56,11.52,43.5,100.63,Aluminiu,Filetare,94,1,Vibratii
283,Tarod,TAROD M10 ISO2,2778,732.82,2.14,9.11,50.34,0.65,5.0,74.5,Inox,Filetare,117,0,Niciunul
284,Tarod,TAROD M10 ISO2,2868,454.92,1.29,17.94,51.6,1.1,18.1,68.98,Inox,Filetare,170,0,Niciunul
285,Tarod,TAROD M10 ISO2,5753,1043.83,0.51,18.47,72.8,9.32,25.9,87.95,Otel,Filetare,12,1,Vibratii
286,Tarod,TAROD M10 ISO2,4843,679.28,2.85,12.73,53.69,1.33,11.2,70.03,Inox,Filetare,207,0,Niciunul
287,Tarod,TAROD M10 ISO2,3966,219.11,0.64,12.58,49.69,1.65,3.3,74.22,Inox,Filetare,208,0,Niciunul
288,Tarod,TAROD M10 ISO2,1828,897.06,0.38,15.0,77.36,4.23,99.5,77.88,Inox,Filetare,160,1,Uzura excesiva
289,Tarod,TAROD M10 ISO2,3102,685.43,2.55,7.11,161.8,3.27,28.6,79.2,Inox,Filetare,10,1,Supraincalzire
290,Tarod,TAROD M10 ISO2,5630,607.76,2.05,5.04,85.43,7.19,21.5,93.09,Inox,Filetare,399,1,Vibratii
291,Tarod,TAROD M10 ISO2,4041,732.22,1.78,11.34,61.2,1.76,16.2,69.97,Inox,Filetare,5,0,Niciunul
292,Tarod,TAROD M10 ISO2,2721,408.89,1.2,12.68,87.25,4.27,63.4,71.77,Aluminiu,Filetare,313,1,Uzura excesiva
293,Tarod,TAROD M10 ISO2,3455,367.34,2.16,12.27,165.57,1.8,34.9,84.84,Inox,Filetare,36,1,Supraincalzire
294,Tarod,TAROD M10 ISO2,2104,258.4,2.4,10.26,66.05,0.58,13.8,72.97,Inox,Filetare,262,0,Niciunul
295,Tarod,TAROD M10 ISO2,1810,1031.86,1.44,15.47,46.25,1.27,9.6,61.4,Aluminiu,Filetare,138,0,Niciunul
296,Tarod,TAROD M10 ISO2,3741,795.19,1.02,10.15,52.06,1.72,15.3,61.88,Aluminiu,Filetare,143,0,Niciunul
297,Tarod,TAROD M10 ISO2,4572,1012.85,1.46,6.76,60.55,7.31,43.7,92.06,Otel,Filetare,225,1,Vibratii
298,Tarod,TAROD M10 ISO2,4412,396.04,1.06,18.96,63.39,7.69,45.2,93.42,Aluminiu,Filetare,266,1,Vibratii
299,Tarod,TAROD M10 ISO2,2847,557.21,1.45,15.89,62.06,0.65,1.4,71.26,Aluminiu,Filetare,166,0,Niciunul
300,Tarod,TAROD M10 ISO2,3461,1056.34,1.98,16.73,66.23,1.76,12.7,62.73,Otel,Filetare,342,0,Niciunul
301,Tarod,TAROD M10 ISO2,2887,495.68,1.1,9.8,41.58,1.13,13.4,68.51,Inox,Filetare,333,0,Niciunul
302,Tarod,TAROD M10 ISO2,3899,1076.47,0.85,7.18,49.84,0.66,13.1,63.05,Inox,Filetare,262,0,Niciunul
303,Tarod,TAROD M10 ISO2,2428,416.46,0.44,8.98,65.93,12.7,36.7,98.26,Aluminiu,Filetare,170,1,Vibratii
304,Tarod,TAROD M10 ISO2,4155,1104.75,0.48,7.42,37.11,1.24,5.2,62.81,Inox,Filetare,208,0,Niciunul
305,Tarod,TAROD M10 ISO2,3887,920.57,0.37,13.17,62.71,1.24,16.5,66.89,Inox,Filetare,438,0,Niciunul
306,Tarod,TAROD M10 ISO2,3336,396.61,2.09,13.04,144.28,2.67,32.2,78.36,Inox,Filetare,208,1,Supraincalzire
307,Tarod,TAROD M10 ISO2,5861,556.94,0.63,12.03,78.09,3.1,71.9,79.44,Inox,Filetare,179,1,Uzura excesiva
308,Tarod,TAROD M10 ISO2,1971,507.19,2.18,13.61,50.7,1.28,4.0,62.05,Aluminiu,Filetare,258,0,Niciunul
309,Tarod,TAROD M10 ISO2,3462,1038.0,2.5,12.4,56.54,1.21,1.7,66.53,Inox,Filetare,406,0,Niciunul
310,Tarod,TAROD M10 ISO2,4688,983.16,0.37,8.42,79.6,2.84,93.9,72.45,Otel,Filetare,304,1,Uzura excesiva
311,Tarod,TAROD M10 ISO2,5664,466.27,1.73,16.76,146.73,2.41,27.2,81.37,Otel,Filetare,285,1,Supraincalzire
312,Tarod,TAROD M10 ISO2,5780,403.6,0.57,8.33,36.9,1.56,18.3,73.77,Otel,Filetare,383,0,Niciunul
313,Tarod,TAROD M10 ISO2,4217,253.79,2.0,5.44,96.07,4.01,87.1,73.39,Inox,Filetare,27,1,Uzura excesiva
314,Tarod,TAROD M10 ISO2,5013,956.16,0.94,13.39,124.79,3.04,38.3,80.13,Otel,Filetare,213,1,Supraincalzire
315,Tarod,TAROD M10 ISO2,2199,561.51,0.75,9.78,37.35,1.24,3.6,73.58,Inox,Filetare,485,0,Niciunul
316,Tarod,TAROD M10 ISO2,5255,796.8,0.33,10.83,52.95,0.86,1.0,65.29,Aluminiu,Filetare,411,0,Niciunul
317,Tarod,TAROD M10 ISO2,3411,954.54,0.67,16.96,39.32,1.66,14.8,69.78,Otel,Filetare,496,0,Niciunul
318,Tarod,TAROD M10 ISO2,3509,244.29,0.42,11.91,50.74,1.52,15.4,70.47,Aluminiu,Filetare,58,0,Niciunul
319,Tarod,TAROD M10 ISO2,2924,1112.83,2.62,16.07,72.07,2.39,78.9,73.47,Inox,Filetare,82,1,Uzura excesiva
320,Tarod,TAROD M10 ISO2,2347,618.86,1.26,17.84,62.81,6.98,42.4,94.67,Inox,Filetare,42,1,Vibratii
321,Tarod,TAROD M10 ISO2,5807,856.15,1.63,13.11,59.41,0.98,10.5,63.89,Inox,Filetare,151,0,Niciunul
322,Tarod,TAROD M10 ISO2,4842,934.89,1.27,18.85,38.86,1.03,4.3,65.19,Inox,Filetare,114,0,Niciunul
323,Tarod,TAROD M10 ISO2,1751,467.03,0.84,11.72,79.74,3.39,95.6,70.35,Aluminiu,Filetare,154,1,Uzura excesiva
324,Tarod,TAROD M10 ISO2,4252,1104.12,2.71,7.43,61.74,9.73,44.9,88.74,Aluminiu,Filetare,3,1,Vibratii
325,Tarod,TAROD M10 ISO2,3967,234.66,0.89,6.79,41.21,1.43,1.0,63.32,Otel,Filetare,462,0,Niciunul
326,Tarod,TAROD M10 ISO2,2125,212.61,2.51,8.03,48.83,1.29,7.7,69.93,Inox,Filetare,417,0,Niciunul
327,Tarod,TAROD M10 ISO2,4982,1160.12,2.3,13.0,137.12,3.95,27.3,83.21,Inox,Filetare,20,1,Supraincalzire
328,Tarod,TAROD M10 ISO2,4520,261.78,2.5,14.42,82.04,4.26,67.6,84.19,Aluminiu,Filetare,281,1,Uzura excesiva
329,Tarod,TAROD M10 ISO2,5033,894.21,2.34,18.56,37.66,1.71,3.6,72.81,Otel,Filetare,303,0,Niciunul
330,Tarod,TAROD M10 ISO2,5969,1035.2,2.16,14.6,40.36,0.95,19.0,73.64,Aluminiu,Filetare,309,0,Niciunul
331,Tarod,TAROD M10 ISO2,2939,352.45,0.76,10.27,86.29,4.72,91.5,77.33,Aluminiu,Filetare,460,1,Uzura excesiva
332,Tarod,TAROD M10 ISO2,2444,895.24,2.63,17.35,53.75,1.66,7.8,60.18,Aluminiu,Filetare,89,0,Niciunul
333,Tarod,TAROD M10 ISO2,3710,845.7,2.29,16.98,44.04,1.37,9.2,70.64,Aluminiu,Filetare,333,0,Niciunul
334,Tarod,TAROD M10 ISO2,5305,1186.63,1.67,15.77,49.4,1.2,6.2,69.66,Aluminiu,Filetare,64,0,Niciunul
335,Tarod,TAROD M10 ISO2,3369,1018.91,1.55,7.7,75.91,7.64,45.2,103.27,Aluminiu,Filetare,235,1,Vibratii
336,Tarod,TAROD M10 ISO2,3677,727.33,1.51,13.39,52.47,1.47,6.3,66.71,Otel,Filetare,260,0,Niciunul
337,Tarod,TAROD M10 ISO2,4034,829.8,2.57,16.24,58.51,1.11,10.8,73.92,Otel,Filetare,263,0,Niciunul
338,Tarod,TAROD M10 ISO2,5322,723.1,2.11,11.45,59.01,1.75,13.4,72.38,Aluminiu,Filetare,64,0,Niciunul
339,Tarod,TAROD M10 ISO2,2972,492.83,0.87,14.01,49.3,1.04,0.8,60.41,Otel,Filetare,446,0,Niciunul
340,Tarod,TAROD M10 ISO2,5796,685.89,2.11,12.94,153.8,3.4,29.7,77.47,Otel,Filetare,162,1,Supraincalzire
341,Tarod,TAROD M10 ISO2,1511,331.15,0.2,16.06,70.51,2.11,99.8,74.24,Aluminiu,Filetare,273,1,Uzura excesiva
342,Tarod,TAROD M10 ISO2,5448,872.41,1.1,12.88,62.35,1.55,0.0,65.46,Aluminiu,Filetare,322,0,Niciunul
343,Tarod,TAROD M10 ISO2,4797,998.88,2.27,19.38,56.2,1.7,5.6,67.79,Inox,Filetare,442,0,Niciunul
344,Tarod,TAROD M10 ISO2,5723,899.31,1.3,5.38,68.57,1.56,19.4,74.29,Inox,Filetare,144,0,Niciunul
345,Tarod,TAROD M10 ISO2,1994,803.88,2.81,11.37,68.38,7.53,24.4,99.35,Inox,Filetare,438,1,Vibratii
346,Tarod,TAROD M10 ISO2,4244,227.91,2.02,10.96,170.29,3.64,28.9,83.41,Inox,Filetare,31,1,Supraincalzire
347,Tarod,TAROD M10 ISO2,4042,982.7,0.85,10.43,53.63,1.77,17.8,70.95,Inox,Filetare,243,0,Niciunul
348,Tarod,TAROD M10 ISO2,4158,654.11,1.82,11.69,69.16,1.03,1.4,68.97,Inox,Filetare,250,0,Niciunul
349,Tarod,TAROD M10 ISO2,1663,476.77,2.67,16.99,68.71,10.46,32.4,98.93,Aluminiu,Filetare,344,1,Vibratii
350,Tarod,TAROD M10 ISO2,4389,508.36,1.85,16.18,65.63,0.92,17.9,63.77,Aluminiu,Filetare,142,0,Niciunul
351,Tarod,TAROD M10 ISO2,4001,224.08,2.73,14.89,66.84,1.19,10.2,64.27,Otel,Filetare,360,0,Niciunul
352,Tarod,TAROD M10 ISO2,5223,491.22,0.26,16.55,177.88,3.76,38.7,79.49,Inox,Filetare,413,1,Supraincalzire
353,Tarod,TAROD M10 ISO2,1679,776.52,2.64,13.66,153.47,2.69,21.5,76.57,Otel,Filetare,82,1,Supraincalzire
354,Tarod,TAROD M10 ISO2,1776,250.45,1.09,13.58,86.01,10.84,37.4,93.59,Inox,Filetare,337,1,Vibratii
355,Tarod,TAROD M10 ISO2,5849,696.53,0.18,17.28,87.46,13.68,22.5,91.48,Inox,Filetare,443,1,Vibratii
356,Tarod,TAROD M10 ISO2,4043,476.68,1.0,15.91,60.4,1.18,14.1,74.95,Aluminiu,Filetare,77,0,Niciunul
357,Tarod,TAROD M10 ISO2,5829,962.67,2.46,13.27,68.8,0.69,19.8,63.96,Aluminiu,Filetare,41,0,Niciunul
358,Tarod,TAROD M10 ISO2,4524,475.97,2.16,13.6,73.66,3.46,63.7,77.47,Aluminiu,Filetare,288,1,Uzura excesiva
359,Tarod,TAROD M10 ISO2,4004,732.48,2.14,14.95,43.3,1.48,19.3,73.89,Inox,Filetare,177,0,Niciunul
360,Tarod,TAROD M10 ISO2,2231,490.39,2.69,18.31,43.58,1.53,1.1,69.01,Inox,Filetare,429,0,Niciunul
361,Tarod,TAROD M10 ISO2,4018,256.05,2.34,10.4,84.18,4.53,93.1,72.04,Otel,Filetare,154,1,Uzura excesiva
362,Tarod,TAROD M10 ISO2,1767,679.6,0.7,13.63,38.07,1.36,1.5,70.09,Otel,Filetare,489,0,Niciunul
363,Tarod,TAROD M10 ISO2,2461,572.69,2.41,19.68,42.25,1.52,1.3,64.59,Aluminiu,Filetare,143,0,Niciunul
364,Tarod,TAROD M10 ISO2,4485,496.33,2.65,11.65,88.59,2.92,81.8,77.49,Otel,Filetare,177,1,Uzura excesiva
365,Tarod,TAROD M10 ISO2,1535,1132.91,1.14,7.47,67.22,1.48,14.0,70.0,Aluminiu,Filetare,277,0,Niciunul
366,Tarod,TAROD M10 ISO2,5291,1172.29,0.7,19.98,69.4,7.14,43.8,98.93,Inox,Filetare,437,1,Vibratii
367,Tarod,TAROD M10 ISO2,1685,629.85,2.91,14.52,59.72,1.89,10.2,74.23,Aluminiu,Filetare,378,0,Niciunul
368,Tarod,TAROD M10 ISO2,2476,697.59,0.55,15.52,52.5,1.67,7.9,72.89,Otel,Filetare,449,0,Niciunul
369,Tarod,TAROD M10 ISO2,5819,1126.3,0.43,18.64,38.95,1.35,10.7,70.24,Inox,Filetare,478,0,Niciunul
370,Tarod,TAROD M10 ISO2,3291,707.22,1.12,19.69,66.78,8.52,39.5,103.68,Otel,Filetare,325,1,Vibratii
371,Tarod,TAROD M10 ISO2,4724,792.88,1.45,7.76,68.81,13.89,30.9,89.58,Inox,Filetare,468,1,Vibratii
372,Tarod,TAROD M10 ISO2,2233,678.85,2.6,6.62,39.49,1.88,18.4,70.55,Aluminiu,Filetare,191,0,Niciunul
373,Tarod,TAROD M10 ISO2,5069,719.1,2.14,6.3,55.68,1.11,19.8,68.79,Aluminiu,Filetare,106,0,Niciunul
374,Tarod,TAROD M10 ISO2,2567,517.64,0.78,5.66,65.95,0.92,11.7,74.08,Aluminiu,Filetare,7,0,Niciunul
375,Tarod,TAROD M10 ISO2,5081,630.87,0.46,19.54,82.62,3.07,69.5,86.1,Otel,Filetare,387,1,Uzura excesiva
376,Tarod,TAROD M10 ISO2,4954,430.72,2.03,15.87,63.73,0.96,1.4,66.97,Aluminiu,Filetare,6,0,Niciunul
377,Tarod,TAROD M10 ISO2,3669,745.35,1.26,9.89,56.01,1.02,5.7,72.77,Otel,Filetare,121,0,Niciunul
378,Tarod,TAROD M10 ISO2,1676,608.72,1.35,18.28,92.85,4.87,91.6,71.55,Aluminiu,Filetare,13,1,Uzura excesiva
379,Tarod,TAROD M10 ISO2,5699,593.95,2.36,6.35,40.62,1.27,7.2,68.93,Aluminiu,Filetare,111,0,Niciunul
380,Tarod,TAROD M10 ISO2,4893,1051.17,1.08,14.68,66.58,1.4,14.6,69.02,Inox,Filetare,459,0,Niciunul
381,Tarod,TAROD M10 ISO2,4974,241.15,1.98,15.32,76.14,11.22,34.4,95.83,Otel,Filetare,37,1,Vibratii
382,Tarod,TAROD M10 ISO2,4502,595.84,2.59,7.82,49.95,0.51,16.8,63.07,Aluminiu,Filetare,257,0,Niciunul
383,Tarod,TAROD M10 ISO2,3012,703.26,1.98,15.68,60.43,1.53,2.7,69.06,Aluminiu,Filetare,367,0,Niciunul
384,Tarod,TAROD M10 ISO2,2509,425.25,1.74,17.06,71.06,13.93,32.0,101.27,Aluminiu,Filetare,443,1,Vibratii
385,Tarod,TAROD M10 ISO2,4465,800.03,1.42,6.72,44.01,1.23,9.9,71.23,Inox,Filetare,21,0,Niciunul
386,Tarod,TAROD M10 ISO2,5459,882.92,1.73,16.32,61.96,1.27,2.7,66.87,Aluminiu,Filetare,154,0,Niciunul
387,Tarod,TAROD M10 ISO2,4031,221.13,2.1,7.44,64.12,13.07,43.0,97.87,Aluminiu,Filetare,420,1,Vibratii
388,Tarod,TAROD M10 ISO2,5708,1140.47,1.57,13.58,90.46,4.2,65.5,88.62,Aluminiu,Filetare,221,1,Uzura excesiva
389,Tarod,TAROD M10 ISO2,5741,510.61,2.05,19.64,136.34,1.66,23.6,78.72,Inox,Filetare,9,1,Supraincalzire
390,Tarod,TAROD M10 ISO2,5555,874.96,1.43,14.14,46.49,1.88,0.7,70.63,Inox,Filetare,233,0,Niciunul
391,Tarod,TAROD M10 ISO2,5373,583.34,2.59,16.84,50.55,0.91,5.5,69.76,Inox,Filetare,383,0,Niciunul
392,Tarod,TAROD M10 ISO2,1696,573.99,0.61,7.37,154.34,3.87,25.0,76.56,Aluminiu,Filetare,485,1,Supraincalzire
393,Tarod,TAROD M10 ISO2,3180,335.75,0.12,12.17,77.07,3.17,99.1,82.05,Aluminiu,Filetare,447,1,Uzura excesiva
394,Tarod,TAROD M10 ISO2,4639,417.12,2.43,6.77,89.7,4.19,94.5,86.25,Aluminiu,Filetare,466,1,Uzura excesiva
395,Tarod,TAROD M10 ISO2,5641,959.87,0.71,17.95,53.2,1.38,3.9,66.14,Inox,Filetare,60,0,Niciunul
396,Tarod,TAROD M10 ISO2,1693,433.83,2.01,12.75,83.05,13.9,31.8,86.66,Otel,Filetare,471,1,Vibratii
397,Tarod,TAROD M10 ISO2,2521,790.9,1.57,5.67,157.35,2.58,25.7,83.4,Aluminiu,Filetare,326,1,Supraincalzire
398,Tarod,TAROD M10 ISO2,1522,959.51,0.63,5.32,62.51,1.46,17.0,71.73,Inox,Filetare,307,0,Niciunul
399,Tarod,TAROD M10 ISO2,5333,766.01,1.48,14.88,69.13,7.2,37.2,90.05,Inox,Filetare,453,1,Vibratii
400,Tarod,TAROD M10 ISO2,2119,224.5,2.74,11.79,59.04,1.66,18.7,70.06,Aluminiu,Filetare,449,0,Niciunul
401,Tarod,TAROD M10 ISO2,3528,1132.8,1.33,14.62,74.55,10.43,30.9,93.03,Inox,Filetare,285,1,Vibratii
402,Tarod,TAROD M10 ISO2,1605,757.78,2.03,18.3,57.88,1.35,2.6,64.44,Aluminiu,Filetare,124,0,Niciunul
403,Tarod,TAROD M10 ISO2,4068,346.74,2.95,9.98,107.06,3.02,84.5,87.68,Aluminiu,Filetare,253,1,Uzura excesiva
404,Tarod,TAROD M10 ISO2,5896,603.98,1.25,8.37,49.21,1.48,2.7,66.56,Inox,Filetare,138,0,Niciunul
405,Tarod,TAROD M10 ISO2,3914,595.65,1.09,12.04,51.62,0.54,10.4,60.82,Otel,Filetare,180,0,Niciunul
406,Tarod,TAROD M10 ISO2,3693,831.4,1.74,12.61,84.15,3.45,90.8,76.46,Aluminiu,Filetare,151,1,Uzura excesiva
407,Tarod,TAROD M10 ISO2,5214,352.36,2.1,16.11,37.35,1.66,16.3,71.0,Otel,Filetare,448,0,Niciunul
408,Tarod,TAROD M10 ISO2,5134,529.13,0.27,5.73,45.09,1.47,12.3,65.42,Inox,Filetare,319,0,Niciunul
409,Tarod,TAROD M10 ISO2,4404,710.43,1.89,11.64,46.9,1.5,5.5,63.51,Otel,Filetare,396,0,Niciunul
410,Tarod,TAROD M10 ISO2,4627,687.84,2.27,17.11,92.07,4.88,64.3,74.51,Otel,Filetare,497,1,Uzura excesiva
411,Tarod,TAROD M10 ISO2,5423,384.44,1.57,18.13,142.35,2.64,26.2,76.54,Inox,Filetare,61,1,Supraincalzire
412,Tarod,TAROD M10 ISO2,1926,550.22,1.92,7.36,155.74,3.08,29.7,77.47,Aluminiu,Filetare,130,1,Supraincalzire
413,Tarod,TAROD M10 ISO2,2053,747.53,1.28,11.24,61.41,13.77,44.1,97.13,Inox,Filetare,340,1,Vibratii
414,Tarod,TAROD M10 ISO2,2075,507.42,2.67,18.81,120.78,2.45,32.8,81.35,Inox,Filetare,460,1,Supraincalzire
415,Tarod,TAROD M10 ISO2,5360,251.77,2.37,9.02,49.0,0.84,4.8,70.0,Aluminiu,Filetare,115,0,Niciunul
416,Tarod,TAROD M10 ISO2,3192,393.73,1.27,19.65,67.21,1.09,4.8,69.69,Inox,Filetare,156,0,Niciunul
417,Tarod,TAROD M10 ISO2,2854,515.67,2.01,5.1,64.33,11.12,20.2,90.12,Otel,Filetare,461,1,Vibratii
418,Tarod,TAROD M10 ISO2,3793,964.03,1.8,8.93,68.8,1.16,7.0,67.98,Aluminiu,Filetare,134,0,Niciunul
419,Tarod,TAROD M10 ISO2,2065,439.68,1.21,10.75,62.26,0.57,3.4,72.8,Otel,Filetare,256,0,Niciunul
420,Tarod,TAROD M10 ISO2,5323,941.45,0.4,5.29,147.7,2.15,20.2,84.67,Otel,Filetare,430,1,Supraincalzire
421,Tarod,TAROD M10 ISO2,4186,228.34,1.19,18.19,72.48,3.08,66.9,88.23,Aluminiu,Filetare,184,1,Uzura excesiva
422,Tarod,TAROD M10 ISO2,4143,553.08,1.01,12.72,60.43,0.55,4.1,61.14,Aluminiu,Filetare,144,0,Niciunul
423,Tarod,TAROD M10 ISO2,5375,277.39,1.27,7.41,68.86,1.26,12.8,62.25,Inox,Filetare,181,0,Niciunul
424,Tarod,TAROD M10 ISO2,3842,738.73,0.9,5.39,100.67,2.08,75.8,72.97,Otel,Filetare,110,1,Uzura excesiva
425,Tarod,TAROD M10 ISO2,5200,764.51,0.73,13.81,164.26,2.78,28.3,77.58,Otel,Filetare,461,1,Supraincalzire
426,Tarod,TAROD M10 ISO2,5690,1150.8,1.48,6.3,57.06,0.66,3.9,63.26,Otel,Filetare,331,0,Niciunul
427,Tarod,TAROD M10 ISO2,5545,253.43,1.36,10.62,68.16,1.78,14.6,71.63,Inox,Filetare,437,0,Niciunul
428,Tarod,TAROD M10 ISO2,2785,713.33,2.22,14.09,51.26,1.88,19.0,69.94,Otel,Filetare,480,0,Niciunul
429,Tarod,TAROD M10 ISO2,1720,560.29,1.64,19.56,104.7,4.19,89.3,83.14,Aluminiu,Filetare,494,1,Uzura excesiva
430,Tarod,TAROD M10 ISO2,5398,776.07,0.2,14.9,135.32,1.63,36.2,79.49,Otel,Filetare,187,1,Supraincalzire
431,Tarod,TAROD M10 ISO2,4923,467.92,1.52,9.35,71.74,3.42,63.2,89.32,Aluminiu,Filetare,475,1,Uzura excesiva
432,Tarod,TAROD M10 ISO2,4856,1045.27,0.44,12.41,128.42,2.73,27.1,76.46,Inox,Filetare,27,1,Supraincalzire
433,Tarod,TAROD M10 ISO2,3043,531.0,1.81,12.95,47.94,1.32,18.7,68.47,Inox,Filetare,46,0,Niciunul
434,Tarod,TAROD M10 ISO2,4318,1136.33,2.45,6.65,62.8,1.46,18.4,63.15,Inox,Filetare,312,0,Niciunul
435,Tarod,TAROD M10 ISO2,2942,337.84,1.6,8.8,44.93,1.1,19.6,66.54,Otel,Filetare,464,0,Niciunul
436,Tarod,TAROD M10 ISO2,2221,711.62,1.29,5.09,53.92,1.51,13.2,68.3,Aluminiu,Filetare,260,0,Niciunul
437,Tarod,TAROD M10 ISO2,3330,419.97,2.34,13.93,65.39,8.3,35.4,97.08,Inox,Filetare,75,1,Vibratii
438,Tarod,TAROD M10 ISO2,4739,506.65,0.64,7.59,149.03,3.47,28.5,83.03,Aluminiu,Filetare,307,1,Supraincalzire
439,Tarod,TAROD M10 ISO2,3209,889.45,1.56,13.92,86.44,2.07,68.8,86.42,Otel,Filetare,129,1,Uzura excesiva
440,Tarod,TAROD M10 ISO2,2299,527.74,1.87,8.39,46.05,1.41,5.6,65.1,Aluminiu,Filetare,461,0,Niciunul
441,Tarod,TAROD M10 ISO2,1986,976.72,2.01,10.12,40.82,0.52,17.4,62.68,Otel,Filetare,364,0,Niciunul
442,Tarod,TAROD M10 ISO2,2085,477.75,2.91,18.45,45.52,1.45,5.6,61.12,Inox,Filetare,252,0,Niciunul
443,Tarod,TAROD M10 ISO2,5989,684.09,2.56,14.28,35.97,0.86,5.7,64.3,Otel,Filetare,259,0,Niciunul
444,Tarod,TAROD M10 ISO2,1804,844.96,1.32,18.33,100.87,3.52,75.9,78.37,Inox,Filetare,368,1,Uzura excesiva
445,Tarod,TAROD M10 ISO2,3400,522.32,1.95,5.8,91.0,4.41,83.0,71.9,Aluminiu,Filetare,110,1,Uzura excesiva
446,Tarod,TAROD M10 ISO2,3774,456.45,2.19,12.1,83.35,9.38,27.6,98.38,Aluminiu,Filetare,146,1,Vibratii
447,Tarod,TAROD M10 ISO2,4770,1143.04,0.39,9.14,39.72,1.43,3.0,61.13,Inox,Filetare,161,0,Niciunul
448,Tarod,TAROD M10 ISO2,2848,1035.78,1.4,10.22,122.25,2.29,39.7,83.68,Aluminiu,Filetare,211,1,Supraincalzire
449,Tarod,TAROD M10 ISO2,2986,445.12,2.46,5.89,62.53,1.05,0.8,67.69,Otel,Filetare,216,0,Niciunul
450,Tarod,TAROD M10 ISO2,1535,1182.85,2.3,13.27,62.94,1.74,9.8,67.53,Aluminiu,Filetare,186,0,Niciunul
451,Tarod,TAROD M10 ISO2,2264,625.15,1.06,15.03,84.24,2.61,60.6,79.42,Inox,Filetare,101,1,Uzura excesiva
452,Tarod,TAROD M10 ISO2,2759,527.23,1.76,11.09,46.04,1.33,15.3,62.02,Inox,Filetare,416,0,Niciunul
453,Tarod,TAROD M10 ISO2,2849,1031.6,2.84,6.78,83.03,9.12,49.1,101.0,Aluminiu,Filetare,129,1,Vibratii
454,Tarod,TAROD M10 ISO2,1730,356.41,1.91,17.39,104.72,2.24,65.2,83.32,Otel,Filetare,464,1,Uzura excesiva
455,Tarod,TAROD M10 ISO2,5949,596.43,1.49,15.14,59.04,0.74,5.9,66.37,Inox,Filetare,96,0,Niciunul
456,Tarod,TAROD M10 ISO2,5989,1102.64,2.34,19.5,54.21,1.02,18.9,72.54,Otel,Filetare,56,0,Niciunul
457,Tarod,TAROD M10 ISO2,3530,976.07,2.18,15.37,54.89,1.82,1.7,60.58,Otel,Filetare,333,0,Niciunul
458,Tarod,TAROD M10 ISO2,5231,510.31,1.4,11.6,101.76,3.25,86.6,79.46,Otel,Filetare,261,1,Uzura excesiva
459,Tarod,TAROD M10 ISO2,5293,866.62,2.44,14.44,81.43,13.63,47.3,87.36,Inox,Filetare,290,1,Vibratii
460,Tarod,TAROD M10 ISO2,4250,772.72,0.45,13.49,74.56,4.27,91.3,75.18,Aluminiu,Filetare,213,1,Uzura excesiva
461,Tarod,TAROD M10 ISO2,3791,911.87,0.41,15.93,64.63,11.78,46.6,92.96,Inox,Filetare,261,1,Vibratii
462,Tarod,TAROD M10 ISO2,4071,563.73,1.84,9.55,127.14,1.77,29.1,84.98,Aluminiu,Filetare,372,1,Supraincalzire
463,Tarod,TAROD M10 ISO2,3925,826.49,0.55,8.45,49.09,0.75,17.5,68.19,Inox,Filetare,138,0,Niciunul
464,Tarod,TAROD M10 ISO2,2797,776.96,1.29,12.39,49.13,1.41,0.2,65.55,Inox,Filetare,458,0,Niciunul
465,Tarod,TAROD M10 ISO2,3293,620.24,1.27,11.8,57.51,1.85,6.8,72.48,Otel,Filetare,176,0,Niciunul
466,Tarod,TAROD M10 ISO2,4226,1021.31,1.17,10.68,132.96,2.56,26.3,81.0,Aluminiu,Filetare,31,1,Supraincalzire
467,Tarod,TAROD M10 ISO2,2426,999.61,2.7,16.66,35.56,1.34,12.9,68.49,Otel,Filetare,200,0,Niciunul
468,Tarod,TAROD M10 ISO2,1853,313.89,1.96,14.19,81.94,6.87,20.6,102.23,Otel,Filetare,333,1,Vibratii
469,Tarod,TAROD M10 ISO2,5638,782.98,2.49,7.4,40.1,1.07,18.0,60.6,Otel,Filetare,279,0,Niciunul
470,Tarod,TAROD M10 ISO2,4779,965.98,0.54,15.17,43.44,1.75,5.9,69.05,Otel,Filetare,272,0,Niciunul
471,Tarod,TAROD M10 ISO2,4152,902.44,2.62,10.82,45.74,1.64,0.0,60.14,Otel,Filetare,11,0,Niciunul
472,Tarod,TAROD M10 ISO2,3420,989.59,1.74,17.23,140.48,3.12,29.6,78.51,Otel,Filetare,124,1,Supraincalzire
473,Tarod,TAROD M10 ISO2,2261,659.18,0.11,17.62,62.12,1.09,8.9,70.47,Aluminiu,Filetare,114,0,Niciunul
474,Tarod,TAROD M10 ISO2,2984,516.64,0.35,8.33,52.09,0.8,15.9,74.93,Inox,Filetare,429,0,Niciunul
475,Tarod,TAROD M10 ISO2,5958,729.27,0.86,17.09,53.34,2.0,16.6,67.55,Aluminiu,Filetare,129,0,Niciunul
476,Tarod,TAROD M10 ISO2,5006,816.37,0.5,5.44,141.62,3.42,31.5,84.56,Aluminiu,Filetare,499,1,Supraincalzire
477,Tarod,TAROD M10 ISO2,5224,686.93,0.61,7.33,139.92,2.85,34.7,82.45,Inox,Filetare,362,1,Supraincalzire
478,Tarod,TAROD M10 ISO2,1883,992.92,1.05,11.64,49.63,1.09,3.0,74.79,Otel,Filetare,489,0,Niciunul
479,Tarod,TAROD M10 ISO2,2157,997.94,1.69,18.59,72.11,7.13,38.4,95.75,Inox,Filetare,236,1,Vibratii
480,Tarod,TAROD M10 ISO2,5622,372.2,2.64,6.5,83.83,8.17,49.5,98.82,Otel,Filetare,215,1,Vibratii
481,Tarod,TAROD M10 ISO2,5392,896.03,0.96,13.74,62.94,1.2,7.7,65.16,Otel,Filetare,263,0,Niciunul
482,Tarod,TAROD M10 ISO2,5838,716.16,0.42,7.09,58.27,1.81,18.9,61.57,Aluminiu,Filetare,311,0,Niciunul
483,Tarod,TAROD M10 ISO2,1526,977.21,1.63,9.59,68.82,0.56,16.1,66.27,Inox,Filetare,336,0,Niciunul
484,Tarod,TAROD M10 ISO2,5222,562.2,1.24,10.21,179.53,2.49,31.1,77.36,Inox,Filetare,243,1,Supraincalzire
485,Tarod,TAROD M10 ISO2,5630,530.48,2.71,14.7,62.54,1.29,9.7,67.31,Aluminiu,Filetare,159,0,Niciunul
486,Tarod,TAROD M10 ISO2,3797,220.53,2.26,19.0,72.47,4.5,95.3,85.58,Aluminiu,Filetare,389,1,Uzura excesiva
487,Tarod,TAROD M10 ISO2,1791,1196.43,1.53,8.69,49.94,0.92,14.2,72.56,Aluminiu,Filetare,115,0,Niciunul
488,Tarod,TAROD M10 ISO2,5352,411.81,1.8,14.32,42.28,0.73,4.5,69.15,Otel,Filetare,444,0,Niciunul
489,Tarod,TAROD M10 ISO2,4723,619.65,0.42,18.53,73.24,2.61,82.8,84.64,Otel,Filetare,204,1,Uzura excesiva
490,Tarod,TAROD M10 ISO2,5600,707.08,1.9,8.25,173.04,2.96,21.2,82.93,Inox,Filetare,29,1,Supraincalzire
491,Tarod,TAROD M10 ISO2,5501,1075.41,2.74,18.86,36.28,1.25,16.0,67.31,Inox,Filetare,45,0,Niciunul
492,Tarod,TAROD M10 ISO2,3436,237.23,1.04,12.11,66.53,1.95,8.7,65.34,Otel,Filetare,128,0,Niciunul
493,Tarod,TAROD M10 ISO2,3578,796.62,1.31,11.84,103.58,2.84,67.4,84.25,Otel,Filetare,215,1,Uzura excesiva
494,Tarod,TAROD M10 ISO2,5806,791.17,2.59,10.31,67.04,1.11,19.3,60.08,Aluminiu,Filetare,440,0,Niciunul
495,Tarod,TAROD M10 ISO2,5139,258.4,0.44,16.36,42.3,1.7,15.4,65.65,Inox,Filetare,228,0,Niciunul
496,Tarod,TAROD M10 ISO2,5551,1113.74,1.45,5.72,100.62,2.27,78.7,76.28,Aluminiu,Filetare,7,1,Uzura excesiva
497,Tarod,TAROD M10 ISO2,5994,398.91,0.68,13.03,148.28,2.97,25.8,84.57,Otel,Filetare,397,1,Supraincalzire
498,Tarod,TAROD M10 ISO2,5787,1000.05,0.79,8.49,89.5,12.58,36.8,98.43,Otel,Filetare,92,1,Vibratii
499,Tarod,TAROD M10 ISO2,2866,696.07,2.97,7.05,60.08,10.6,24.5,98.99,Otel,Filetare,154,1,Vibratii
500,Tarod,TAROD M10 ISO2,5700,560.29,2.49,13.79,50.41,1.48,14.7,68.76,Aluminiu,Filetare,426,0,Niciunul
501,Tarod,TAROD M10 ISO2,3761,735.3,0.65,17.57,122.89,2.47,24.0,77.39,Inox,Filetare,428,1,Supraincalzire
502,Tarod,TAROD M10 ISO2,1929,212.33,2.51,13.66,50.69,1.41,16.1,65.73,Inox,Filetare,427,0,Niciunul
503,Tarod,TAROD M10 ISO2,2697,215.15,1.21,15.55,46.84,0.76,3.8,63.17,Aluminiu,Filetare,333,0,Niciunul
504,Tarod,TAROD M10 ISO2,4363,1042.69,1.12,13.99,163.68,3.15,20.6,80.71,Aluminiu,Filetare,350,1,Supraincalzire
505,Tarod,TAROD M10 ISO2,4433,873.5,1.12,7.77,78.07,2.17,61.8,75.28,Inox,Filetare,70,1,Uzura excesiva
506,Tarod,TAROD M10 ISO2,4895,899.33,2.14,8.33,70.2,6.37,22.2,91.65,Aluminiu,Filetare,61,1,Vibratii
507,Tarod,TAROD M10 ISO2,3807,1099.35,0.16,14.4,99.28,2.29,91.2,78.27,Otel,Filetare,13,1,Uzura excesiva
508,Tarod,TAROD M10 ISO2,3455,902.7,1.6,13.01,45.77,0.53,13.0,65.27,Otel,Filetare,487,0,Niciunul
509,Tarod,TAROD M10 ISO2,3721,1159.42,1.5,18.44,74.92,9.14,25.7,86.88,Otel,Filetare,471,1,Vibratii
510,Tarod,TAROD M10 ISO2,1976,564.99,2.58,19.56,59.53,0.77,12.4,73.0,Otel,Filetare,289,0,Niciunul
511,Tarod,TAROD M10 ISO2,1704,1077.57,1.94,10.04,45.18,0.96,4.1,61.14,Otel,Filetare,34,0,Niciunul
512,Tarod,TAROD M10 ISO2,5581,817.39,2.41,5.91,71.6,2.92,71.2,86.79,Aluminiu,Filetare,262,1,Uzura excesiva
513,Tarod,TAROD M10 ISO2,1684,683.49,2.13,9.75,167.36,2.44,21.2,82.29,Inox,Filetare,400,1,Supraincalzire
514,Tarod,TAROD M10 ISO2,3543,1055.51,0.43,14.45,69.4,1.48,14.6,63.65,Otel,Filetare,98,0,Niciunul
515,Tarod,TAROD M10 ISO2,3306,872.57,2.34,19.56,36.95,0.77,7.5,61.93,Inox,Filetare,330,0,Niciunul
516,Tarod,TAROD M10 ISO2,5268,200.87,1.31,5.67,58.86,0.59,17.4,70.13,Aluminiu,Filetare,123,0,Niciunul
517,Tarod,TAROD M10 ISO2,4735,252.78,2.03,19.1,67.17,1.83,18.5,64.23,Otel,Filetare,364,0,Niciunul
518,Tarod,TAROD M10 ISO2,1834,710.8,0.65,18.62,79.45,12.49,43.6,92.2,Otel,Filetare,209,1,Vibratii
519,Tarod,TAROD M10 ISO2,2632,292.92,1.42,14.78,37.14,1.8,18.5,67.41,Aluminiu,Filetare,257,0,Niciunul
520,Tarod,TAROD M10 ISO2,3700,899.34,2.85,9.99,155.52,3.26,34.0,75.79,Aluminiu,Filetare,232,1,Supraincalzire
521,Tarod,TAROD M10 ISO2,3738,416.35,2.59,7.7,58.99,0.6,13.4,68.01,Inox,Filetare,14,0,Niciunul
522,Tarod,TAROD M10 ISO2,1897,381.73,0.19,16.6,145.38,2.48,30.0,84.67,Otel,Filetare,26,1,Supraincalzire
523,Tarod,TAROD M10 ISO2,1838,431.65,0.78,16.57,52.69,0.83,12.3,69.16,Aluminiu,Filetare,44,0,Niciunul
524,Tarod,TAROD M10 ISO2,4258,227.41,0.65,13.39,89.0,8.72,48.1,102.73,Aluminiu,Filetare,198,1,Vibratii
525,Tarod,TAROD M10 ISO2,5943,577.81,1.73,19.14,76.25,2.71,68.7,85.35,Inox,Filetare,219,1,Uzura excesiva
526,Tarod,TAROD M10 ISO2,4312,800.02,2.85,6.66,41.3,0.63,10.4,61.88,Aluminiu,Filetare,458,0,Niciunul
527,Tarod,TAROD M10 ISO2,4145,1037.31,1.31,15.4,81.13,6.74,35.1,100.89,Otel,Filetare,269,1,Vibratii
528,Tarod,TAROD M10 ISO2,4288,700.34,1.76,10.57,61.12,1.93,2.1,64.62,Aluminiu,Filetare,102,0,Niciunul
529,Tarod,TAROD M10 ISO2,3049,1053.72,0.5,15.47,103.26,4.78,63.7,71.62,Inox,Filetare,479,1,Uzura excesiva
530,Tarod,TAROD M10 ISO2,5211,382.39,0.66,6.76,70.16,9.81,35.9,90.97,Otel,Filetare,391,1,Vibratii
531,Tarod,TAROD M10 ISO2,2790,820.52,1.33,14.84,91.24,2.79,83.1,84.12,Otel,Filetare,447,1,Uzura excesiva
532,Tarod,TAROD M10 ISO2,3374,280.92,0.33,6.09,64.03,13.1,36.0,95.5,Otel,Filetare,385,1,Vibratii
533,Tarod,TAROD M10 ISO2,1531,1146.77,0.79,10.52,70.56,7.31,25.7,97.2,Inox,Filetare,226,1,Vibratii
534,Tarod,TAROD M10 ISO2,2225,624.58,0.77,14.51,137.91,1.56,31.1,79.62,Inox,Filetare,337,1,Supraincalzire
535,Tarod,TAROD M10 ISO2,3999,783.93,2.86,18.05,37.16,1.86,3.9,63.86,Aluminiu,Filetare,170,0,Niciunul
536,Tarod,TAROD M10 ISO2,2534,483.59,1.67,11.58,83.66,7.51,45.7,92.5,Aluminiu,Filetare,231,1,Vibratii
537,Tarod,TAROD M10 ISO2,1755,637.15,1.95,14.4,127.87,1.58,40.0,75.33,Inox,Filetare,399,1,Supraincalzire
538,Tarod,TAROD M10 ISO2,2859,222.37,0.61,19.83,69.29,1.67,4.4,71.15,Aluminiu,Filetare,20,0,Niciunul
539,Tarod,TAROD M10 ISO2,5752,1065.77,0.99,9.88,158.39,2.84,25.5,76.25,Aluminiu,Filetare,425,1,Supraincalzire
540,Tarod,TAROD M10 ISO2,4465,583.77,0.53,15.26,146.04,3.54,37.0,81.4,Otel,Filetare,342,1,Supraincalzire
541,Tarod,TAROD M10 ISO2,4490,1035.81,2.33,9.95,65.15,1.29,17.7,63.02,Otel,Filetare,60,0,Niciunul
542,Tarod,TAROD M10 ISO2,5815,735.2,2.46,16.84,54.12,0.69,2.1,70.75,Otel,Filetare,442,0,Niciunul
543,Tarod,TAROD M10 ISO2,3845,576.07,1.39,5.83,71.27,9.67,34.4,86.07,Aluminiu,Filetare,177,1,Vibratii
544,Tarod,TAROD M10 ISO2,5373,1197.67,1.24,14.93,141.09,2.06,38.2,81.02,Aluminiu,Filetare,460,1,Supraincalzire
545,Tarod,TAROD M10 ISO2,5346,759.31,0.12,18.65,52.75,1.92,15.9,64.61,Otel,Filetare,91,0,Niciunul
546,Tarod,TAROD M10 ISO2,4500,1084.55,2.7,18.13,48.96,1.07,12.0,71.63,Inox,Filetare,372,0,Niciunul
547,Tarod,TAROD M10 ISO2,3317,972.23,1.88,5.46,43.6,0.73,10.4,73.6,Otel,Filetare,58,0,Niciunul
548,Tarod,TAROD M10 ISO2,4911,719.47,1.65,6.33,58.5,1.97,8.7,70.31,Otel,Filetare,157,0,Niciunul
549,Tarod,TAROD M10 ISO2,4184,283.81,1.55,19.5,37.93,0.7,3.4,64.28,Aluminiu,Filetare,388,0,Niciunul
550,Tarod,TAROD M10 ISO2,1857,953.24,2.63,17.13,37.39,0.87,8.0,68.75,Otel,Filetare,448,0,Niciunul
551,Tarod,TAROD M10 ISO2,4973,568.96,1.61,16.74,57.35,1.06,15.7,73.92,Inox,Filetare,277,0,Niciunul
552,Tarod,TAROD M10 ISO2,3243,857.5,2.97,9.08,129.35,3.27,28.9,77.17,Aluminiu,Filetare,490,1,Supraincalzire
553,Tarod,TAROD M10 ISO2,3492,762.0,1.94,10.47,43.81,0.96,19.1,63.47,Otel,Filetare,470,0,Niciunul
554,Tarod,TAROD M10 ISO2,5484,1094.29,2.09,7.3,46.61,1.52,4.6,60.59,Otel,Filetare,145,0,Niciunul
555,Tarod,TAROD M10 ISO2,3835,1050.91,2.09,15.02,83.82,3.52,99.9,87.45,Aluminiu,Filetare,474,1,Uzura excesiva
556,Tarod,TAROD M10 ISO2,5440,467.66,1.15,13.9,37.91,0.51,17.7,70.54,Otel,Filetare,460,0,Niciunul
557,Tarod,TAROD M10 ISO2,2998,754.02,0.9,13.38,107.85,4.39,68.1,87.71,Inox,Filetare,310,1,Uzura excesiva
558,Tarod,TAROD M10 ISO2,2721,1086.97,0.57,18.94,67.41,1.49,18.1,70.14,Inox,Filetare,322,0,Niciunul
559,Tarod,TAROD M10 ISO2,1849,950.68,0.54,6.66,45.45,1.51,7.1,66.26,Aluminiu,Filetare,127,0,Niciunul
560,Tarod,TAROD M10 ISO2,5518,908.37,1.71,10.2,39.0,1.11,15.7,67.48,Inox,Filetare,357,0,Niciunul
561,Tarod,TAROD M10 ISO2,1736,585.45,0.8,6.39,36.77,1.06,10.4,69.92,Otel,Filetare,253,0,Niciunul
562,Tarod,TAROD M10 ISO2,5775,962.3,1.1,6.98,39.75,1.05,5.3,63.52,Inox,Filetare,53,0,Niciunul
563,Tarod,TAROD M10 ISO2,3764,1177.57,1.0,15.53,65.32,1.7,15.9,73.94,Otel,Filetare,111,0,Niciunul
564,Tarod,TAROD M10 ISO2,4354,515.3,2.94,6.46,53.71,1.67,13.5,66.23,Otel,Filetare,137,0,Niciunul
565,Tarod,TAROD M10 ISO2,4244,611.19,1.47,19.19,98.96,3.08,94.8,73.57,Inox,Filetare,70,1,Uzura excesiva
566,Tarod,TAROD M10 ISO2,4556,788.2,2.5,14.34,158.23,2.9,27.3,77.1,Aluminiu,Filetare,35,1,Supraincalzire
567,Tarod,TAROD M10 ISO2,1667,490.47,1.32,13.84,167.16,1.59,32.4,82.54,Otel,Filetare,489,1,Supraincalzire
568,Tarod,TAROD M10 ISO2,4508,985.66,0.5,9.81,90.06,2.29,66.4,77.1,Aluminiu,Filetare,29,1,Uzura excesiva
569,Tarod,TAROD M10 ISO2,4603,420.69,1.86,7.4,107.9,3.76,87.9,80.6,Aluminiu,Filetare,430,1,Uzura excesiva
570,Tarod,TAROD M10 ISO2,1625,381.39,0.91,10.57,84.24,9.7,30.8,92.55,Aluminiu,Filetare,328,1,Vibratii
571,Tarod,TAROD M10 ISO2,2312,422.75,1.69,17.19,35.72,1.2,14.0,63.31,Otel,Filetare,448,0,Niciunul
572,Tarod,TAROD M10 ISO2,3920,959.56,0.32,8.53,62.32,1.78,9.0,60.46,Inox,Filetare,236,0,Niciunul
573,Tarod,TAROD M10 ISO2,3824,837.47,1.72,8.95,42.43,1.78,11.7,65.13,Aluminiu,Filetare,487,0,Niciunul
574,Tarod,TAROD M10 ISO2,3200,876.46,0.12,15.32,107.66,3.95,75.5,70.2,Aluminiu,Filetare,67,1,Uzura excesiva
575,Tarod,TAROD M10 ISO2,1645,1032.77,0.82,9.73,45.69,1.83,14.6,73.3,Otel,Filetare,287,0,Niciunul
576,Tarod,TAROD M10 ISO2,4430,494.21,0.91,8.36,49.28,1.36,15.3,74.05,Inox,Filetare,468,0,Niciunul
577,Tarod,TAROD M10 ISO2,5842,954.75,2.63,19.33,36.0,1.69,19.5,62.67,Aluminiu,Filetare,456,0,Niciunul
578,Tarod,TAROD M10 ISO2,3344,249.87,1.11,5.57,55.87,1.32,12.0,63.05,Otel,Filetare,292,0,Niciunul
579,Tarod,TAROD M10 ISO2,5702,1185.77,0.61,8.12,37.95,1.07,6.2,73.88,Aluminiu,Filetare,190,0,Niciunul
580,Tarod,TAROD M10 ISO2,4171,691.41,0.23,19.95,45.38,1.06,5.6,72.49,Otel,Filetare,262,0,Niciunul
581,Tarod,TAROD M10 ISO2,5456,800.2,0.57,18.38,130.17,2.61,34.9,79.27,Otel,Filetare,1,1,Supraincalzire
582,Tarod,TAROD M10 ISO2,5407,372.37,1.03,8.0,35.17,1.02,16.2,64.5,Aluminiu,Filetare,95,0,Niciunul
583,Tarod,TAROD M10 ISO2,4376,1045.31,0.28,12.93,80.75,10.17,20.7,94.48,Inox,Filetare,369,1,Vibratii
584,Tarod,TAROD M10 ISO2,5636,252.16,0.2,8.98,160.36,2.13,26.0,84.16,Aluminiu,Filetare,29,1,Supraincalzire
585,Tarod,TAROD M10 ISO2,5737,226.66,0.92,16.86,133.43,2.68,21.3,79.2,Inox,Filetare,459,1,Supraincalzire
586,Tarod,TAROD M10 ISO2,3708,785.93,0.1,16.12,51.55,0.62,0.3,66.43,Aluminiu,Filetare,464,0,Niciunul
587,Tarod,TAROD M10 ISO2,3236,558.03,1.95,11.43,98.7,3.13,63.3,88.98,Otel,Filetare,379,1,Uzura excesiva
588,Tarod,TAROD M10 ISO2,5565,546.28,0.46,15.55,85.0,3.83,71.2,84.84,Inox,Filetare,351,1,Uzura excesiva
589,Tarod,TAROD M10 ISO2,5283,715.22,2.4,17.42,39.07,1.33,10.6,65.04,Inox,Filetare,488,0,Niciunul
590,Tarod,TAROD M10 ISO2,5014,335.42,2.14,17.51,177.9,2.53,21.5,75.47,Inox,Filetare,283,1,Supraincalzire
591,Tarod,TAROD M10 ISO2,2613,328.85,0.12,18.1,76.9,10.11,36.3,103.24,Otel,Filetare,437,1,Vibratii
592,Tarod,TAROD M10 ISO2,4562,777.24,0.48,7.68,46.1,1.73,12.2,67.0,Aluminiu,Filetare,30,0,Niciunul
593,Tarod,TAROD M10 ISO2,3561,970.26,1.81,14.4,130.62,3.96,32.1,80.86,Inox,Filetare,254,1,Supraincalzire
594,Tarod,TAROD M10 ISO2,3054,389.2,2.41,5.52,120.21,3.44,35.9,80.19,Inox,Filetare,368,1,Supraincalzire
595,Tarod,TAROD M10 ISO2,2027,751.19,1.94,9.09,65.54,1.7,11.4,74.34,Aluminiu,Filetare,291,0,Niciunul
596,Tarod,TAROD M10 ISO2,5622,570.45,2.68,8.92,97.59,2.42,77.2,89.23,Aluminiu,Filetare,51,1,Uzura excesiva
597,Tarod,TAROD M10 ISO2,5904,1180.66,0.24,16.54,49.74,0.84,5.3,67.99,Aluminiu,Filetare,280,0,Niciunul
598,Tarod,TAROD M10 ISO2,3116,772.79,1.06,15.42,134.84,2.01,22.6,76.92,Otel,Filetare,333,1,Supraincalzire
599,Tarod,TAROD M10 ISO2,4022,1179.18,2.48,17.22,59.37,1.85,2.8,69.75,Inox,Filetare,355,0,Niciunul
600,Tarod,TAROD M10 ISO2,5493,728.58,2.61,5.6,107.11,4.0,91.1,75.09,Inox,Filetare,367,1,Uzura excesiva
1,Placuta amovibila,WNMG080408,3619,495.71,1.91,16.11,82.19,13.56,20.3,102.69,Inox,Strunjire,326,1,Vibratii
2,Placuta amovibila,WNMG080408,4294,357.86,2.78,17.35,175.74,2.53,20.4,79.13,Aluminiu,Strunjire,215,1,Supraincalzire
3,Placuta amovibila,WNMG080408,3239,494.95,1.56,17.55,84.7,3.62,83.3,80.79,Aluminiu,Strunjire,460,1,Uzura excesiva
4,Placuta amovibila,WNMG080408,3431,347.17,0.55,8.15,68.46,0.65,16.2,68.73,Otel,Strunjire,354,0,Niciunul
5,Placuta amovibila,WNMG080408,3593,273.8,1.53,14.65,75.14,11.44,22.0,102.64,Inox,Strunjire,69,1,Vibratii
6,Placuta amovibila,WNMG080408,3853,761.74,0.75,10.47,62.01,0.77,2.2,66.93,Otel,Strunjire,282,0,Niciunul
7,Placuta amovibila,WNMG080408,5504,406.98,2.66,10.24,142.9,3.35,24.1,83.4,Aluminiu,Strunjire,383,1,Supraincalzire
8,Placuta amovibila,WNMG080408,1717,467.61,0.62,8.27,49.87,1.92,9.3,68.99,Otel,Strunjire,433,0,Niciunul
9,Placuta amovibila,WNMG080408,5216,512.68,0.81,10.13,104.34,4.53,88.6,86.55,Aluminiu,Strunjire,355,1,Uzura excesiva
10,Placuta amovibila,WNMG080408,4292,1120.1,1.2,13.89,159.31,3.75,24.3,78.66,Otel,Strunjire,367,1,Supraincalzire
11,Placuta amovibila,WNMG080408,3319,882.47,1.36,19.87,83.84,11.08,23.3,96.99,Inox,Strunjire,53,1,Vibratii
12,Placuta amovibila,WNMG080408,2499,525.84,1.39,14.66,66.61,1.35,12.9,71.94,Inox,Strunjire,319,0,Niciunul
13,Placuta amovibila,WNMG080408,1910,842.48,1.15,13.14,64.71,1.66,9.8,69.36,Inox,Strunjire,12,0,Niciunul
14,Placuta amovibila,WNMG080408,3554,477.68,0.6,18.64,45.92,1.97,0.2,60.67,Inox,Strunjire,212,0,Niciunul
15,Placuta amovibila,WNMG080408,3655,834.65,2.36,16.74,74.6,4.13,76.7,77.97,Aluminiu,Strunjire,346,1,Uzura excesiva
16,Placuta amovibila,WNMG080408,4652,262.19,2.27,13.54,54.91,0.54,5.7,66.59,Otel,Strunjire,29,0,Niciunul
17,Placuta amovibila,WNMG080408,3327,954.08,0.27,17.77,68.39,1.65,6.9,74.89,Otel,Strunjire,216,0,Niciunul
18,Placuta amovibila,WNMG080408,3593,724.1,0.91,6.1,93.83,2.12,90.1,78.54,Otel,Strunjire,419,1,Uzura excesiva
19,Placuta amovibila,WNMG080408,4894,706.4,0.62,5.3,65.23,1.76,15.5,60.75,Aluminiu,Strunjire,434,0,Niciunul
20,Placuta amovibila,WNMG080408,3978,231.81,1.2,9.7,56.77,1.52,1.5,70.34,Otel,Strunjire,10,0,Niciunul
21,Placuta amovibila,WNMG080408,3501,649.48,2.24,11.04,41.71,1.62,17.4,68.68,Inox,Strunjire,414,0,Niciunul
22,Placuta amovibila,WNMG080408,1864,1106.5,2.46,15.88,46.41,1.11,7.0,60.27,Aluminiu,Strunjire,480,0,Niciunul
23,Placuta amovibila,WNMG080408,5028,406.28,2.73,12.83,69.73,1.34,10.2,72.04,Otel,Strunjire,498,0,Niciunul
24,Placuta amovibila,WNMG080408,3526,1025.59,1.61,13.76,38.33,0.69,12.9,61.01,Otel,Strunjire,492,0,Niciunul
25,Placuta amovibila,WNMG080408,4529,309.24,2.61,9.97,101.61,4.62,92.0,76.16,Aluminiu,Strunjire,61,1,Uzura excesiva
26,Placuta amovibila,WNMG080408,5338,678.07,2.2,5.53,68.24,0.84,5.2,62.37,Aluminiu,Strunjire,335,0,Niciunul
27,Placuta amovibila,WNMG080408,5170,802.19,0.2,9.9,82.04,2.21,62.7,79.63,Inox,Strunjire,288,1,Uzura excesiva
28,Placuta amovibila,WNMG080408,2662,750.27,2.52,16.27,68.47,1.54,12.9,67.77,Otel,Strunjire,425,0,Niciunul
29,Placuta amovibila,WNMG080408,2071,210.65,0.43,18.03,65.28,10.25,27.1,103.38,Inox,Strunjire,232,1,Vibratii
30,Placuta amovibila,WNMG080408,2393,534.24,1.04,6.95,41.11,0.91,4.4,68.94,Aluminiu,Strunjire,44,0,Niciunul
31,Placuta amovibila,WNMG080408,4447,1160.06,2.35,8.14,142.33,2.92,21.8,76.81,Inox,Strunjire,470,1,Supraincalzire
32,Placuta amovibila,WNMG080408,4295,1093.58,2.43,10.09,37.88,1.64,2.7,70.04,Inox,Strunjire,22,0,Niciunul
33,Placuta amovibila,WNMG080408,1950,209.25,0.63,9.35,125.68,2.11,30.9,78.89,Aluminiu,Strunjire,140,1,Supraincalzire
34,Placuta amovibila,WNMG080408,4430,754.04,2.86,11.38,61.42,0.77,15.0,68.84,Otel,Strunjire,141,0,Niciunul
35,Placuta amovibila,WNMG080408,2614,416.43,0.7,10.15,76.77,11.31,38.6,102.1,Inox,Strunjire,241,1,Vibratii
36,Placuta amovibila,WNMG080408,1601,476.51,0.71,15.47,170.47,2.17,26.9,78.02,Inox,Strunjire,10,1,Supraincalzire
37,Placuta amovibila,WNMG080408,4462,519.82,2.19,15.62,88.09,11.49,31.2,94.32,Inox,Strunjire,381,1,Vibratii
38,Placuta amovibila,WNMG080408,4518,350.56,1.2,9.89,63.35,1.22,11.4,69.93,Aluminiu,Strunjire,356,0,Niciunul
39,Placuta amovibila,WNMG080408,5878,751.6,0.6,17.04,124.17,2.82,34.3,80.09,Aluminiu,Strunjire,465,1,Supraincalzire
40,Placuta amovibila,WNMG080408,4846,701.06,2.87,16.19,37.45,1.01,6.9,64.83,Otel,Strunjire,72,0,Niciunul
41,Placuta amovibila,WNMG080408,5821,1126.42,1.2,16.05,61.7,1.39,9.2,61.45,Inox,Strunjire,53,0,Niciunul
42,Placuta amovibila,WNMG080408,2433,498.69,1.78,8.69,53.34,1.16,12.3,65.54,Inox,Strunjire,491,0,Niciunul
43,Placuta amovibila,WNMG080408,4476,1086.26,0.16,13.62,145.76,1.63,23.4,80.87,Aluminiu,Strunjire,242,1,Supraincalzire
44,Placuta amovibila,WNMG080408,2739,347.41,1.79,5.59,62.12,0.76,17.8,64.5,Aluminiu,Strunjire,464,0,Niciunul
45,Placuta amovibila,WNMG080408,1519,1098.72,1.57,13.85,38.98,1.69,9.3,60.0,Inox,Strunjire,427,0,Niciunul
46,Placuta amovibila,WNMG080408,5966,1005.86,0.12,13.73,80.36,10.26,22.8,95.78,Otel,Strunjire,335,1,Vibratii
47,Placuta amovibila,WNMG080408,1955,871.25,1.59,12.02,173.82,2.3,20.2,84.24,Inox,Strunjire,214,1,Supraincalzire
48,Placuta amovibila,WNMG080408,5995,284.13,1.4,7.22,67.62,1.82,15.8,64.77,Aluminiu,Strunjire,214,0,Niciunul
49,Placuta amovibila,WNMG080408,4861,629.29,0.67,14.33,73.03,3.41,75.0,83.88,Aluminiu,Strunjire,329,1,Uzura excesiva
50,Placuta amovibila,WNMG080408,3408,1152.74,0.33,10.28,38.92,1.97,16.0,67.8,Otel,Strunjire,76,0,Niciunul
51,Placuta amovibila,WNMG080408,4950,1132.14,1.48,11.26,125.2,2.47,39.9,83.11,Aluminiu,Strunjire,179,1,Supraincalzire
52,Placuta amovibila,WNMG080408,2014,911.87,1.19,15.87,122.13,3.4,32.2,82.09,Aluminiu,Strunjire,23,1,Supraincalzire
53,Placuta amovibila,WNMG080408,3910,889.61,2.76,19.76,96.0,4.12,64.4,71.62,Aluminiu,Strunjire,2,1,Uzura excesiva
54,Placuta amovibila,WNMG080408,2535,975.93,1.23,18.33,132.76,1.92,29.1,76.11,Inox,Strunjire,250,1,Supraincalzire
55,Placuta amovibila,WNMG080408,3886,729.62,0.49,15.37,38.72,1.4,4.2,71.94,Inox,Strunjire,51,0,Niciunul
56,Placuta amovibila,WNMG080408,2308,1130.12,1.05,13.78,37.68,1.15,9.3,73.57,Aluminiu,Strunjire,101,0,Niciunul
57,Placuta amovibila,WNMG080408,4657,962.45,0.89,13.63,62.25,1.29,10.2,73.62,Inox,Strunjire,102,0,Niciunul
58,Placuta amovibila,WNMG080408,4858,632.32,0.12,16.73,59.01,0.97,6.3,60.54,Aluminiu,Strunjire,251,0,Niciunul
59,Placuta amovibila,WNMG080408,3841,365.43,0.55,11.16,37.62,1.45,16.5,69.92,Otel,Strunjire,251,0,Niciunul
60,Placuta amovibila,WNMG080408,4089,815.38,0.85,16.35,42.23,0.94,7.3,65.18,Otel,Strunjire,58,0,Niciunul
61,Placuta amovibila,WNMG080408,3126,377.46,1.47,14.8,152.76,1.6,37.3,79.77,Aluminiu,Strunjire,483,1,Supraincalzire
62,Placuta amovibila,WNMG080408,4675,1101.94,1.55,19.66,40.33,0.69,12.0,61.92,Inox,Strunjire,498,0,Niciunul
63,Placuta amovibila,WNMG080408,1722,1025.2,1.11,15.49,47.04,1.81,6.7,65.61,Otel,Strunjire,241,0,Niciunul
64,Placuta amovibila,WNMG080408,1706,252.56,2.58,12.41,75.1,11.91,25.8,93.09,Otel,Strunjire,51,1,Vibratii
65,Placuta amovibila,WNMG080408,4104,460.2,2.26,12.53,69.5,0.91,18.5,66.33,Aluminiu,Strunjire,450,0,Niciunul
66,Placuta amovibila,WNMG080408,5707,1018.39,1.3,14.03,37.33,0.96,17.4,70.68,Aluminiu,Strunjire,120,0,Niciunul
67,Placuta amovibila,WNMG080408,5967,784.42,0.91,16.8,68.58,0.98,10.0,62.21,Otel,Strunjire,394,0,Niciunul
68,Placuta amovibila,WNMG080408,2292,822.31,2.89,12.43,98.53,3.56,96.6,83.43,Aluminiu,Strunjire,497,1,Uzura excesiva
69,Placuta amovibila,WNMG080408,4728,282.68,0.85,7.99,45.13,1.11,7.7,74.14,Otel,Strunjire,49,0,Niciunul
70,Placuta amovibila,WNMG080408,1792,806.79,1.47,13.64,133.37,3.75,24.9,76.89,Aluminiu,Strunjire,334,1,Supraincalzire
71,Placuta amovibila,WNMG080408,2034,1161.4,0.84,15.99,56.52,1.26,7.4,62.05,Otel,Strunjire,481,0,Niciunul
72,Placuta amovibila,WNMG080408,5588,715.43,0.12,17.33,38.94,0.97,9.0,74.05,Inox,Strunjire,448,0,Niciunul
73,Placuta amovibila,WNMG080408,3240,1078.58,0.31,6.63,95.7,3.0,68.8,86.05,Aluminiu,Strunjire,193,1,Uzura excesiva
74,Placuta amovibila,WNMG080408,5459,905.01,2.35,5.19,80.58,8.67,30.1,97.34,Otel,Strunjire,201,1,Vibratii
75,Placuta amovibila,WNMG080408,1547,979.7,2.18,6.28,49.48,1.6,19.4,67.55,Inox,Strunjire,122,0,Niciunul
76,Placuta amovibila,WNMG080408,4444,924.6,0.86,11.08,36.28,1.93,8.6,72.71,Inox,Strunjire,8,0,Niciunul
77,Placuta amovibila,WNMG080408,5422,407.35,2.87,15.8,40.53,1.6,18.2,71.01,Inox,Strunjire,402,0,Niciunul
78,Placuta amovibila,WNMG080408,3852,651.85,2.9,7.53,69.76,0.54,10.5,70.3,Otel,Strunjire,150,0,Niciunul
79,Placuta amovibila,WNMG080408,3209,614.47,0.64,5.19,36.21,1.44,13.3,60.63,Otel,Strunjire,73,0,Niciunul
80,Placuta amovibila,WNMG080408,5042,1145.1,2.06,11.96,61.75,1.82,6.4,64.4,Aluminiu,Strunjire,49,0,Niciunul
81,Placuta amovibila,WNMG080408,2317,835.68,0.76,8.76,79.88,8.72,44.3,99.66,Otel,Strunjire,73,1,Vibratii
82,Placuta amovibila,WNMG080408,5919,907.95,0.68,6.52,50.42,1.12,4.1,65.48,Inox,Strunjire,61,0,Niciunul
83,Placuta amovibila,WNMG080408,4407,1113.76,0.39,13.96,50.57,0.58,2.1,71.93,Otel,Strunjire,361,0,Niciunul
84,Placuta amovibila,WNMG080408,4056,801.17,0.94,13.21,120.28,2.45,39.8,81.06,Inox,Strunjire,483,1,Supraincalzire
85,Placuta amovibila,WNMG080408,4869,324.64,0.37,7.68,123.12,1.64,24.1,80.78,Inox,Strunjire,136,1,Supraincalzire
86,Placuta amovibila,WNMG080408,2471,1018.16,1.66,5.96,86.27,2.17,72.9,89.04,Otel,Strunjire,364,1,Uzura excesiva
87,Placuta amovibila,WNMG080408,4932,359.65,1.48,6.04,69.06,9.7,32.3,88.91,Inox,Strunjire,316,1,Vibratii
88,Placuta amovibila,WNMG080408,1587,348.7,2.33,18.86,47.99,1.51,11.7,62.22,Otel,Strunjire,331,0,Niciunul
89,Placuta amovibila,WNMG080408,1596,1096.84,0.79,5.98,66.81,1.14,14.5,72.88,Inox,Strunjire,130,0,Niciunul
90,Placuta amovibila,WNMG080408,3174,984.66,1.91,6.9,42.18,1.73,4.1,68.13,Inox,Strunjire,454,0,Niciunul
91,Placuta amovibila,WNMG080408,3344,262.56,0.72,8.86,39.49,1.26,12.1,70.2,Otel,Strunjire,113,0,Niciunul
92,Placuta amovibila,WNMG080408,3226,701.96,2.52,18.62,41.98,1.36,2.6,70.26,Otel,Strunjire,225,0,Niciunul
93,Placuta amovibila,WNMG080408,3889,1068.71,2.5,14.97,179.49,2.97,21.5,75.75,Otel,Strunjire,39,1,Supraincalzire
94,Placuta amovibila,WNMG080408,5139,538.62,0.63,5.54,70.75,10.88,47.4,86.9,Otel,Strunjire,202,1,Vibratii
95,Placuta amovibila,WNMG080408,2357,585.84,2.77,5.72,51.6,0.55,0.4,65.71,Inox,Strunjire,314,0,Niciunul
96,Placuta amovibila,WNMG080408,4974,248.03,1.78,16.2,45.84,1.92,12.7,66.65,Aluminiu,Strunjire,247,0,Niciunul
97,Placuta amovibila,WNMG080408,4860,272.63,0.76,14.01,69.26,0.58,9.6,74.32,Inox,Strunjire,372,0,Niciunul
98,Placuta amovibila,WNMG080408,5761,348.61,1.36,10.24,63.19,1.72,12.6,62.11,Otel,Strunjire,272,0,Niciunul
99,Placuta amovibila,WNMG080408,5350,799.14,1.44,17.56,56.35,1.64,2.5,61.21,Otel,Strunjire,360,0,Niciunul
100,Placuta amovibila,WNMG080408,5549,1169.7,0.5,18.67,61.28,1.67,3.6,61.95,Otel,Strunjire,78,0,Niciunul
101,Placuta amovibila,WNMG080408,4168,357.6,2.26,6.12,69.55,1.5,17.4,60.17,Inox,Strunjire,298,0,Niciunul
102,Placuta amovibila,WNMG080408,5703,1099.7,0.62,13.22,146.5,2.0,24.1,77.83,Aluminiu,Strunjire,386,1,Supraincalzire
103,Placuta amovibila,WNMG080408,3227,644.41,2.57,11.69,54.37,1.33,10.9,64.66,Otel,Strunjire,196,0,Niciunul
104,Placuta amovibila,WNMG080408,1965,647.37,2.53,5.79,164.67,1.85,36.5,77.27,Aluminiu,Strunjire,396,1,Supraincalzire
105,Placuta amovibila,WNMG080408,3173,1150.01,1.22,13.22,87.8,10.64,23.6,104.75,Inox,Strunjire,284,1,Vibratii
106,Placuta amovibila,WNMG080408,2811,1096.79,2.76,15.8,71.72,11.0,20.9,99.31,Inox,Strunjire,393,1,Vibratii
107,Placuta amovibila,WNMG080408,5544,615.91,0.96,5.6,42.24,1.01,4.7,73.21,Aluminiu,Strunjire,135,0,Niciunul
108,Placuta amovibila,WNMG080408,3833,580.58,1.26,7.1,69.81,1.83,1.8,64.01,Otel,Strunjire,180,0,Niciunul
109,Placuta amovibila,WNMG080408,2174,914.81,0.75,10.56,76.89,3.07,63.7,77.98,Inox,Strunjire,233,1,Uzura excesiva
110,Placuta amovibila,WNMG080408,2601,1174.13,1.5,16.94,51.5,0.87,8.2,69.98,Inox,Strunjire,95,0,Niciunul
111,Placuta amovibila,WNMG080408,4776,529.94,2.37,9.49,141.11,2.09,32.4,76.37,Otel,Strunjire,404,1,Supraincalzire
112,Placuta amovibila,WNMG080408,5107,1078.6,2.06,15.81,47.09,0.53,19.9,69.56,Aluminiu,Strunjire,261,0,Niciunul
113,Placuta amovibila,WNMG080408,2950,1071.85,2.79,7.35,45.27,0.82,10.3,61.64,Otel,Strunjire,44,0,Niciunul
114,Placuta amovibila,WNMG080408,1658,460.45,0.82,14.14,39.81,0.63,16.9,68.76,Aluminiu,Strunjire,445,0,Niciunul
115,Placuta amovibila,WNMG080408,4038,638.15,0.58,15.49,163.73,1.73,36.4,78.51,Aluminiu,Strunjire,492,1,Supraincalzire
116,Placuta amovibila,WNMG080408,5995,1049.78,1.9,10.01,153.17,1.87,35.0,79.13,Aluminiu,Strunjire,377,1,Supraincalzire
117,Placuta amovibila,WNMG080408,3883,835.08,2.21,19.02,171.4,3.41,29.7,80.04,Otel,Strunjire,351,1,Supraincalzire
118,Placuta amovibila,WNMG080408,4044,286.74,0.35,5.48,55.57,0.55,12.8,72.99,Otel,Strunjire,319,0,Niciunul
119,Placuta amovibila,WNMG080408,3663,1194.25,0.61,5.12,109.12,4.71,88.2,71.18,Inox,Strunjire,271,1,Uzura excesiva
120,Placuta amovibila,WNMG080408,5283,631.11,0.74,8.41,49.83,1.91,12.9,62.45,Aluminiu,Strunjire,470,0,Niciunul
121,Placuta amovibila,WNMG080408,3377,563.26,1.74,14.25,50.99,1.86,17.7,70.64,Otel,Strunjire,93,0,Niciunul
122,Placuta amovibila,WNMG080408,4473,1146.89,0.14,14.17,62.94,13.6,33.9,94.66,Otel,Strunjire,78,1,Vibratii
123,Placuta amovibila,WNMG080408,3020,1011.27,0.91,7.57,54.93,1.97,9.6,68.51,Aluminiu,Strunjire,60,0,Niciunul
124,Placuta amovibila,WNMG080408,1576,622.27,0.72,7.48,67.36,1.25,8.6,63.34,Otel,Strunjire,305,0,Niciunul
125,Placuta amovibila,WNMG080408,2032,1133.53,1.45,11.36,78.14,7.72,49.6,100.59,Inox,Strunjire,412,1,Vibratii
126,Placuta amovibila,WNMG080408,5655,232.03,1.72,14.31,79.92,3.98,91.5,88.68,Inox,Strunjire,95,1,Uzura excesiva
127,Placuta amovibila,WNMG080408,3475,308.08,0.5,18.96,71.98,3.52,71.3,82.36,Otel,Strunjire,370,1,Uzura excesiva
128,Placuta amovibila,WNMG080408,4300,321.82,2.31,10.82,40.16,1.72,16.0,64.85,Otel,Strunjire,294,0,Niciunul
129,Placuta amovibila,WNMG080408,2423,471.75,0.37,14.56,84.72,12.66,24.6,104.4,Otel,Strunjire,112,1,Vibratii
130,Placuta amovibila,WNMG080408,5351,874.33,0.96,8.38,60.41,9.26,22.4,95.79,Aluminiu,Strunjire,500,1,Vibratii
131,Placuta amovibila,WNMG080408,2692,324.39,2.91,10.87,59.17,0.74,8.9,61.78,Inox,Strunjire,16,0,Niciunul
132,Placuta amovibila,WNMG080408,3051,841.08,2.79,12.85,57.95,0.62,0.8,69.5,Inox,Strunjire,105,0,Niciunul
133,Placuta amovibila,WNMG080408,5402,1031.59,1.92,19.82,54.72,1.17,14.5,64.84,Otel,Strunjire,388,0,Niciunul
134,Placuta amovibila,WNMG080408,2081,559.14,1.85,13.08,91.74,2.01,94.0,75.49,Aluminiu,Strunjire,167,1,Uzura excesiva
135,Placuta amovibila,WNMG080408,4682,422.02,1.67,18.96,84.52,13.51,45.4,104.23,Inox,Strunjire,19,1,Vibratii
136,Placuta amovibila,WNMG080408,4232,949.51,2.25,14.13,160.15,2.89,37.9,77.19,Otel,Strunjire,78,1,Supraincalzire
137,Placuta amovibila,WNMG080408,3356,1176.78,2.57,17.13,129.63,3.71,34.5,83.23,Aluminiu,Strunjire,166,1,Supraincalzire
138,Placuta amovibila,WNMG080408,3603,795.39,2.34,11.38,60.44,1.08,5.7,71.33,Aluminiu,Strunjire,430,0,Niciunul
139,Placuta amovibila,WNMG080408,4743,1176.0,0.86,8.12,57.75,1.23,19.3,70.51,Aluminiu,Strunjire,288,0,Niciunul
140,Placuta amovibila,WNMG080408,5451,921.44,2.81,11.74,51.47,1.59,12.2,64.41,Otel,Strunjire,146,0,Niciunul
141,Placuta amovibila,WNMG080408,2485,752.91,0.97,14.28,135.67,1.88,35.9,81.12,Inox,Strunjire,36,1,Supraincalzire
142,Placuta amovibila,WNMG080408,3982,690.13,1.73,15.63,67.83,1.21,14.4,74.3,Inox,Strunjire,9,0,Niciunul
143,Placuta amovibila,WNMG080408,4059,769.31,2.86,16.25,65.87,6.58,34.6,88.22,Inox,Strunjire,117,1,Vibratii
144,Placuta amovibila,WNMG080408,4839,638.41,1.17,7.68,85.96,11.01,29.5,101.44,Aluminiu,Strunjire,379,1,Vibratii
145,Placuta amovibila,WNMG080408,3758,251.41,0.73,10.47,87.95,8.61,36.8,94.05,Aluminiu,Strunjire,357,1,Vibratii
146,Placuta amovibila,WNMG080408,4541,516.71,1.89,8.81,62.6,1.94,15.5,69.97,Otel,Strunjire,301,0,Niciunul
147,Placuta amovibila,WNMG080408,1736,594.15,0.46,6.7,83.91,4.7,95.8,85.8,Inox,Strunjire,213,1,Uzura excesiva
148,Placuta amovibila,WNMG080408,5474,1174.55,1.28,18.25,79.6,10.74,28.3,91.66,Aluminiu,Strunjire,385,1,Vibratii
149,Placuta amovibila,WNMG080408,2476,465.37,2.69,8.69,163.92,2.42,29.7,76.1,Aluminiu,Strunjire,138,1,Supraincalzire
150,Placuta amovibila,WNMG080408,4675,450.98,0.23,9.86,43.47,1.36,12.8,69.8,Otel,Strunjire,486,0,Niciunul
151,Placuta amovibila,WNMG080408,2186,297.6,0.44,9.33,49.32,1.84,7.8,68.51,Otel,Strunjire,462,0,Niciunul
152,Placuta amovibila,WNMG080408,2093,473.19,0.51,16.83,67.63,8.49,44.3,92.23,Inox,Strunjire,18,1,Vibratii
153,Placuta amovibila,WNMG080408,1551,229.16,2.3,9.11,94.73,4.15,67.8,81.08,Otel,Strunjire,29,1,Uzura excesiva
154,Placuta amovibila,WNMG080408,4270,577.94,2.09,7.22,44.99,0.53,10.4,65.88,Otel,Strunjire,126,0,Niciunul
155,Placuta amovibila,WNMG080408,3697,786.89,2.56,19.23,60.66,0.73,7.4,60.61,Aluminiu,Strunjire,337,0,Niciunul
156,Placuta amovibila,WNMG080408,2387,431.36,1.78,9.01,173.63,2.63,32.7,77.24,Aluminiu,Strunjire,181,1,Supraincalzire
157,Placuta amovibila,WNMG080408,3210,721.07,1.73,17.49,176.21,3.44,28.7,77.21,Aluminiu,Strunjire,473,1,Supraincalzire
158,Placuta amovibila,WNMG080408,3131,574.37,1.28,11.14,150.31,2.84,28.8,80.47,Inox,Strunjire,401,1,Supraincalzire
159,Placuta amovibila,WNMG080408,2763,975.89,0.64,15.56,43.47,0.68,13.3,72.49,Otel,Strunjire,498,0,Niciunul
160,Placuta amovibila,WNMG080408,3919,796.43,2.19,11.28,39.13,1.28,11.1,62.92,Aluminiu,Strunjire,53,0,Niciunul
161,Placuta amovibila,WNMG080408,4709,730.97,2.48,9.91,57.77,1.48,10.5,69.52,Aluminiu,Strunjire,366,0,Niciunul
162,Placuta amovibila,WNMG080408,2022,770.41,1.87,8.59,48.55,1.33,6.8,65.12,Inox,Strunjire,39,0,Niciunul
163,Placuta amovibila,WNMG080408,4103,947.71,0.32,16.42,77.73,3.08,66.7,84.97,Aluminiu,Strunjire,212,1,Uzura excesiva
164,Placuta amovibila,WNMG080408,2025,218.04,2.59,16.97,109.1,2.04,92.9,86.89,Aluminiu,Strunjire,270,1,Uzura excesiva
165,Placuta amovibila,WNMG080408,5520,1071.88,0.38,5.19,63.4,0.84,9.3,62.43,Inox,Strunjire,436,0,Niciunul
166,Placuta amovibila,WNMG080408,4921,665.09,0.58,18.57,106.87,3.79,83.7,70.16,Otel,Strunjire,291,1,Uzura excesiva
167,Placuta amovibila,WNMG080408,5739,690.54,1.76,15.91,51.11,1.95,6.4,73.14,Otel,Strunjire,115,0,Niciunul
168,Placuta amovibila,WNMG080408,5796,1166.97,2.04,17.07,71.89,8.42,30.4,93.89,Otel,Strunjire,418,1,Vibratii
169,Placuta amovibila,WNMG080408,4678,840.81,0.98,11.82,72.15,2.3,96.7,83.77,Inox,Strunjire,305,1,Uzura excesiva
170,Placuta amovibila,WNMG080408,3111,1187.77,0.27,19.79,65.65,0.53,6.8,72.52,Inox,Strunjire,179,0,Niciunul
171,Placuta amovibila,WNMG080408,2643,222.32,1.09,14.12,88.93,4.87,85.1,80.77,Otel,Strunjire,455,1,Uzura excesiva
172,Placuta amovibila,WNMG080408,4426,1034.39,2.71,8.47,109.02,3.58,81.1,78.67,Aluminiu,Strunjire,239,1,Uzura excesiva
173,Placuta amovibila,WNMG080408,2573,254.85,0.62,6.04,38.44,0.82,19.9,60.21,Aluminiu,Strunjire,281,0,Niciunul
174,Placuta amovibila,WNMG080408,4242,941.19,1.0,16.4,84.57,7.87,31.9,97.36,Aluminiu,Strunjire,257,1,Vibratii
175,Placuta amovibila,WNMG080408,5037,215.49,1.83,6.79,53.23,0.52,14.4,65.94,Otel,Strunjire,75,0,Niciunul
176,Placuta amovibila,WNMG080408,2689,579.72,1.5,10.46,46.13,0.95,4.0,66.84,Aluminiu,Strunjire,238,0,Niciunul
177,Placuta amovibila,WNMG080408,4253,300.99,2.71,5.94,50.32,2.0,13.0,62.17,Aluminiu,Strunjire,11,0,Niciunul
178,Placuta amovibila,WNMG080408,4343,972.7,0.88,7.74,82.02,11.72,29.9,85.25,Aluminiu,Strunjire,183,1,Vibratii
179,Placuta amovibila,WNMG080408,3075,866.92,2.4,16.96,108.52,3.9,99.5,87.83,Otel,Strunjire,245,1,Uzura excesiva
180,Placuta amovibila,WNMG080408,1539,464.75,1.55,11.34,76.61,13.64,25.2,85.48,Aluminiu,Strunjire,6,1,Vibratii
181,Placuta amovibila,WNMG080408,5762,617.68,2.03,11.24,71.31,4.02,69.1,78.83,Otel,Strunjire,193,1,Uzura excesiva
182,Placuta amovibila,WNMG080408,1646,1046.92,1.33,16.5,77.9,8.87,29.1,104.06,Inox,Strunjire,127,1,Vibratii
183,Placuta amovibila,WNMG080408,5325,795.92,0.11,15.93,54.26,1.01,3.3,74.14,Aluminiu,Strunjire,126,0,Niciunul
184,Placuta amovibila,WNMG080408,3460,950.59,0.45,18.92,105.34,4.72,83.3,75.44,Inox,Strunjire,346,1,Uzura excesiva
185,Placuta amovibila,WNMG080408,4666,389.71,1.07,13.3,45.4,0.52,19.4,66.83,Aluminiu,Strunjire,305,0,Niciunul
186,Placuta amovibila,WNMG080408,2524,532.09,0.54,12.67,43.11,0.99,7.4,72.13,Aluminiu,Strunjire,353,0,Niciunul
187,Placuta amovibila,WNMG080408,2645,567.53,1.1,6.8,39.05,0.86,14.7,61.54,Aluminiu,Strunjire,414,0,Niciunul
188,Placuta amovibila,WNMG080408,5856,1106.76,0.86,16.31,61.99,11.45,32.1,85.63,Otel,Strunjire,277,1,Vibratii
189,Placuta amovibila,WNMG080408,2213,489.23,1.51,15.95,51.05,1.36,19.8,64.73,Aluminiu,Strunjire,429,0,Niciunul
190,Placuta amovibila,WNMG080408,4360,1104.99,0.4,16.93,65.36,10.15,36.2,94.97,Otel,Strunjire,127,1,Vibratii
191,Placuta amovibila,WNMG080408,5175,351.9,2.01,7.19,83.01,9.01,20.7,102.71,Inox,Strunjire,18,1,Vibratii
192,Placuta amovibila,WNMG080408,2364,323.97,2.48,10.51,108.72,4.61,73.8,79.44,Aluminiu,Strunjire,123,1,Uzura excesiva
193,Placuta amovibila,WNMG080408,1793,241.83,1.18,19.3,51.25,1.37,9.7,60.4,Inox,Strunjire,110,0,Niciunul
194,Placuta amovibila,WNMG080408,4293,301.3,0.66,17.99,84.89,12.29,23.6,101.05,Inox,Strunjire,329,1,Vibratii
195,Placuta amovibila,WNMG080408,5562,1041.02,2.15,12.39,74.04,11.18,37.8,94.51,Inox,Strunjire,467,1,Vibratii
196,Placuta amovibila,WNMG080408,4185,675.07,1.83,15.07,37.49,1.82,14.9,65.97,Aluminiu,Strunjire,127,0,Niciunul
197,Placuta amovibila,WNMG080408,4067,242.27,2.08,16.8,61.73,1.29,7.1,63.2,Otel,Strunjire,442,0,Niciunul
198,Placuta amovibila,WNMG080408,5430,1050.96,2.69,19.81,63.27,7.53,49.6,88.32,Otel,Strunjire,160,1,Vibratii
199,Placuta amovibila,WNMG080408,4044,1126.0,2.67,18.34,170.91,3.3,25.1,80.74,Otel,Strunjire,245,1,Supraincalzire
200,Placuta amovibila,WNMG080408,3433,774.61,2.5,15.94,47.99,1.39,8.9,67.52,Inox,Strunjire,251,0,Niciunul
201,Placuta amovibila,WNMG080408,1871,981.6,2.78,13.16,87.61,2.91,71.9,87.78,Inox,Strunjire,429,1,Uzura excesiva
202,Placuta amovibila,WNMG080408,4925,830.68,1.48,9.01,53.18,0.53,14.3,68.44,Aluminiu,Strunjire,183,0,Niciunul
203,Placuta amovibila,WNMG080408,2106,1063.45,1.86,7.2,63.41,1.81,19.6,70.05,Inox,Strunjire,180,0,Niciunul
204,Placuta amovibila,WNMG080408,4398,343.93,2.02,11.66,57.28,1.63,16.9,69.39,Inox,Strunjire,471,0,Niciunul
205,Placuta amovibila,WNMG080408,3171,283.71,1.53,17.19,143.97,1.7,35.2,75.14,Inox,Strunjire,169,1,Supraincalzire
206,Placuta amovibila,WNMG080408,2825,1082.17,1.99,11.03,89.83,9.95,29.0,93.62,Otel,Strunjire,221,1,Vibratii
207,Placuta amovibila,WNMG080408,3207,850.63,2.97,8.32,56.84,1.46,3.0,72.69,Aluminiu,Strunjire,51,0,Niciunul
208,Placuta amovibila,WNMG080408,2792,756.69,0.69,18.81,155.74,2.87,21.6,83.29,Otel,Strunjire,271,1,Supraincalzire
209,Placuta amovibila,WNMG080408,5142,753.71,0.23,15.15,109.5,4.55,94.6,79.85,Inox,Strunjire,395,1,Uzura excesiva
210,Placuta amovibila,WNMG080408,4324,1113.03,1.67,14.99,50.19,1.37,16.2,74.81,Otel,Strunjire,289,0,Niciunul
211,Placuta amovibila,WNMG080408,2399,1074.36,2.05,18.55,80.44,2.85,94.2,79.17,Aluminiu,Strunjire,271,1,Uzura excesiva
212,Placuta amovibila,WNMG080408,3848,823.42,2.13,14.47,85.16,4.76,99.4,74.91,Otel,Strunjire,331,1,Uzura excesiva
213,Placuta amovibila,WNMG080408,5977,1124.23,1.82,17.34,141.13,2.2,39.8,83.54,Aluminiu,Strunjire,328,1,Supraincalzire
214,Placuta amovibila,WNMG080408,1847,887.45,0.78,19.17,41.07,0.77,18.0,60.16,Inox,Strunjire,319,0,Niciunul
215,Placuta amovibila,WNMG080408,2278,371.32,0.6,6.35,106.2,4.56,81.9,84.84,Inox,Strunjire,238,1,Uzura excesiva
216,Placuta amovibila,WNMG080408,3927,1058.22,2.82,12.45,46.35,1.7,1.0,71.11,Aluminiu,Strunjire,329,0,Niciunul
217,Placuta amovibila,WNMG080408,3459,807.48,0.35,13.61,154.06,3.82,23.7,80.84,Aluminiu,Strunjire,32,1,Supraincalzire
218,Placuta amovibila,WNMG080408,5924,253.13,1.98,15.85,78.49,11.93,22.3,101.94,Aluminiu,Strunjire,204,1,Vibratii
219,Placuta amovibila,WNMG080408,3737,837.88,2.57,17.3,67.95,11.7,37.3,85.1,Inox,Strunjire,408,1,Vibratii
220,Placuta amovibila,WNMG080408,2654,1162.62,2.08,16.44,59.46,1.96,4.5,61.56,Otel,Strunjire,287,0,Niciunul
221,Placuta amovibila,WNMG080408,1852,949.5,1.08,16.9,65.23,1.56,4.8,68.55,Otel,Strunjire,342,0,Niciunul
222,Placuta amovibila,WNMG080408,3887,707.34,1.3,10.81,89.38,13.47,21.1,103.99,Aluminiu,Strunjire,309,1,Vibratii
223,Placuta amovibila,WNMG080408,2159,1057.13,1.98,9.92,76.18,7.7,36.8,97.88,Inox,Strunjire,211,1,Vibratii
224,Placuta amovibila,WNMG080408,4667,463.25,1.83,18.28,69.23,11.89,31.1,98.11,Otel,Strunjire,276,1,Vibratii
225,Placuta amovibila,WNMG080408,5566,471.4,0.9,5.88,44.56,1.6,9.3,63.85,Otel,Strunjire,302,0,Niciunul
226,Placuta amovibila,WNMG080408,2226,223.04,1.3,11.6,53.71,1.13,0.5,65.71,Inox,Strunjire,175,0,Niciunul
227,Placuta amovibila,WNMG080408,4083,446.55,2.93,7.07,67.93,1.3,12.5,71.13,Inox,Strunjire,390,0,Niciunul
228,Placuta amovibila,WNMG080408,2390,202.95,2.33,5.18,82.34,4.42,69.2,86.78,Otel,Strunjire,408,1,Uzura excesiva
229,Placuta amovibila,WNMG080408,2399,1021.09,2.33,13.0,55.95,1.84,17.0,68.38,Inox,Strunjire,79,0,Niciunul
230,Placuta amovibila,WNMG080408,3829,452.83,0.19,19.71,65.91,1.54,19.7,66.48,Inox,Strunjire,79,0,Niciunul
231,Placuta amovibila,WNMG080408,2735,934.28,0.35,17.29,170.49,3.51,39.5,80.82,Aluminiu,Strunjire,252,1,Supraincalzire
232,Placuta amovibila,WNMG080408,2246,947.47,0.64,15.02,178.55,1.95,32.3,80.74,Otel,Strunjire,251,1,Supraincalzire
233,Placuta amovibila,WNMG080408,2086,783.5,1.96,7.23,49.38,1.62,1.6,74.9,Inox,Strunjire,311,0,Niciunul
234,Placuta amovibila,WNMG080408,2320,627.93,2.38,16.69,63.61,13.79,39.7,92.32,Inox,Strunjire,280,1,Vibratii
235,Placuta amovibila,WNMG080408,4650,1046.33,0.9,5.39,104.8,4.7,95.5,82.45,Aluminiu,Strunjire,244,1,Uzura excesiva
236,Placuta amovibila,WNMG080408,5862,884.2,0.81,18.66,55.32,0.94,16.2,67.38,Otel,Strunjire,44,0,Niciunul
237,Placuta amovibila,WNMG080408,4120,406.75,0.57,11.24,58.98,0.79,14.0,63.08,Inox,Strunjire,229,0,Niciunul
238,Placuta amovibila,WNMG080408,2838,542.21,0.5,7.33,147.7,2.5,30.2,77.23,Aluminiu,Strunjire,314,1,Supraincalzire
239,Placuta amovibila,WNMG080408,3287,709.2,0.67,14.34,124.43,2.23,35.3,82.05,Inox,Strunjire,106,1,Supraincalzire
240,Placuta amovibila,WNMG080408,4080,237.31,0.25,7.2,69.19,0.53,12.1,70.54,Aluminiu,Strunjire,298,0,Niciunul
241,Placuta amovibila,WNMG080408,2564,811.45,2.94,10.2,78.21,3.53,88.9,78.44,Otel,Strunjire,46,1,Uzura excesiva
242,Placuta amovibila,WNMG080408,3710,1054.35,1.09,6.86,46.75,0.57,15.4,71.56,Aluminiu,Strunjire,86,0,Niciunul
243,Placuta amovibila,WNMG080408,5699,566.24,0.59,13.58,43.03,1.99,7.8,64.17,Aluminiu,Strunjire,334,0,Niciunul
244,Placuta amovibila,WNMG080408,2515,640.29,2.26,13.49,57.21,1.16,1.7,72.7,Otel,Strunjire,428,0,Niciunul
245,Placuta amovibila,WNMG080408,3642,476.83,1.79,17.12,138.03,2.25,22.3,75.55,Inox,Strunjire,269,1,Supraincalzire
246,Placuta amovibila,WNMG080408,3156,1043.01,0.83,5.17,72.62,7.1,42.9,97.85,Aluminiu,Strunjire,183,1,Vibratii
247,Placuta amovibila,WNMG080408,3493,697.54,1.1,10.83,52.62,0.74,7.3,61.67,Aluminiu,Strunjire,150,0,Niciunul
248,Placuta amovibila,WNMG080408,5400,882.99,2.37,15.88,161.17,3.62,31.8,75.62,Aluminiu,Strunjire,158,1,Supraincalzire
249,Placuta amovibila,WNMG080408,1671,812.95,0.74,15.25,62.05,1.14,19.0,62.95,Otel,Strunjire,91,0,Niciunul
250,Placuta amovibila,WNMG080408,2719,1011.36,2.6,10.37,164.83,3.48,35.2,77.63,Otel,Strunjire,208,1,Supraincalzire
251,Placuta amovibila,WNMG080408,2699,396.07,2.22,14.1,83.75,2.04,100.0,82.59,Aluminiu,Strunjire,78,1,Uzura excesiva
252,Placuta amovibila,WNMG080408,2600,512.23,1.91,9.73,161.88,1.51,20.7,76.28,Inox,Strunjire,48,1,Supraincalzire
253,Placuta amovibila,WNMG080408,5092,278.63,0.9,19.59,74.31,4.76,97.3,72.34,Aluminiu,Strunjire,393,1,Uzura excesiva
254,Placuta amovibila,WNMG080408,3989,363.28,2.2,8.9,63.92,1.83,7.3,68.49,Inox,Strunjire,110,0,Niciunul
255,Placuta amovibila,WNMG080408,1742,516.33,0.42,7.18,158.96,3.23,38.7,81.93,Otel,Strunjire,414,1,Supraincalzire
256,Placuta amovibila,WNMG080408,2887,277.47,1.45,18.47,58.93,1.33,9.3,70.88,Inox,Strunjire,86,0,Niciunul
257,Placuta amovibila,WNMG080408,2271,738.62,0.86,14.72,88.73,10.52,42.4,101.0,Inox,Strunjire,17,1,Vibratii
258,Placuta amovibila,WNMG080408,3945,904.05,0.16,11.78,35.47,1.14,4.4,61.34,Aluminiu,Strunjire,441,0,Niciunul
259,Placuta amovibila,WNMG080408,2929,745.2,1.52,15.39,56.82,1.93,10.5,65.22,Otel,Strunjire,344,0,Niciunul
260,Placuta amovibila,WNMG080408,1641,248.84,1.62,8.06,168.14,2.04,27.8,79.9,Otel,Strunjire,196,1,Supraincalzire
261,Placuta amovibila,WNMG080408,2837,960.08,2.9,11.68,54.95,1.28,8.4,65.74,Aluminiu,Strunjire,444,0,Niciunul
262,Placuta amovibila,WNMG080408,2349,789.2,1.06,15.12,81.28,11.54,35.8,85.2,Inox,Strunjire,20,1,Vibratii
263,Placuta amovibila,WNMG080408,1979,721.61,2.28,17.25,83.81,3.07,90.2,89.19,Otel,Strunjire,410,1,Uzura excesiva
264,Placuta amovibila,WNMG080408,3387,1174.29,2.19,11.37,72.67,8.54,43.8,96.03,Aluminiu,Strunjire,103,1,Vibratii
265,Placuta amovibila,WNMG080408,3479,485.24,1.36,6.78,68.19,0.52,9.6,65.92,Aluminiu,Strunjire,142,0,Niciunul
266,Placuta amovibila,WNMG080408,2755,1102.68,1.05,7.26,89.59,13.13,43.4,104.8,Otel,Strunjire,15,1,Vibratii
267,Placuta amovibila,WNMG080408,3319,328.57,0.67,6.31,59.98,1.82,12.7,66.86,Aluminiu,Strunjire,359,0,Niciunul
268,Placuta amovibila,WNMG080408,5985,704.49,0.32,5.76,66.47,6.84,32.0,88.27,Aluminiu,Strunjire,427,1,Vibratii
269,Placuta amovibila,WNMG080408,5601,1017.2,1.49,8.59,48.54,0.7,9.4,72.26,Aluminiu,Strunjire,308,0,Niciunul
270,Placuta amovibila,WNMG080408,2291,784.01,0.46,11.56,62.53,8.88,38.5,99.11,Aluminiu,Strunjire,362,1,Vibratii
271,Placuta amovibila,WNMG080408,3511,712.19,0.24,7.6,66.86,1.38,3.6,72.12,Otel,Strunjire,11,0,Niciunul
272,Placuta amovibila,WNMG080408,5884,824.01,2.22,9.54,46.57,0.79,10.1,60.18,Otel,Strunjire,229,0,Niciunul
273,Placuta amovibila,WNMG080408,4727,454.32,1.44,14.66,61.68,1.13,4.0,64.25,Aluminiu,Strunjire,33,0,Niciunul
274,Placuta amovibila,WNMG080408,1747,1045.17,0.34,19.02,37.6,0.67,15.2,72.9,Aluminiu,Strunjire,211,0,Niciunul
275,Placuta amovibila,WNMG080408,3121,518.72,0.74,15.27,46.87,1.79,10.9,69.62,Aluminiu,Strunjire,181,0,Niciunul
276,Placuta amovibila,WNMG080408,2077,1106.27,2.91,16.05,142.79,1.8,31.8,81.92,Inox,Strunjire,376,1,Supraincalzire
277,Placuta amovibila,WNMG080408,2065,947.3,1.23,5.16,129.49,3.42,33.0,75.24,Otel,Strunjire,54,1,Supraincalzire
278,Placuta amovibila,WNMG080408,1967,1191.25,0.48,17.17,103.99,3.16,98.6,84.47,Otel,Strunjire,450,1,Uzura excesiva
279,Placuta amovibila,WNMG080408,3464,218.9,1.1,10.07,46.68,1.67,3.9,69.25,Otel,Strunjire,17,0,Niciunul
280,Placuta amovibila,WNMG080408,5704,213.73,1.43,12.81,43.91,1.57,8.3,72.82,Otel,Strunjire,429,0,Niciunul
281,Placuta amovibila,WNMG080408,5161,764.74,2.75,11.99,106.74,4.55,99.6,89.99,Aluminiu,Strunjire,192,1,Uzura excesiva
282,Placuta amovibila,WNMG080408,2417,501.84,1.29,7.76,96.67,4.33,76.8,86.48,Inox,Strunjire,250,1,Uzura excesiva
283,Placuta amovibila,WNMG080408,4839,720.99,1.85,13.47,46.4,0.78,13.5,70.72,Aluminiu,Strunjire,286,0,Niciunul
284,Placuta amovibila,WNMG080408,3940,906.19,1.53,14.03,71.6,11.4,30.8,96.02,Inox,Strunjire,350,1,Vibratii
285,Placuta amovibila,WNMG080408,1619,705.12,2.0,14.17,53.63,0.97,3.3,73.85,Aluminiu,Strunjire,15,0,Niciunul
286,Placuta amovibila,WNMG080408,1599,869.29,0.34,15.21,101.08,3.58,97.7,73.64,Otel,Strunjire,121,1,Uzura excesiva
287,Placuta amovibila,WNMG080408,3634,491.96,2.94,10.03,57.66,1.7,10.9,74.77,Aluminiu,Strunjire,54,0,Niciunul
288,Placuta amovibila,WNMG080408,3189,934.86,2.49,7.25,45.67,1.4,0.1,63.07,Inox,Strunjire,169,0,Niciunul
289,Placuta amovibila,WNMG080408,5334,746.17,0.3,7.14,101.48,3.23,69.7,74.99,Aluminiu,Strunjire,446,1,Uzura excesiva
290,Placuta amovibila,WNMG080408,4745,258.86,0.22,8.57,47.27,1.85,19.6,61.61,Aluminiu,Strunjire,362,0,Niciunul
291,Placuta amovibila,WNMG080408,3223,1010.28,1.26,18.17,65.85,7.91,30.8,99.78,Otel,Strunjire,274,1,Vibratii
292,Placuta amovibila,WNMG080408,4804,290.75,2.01,12.13,171.05,1.67,32.5,78.61,Otel,Strunjire,97,1,Supraincalzire
293,Placuta amovibila,WNMG080408,1943,500.26,1.01,12.0,52.22,1.72,3.5,70.92,Otel,Strunjire,147,0,Niciunul
294,Placuta amovibila,WNMG080408,2172,1174.71,2.96,16.06,41.56,1.85,14.4,62.02,Inox,Strunjire,52,0,Niciunul
295,Placuta amovibila,WNMG080408,4571,742.9,1.46,12.01,43.12,1.77,14.4,65.51,Aluminiu,Strunjire,385,0,Niciunul
296,Placuta amovibila,WNMG080408,3207,1165.68,0.27,8.0,67.57,0.76,7.9,74.88,Aluminiu,Strunjire,331,0,Niciunul
297,Placuta amovibila,WNMG080408,1977,501.83,1.29,19.49,65.73,1.61,3.9,71.01,Inox,Strunjire,341,0,Niciunul
298,Placuta amovibila,WNMG080408,2358,779.75,1.42,11.33,76.77,2.95,90.9,70.58,Inox,Strunjire,175,1,Uzura excesiva
299,Placuta amovibila,WNMG080408,4041,799.14,2.15,7.97,58.84,0.65,6.9,70.15,Inox,Strunjire,266,0,Niciunul
300,Placuta amovibila,WNMG080408,3595,1049.5,0.32,13.42,44.9,1.38,12.5,60.36,Aluminiu,Strunjire,72,0,Niciunul
301,Placuta amovibila,WNMG080408,3603,809.66,2.84,9.07,46.12,1.34,5.0,73.74,Otel,Strunjire,361,0,Niciunul
302,Placuta amovibila,WNMG080408,4380,903.76,1.59,8.97,43.25,0.55,16.9,74.69,Inox,Strunjire,141,0,Niciunul
303,Placuta amovibila,WNMG080408,1870,466.01,1.09,18.61,120.85,1.64,32.2,76.44,Otel,Strunjire,443,1,Supraincalzire
304,Placuta amovibila,WNMG080408,1746,790.82,0.6,8.17,79.83,7.98,41.2,94.53,Inox,Strunjire,217,1,Vibratii
305,Placuta amovibila,WNMG080408,3648,276.57,0.81,11.65,79.9,4.83,72.2,86.03,Aluminiu,Strunjire,193,1,Uzura excesiva
306,Placuta amovibila,WNMG080408,5790,771.98,0.99,9.63,68.84,0.9,7.7,63.62,Inox,Strunjire,400,0,Niciunul
307,Placuta amovibila,WNMG080408,5549,415.53,2.51,19.55,165.11,2.12,36.7,81.93,Inox,Strunjire,419,1,Supraincalzire
308,Placuta amovibila,WNMG080408,2054,302.68,0.33,9.31,78.56,2.25,85.2,76.08,Otel,Strunjire,188,1,Uzura excesiva
309,Placuta amovibila,WNMG080408,4175,715.63,2.15,19.46,135.06,2.13,21.3,83.26,Otel,Strunjire,76,1,Supraincalzire
310,Placuta amovibila,WNMG080408,4643,326.24,2.69,11.8,74.51,2.63,69.4,80.83,Aluminiu,Strunjire,242,1,Uzura excesiva
311,Placuta amovibila,WNMG080408,5057,818.73,0.33,6.83,62.84,1.97,7.5,71.51,Inox,Strunjire,396,0,Niciunul
312,Placuta amovibila,WNMG080408,5703,1112.78,0.91,18.3,71.22,6.19,29.8,96.61,Otel,Strunjire,446,1,Vibratii
313,Placuta amovibila,WNMG080408,4646,831.01,1.66,11.03,71.74,3.97,63.8,76.35,Aluminiu,Strunjire,394,1,Uzura excesiva
314,Placuta amovibila,WNMG080408,4086,262.71,0.37,17.67,70.47,4.28,91.6,83.42,Aluminiu,Strunjire,404,1,Uzura excesiva
315,Placuta amovibila,WNMG080408,5894,1171.69,0.41,19.07,134.28,1.73,37.0,79.6,Otel,Strunjire,341,1,Supraincalzire
316,Placuta amovibila,WNMG080408,2609,641.38,1.65,13.16,153.49,3.43,32.5,81.16,Otel,Strunjire,228,1,Supraincalzire
317,Placuta amovibila,WNMG080408,5063,200.0,2.43,11.22,60.69,1.5,17.9,65.98,Inox,Strunjire,425,0,Niciunul
318,Placuta amovibila,WNMG080408,5644,1141.11,0.54,7.03,103.07,2.83,92.1,79.61,Otel,Strunjire,133,1,Uzura excesiva
319,Placuta amovibila,WNMG080408,5627,277.31,2.44,9.48,56.53,1.84,18.4,63.13,Otel,Strunjire,167,0,Niciunul
320,Placuta amovibila,WNMG080408,1710,626.18,0.57,6.33,68.03,1.32,0.0,67.99,Aluminiu,Strunjire,218,0,Niciunul
321,Placuta amovibila,WNMG080408,1710,292.26,2.59,8.59,40.89,0.71,1.2,66.29,Inox,Strunjire,483,0,Niciunul
322,Placuta amovibila,WNMG080408,3687,852.86,2.46,6.16,56.46,0.76,10.0,73.16,Inox,Strunjire,335,0,Niciunul
323,Placuta amovibila,WNMG080408,5455,361.82,0.77,16.29,40.18,1.35,18.2,64.7,Otel,Strunjire,315,0,Niciunul
324,Placuta amovibila,WNMG080408,4614,249.74,0.2,13.57,37.91,0.67,0.7,71.08,Aluminiu,Strunjire,495,0,Niciunul
325,Placuta amovibila,WNMG080408,2418,475.14,1.15,17.46,45.66,2.0,3.4,62.53,Aluminiu,Strunjire,50,0,Niciunul
326,Placuta amovibila,WNMG080408,5511,960.52,2.91,10.83,80.85,2.35,73.5,86.03,Inox,Strunjire,250,1,Uzura excesiva
327,Placuta amovibila,WNMG080408,5192,488.63,2.13,16.53,43.16,1.07,13.2,72.59,Otel,Strunjire,23,0,Niciunul
328,Placuta amovibila,WNMG080408,1544,255.57,2.41,10.64,68.3,0.58,0.6,73.46,Otel,Strunjire,468,0,Niciunul
329,Placuta amovibila,WNMG080408,3890,760.06,1.13,16.42,55.37,1.95,7.8,67.94,Otel,Strunjire,474,0,Niciunul
330,Placuta amovibila,WNMG080408,1876,626.75,1.68,16.86,82.23,6.55,20.4,89.41,Inox,Strunjire,101,1,Vibratii
331,Placuta amovibila,WNMG080408,4428,936.47,1.73,15.09,65.06,1.26,14.6,62.39,Otel,Strunjire,172,0,Niciunul
332,Placuta amovibila,WNMG080408,3357,845.07,2.03,6.0,53.28,0.88,19.9,63.43,Inox,Strunjire,52,0,Niciunul
333,Placuta amovibila,WNMG080408,3621,204.87,2.59,8.05,50.46,1.15,4.1,72.79,Inox,Strunjire,92,0,Niciunul
334,Placuta amovibila,WNMG080408,5233,864.58,0.55,12.75,39.93,1.45,17.2,62.6,Inox,Strunjire,80,0,Niciunul
335,Placuta amovibila,WNMG080408,1854,769.07,0.6,16.05,49.3,0.91,9.6,70.02,Otel,Strunjire,365,0,Niciunul
336,Placuta amovibila,WNMG080408,4541,1196.95,1.46,17.34,46.35,0.97,1.5,61.66,Otel,Strunjire,64,0,Niciunul
337,Placuta amovibila,WNMG080408,3971,817.62,1.27,6.61,61.38,1.84,16.0,72.93,Inox,Strunjire,2,0,Niciunul
338,Placuta amovibila,WNMG080408,2837,912.11,2.65,6.71,97.1,3.96,72.5,70.22,Inox,Strunjire,85,1,Uzura excesiva
339,Placuta amovibila,WNMG080408,2024,554.64,2.67,12.41,77.95,2.37,91.0,86.3,Aluminiu,Strunjire,192,1,Uzura excesiva
340,Placuta amovibila,WNMG080408,2891,417.77,0.12,15.39,49.9,1.05,14.0,61.76,Aluminiu,Strunjire,259,0,Niciunul
341,Placuta amovibila,WNMG080408,2574,726.7,0.86,6.23,88.43,4.55,85.7,71.81,Inox,Strunjire,179,1,Uzura excesiva
342,Placuta amovibila,WNMG080408,2580,595.15,0.47,7.28,47.38,1.39,10.6,74.06,Otel,Strunjire,286,0,Niciunul
343,Placuta amovibila,WNMG080408,2352,1154.19,1.74,12.2,61.29,8.74,20.7,98.72,Inox,Strunjire,377,1,Vibratii
344,Placuta amovibila,WNMG080408,2877,698.57,1.43,7.96,179.33,2.37,24.7,79.56,Otel,Strunjire,390,1,Supraincalzire
345,Placuta amovibila,WNMG080408,4557,392.2,2.04,6.3,47.52,1.74,7.5,71.06,Aluminiu,Strunjire,347,0,Niciunul
346,Placuta amovibila,WNMG080408,3946,531.37,2.53,8.77,86.24,6.53,36.6,99.72,Inox,Strunjire,69,1,Vibratii
347,Placuta amovibila,WNMG080408,1898,1151.41,1.9,11.26,161.73,2.05,31.3,83.45,Aluminiu,Strunjire,166,1,Supraincalzire
348,Placuta amovibila,WNMG080408,2278,233.76,0.22,16.85,47.54,0.56,3.0,70.68,Otel,Strunjire,429,0,Niciunul
349,Placuta amovibila,WNMG080408,5936,287.52,0.19,5.37,56.39,1.76,3.2,63.99,Otel,Strunjire,395,0,Niciunul
350,Placuta amovibila,WNMG080408,3751,236.77,2.22,15.23,105.79,3.88,73.7,70.11,Inox,Strunjire,370,1,Uzura excesiva
351,Placuta amovibila,WNMG080408,3349,809.61,2.34,7.96,70.87,6.97,22.1,90.9,Inox,Strunjire,19,1,Vibratii
352,Placuta amovibila,WNMG080408,2754,476.4,0.64,7.95,75.92,12.93,47.4,95.93,Aluminiu,Strunjire,160,1,Vibratii
353,Placuta amovibila,WNMG080408,2700,920.11,0.57,6.28,52.24,0.55,2.5,65.25,Inox,Strunjire,97,0,Niciunul
354,Placuta amovibila,WNMG080408,3104,1079.04,1.69,16.38,96.52,4.8,96.0,75.66,Inox,Strunjire,466,1,Uzura excesiva
355,Placuta amovibila,WNMG080408,2928,917.19,0.71,6.98,149.04,2.81,24.1,81.62,Otel,Strunjire,394,1,Supraincalzire
356,Placuta amovibila,WNMG080408,3264,771.63,0.64,9.82,89.21,7.12,20.1,103.07,Otel,Strunjire,47,1,Vibratii
357,Placuta amovibila,WNMG080408,1773,910.12,2.74,14.54,59.48,0.77,18.9,70.88,Inox,Strunjire,356,0,Niciunul
358,Placuta amovibila,WNMG080408,3844,1097.11,1.09,14.72,64.65,1.33,8.6,74.16,Inox,Strunjire,344,0,Niciunul
359,Placuta amovibila,WNMG080408,4447,405.4,1.2,13.71,161.4,2.58,31.0,76.95,Inox,Strunjire,210,1,Supraincalzire
360,Placuta amovibila,WNMG080408,1806,493.36,0.44,5.71,82.16,8.77,22.2,97.27,Inox,Strunjire,297,1,Vibratii
361,Placuta amovibila,WNMG080408,2459,1092.51,2.6,12.2,61.96,1.56,6.6,72.93,Inox,Strunjire,131,0,Niciunul
362,Placuta amovibila,WNMG080408,4662,1154.53,1.25,12.0,49.99,1.08,9.7,62.95,Otel,Strunjire,233,0,Niciunul
363,Placuta amovibila,WNMG080408,3732,998.81,1.41,19.29,84.82,10.28,27.1,90.97,Otel,Strunjire,101,1,Vibratii
364,Placuta amovibila,WNMG080408,2676,238.11,0.53,19.14,79.87,13.82,40.6,94.61,Otel,Strunjire,272,1,Vibratii
365,Placuta amovibila,WNMG080408,2531,854.45,0.65,5.21,93.13,4.29,61.8,78.36,Inox,Strunjire,138,1,Uzura excesiva
366,Placuta amovibila,WNMG080408,1639,567.27,2.7,11.28,63.93,0.67,0.2,60.57,Otel,Strunjire,244,0,Niciunul
367,Placuta amovibila,WNMG080408,4881,1131.04,0.78,9.1,174.32,1.66,25.1,81.51,Otel,Strunjire,258,1,Supraincalzire
368,Placuta amovibila,WNMG080408,1941,928.97,0.77,14.79,60.4,1.53,6.0,62.76,Aluminiu,Strunjire,191,0,Niciunul
369,Placuta amovibila,WNMG080408,1669,817.06,2.32,12.34,151.1,2.84,25.2,77.49,Aluminiu,Strunjire,53,1,Supraincalzire
370,Placuta amovibila,WNMG080408,1881,555.13,0.9,17.47,58.86,1.85,17.6,62.83,Inox,Strunjire,93,0,Niciunul
371,Placuta amovibila,WNMG080408,2250,752.52,1.02,12.42,58.78,1.38,5.5,69.92,Inox,Strunjire,442,0,Niciunul
372,Placuta amovibila,WNMG080408,2919,545.84,0.4,10.49,61.87,1.42,13.5,69.34,Otel,Strunjire,17,0,Niciunul
373,Placuta amovibila,WNMG080408,2528,870.1,1.16,10.5,75.47,13.46,23.2,91.89,Aluminiu,Strunjire,385,1,Vibratii
374,Placuta amovibila,WNMG080408,4991,965.87,0.12,12.13,103.19,4.19,95.0,71.35,Aluminiu,Strunjire,470,1,Uzura excesiva
375,Placuta amovibila,WNMG080408,1566,768.57,2.02,18.4,49.52,0.56,12.2,65.59,Aluminiu,Strunjire,381,0,Niciunul
376,Placuta amovibila,WNMG080408,3569,632.73,2.41,15.87,69.8,1.53,16.4,73.68,Otel,Strunjire,435,0,Niciunul
377,Placuta amovibila,WNMG080408,4653,1118.73,0.2,8.36,41.31,0.98,18.9,72.09,Aluminiu,Strunjire,131,0,Niciunul
378,Placuta amovibila,WNMG080408,2060,989.87,0.32,16.77,89.35,2.56,93.8,87.28,Aluminiu,Strunjire,6,1,Uzura excesiva
379,Placuta amovibila,WNMG080408,3532,933.89,2.5,14.83,59.34,0.93,12.8,73.76,Aluminiu,Strunjire,281,0,Niciunul
380,Placuta amovibila,WNMG080408,2904,481.11,0.9,8.91,58.45,1.01,2.9,65.29,Inox,Strunjire,303,0,Niciunul
381,Placuta amovibila,WNMG080408,2312,865.53,1.19,6.34,132.42,2.03,23.7,80.54,Otel,Strunjire,428,1,Supraincalzire
382,Placuta amovibila,WNMG080408,5780,1028.99,2.14,7.69,66.45,1.0,18.3,62.55,Otel,Strunjire,247,0,Niciunul
383,Placuta amovibila,WNMG080408,3613,721.0,2.04,12.84,62.08,0.63,7.0,60.31,Aluminiu,Strunjire,451,0,Niciunul
384,Placuta amovibila,WNMG080408,5914,454.09,1.99,17.5,42.66,0.62,17.5,70.7,Inox,Strunjire,68,0,Niciunul
385,Placuta amovibila,WNMG080408,2336,372.25,2.53,17.01,68.25,0.85,11.3,65.62,Inox,Strunjire,244,0,Niciunul
386,Placuta amovibila,WNMG080408,4657,354.39,1.64,11.2,40.01,1.26,5.6,65.89,Otel,Strunjire,169,0,Niciunul
387,Placuta amovibila,WNMG080408,1514,666.12,0.28,10.55,70.2,2.36,70.4,81.36,Inox,Strunjire,210,1,Uzura excesiva
388,Placuta amovibila,WNMG080408,2703,1167.84,1.16,10.5,62.75,1.01,16.1,65.95,Inox,Strunjire,147,0,Niciunul
389,Placuta amovibila,WNMG080408,5583,325.37,2.76,7.38,165.88,3.63,39.0,81.19,Aluminiu,Strunjire,169,1,Supraincalzire
390,Placuta amovibila,WNMG080408,5057,1133.86,2.65,17.88,82.38,2.8,89.8,81.7,Otel,Strunjire,411,1,Uzura excesiva
391,Placuta amovibila,WNMG080408,2406,298.58,1.42,15.47,89.44,3.75,64.9,85.15,Inox,Strunjire,103,1,Uzura excesiva
392,Placuta amovibila,WNMG080408,4702,831.6,1.94,7.41,41.75,1.52,19.3,62.06,Aluminiu,Strunjire,165,0,Niciunul
393,Placuta amovibila,WNMG080408,3257,1169.32,0.16,14.04,55.95,0.83,13.1,67.29,Inox,Strunjire,212,0,Niciunul
394,Placuta amovibila,WNMG080408,2599,883.74,2.93,10.76,51.73,1.89,10.0,61.53,Otel,Strunjire,355,0,Niciunul
395,Placuta amovibila,WNMG080408,4555,958.09,0.97,19.1,64.87,0.66,8.7,64.97,Inox,Strunjire,289,0,Niciunul
396,Placuta amovibila,WNMG080408,3366,571.6,2.32,13.75,51.99,1.23,12.4,66.73,Otel,Strunjire,478,0,Niciunul
397,Placuta amovibila,WNMG080408,5630,520.13,2.56,14.64,140.11,2.02,36.4,76.5,Otel,Strunjire,468,1,Supraincalzire
398,Placuta amovibila,WNMG080408,2004,563.97,1.79,6.6,36.4,0.61,5.2,68.48,Aluminiu,Strunjire,199,0,Niciunul
399,Placuta amovibila,WNMG080408,2098,887.35,1.3,5.45,128.69,3.65,38.0,75.51,Inox,Strunjire,276,1,Supraincalzire
400,Placuta amovibila,WNMG080408,3253,242.64,2.88,17.91,68.48,0.51,18.7,64.65,Otel,Strunjire,327,0,Niciunul
401,Placuta amovibila,WNMG080408,2547,360.14,1.01,13.03,63.45,8.17,32.2,97.43,Aluminiu,Strunjire,486,1,Vibratii
402,Placuta amovibila,WNMG080408,4344,763.63,1.25,9.86,52.68,1.08,18.9,60.07,Otel,Strunjire,2,0,Niciunul
403,Placuta amovibila,WNMG080408,4722,847.39,2.97,7.03,88.51,11.34,47.2,104.09,Inox,Strunjire,116,1,Vibratii
404,Placuta amovibila,WNMG080408,4413,1020.85,1.13,14.57,154.18,3.02,39.6,77.52,Otel,Strunjire,69,1,Supraincalzire
405,Placuta amovibila,WNMG080408,5096,322.6,1.54,12.08,66.69,1.85,5.8,71.03,Inox,Strunjire,411,0,Niciunul
406,Placuta amovibila,WNMG080408,3064,1044.9,0.71,18.37,78.34,10.73,35.5,102.69,Inox,Strunjire,194,1,Vibratii
407,Placuta amovibila,WNMG080408,3095,270.77,2.32,7.94,166.09,3.88,26.5,77.35,Aluminiu,Strunjire,189,1,Supraincalzire
408,Placuta amovibila,WNMG080408,3271,325.86,1.46,10.13,49.21,1.68,10.0,74.69,Aluminiu,Strunjire,379,0,Niciunul
409,Placuta amovibila,WNMG080408,5162,516.56,1.77,9.93,65.22,0.69,4.8,63.77,Inox,Strunjire,271,0,Niciunul
410,Placuta amovibila,WNMG080408,3407,278.09,1.65,14.05,86.36,10.39,42.2,87.33,Otel,Strunjire,233,1,Vibratii
411,Placuta amovibila,WNMG080408,4488,538.48,1.13,13.72,72.29,8.74,25.1,92.67,Aluminiu,Strunjire,153,1,Vibratii
412,Placuta amovibila,WNMG080408,3916,959.32,2.86,15.94,179.83,2.94,25.7,83.81,Otel,Strunjire,445,1,Supraincalzire
413,Placuta amovibila,WNMG080408,5193,607.91,1.29,10.66,56.64,0.7,16.0,63.77,Otel,Strunjire,83,0,Niciunul
414,Placuta amovibila,WNMG080408,4163,531.13,1.58,8.55,56.68,1.02,2.2,66.84,Aluminiu,Strunjire,69,0,Niciunul
415,Placuta amovibila,WNMG080408,3234,1036.62,1.91,14.05,134.32,2.68,26.0,82.51,Aluminiu,Strunjire,232,1,Supraincalzire
416,Placuta amovibila,WNMG080408,5661,639.4,0.78,17.3,63.35,7.83,43.9,102.86,Aluminiu,Strunjire,360,1,Vibratii
417,Placuta amovibila,WNMG080408,4826,480.36,2.25,10.04,50.91,1.82,3.1,72.0,Otel,Strunjire,476,0,Niciunul
418,Placuta amovibila,WNMG080408,2675,706.71,2.97,17.98,134.18,1.56,23.8,80.93,Otel,Strunjire,374,1,Supraincalzire
419,Placuta amovibila,WNMG080408,5176,1000.93,1.08,17.8,45.24,0.9,1.5,72.72,Aluminiu,Strunjire,439,0,Niciunul
420,Placuta amovibila,WNMG080408,4412,734.55,0.63,7.86,123.25,2.99,29.4,76.29,Inox,Strunjire,230,1,Supraincalzire
421,Placuta amovibila,WNMG080408,4228,293.29,0.21,9.88,67.89,0.64,7.7,73.38,Otel,Strunjire,63,0,Niciunul
422,Placuta amovibila,WNMG080408,3871,1069.23,2.61,11.3,58.59,1.01,5.4,72.6,Aluminiu,Strunjire,59,0,Niciunul
423,Placuta amovibila,WNMG080408,2801,717.52,0.57,7.13,64.77,1.77,12.7,62.58,Aluminiu,Strunjire,251,0,Niciunul
424,Placuta amovibila,WNMG080408,5241,716.47,0.89,11.48,144.63,3.4,27.7,79.9,Otel,Strunjire,478,1,Supraincalzire
425,Placuta amovibila,WNMG080408,4153,422.84,0.97,7.84,89.39,11.33,25.1,102.82,Aluminiu,Strunjire,101,1,Vibratii
426,Placuta amovibila,WNMG080408,1656,1038.56,2.28,6.72,60.64,0.79,16.9,69.4,Inox,Strunjire,499,0,Niciunul
427,Placuta amovibila,WNMG080408,4141,1089.57,1.19,9.71,70.3,6.67,46.9,101.83,Otel,Strunjire,164,1,Vibratii
428,Placuta amovibila,WNMG080408,2835,694.94,0.52,19.71,123.29,2.27,34.0,76.28,Inox,Strunjire,254,1,Supraincalzire
429,Placuta amovibila,WNMG080408,4277,1082.62,2.82,19.97,63.66,9.03,44.8,97.19,Inox,Strunjire,58,1,Vibratii
430,Placuta amovibila,WNMG080408,2713,1040.02,0.64,13.93,53.05,1.37,11.4,67.05,Aluminiu,Strunjire,382,0,Niciunul
431,Placuta amovibila,WNMG080408,2278,363.75,0.49,16.2,42.58,1.38,17.2,65.2,Inox,Strunjire,339,0,Niciunul
432,Placuta amovibila,WNMG080408,1902,810.14,0.42,9.68,101.77,3.28,88.6,71.7,Otel,Strunjire,200,1,Uzura excesiva
433,Placuta amovibila,WNMG080408,2719,602.06,1.6,18.26,54.13,1.78,16.4,65.5,Otel,Strunjire,54,0,Niciunul
434,Placuta amovibila,WNMG080408,5069,332.19,2.81,18.33,55.65,1.19,19.2,66.67,Otel,Strunjire,141,0,Niciunul
435,Placuta amovibila,WNMG080408,3159,681.32,2.9,17.43,52.45,0.61,3.2,63.89,Otel,Strunjire,326,0,Niciunul
436,Placuta amovibila,WNMG080408,4413,1129.7,2.25,13.36,72.69,3.0,87.4,77.86,Aluminiu,Strunjire,170,1,Uzura excesiva
437,Placuta amovibila,WNMG080408,3434,648.1,2.95,5.51,69.54,0.55,6.6,71.0,Aluminiu,Strunjire,190,0,Niciunul
438,Placuta amovibila,WNMG080408,3271,985.67,1.49,17.47,66.31,7.35,34.6,95.58,Otel,Strunjire,222,1,Vibratii
439,Placuta amovibila,WNMG080408,2711,266.89,0.36,11.71,157.69,3.7,26.9,79.96,Inox,Strunjire,477,1,Supraincalzire
440,Placuta amovibila,WNMG080408,4936,812.95,1.2,12.55,70.0,11.9,32.9,99.49,Otel,Strunjire,286,1,Vibratii
441,Placuta amovibila,WNMG080408,5582,449.7,1.16,16.37,106.67,4.1,66.5,82.8,Inox,Strunjire,72,1,Uzura excesiva
442,Placuta amovibila,WNMG080408,5673,921.8,1.51,7.34,83.72,3.39,86.8,77.43,Aluminiu,Strunjire,105,1,Uzura excesiva
443,Placuta amovibila,WNMG080408,4974,643.52,1.11,13.59,85.01,3.94,62.8,89.73,Otel,Strunjire,226,1,Uzura excesiva
444,Placuta amovibila,WNMG080408,2623,424.01,2.88,9.04,42.63,1.47,17.9,71.76,Inox,Strunjire,328,0,Niciunul
445,Placuta amovibila,WNMG080408,2665,1137.45,2.4,15.21,124.09,2.48,27.8,79.55,Inox,Strunjire,163,1,Supraincalzire
446,Placuta amovibila,WNMG080408,4881,501.65,1.22,6.54,133.33,1.58,38.5,75.88,Otel,Strunjire,297,1,Supraincalzire
447,Placuta amovibila,WNMG080408,2686,1120.76,1.68,6.6,80.44,9.48,23.7,85.51,Aluminiu,Strunjire,133,1,Vibratii
448,Placuta amovibila,WNMG080408,5978,1148.23,1.62,13.21,83.54,6.21,21.9,101.4,Aluminiu,Strunjire,407,1,Vibratii
449,Placuta amovibila,WNMG080408,4125,1125.19,2.67,9.35,79.25,7.98,46.9,88.79,Inox,Strunjire,462,1,Vibratii
450,Placuta amovibila,WNMG080408,4494,714.53,1.82,11.81,45.9,1.3,19.4,68.15,Inox,Strunjire,414,0,Niciunul
451,Placuta amovibila,WNMG080408,5798,857.44,1.44,5.84,157.34,3.84,29.8,77.23,Otel,Strunjire,487,1,Supraincalzire
452,Placuta amovibila,WNMG080408,4289,548.32,0.44,15.6,35.73,0.81,9.6,69.61,Inox,Strunjire,469,0,Niciunul
453,Placuta amovibila,WNMG080408,4951,756.45,1.58,16.58,57.96,1.71,2.1,68.97,Aluminiu,Strunjire,188,0,Niciunul
454,Placuta amovibila,WNMG080408,3777,361.71,2.65,12.82,84.71,2.56,71.1,74.8,Aluminiu,Strunjire,335,1,Uzura excesiva
455,Placuta amovibila,WNMG080408,2568,446.79,2.25,9.38,42.63,1.72,11.6,73.75,Aluminiu,Strunjire,428,0,Niciunul
456,Placuta amovibila,WNMG080408,5417,684.09,0.57,16.14,45.73,1.59,10.0,65.99,Inox,Strunjire,146,0,Niciunul
457,Placuta amovibila,WNMG080408,4518,539.44,2.33,12.27,84.79,2.56,63.6,74.45,Inox,Strunjire,364,1,Uzura excesiva
458,Placuta amovibila,WNMG080408,5437,534.4,1.7,18.09,82.2,4.26,80.8,84.02,Inox,Strunjire,132,1,Uzura excesiva
459,Placuta amovibila,WNMG080408,2247,265.32,2.82,12.22,73.29,10.97,27.6,89.89,Aluminiu,Strunjire,322,1,Vibratii
460,Placuta amovibila,WNMG080408,5537,885.25,1.25,6.86,121.43,3.81,39.5,82.7,Otel,Strunjire,77,1,Supraincalzire
461,Placuta amovibila,WNMG080408,3286,878.89,1.64,16.09,70.06,4.38,69.5,83.58,Aluminiu,Strunjire,136,1,Uzura excesiva
462,Placuta amovibila,WNMG080408,2585,570.77,2.85,14.25,178.25,2.12,23.1,79.74,Inox,Strunjire,263,1,Supraincalzire
463,Placuta amovibila,WNMG080408,5247,294.36,2.78,16.83,37.36,1.73,19.9,60.82,Inox,Strunjire,425,0,Niciunul
464,Placuta amovibila,WNMG080408,2191,943.18,0.94,19.8,49.55,1.23,2.3,68.63,Inox,Strunjire,198,0,Niciunul
465,Placuta amovibila,WNMG080408,3652,1040.02,0.28,11.62,121.76,3.47,34.5,77.25,Otel,Strunjire,71,1,Supraincalzire
466,Placuta amovibila,WNMG080408,3156,329.19,0.6,15.6,105.19,2.26,82.4,76.11,Inox,Strunjire,430,1,Uzura excesiva
467,Placuta amovibila,WNMG080408,1967,958.23,1.73,8.01,37.06,1.72,5.7,60.05,Aluminiu,Strunjire,461,0,Niciunul
468,Placuta amovibila,WNMG080408,4655,837.0,1.31,9.92,82.84,8.73,34.6,86.92,Aluminiu,Strunjire,463,1,Vibratii
469,Placuta amovibila,WNMG080408,2202,235.14,2.13,11.33,57.37,1.03,10.8,71.2,Otel,Strunjire,453,0,Niciunul
470,Placuta amovibila,WNMG080408,3960,1088.13,0.41,7.76,61.68,1.18,10.4,64.95,Aluminiu,Strunjire,138,0,Niciunul
471,Placuta amovibila,WNMG080408,2984,837.39,1.23,6.16,61.29,1.23,17.8,73.21,Otel,Strunjire,247,0,Niciunul
472,Placuta amovibila,WNMG080408,5057,444.78,2.88,17.63,55.6,1.58,12.1,66.24,Otel,Strunjire,180,0,Niciunul
473,Placuta amovibila,WNMG080408,4933,790.01,1.84,6.79,42.89,0.95,9.9,70.42,Otel,Strunjire,31,0,Niciunul
474,Placuta amovibila,WNMG080408,1621,563.8,0.96,17.68,49.09,1.89,12.9,61.2,Inox,Strunjire,353,0,Niciunul
475,Placuta amovibila,WNMG080408,4937,661.05,2.36,11.31,104.94,3.57,72.5,73.47,Aluminiu,Strunjire,331,1,Uzura excesiva
476,Placuta amovibila,WNMG080408,1605,580.35,2.73,8.78,79.24,6.98,38.9,86.5,Aluminiu,Strunjire,378,1,Vibratii
477,Placuta amovibila,WNMG080408,2494,543.49,0.49,11.51,173.04,2.2,27.4,79.99,Otel,Strunjire,320,1,Supraincalzire
478,Placuta amovibila,WNMG080408,1962,1135.91,1.52,6.47,171.45,2.83,34.4,78.0,Inox,Strunjire,422,1,Supraincalzire
479,Placuta amovibila,WNMG080408,2093,639.61,2.57,12.05,66.15,1.64,12.1,61.82,Aluminiu,Strunjire,107,0,Niciunul
480,Placuta amovibila,WNMG080408,4221,298.1,2.54,18.37,56.5,1.09,11.6,68.91,Otel,Strunjire,293,0,Niciunul
481,Placuta amovibila,WNMG080408,5267,819.81,1.39,6.2,126.2,2.66,23.6,77.65,Inox,Strunjire,219,1,Supraincalzire
482,Placuta amovibila,WNMG080408,3089,364.26,1.56,19.54,75.23,9.91,37.4,100.79,Otel,Strunjire,227,1,Vibratii
483,Placuta amovibila,WNMG080408,3331,1109.21,1.08,7.25,80.47,2.56,76.3,76.34,Otel,Strunjire,370,1,Uzura excesiva
484,Placuta amovibila,WNMG080408,1970,305.49,0.57,6.46,57.77,1.56,16.4,60.96,Inox,Strunjire,465,0,Niciunul
485,Placuta amovibila,WNMG080408,3841,1163.87,2.38,12.34,69.73,1.39,10.0,63.01,Aluminiu,Strunjire,118,0,Niciunul
486,Placuta amovibila,WNMG080408,4724,990.2,2.92,19.3,104.12,4.03,60.3,75.55,Inox,Strunjire,92,1,Uzura excesiva
487,Placuta amovibila,WNMG080408,4901,237.78,2.65,10.9,69.55,1.39,12.0,73.4,Otel,Strunjire,92,0,Niciunul
488,Placuta amovibila,WNMG080408,1887,322.49,1.78,11.29,65.49,10.62,35.9,87.61,Aluminiu,Strunjire,295,1,Vibratii
489,Placuta amovibila,WNMG080408,3109,900.93,0.21,11.62,41.92,1.87,10.2,63.91,Inox,Strunjire,372,0,Niciunul
490,Placuta amovibila,WNMG080408,2325,642.56,0.78,8.06,154.94,1.52,34.7,79.49,Inox,Strunjire,435,1,Supraincalzire
491,Placuta amovibila,WNMG080408,1675,1026.87,0.93,19.82,85.44,9.61,26.7,101.52,Otel,Strunjire,208,1,Vibratii
492,Placuta amovibila,WNMG080408,2225,875.84,0.53,9.41,92.24,2.96,77.2,87.18,Otel,Strunjire,163,1,Uzura excesiva
493,Placuta amovibila,WNMG080408,3461,1016.39,2.09,10.14,85.88,10.18,46.6,93.33,Otel,Strunjire,432,1,Vibratii
494,Placuta amovibila,WNMG080408,4875,282.07,0.55,7.18,69.68,1.61,2.0,60.69,Aluminiu,Strunjire,393,0,Niciunul
495,Placuta amovibila,WNMG080408,5204,428.23,1.56,13.55,147.92,1.57,35.3,75.65,Otel,Strunjire,158,1,Supraincalzire
496,Placuta amovibila,WNMG080408,2399,484.6,2.76,17.37,61.63,12.0,22.5,95.71,Otel,Strunjire,377,1,Vibratii
497,Placuta amovibila,WNMG080408,2886,345.47,2.68,18.84,176.46,3.82,30.6,79.35,Otel,Strunjire,80,1,Supraincalzire
498,Placuta amovibila,WNMG080408,3806,620.01,1.16,18.34,88.22,11.14,31.3,101.76,Aluminiu,Strunjire,409,1,Vibratii
499,Placuta amovibila,WNMG080408,3412,552.42,2.06,18.95,64.19,11.59,20.8,85.28,Inox,Strunjire,126,1,Vibratii
500,Placuta amovibila,WNMG080408,3906,553.38,0.22,19.38,63.83,1.5,12.2,69.74,Otel,Strunjire,403,0,Niciunul
501,Placuta amovibila,WNMG080408,5007,957.43,0.23,16.41,70.88,8.88,36.2,85.06,Aluminiu,Strunjire,26,1,Vibratii
502,Placuta amovibila,WNMG080408,5723,1143.5,2.61,10.21,46.63,1.28,8.3,72.34,Otel,Strunjire,484,0,Niciunul
503,Placuta amovibila,WNMG080408,1726,295.26,1.75,16.21,100.8,3.44,93.2,75.15,Inox,Strunjire,351,1,Uzura excesiva
504,Placuta amovibila,WNMG080408,4895,1084.36,1.82,11.82,67.6,1.41,13.8,60.79,Aluminiu,Strunjire,108,0,Niciunul
505,Placuta amovibila,WNMG080408,4393,614.68,2.16,5.24,73.64,9.35,48.3,87.82,Aluminiu,Strunjire,281,1,Vibratii
506,Placuta amovibila,WNMG080408,2283,861.0,2.62,6.27,35.5,0.91,18.3,67.4,Inox,Strunjire,369,0,Niciunul
507,Placuta amovibila,WNMG080408,4616,453.17,0.98,18.3,129.63,2.74,23.7,78.51,Otel,Strunjire,467,1,Supraincalzire
508,Placuta amovibila,WNMG080408,5645,1174.08,2.56,7.0,69.63,13.04,44.8,94.28,Aluminiu,Strunjire,261,1,Vibratii
509,Placuta amovibila,WNMG080408,3723,1154.62,0.68,11.14,82.79,8.73,49.1,93.47,Aluminiu,Strunjire,156,1,Vibratii
510,Placuta amovibila,WNMG080408,2435,1106.95,0.49,7.0,89.24,12.41,30.6,86.97,Otel,Strunjire,82,1,Vibratii
511,Placuta amovibila,WNMG080408,2357,771.1,2.03,6.58,53.57,1.17,15.4,70.06,Otel,Strunjire,386,0,Niciunul
512,Placuta amovibila,WNMG080408,5724,1016.02,2.41,13.95,148.68,2.52,29.0,83.1,Inox,Strunjire,190,1,Supraincalzire
513,Placuta amovibila,WNMG080408,4117,1169.53,2.36,16.54,44.6,1.5,14.6,67.2,Aluminiu,Strunjire,192,0,Niciunul
514,Placuta amovibila,WNMG080408,3298,522.9,2.54,17.74,63.05,1.53,14.4,65.96,Inox,Strunjire,207,0,Niciunul
515,Placuta amovibila,WNMG080408,5360,331.16,2.15,14.25,88.73,3.84,80.6,89.4,Otel,Strunjire,225,1,Uzura excesiva
516,Placuta amovibila,WNMG080408,4448,942.59,2.46,6.63,88.89,12.03,23.8,97.0,Inox,Strunjire,413,1,Vibratii
517,Placuta amovibila,WNMG080408,3753,774.94,1.65,5.63,53.48,0.91,5.8,62.92,Inox,Strunjire,90,0,Niciunul
518,Placuta amovibila,WNMG080408,3292,719.43,2.1,14.85,172.92,2.27,20.4,79.16,Otel,Strunjire,339,1,Supraincalzire
519,Placuta amovibila,WNMG080408,3766,383.6,1.82,17.9,164.16,2.63,28.4,80.88,Inox,Strunjire,279,1,Supraincalzire
520,Placuta amovibila,WNMG080408,1692,677.67,0.26,18.97,43.35,1.9,10.8,62.37,Aluminiu,Strunjire,162,0,Niciunul
521,Placuta amovibila,WNMG080408,3233,317.41,2.35,8.46,100.19,4.44,67.3,75.62,Aluminiu,Strunjire,328,1,Uzura excesiva
522,Placuta amovibila,WNMG080408,3163,1011.51,1.32,11.15,43.95,0.78,3.6,64.49,Aluminiu,Strunjire,92,0,Niciunul
523,Placuta amovibila,WNMG080408,5158,476.58,2.12,14.72,39.75,0.51,0.6,74.7,Inox,Strunjire,396,0,Niciunul
524,Placuta amovibila,WNMG080408,3509,855.65,2.24,9.37,79.25,7.33,33.0,101.48,Aluminiu,Strunjire,122,1,Vibratii
525,Placuta amovibila,WNMG080408,3948,772.24,0.24,12.38,41.97,0.65,10.7,66.56,Otel,Strunjire,20,0,Niciunul
526,Placuta amovibila,WNMG080408,1821,702.89,2.8,5.71,60.85,11.01,24.6,98.61,Otel,Strunjire,190,1,Vibratii
527,Placuta amovibila,WNMG080408,1689,1189.16,2.25,8.76,174.67,3.81,24.7,84.73,Inox,Strunjire,147,1,Supraincalzire
528,Placuta amovibila,WNMG080408,5136,966.96,0.11,7.65,100.39,4.84,74.4,87.76,Otel,Strunjire,361,1,Uzura excesiva
529,Placuta amovibila,WNMG080408,2406,892.51,1.37,5.92,64.26,1.02,4.4,65.77,Inox,Strunjire,10,0,Niciunul
530,Placuta amovibila,WNMG080408,3718,547.73,2.61,7.21,163.85,2.45,27.2,83.67,Otel,Strunjire,134,1,Supraincalzire
531,Placuta amovibila,WNMG080408,4760,783.05,0.72,14.37,54.57,0.72,6.7,70.71,Aluminiu,Strunjire,219,0,Niciunul
532,Placuta amovibila,WNMG080408,5595,212.54,1.25,9.33,65.98,8.42,40.7,85.45,Inox,Strunjire,483,1,Vibratii
533,Placuta amovibila,WNMG080408,2844,622.93,2.06,18.52,67.8,1.07,11.5,73.34,Otel,Strunjire,33,0,Niciunul
534,Placuta amovibila,WNMG080408,3893,427.45,0.16,6.08,147.58,2.7,32.7,77.81,Inox,Strunjire,214,1,Supraincalzire
535,Placuta amovibila,WNMG080408,2144,429.73,2.68,14.13,55.25,1.48,4.5,73.88,Aluminiu,Strunjire,302,0,Niciunul
536,Placuta amovibila,WNMG080408,1654,1150.96,0.74,19.44,40.35,0.66,2.2,63.77,Aluminiu,Strunjire,474,0,Niciunul
537,Placuta amovibila,WNMG080408,3043,279.13,0.11,13.16,47.59,1.88,19.6,60.6,Aluminiu,Strunjire,3,0,Niciunul
538,Placuta amovibila,WNMG080408,4196,862.86,2.06,15.64,53.14,0.83,1.4,70.61,Aluminiu,Strunjire,126,0,Niciunul
539,Placuta amovibila,WNMG080408,4092,394.8,0.8,7.22,87.82,6.68,48.7,104.08,Inox,Strunjire,420,1,Vibratii
540,Placuta amovibila,WNMG080408,2221,479.11,0.91,11.25,160.12,1.67,23.3,75.49,Inox,Strunjire,476,1,Supraincalzire
541,Placuta amovibila,WNMG080408,2981,1109.91,1.69,10.87,80.9,4.86,97.0,76.94,Aluminiu,Strunjire,270,1,Uzura excesiva
542,Placuta amovibila,WNMG080408,2101,366.49,2.54,12.01,66.98,1.77,5.4,61.59,Otel,Strunjire,204,0,Niciunul
543,Placuta amovibila,WNMG080408,2274,246.21,2.75,6.88,49.62,1.47,5.6,60.45,Otel,Strunjire,256,0,Niciunul
544,Placuta amovibila,WNMG080408,3715,374.91,0.28,14.75,60.29,1.21,10.5,66.3,Aluminiu,Strunjire,370,0,Niciunul
545,Placuta amovibila,WNMG080408,2410,746.06,2.37,5.65,169.26,2.53,26.1,78.02,Inox,Strunjire,315,1,Supraincalzire
546,Placuta amovibila,WNMG080408,1589,682.04,0.43,19.79,65.58,1.59,18.4,63.71,Inox,Strunjire,22,0,Niciunul
547,Placuta amovibila,WNMG080408,5742,438.16,2.23,7.19,74.6,13.06,27.6,85.81,Aluminiu,Strunjire,287,1,Vibratii
548,Placuta amovibila,WNMG080408,5042,311.8,2.7,13.95,153.96,2.27,25.4,76.07,Aluminiu,Strunjire,362,1,Supraincalzire
549,Placuta amovibila,WNMG080408,2675,947.73,0.19,6.59,144.28,3.14,28.0,84.82,Aluminiu,Strunjire,398,1,Supraincalzire
550,Placuta amovibila,WNMG080408,2449,699.35,2.19,15.85,62.55,1.08,11.5,67.89,Aluminiu,Strunjire,261,0,Niciunul
551,Placuta amovibila,WNMG080408,2586,427.99,0.47,5.9,70.93,3.86,69.5,81.72,Otel,Strunjire,192,1,Uzura excesiva
552,Placuta amovibila,WNMG080408,4519,522.64,2.65,11.58,75.02,9.39,39.5,93.19,Otel,Strunjire,330,1,Vibratii
553,Placuta amovibila,WNMG080408,5908,281.06,0.94,11.64,38.68,1.59,13.4,62.28,Inox,Strunjire,228,0,Niciunul
554,Placuta amovibila,WNMG080408,4954,820.57,0.46,11.78,75.92,7.02,26.9,96.77,Inox,Strunjire,248,1,Vibratii
555,Placuta amovibila,WNMG080408,2667,1086.97,1.59,11.87,74.33,2.89,92.2,80.88,Aluminiu,Strunjire,102,1,Uzura excesiva
556,Placuta amovibila,WNMG080408,3085,447.84,0.98,6.24,45.93,1.47,2.7,73.01,Inox,Strunjire,420,0,Niciunul
557,Placuta amovibila,WNMG080408,2433,599.7,0.24,10.12,75.3,7.51,33.8,103.93,Otel,Strunjire,273,1,Vibratii
558,Placuta amovibila,WNMG080408,5212,696.88,2.33,17.21,93.57,4.83,79.6,71.19,Aluminiu,Strunjire,424,1,Uzura excesiva
559,Placuta amovibila,WNMG080408,2265,1146.41,1.49,9.1,57.66,1.35,10.8,69.31,Aluminiu,Strunjire,73,0,Niciunul
560,Placuta amovibila,WNMG080408,3627,228.81,1.81,6.44,88.99,9.5,30.1,89.78,Otel,Strunjire,314,1,Vibratii
561,Placuta amovibila,WNMG080408,1897,985.21,0.2,15.62,42.95,1.21,3.7,66.96,Inox,Strunjire,415,0,Niciunul
562,Placuta amovibila,WNMG080408,5789,744.09,0.99,17.11,64.18,1.47,1.5,74.34,Otel,Strunjire,295,0,Niciunul
563,Placuta amovibila,WNMG080408,5761,835.93,0.82,16.63,171.23,2.35,29.0,78.26,Inox,Strunjire,279,1,Supraincalzire
564,Placuta amovibila,WNMG080408,2651,762.23,0.33,17.07,66.3,0.67,2.2,60.18,Otel,Strunjire,79,0,Niciunul
565,Placuta amovibila,WNMG080408,5717,833.05,0.44,8.78,67.87,0.82,12.5,70.27,Otel,Strunjire,349,0,Niciunul
566,Placuta amovibila,WNMG080408,5136,818.3,1.15,13.37,106.43,3.66,89.4,79.66,Aluminiu,Strunjire,186,1,Uzura excesiva
567,Placuta amovibila,WNMG080408,2509,681.45,0.72,9.14,37.59,0.85,13.2,73.11,Inox,Strunjire,322,0,Niciunul
568,Placuta amovibila,WNMG080408,3466,604.52,1.55,8.15,152.11,3.32,26.5,78.0,Otel,Strunjire,35,1,Supraincalzire
569,Placuta amovibila,WNMG080408,5386,469.83,0.36,13.65,85.97,13.21,28.9,92.02,Aluminiu,Strunjire,378,1,Vibratii
570,Placuta amovibila,WNMG080408,1567,279.91,2.55,12.64,76.16,4.99,72.5,71.55,Aluminiu,Strunjire,437,1,Uzura excesiva
571,Placuta amovibila,WNMG080408,4015,367.08,2.97,18.92,58.22,0.51,6.1,73.38,Inox,Strunjire,140,0,Niciunul
572,Placuta amovibila,WNMG080408,3243,535.01,2.37,5.46,66.7,13.37,49.8,102.98,Inox,Strunjire,175,1,Vibratii
573,Placuta amovibila,WNMG080408,5690,224.73,2.46,19.21,68.12,7.99,34.4,95.82,Inox,Strunjire,426,1,Vibratii
574,Placuta amovibila,WNMG080408,5052,260.14,1.36,5.59,38.01,1.2,7.9,60.09,Otel,Strunjire,182,0,Niciunul
575,Placuta amovibila,WNMG080408,3520,405.16,1.11,10.17,77.25,9.4,28.2,88.61,Inox,Strunjire,13,1,Vibratii
576,Placuta amovibila,WNMG080408,5341,1111.16,0.5,13.42,58.79,1.26,18.3,61.05,Aluminiu,Strunjire,476,0,Niciunul
577,Placuta amovibila,WNMG080408,3484,842.12,0.92,11.22,87.04,4.59,85.1,88.74,Inox,Strunjire,56,1,Uzura excesiva
578,Placuta amovibila,WNMG080408,1739,598.85,0.6,8.75,172.99,2.5,34.4,78.34,Aluminiu,Strunjire,262,1,Supraincalzire
579,Placuta amovibila,WNMG080408,3579,651.29,0.5,18.05,64.48,0.54,15.6,66.24,Inox,Strunjire,68,0,Niciunul
580,Placuta amovibila,WNMG080408,5058,601.41,0.66,10.71,50.17,0.6,2.4,62.83,Aluminiu,Strunjire,215,0,Niciunul
581,Placuta amovibila,WNMG080408,3950,520.52,1.59,18.15,42.03,1.42,13.1,74.29,Otel,Strunjire,31,0,Niciunul
582,Placuta amovibila,WNMG080408,4455,607.68,0.7,5.99,60.13,1.06,16.3,67.15,Inox,Strunjire,477,0,Niciunul
583,Placuta amovibila,WNMG080408,5327,426.34,1.37,12.0,38.98,1.71,8.9,60.42,Aluminiu,Strunjire,318,0,Niciunul
584,Placuta amovibila,WNMG080408,1711,677.01,2.28,11.26,67.91,0.76,18.8,69.96,Inox,Strunjire,336,0,Niciunul
585,Placuta amovibila,WNMG080408,5160,494.58,0.5,9.95,59.63,1.78,1.2,70.26,Otel,Strunjire,57,0,Niciunul
586,Placuta amovibila,WNMG080408,4971,402.63,0.86,9.63,61.44,9.53,25.6,92.28,Otel,Strunjire,465,1,Vibratii
587,Placuta amovibila,WNMG080408,2340,646.75,1.84,19.24,168.2,2.25,21.4,75.4,Aluminiu,Strunjire,200,1,Supraincalzire
588,Placuta amovibila,WNMG080408,2843,572.17,1.5,14.53,43.45,0.85,15.7,68.92,Inox,Strunjire,22,0,Niciunul
589,Placuta amovibila,WNMG080408,3291,387.6,2.34,9.44,45.9,1.15,7.3,67.24,Inox,Strunjire,30,0,Niciunul
590,Placuta amovibila,WNMG080408,2072,739.72,1.81,18.54,62.14,0.6,16.0,62.79,Inox,Strunjire,16,0,Niciunul
591,Placuta amovibila,WNMG080408,3256,832.75,2.62,7.07,42.62,0.58,16.9,73.82,Aluminiu,Strunjire,303,0,Niciunul
592,Placuta amovibila,WNMG080408,5642,942.23,2.62,10.74,83.68,10.88,34.0,99.68,Aluminiu,Strunjire,280,1,Vibratii
593,Placuta amovibila,WNMG080408,2003,349.68,1.81,9.53,58.14,1.39,2.3,72.55,Otel,Strunjire,446,0,Niciunul
594,Placuta amovibila,WNMG080408,2241,499.46,1.0,19.85,73.05,3.38,63.3,76.33,Inox,Strunjire,85,1,Uzura excesiva
595,Placuta amovibila,WNMG080408,3811,840.17,0.25,9.48,84.19,2.93,79.3,85.32,Inox,Strunjire,284,1,Uzura excesiva
596,Placuta amovibila,WNMG080408,1541,999.32,1.71,13.69,84.22,4.98,62.9,73.34,Inox,Strunjire,7,1,Uzura excesiva
597,Placuta amovibila,WNMG080408,4306,806.78,2.09,17.69,65.38,0.79,10.5,70.18,Aluminiu,Strunjire,119,0,Niciunul
598,Placuta amovibila,WNMG080408,4503,489.14,1.57,16.07,53.21,1.0,14.1,64.48,Inox,Strunjire,119,0,Niciunul
599,Placuta amovibila,WNMG080408,5972,505.35,0.84,9.52,81.44,11.99,29.4,94.26,Otel,Strunjire,440,1,Vibratii
600,Placuta amovibila,WNMG080408,2570,1165.87,1.59,15.79,60.01,1.5,3.3,62.74,Inox,Strunjire,125,0,Niciunul
1,Placuta amovibila,CNMG120408,1651,477.36,1.28,5.87,59.89,0.92,2.0,74.34,Otel,Strunjire,56,0,Niciunul
2,Placuta amovibila,CNMG120408,4617,249.46,0.64,16.07,84.95,9.85,48.1,103.55,Aluminiu,Strunjire,392,1,Vibratii
3,Placuta amovibila,CNMG120408,4915,292.33,1.83,12.78,60.5,0.6,4.0,69.07,Otel,Strunjire,128,0,Niciunul
4,Placuta amovibila,CNMG120408,5183,393.01,1.95,7.72,49.96,1.68,7.4,70.06,Inox,Strunjire,341,0,Niciunul
5,Placuta amovibila,CNMG120408,4230,756.54,0.57,18.06,68.61,1.67,14.2,69.42,Aluminiu,Strunjire,367,0,Niciunul
6,Placuta amovibila,CNMG120408,3880,1178.38,1.51,16.54,42.25,1.92,4.9,62.58,Aluminiu,Strunjire,355,0,Niciunul
7,Placuta amovibila,CNMG120408,2060,1150.85,1.12,5.85,150.97,3.22,23.7,79.26,Aluminiu,Strunjire,276,1,Supraincalzire
8,Placuta amovibila,CNMG120408,5992,1105.68,2.44,16.42,68.6,0.72,10.3,69.39,Aluminiu,Strunjire,210,0,Niciunul
9,Placuta amovibila,CNMG120408,2468,343.75,0.79,12.23,55.65,0.9,18.9,65.62,Aluminiu,Strunjire,326,0,Niciunul
10,Placuta amovibila,CNMG120408,3855,747.94,1.93,5.11,90.96,2.26,66.3,76.59,Aluminiu,Strunjire,137,1,Uzura excesiva
11,Placuta amovibila,CNMG120408,1878,228.89,1.57,13.95,162.18,1.7,33.2,77.02,Otel,Strunjire,420,1,Supraincalzire
12,Placuta amovibila,CNMG120408,2970,748.05,0.91,6.27,39.83,1.74,16.1,70.49,Aluminiu,Strunjire,176,0,Niciunul
13,Placuta amovibila,CNMG120408,2983,709.42,2.0,13.75,106.59,3.16,69.1,82.63,Otel,Strunjire,234,1,Uzura excesiva
14,Placuta amovibila,CNMG120408,3239,388.96,0.17,7.96,51.0,1.58,18.1,66.04,Otel,Strunjire,246,0,Niciunul
15,Placuta amovibila,CNMG120408,2995,788.86,0.53,15.82,168.08,1.55,20.9,77.12,Aluminiu,Strunjire,326,1,Supraincalzire
16,Placuta amovibila,CNMG120408,5391,805.47,2.82,6.1,156.73,1.58,22.5,80.39,Otel,Strunjire,280,1,Supraincalzire
17,Placuta amovibila,CNMG120408,5791,1010.55,2.47,7.65,87.88,8.24,38.0,99.58,Aluminiu,Strunjire,115,1,Vibratii
18,Placuta amovibila,CNMG120408,1598,1013.9,0.94,8.65,63.9,13.57,30.8,99.11,Otel,Strunjire,72,1,Vibratii
19,Placuta amovibila,CNMG120408,5536,1073.13,2.12,19.02,81.72,13.8,31.2,85.44,Aluminiu,Strunjire,130,1,Vibratii
20,Placuta amovibila,CNMG120408,1990,542.02,2.3,15.58,61.27,7.44,32.1,93.4,Inox,Strunjire,388,1,Vibratii
21,Placuta amovibila,CNMG120408,5286,618.12,1.36,10.16,36.54,0.86,6.4,63.61,Aluminiu,Strunjire,234,0,Niciunul
22,Placuta amovibila,CNMG120408,2047,1006.41,2.16,17.74,89.9,13.46,41.0,86.91,Inox,Strunjire,432,1,Vibratii
23,Placuta amovibila,CNMG120408,4197,751.75,0.23,14.94,141.97,3.53,21.7,82.13,Otel,Strunjire,226,1,Supraincalzire
24,Placuta amovibila,CNMG120408,4399,860.58,1.78,9.97,172.82,1.69,27.2,75.47,Otel,Strunjire,266,1,Supraincalzire
25,Placuta amovibila,CNMG120408,1703,394.44,0.76,13.11,55.09,1.24,11.3,62.25,Inox,Strunjire,233,0,Niciunul
26,Placuta amovibila,CNMG120408,5862,966.64,1.27,17.22,108.38,2.33,84.7,70.91,Otel,Strunjire,154,1,Uzura excesiva
27,Placuta amovibila,CNMG120408,4645,654.4,2.33,7.81,75.83,11.49,24.3,90.87,Otel,Strunjire,134,1,Vibratii
28,Placuta amovibila,CNMG120408,5913,215.24,2.69,6.38,49.04,1.92,1.5,64.68,Aluminiu,Strunjire,204,0,Niciunul
29,Placuta amovibila,CNMG120408,2667,845.88,2.07,6.94,55.39,1.34,15.8,70.39,Inox,Strunjire,357,0,Niciunul
30,Placuta amovibila,CNMG120408,4568,991.63,1.32,17.66,61.36,0.67,3.7,70.54,Aluminiu,Strunjire,230,0,Niciunul
31,Placuta amovibila,CNMG120408,1629,234.58,1.61,15.28,62.73,1.6,10.2,71.06,Inox,Strunjire,159,0,Niciunul
32,Placuta amovibila,CNMG120408,3612,696.86,2.43,14.19,83.13,4.8,67.3,86.26,Inox,Strunjire,223,1,Uzura excesiva
33,Placuta amovibila,CNMG120408,4042,973.71,2.93,5.82,72.26,4.39,89.1,71.68,Aluminiu,Strunjire,204,1,Uzura excesiva
34,Placuta amovibila,CNMG120408,1773,768.54,2.18,16.65,64.28,1.84,10.2,71.22,Inox,Strunjire,408,0,Niciunul
35,Placuta amovibila,CNMG120408,1774,577.2,1.28,6.72,50.85,1.64,1.8,61.23,Inox,Strunjire,252,0,Niciunul
36,Placuta amovibila,CNMG120408,5918,639.24,1.87,5.47,82.01,2.69,64.4,86.5,Aluminiu,Strunjire,324,1,Uzura excesiva
37,Placuta amovibila,CNMG120408,2483,383.54,0.31,11.33,99.74,4.59,69.4,77.47,Otel,Strunjire,297,1,Uzura excesiva
38,Placuta amovibila,CNMG120408,5633,727.7,1.0,5.43,46.27,1.66,13.4,68.95,Otel,Strunjire,183,0,Niciunul
39,Placuta amovibila,CNMG120408,5046,680.4,0.12,13.08,59.03,1.44,3.0,62.9,Aluminiu,Strunjire,498,0,Niciunul
40,Placuta amovibila,CNMG120408,4934,1144.2,1.05,5.16,70.88,2.77,65.9,81.35,Aluminiu,Strunjire,392,1,Uzura excesiva
41,Placuta amovibila,CNMG120408,3098,320.71,0.93,18.19,147.69,3.21,36.4,76.46,Aluminiu,Strunjire,189,1,Supraincalzire
42,Placuta amovibila,CNMG120408,2546,955.72,0.2,17.08,150.08,1.92,22.9,76.12,Aluminiu,Strunjire,65,1,Supraincalzire
43,Placuta amovibila,CNMG120408,5776,292.56,0.21,14.08,67.62,12.88,50.0,98.77,Inox,Strunjire,345,1,Vibratii
44,Placuta amovibila,CNMG120408,4341,861.86,0.14,12.24,51.95,0.88,16.2,72.66,Inox,Strunjire,181,0,Niciunul
45,Placuta amovibila,CNMG120408,5325,301.51,0.3,15.75,64.39,0.65,7.3,60.56,Aluminiu,Strunjire,281,0,Niciunul
46,Placuta amovibila,CNMG120408,3997,1023.44,1.0,16.56,90.92,3.03,70.4,71.24,Otel,Strunjire,179,1,Uzura excesiva
47,Placuta amovibila,CNMG120408,3465,1133.88,0.93,9.21,64.19,13.9,37.5,93.36,Aluminiu,Strunjire,107,1,Vibratii
48,Placuta amovibila,CNMG120408,4520,435.81,1.17,18.36,54.61,0.73,1.7,63.0,Inox,Strunjire,321,0,Niciunul
49,Placuta amovibila,CNMG120408,4341,1161.86,2.44,14.57,126.17,2.04,32.5,82.69,Aluminiu,Strunjire,417,1,Supraincalzire
50,Placuta amovibila,CNMG120408,4394,669.19,0.96,6.2,35.44,1.65,13.0,73.17,Otel,Strunjire,248,0,Niciunul
51,Placuta amovibila,CNMG120408,5586,718.35,2.21,19.07,173.29,2.48,27.8,82.35,Otel,Strunjire,461,1,Supraincalzire
52,Placuta amovibila,CNMG120408,3362,210.49,2.25,18.16,57.05,1.72,18.5,68.52,Inox,Strunjire,383,0,Niciunul
53,Placuta amovibila,CNMG120408,5126,1120.39,1.68,18.34,178.87,2.36,30.3,80.79,Inox,Strunjire,246,1,Supraincalzire
54,Placuta amovibila,CNMG120408,2981,825.76,0.4,10.74,44.84,1.99,2.3,63.42,Inox,Strunjire,212,0,Niciunul
55,Placuta amovibila,CNMG120408,4365,356.62,2.91,10.08,68.54,1.38,0.8,62.36,Otel,Strunjire,18,0,Niciunul
56,Placuta amovibila,CNMG120408,3642,826.56,0.51,12.07,72.87,10.0,40.7,94.06,Otel,Strunjire,234,1,Vibratii
57,Placuta amovibila,CNMG120408,5313,480.01,2.93,19.71,56.18,0.82,5.1,61.15,Aluminiu,Strunjire,351,0,Niciunul
58,Placuta amovibila,CNMG120408,1721,468.55,2.26,7.67,78.48,2.68,71.9,87.22,Aluminiu,Strunjire,7,1,Uzura excesiva
59,Placuta amovibila,CNMG120408,2450,677.37,0.33,11.51,79.44,4.95,89.7,74.38,Inox,Strunjire,261,1,Uzura excesiva
60,Placuta amovibila,CNMG120408,2661,290.8,1.07,8.78,167.69,1.86,37.7,83.83,Aluminiu,Strunjire,376,1,Supraincalzire
61,Placuta amovibila,CNMG120408,2462,283.46,1.23,11.92,36.96,1.14,18.5,72.83,Otel,Strunjire,358,0,Niciunul
62,Placuta amovibila,CNMG120408,5805,1004.09,1.79,5.63,134.85,3.23,20.8,84.66,Otel,Strunjire,266,1,Supraincalzire
63,Placuta amovibila,CNMG120408,4350,449.13,0.93,9.91,69.22,7.44,40.8,88.67,Inox,Strunjire,324,1,Vibratii
64,Placuta amovibila,CNMG120408,2944,617.07,1.7,11.71,66.42,8.75,41.8,94.8,Otel,Strunjire,217,1,Vibratii
65,Placuta amovibila,CNMG120408,2839,824.72,1.61,9.41,44.61,1.74,3.6,72.39,Aluminiu,Strunjire,455,0,Niciunul
66,Placuta amovibila,CNMG120408,4006,1157.13,1.86,16.38,38.75,1.0,16.6,61.56,Inox,Strunjire,150,0,Niciunul
67,Placuta amovibila,CNMG120408,1879,975.3,0.18,11.68,50.13,1.92,10.7,74.56,Otel,Strunjire,476,0,Niciunul
68,Placuta amovibila,CNMG120408,1821,958.84,0.3,11.61,59.62,0.94,6.2,63.69,Aluminiu,Strunjire,492,0,Niciunul
69,Placuta amovibila,CNMG120408,3206,940.47,2.85,8.52,64.68,0.59,0.8,74.13,Inox,Strunjire,316,0,Niciunul
70,Placuta amovibila,CNMG120408,2806,870.44,2.32,18.29,43.88,1.65,5.4,73.98,Inox,Strunjire,19,0,Niciunul
71,Placuta amovibila,CNMG120408,5382,859.4,1.8,9.11,51.85,1.72,16.5,60.72,Inox,Strunjire,350,0,Niciunul
72,Placuta amovibila,CNMG120408,5548,853.82,0.38,19.83,51.87,1.31,8.0,71.86,Inox,Strunjire,220,0,Niciunul
73,Placuta amovibila,CNMG120408,3651,694.94,0.64,9.91,50.82,0.69,13.5,61.92,Inox,Strunjire,324,0,Niciunul
74,Placuta amovibila,CNMG120408,5518,550.66,1.25,17.77,49.49,1.32,11.7,67.59,Inox,Strunjire,178,0,Niciunul
75,Placuta amovibila,CNMG120408,3945,921.57,0.77,19.19,50.79,1.81,10.0,73.19,Inox,Strunjire,253,0,Niciunul
76,Placuta amovibila,CNMG120408,3745,1144.17,2.55,6.14,102.25,4.13,73.9,82.94,Otel,Strunjire,403,1,Uzura excesiva
77,Placuta amovibila,CNMG120408,3694,603.14,0.86,6.25,71.26,6.99,40.7,86.45,Aluminiu,Strunjire,160,1,Vibratii
78,Placuta amovibila,CNMG120408,4399,1018.91,2.95,12.6,43.13,1.08,14.2,73.96,Inox,Strunjire,491,0,Niciunul
79,Placuta amovibila,CNMG120408,5539,414.92,1.41,14.02,151.25,3.74,35.0,81.52,Aluminiu,Strunjire,417,1,Supraincalzire
80,Placuta amovibila,CNMG120408,5543,510.45,1.43,8.41,36.66,1.26,18.5,73.48,Otel,Strunjire,245,0,Niciunul
81,Placuta amovibila,CNMG120408,3366,364.29,2.25,19.81,105.36,3.19,91.9,88.31,Inox,Strunjire,444,1,Uzura excesiva
82,Placuta amovibila,CNMG120408,3085,552.55,0.29,17.58,53.16,1.1,17.2,61.38,Aluminiu,Strunjire,443,0,Niciunul
83,Placuta amovibila,CNMG120408,1977,646.7,0.14,5.68,58.19,1.11,5.9,72.18,Otel,Strunjire,89,0,Niciunul
84,Placuta amovibila,CNMG120408,4515,708.06,0.25,19.53,95.17,4.94,87.0,73.6,Inox,Strunjire,169,1,Uzura excesiva
85,Placuta amovibila,CNMG120408,3358,466.83,2.81,14.12,74.19,3.88,77.5,71.51,Aluminiu,Strunjire,105,1,Uzura excesiva
86,Placuta amovibila,CNMG120408,3356,1024.07,2.77,9.62,91.76,2.04,69.1,70.96,Otel,Strunjire,236,1,Uzura excesiva
87,Placuta amovibila,CNMG120408,3213,879.49,1.22,12.97,69.09,0.89,18.1,65.23,Aluminiu,Strunjire,319,0,Niciunul
88,Placuta amovibila,CNMG120408,5310,386.79,2.05,16.14,166.89,1.51,20.1,78.68,Inox,Strunjire,494,1,Supraincalzire
89,Placuta amovibila,CNMG120408,3364,521.59,1.22,9.43,59.95,1.15,11.9,62.11,Aluminiu,Strunjire,425,0,Niciunul
90,Placuta amovibila,CNMG120408,3321,382.63,1.69,12.11,83.7,3.24,72.9,84.63,Inox,Strunjire,242,1,Uzura excesiva
91,Placuta amovibila,CNMG120408,3505,1167.22,2.46,19.54,86.2,2.42,96.9,81.78,Otel,Strunjire,325,1,Uzura excesiva
92,Placuta amovibila,CNMG120408,5155,771.38,0.78,6.46,41.74,1.26,14.5,67.36,Otel,Strunjire,154,0,Niciunul
93,Placuta amovibila,CNMG120408,2298,392.67,2.91,8.4,66.7,1.83,10.1,65.84,Otel,Strunjire,436,0,Niciunul
94,Placuta amovibila,CNMG120408,5859,1091.21,1.17,11.38,76.18,3.75,84.1,75.46,Otel,Strunjire,334,1,Uzura excesiva
95,Placuta amovibila,CNMG120408,2870,1056.94,2.85,8.41,147.24,1.85,32.0,78.12,Otel,Strunjire,248,1,Supraincalzire
96,Placuta amovibila,CNMG120408,5734,266.81,0.46,11.45,85.94,2.4,72.3,86.47,Otel,Strunjire,333,1,Uzura excesiva
97,Placuta amovibila,CNMG120408,2121,208.34,1.76,12.75,100.28,4.65,84.5,70.23,Inox,Strunjire,209,1,Uzura excesiva
98,Placuta amovibila,CNMG120408,5328,620.34,1.35,14.16,168.3,2.41,36.3,78.21,Otel,Strunjire,388,1,Supraincalzire
99,Placuta amovibila,CNMG120408,2061,898.41,1.1,5.23,48.17,1.07,6.2,74.45,Inox,Strunjire,284,0,Niciunul
100,Placuta amovibila,CNMG120408,5407,306.65,0.12,12.27,58.66,1.36,1.4,66.19,Inox,Strunjire,349,0,Niciunul
101,Placuta amovibila,CNMG120408,4298,676.33,2.82,6.25,158.34,2.59,31.5,80.85,Otel,Strunjire,138,1,Supraincalzire
102,Placuta amovibila,CNMG120408,3147,979.59,2.24,14.89,36.45,0.51,10.8,60.91,Inox,Strunjire,36,0,Niciunul
103,Placuta amovibila,CNMG120408,4617,808.8,2.99,17.48,71.4,12.61,27.0,90.13,Otel,Strunjire,43,1,Vibratii
104,Placuta amovibila,CNMG120408,5138,388.15,0.9,19.58,47.34,1.73,9.7,69.14,Otel,Strunjire,344,0,Niciunul
105,Placuta amovibila,CNMG120408,5935,1000.85,1.7,13.31,60.85,10.95,39.4,100.48,Aluminiu,Strunjire,287,1,Vibratii
106,Placuta amovibila,CNMG120408,2855,673.22,1.96,9.79,124.09,2.53,21.8,80.13,Otel,Strunjire,232,1,Supraincalzire
107,Placuta amovibila,CNMG120408,4887,479.24,2.62,10.14,35.73,0.87,8.6,64.02,Inox,Strunjire,37,0,Niciunul
108,Placuta amovibila,CNMG120408,5063,363.69,2.2,15.71,82.39,3.61,61.1,81.28,Otel,Strunjire,264,1,Uzura excesiva
109,Placuta amovibila,CNMG120408,4882,430.11,2.57,7.5,38.89,0.62,15.5,60.62,Inox,Strunjire,305,0,Niciunul
110,Placuta amovibila,CNMG120408,2183,888.68,2.64,11.27,35.46,1.63,11.5,69.3,Otel,Strunjire,253,0,Niciunul
111,Placuta amovibila,CNMG120408,2890,467.0,0.71,17.79,86.39,3.75,67.4,77.59,Aluminiu,Strunjire,461,1,Uzura excesiva
112,Placuta amovibila,CNMG120408,4839,506.72,0.57,15.45,84.4,2.16,95.9,87.26,Inox,Strunjire,289,1,Uzura excesiva
113,Placuta amovibila,CNMG120408,2797,866.96,1.89,19.14,64.51,1.75,17.9,73.29,Aluminiu,Strunjire,144,0,Niciunul
114,Placuta amovibila,CNMG120408,1829,892.27,2.02,18.11,40.1,1.0,18.0,66.7,Aluminiu,Strunjire,274,0,Niciunul
115,Placuta amovibila,CNMG120408,3398,1099.87,1.97,9.03,67.73,1.64,2.9,72.95,Inox,Strunjire,329,0,Niciunul
116,Placuta amovibila,CNMG120408,2306,533.54,1.2,18.26,71.49,2.22,85.0,76.65,Inox,Strunjire,289,1,Uzura excesiva
117,Placuta amovibila,CNMG120408,2903,422.05,2.62,8.45,63.93,1.8,18.4,65.43,Aluminiu,Strunjire,99,0,Niciunul
118,Placuta amovibila,CNMG120408,4995,501.32,1.38,5.78,141.3,2.05,21.4,81.88,Inox,Strunjire,66,1,Supraincalzire
119,Placuta amovibila,CNMG120408,5184,1171.52,1.89,16.47,41.03,1.85,2.2,60.44,Otel,Strunjire,463,0,Niciunul
120,Placuta amovibila,CNMG120408,4450,803.97,0.52,14.24,42.92,0.63,8.4,60.97,Aluminiu,Strunjire,316,0,Niciunul
121,Placuta amovibila,CNMG120408,3436,750.35,0.85,6.05,58.6,0.75,6.5,69.85,Aluminiu,Strunjire,314,0,Niciunul
122,Placuta amovibila,CNMG120408,3414,639.95,0.75,8.84,45.02,0.73,13.9,61.1,Otel,Strunjire,277,0,Niciunul
123,Placuta amovibila,CNMG120408,3383,1041.57,2.52,12.6,71.92,13.0,24.5,93.08,Otel,Strunjire,132,1,Vibratii
124,Placuta amovibila,CNMG120408,5450,986.01,0.38,16.33,68.29,1.07,6.9,61.38,Inox,Strunjire,102,0,Niciunul
125,Placuta amovibila,CNMG120408,5941,318.14,2.88,14.17,79.78,4.97,75.0,84.41,Inox,Strunjire,431,1,Uzura excesiva
126,Placuta amovibila,CNMG120408,3966,362.54,1.61,11.83,108.17,2.0,94.2,82.24,Otel,Strunjire,154,1,Uzura excesiva
127,Placuta amovibila,CNMG120408,3519,774.48,2.71,8.75,78.52,2.99,80.5,88.04,Otel,Strunjire,177,1,Uzura excesiva
128,Placuta amovibila,CNMG120408,5924,778.63,2.63,6.21,104.31,3.67,89.8,80.63,Inox,Strunjire,309,1,Uzura excesiva
129,Placuta amovibila,CNMG120408,2207,836.56,2.8,11.89,60.62,0.94,9.5,67.52,Otel,Strunjire,6,0,Niciunul
130,Placuta amovibila,CNMG120408,3579,1056.07,0.75,17.38,47.95,1.12,7.7,62.02,Aluminiu,Strunjire,60,0,Niciunul
131,Placuta amovibila,CNMG120408,5819,619.66,1.5,10.79,75.22,11.89,28.2,91.11,Aluminiu,Strunjire,23,1,Vibratii
132,Placuta amovibila,CNMG120408,2426,765.85,0.61,15.08,107.57,3.77,69.4,81.43,Inox,Strunjire,319,1,Uzura excesiva
133,Placuta amovibila,CNMG120408,2829,973.44,1.19,17.51,81.53,13.07,40.0,87.58,Aluminiu,Strunjire,23,1,Vibratii
134,Placuta amovibila,CNMG120408,2727,883.72,1.6,13.42,61.82,1.37,11.4,66.28,Inox,Strunjire,65,0,Niciunul
135,Placuta amovibila,CNMG120408,3257,1180.36,0.88,10.97,87.63,8.71,33.9,87.48,Otel,Strunjire,276,1,Vibratii
136,Placuta amovibila,CNMG120408,5100,547.73,0.2,6.17,40.5,0.68,17.9,69.48,Inox,Strunjire,215,0,Niciunul
137,Placuta amovibila,CNMG120408,2461,366.88,0.4,8.49,75.27,4.18,78.5,87.71,Otel,Strunjire,367,1,Uzura excesiva
138,Placuta amovibila,CNMG120408,3409,919.54,1.34,9.48,43.22,1.75,19.8,66.31,Aluminiu,Strunjire,313,0,Niciunul
139,Placuta amovibila,CNMG120408,2488,628.76,2.51,11.28,39.99,1.09,16.8,73.08,Otel,Strunjire,201,0,Niciunul
140,Placuta amovibila,CNMG120408,2618,1131.37,2.19,14.26,66.73,1.16,6.4,66.71,Inox,Strunjire,396,0,Niciunul
141,Placuta amovibila,CNMG120408,3181,568.7,1.09,14.89,61.11,2.0,10.3,68.76,Otel,Strunjire,416,0,Niciunul
142,Placuta amovibila,CNMG120408,3645,955.04,2.48,8.82,46.53,1.68,15.4,68.21,Aluminiu,Strunjire,26,0,Niciunul
143,Placuta amovibila,CNMG120408,3458,341.57,1.93,17.42,168.5,1.56,33.8,82.7,Aluminiu,Strunjire,9,1,Supraincalzire
144,Placuta amovibila,CNMG120408,5875,496.3,1.96,7.36,43.78,1.41,6.0,60.93,Aluminiu,Strunjire,286,0,Niciunul
145,Placuta amovibila,CNMG120408,1833,735.81,0.93,13.6,125.48,3.72,27.9,75.44,Inox,Strunjire,342,1,Supraincalzire
146,Placuta amovibila,CNMG120408,3756,637.01,0.45,14.03,99.36,4.18,95.6,86.93,Otel,Strunjire,266,1,Uzura excesiva
147,Placuta amovibila,CNMG120408,1656,463.35,0.58,14.03,149.7,2.86,32.2,78.68,Aluminiu,Strunjire,467,1,Supraincalzire
148,Placuta amovibila,CNMG120408,3763,1048.84,0.55,13.83,74.03,2.38,96.1,71.95,Inox,Strunjire,218,1,Uzura excesiva
149,Placuta amovibila,CNMG120408,5109,280.89,1.55,13.94,46.97,0.68,4.6,67.07,Otel,Strunjire,270,0,Niciunul
150,Placuta amovibila,CNMG120408,3770,940.37,1.73,15.74,68.73,10.65,42.7,88.93,Otel,Strunjire,14,1,Vibratii
151,Placuta amovibila,CNMG120408,2521,364.22,1.42,5.8,102.73,4.85,94.2,79.38,Inox,Strunjire,58,1,Uzura excesiva
152,Placuta amovibila,CNMG120408,2643,884.39,1.04,5.65,144.99,1.56,26.0,82.68,Aluminiu,Strunjire,268,1,Supraincalzire
153,Placuta amovibila,CNMG120408,4046,550.92,0.51,5.26,128.43,3.09,38.1,79.28,Otel,Strunjire,376,1,Supraincalzire
154,Placuta amovibila,CNMG120408,3366,830.4,0.41,19.25,66.01,1.18,18.2,72.55,Otel,Strunjire,193,0,Niciunul
155,Placuta amovibila,CNMG120408,5692,600.98,1.0,15.24,175.58,2.59,33.1,77.78,Inox,Strunjire,242,1,Supraincalzire
156,Placuta amovibila,CNMG120408,4743,521.51,1.76,12.89,87.94,3.73,70.1,87.94,Otel,Strunjire,316,1,Uzura excesiva
157,Placuta amovibila,CNMG120408,2376,568.95,0.94,9.76,49.8,0.51,15.7,66.11,Aluminiu,Strunjire,258,0,Niciunul
158,Placuta amovibila,CNMG120408,5616,1110.3,2.16,5.09,165.28,2.42,31.8,80.42,Aluminiu,Strunjire,403,1,Supraincalzire
159,Placuta amovibila,CNMG120408,1993,1180.34,0.25,7.74,45.54,1.23,16.8,71.69,Aluminiu,Strunjire,422,0,Niciunul
160,Placuta amovibila,CNMG120408,4350,917.32,1.3,15.28,69.53,0.88,15.6,66.22,Otel,Strunjire,231,0,Niciunul
161,Placuta amovibila,CNMG120408,4781,818.57,0.67,9.93,43.77,0.85,16.2,74.95,Otel,Strunjire,118,0,Niciunul
162,Placuta amovibila,CNMG120408,5931,493.84,2.31,14.84,132.86,1.83,37.1,84.74,Otel,Strunjire,478,1,Supraincalzire
163,Placuta amovibila,CNMG120408,4614,354.53,2.26,17.47,49.34,1.32,6.9,65.38,Aluminiu,Strunjire,381,0,Niciunul
164,Placuta amovibila,CNMG120408,4068,920.92,0.12,18.91,120.46,3.18,25.7,76.26,Otel,Strunjire,152,1,Supraincalzire
165,Placuta amovibila,CNMG120408,4613,308.65,2.78,17.88,70.53,7.92,20.6,91.61,Otel,Strunjire,386,1,Vibratii
166,Placuta amovibila,CNMG120408,2264,511.23,2.28,7.46,65.81,1.1,12.4,66.21,Aluminiu,Strunjire,170,0,Niciunul
167,Placuta amovibila,CNMG120408,3463,980.93,1.04,5.29,57.47,1.69,12.4,64.34,Otel,Strunjire,211,0,Niciunul
168,Placuta amovibila,CNMG120408,5588,409.45,0.83,6.87,64.33,1.95,17.1,63.71,Aluminiu,Strunjire,303,0,Niciunul
169,Placuta amovibila,CNMG120408,2780,874.92,2.78,11.83,37.81,1.21,7.9,63.71,Aluminiu,Strunjire,301,0,Niciunul
170,Placuta amovibila,CNMG120408,3574,905.43,1.02,19.44,52.71,0.85,14.1,68.42,Inox,Strunjire,137,0,Niciunul
171,Placuta amovibila,CNMG120408,1915,1194.84,2.42,15.37,79.48,9.93,35.3,99.97,Aluminiu,Strunjire,235,1,Vibratii
172,Placuta amovibila,CNMG120408,2802,504.65,2.9,5.16,85.62,4.52,83.8,86.76,Aluminiu,Strunjire,498,1,Uzura excesiva
173,Placuta amovibila,CNMG120408,5355,950.71,2.03,10.26,60.64,1.86,1.7,70.17,Aluminiu,Strunjire,51,0,Niciunul
174,Placuta amovibila,CNMG120408,1994,710.81,0.64,11.08,99.4,4.51,86.3,80.13,Inox,Strunjire,342,1,Uzura excesiva
175,Placuta amovibila,CNMG120408,3480,210.96,1.69,16.64,81.91,4.26,64.7,81.76,Inox,Strunjire,394,1,Uzura excesiva
176,Placuta amovibila,CNMG120408,2750,1170.07,0.41,10.23,53.24,1.51,7.1,73.48,Aluminiu,Strunjire,493,0,Niciunul
177,Placuta amovibila,CNMG120408,5715,648.92,2.27,16.92,39.15,0.84,15.0,63.12,Otel,Strunjire,495,0,Niciunul
178,Placuta amovibila,CNMG120408,1583,525.26,1.17,19.82,75.86,2.08,65.5,77.32,Otel,Strunjire,52,1,Uzura excesiva
179,Placuta amovibila,CNMG120408,1816,1005.69,0.19,10.02,67.31,1.04,0.6,72.12,Aluminiu,Strunjire,347,0,Niciunul
180,Placuta amovibila,CNMG120408,3650,847.9,1.71,9.11,86.5,4.5,64.2,72.75,Inox,Strunjire,408,1,Uzura excesiva
181,Placuta amovibila,CNMG120408,5861,975.18,0.9,12.46,83.27,3.06,94.9,77.37,Aluminiu,Strunjire,55,1,Uzura excesiva
182,Placuta amovibila,CNMG120408,2508,723.04,1.21,7.89,107.05,4.23,86.1,72.77,Otel,Strunjire,89,1,Uzura excesiva
183,Placuta amovibila,CNMG120408,1875,793.99,2.44,5.65,93.07,2.28,62.9,72.91,Otel,Strunjire,226,1,Uzura excesiva
184,Placuta amovibila,CNMG120408,2832,410.01,1.95,14.9,59.66,1.98,7.9,64.92,Inox,Strunjire,194,0,Niciunul
185,Placuta amovibila,CNMG120408,3338,762.87,2.28,17.64,92.06,2.16,88.8,86.97,Otel,Strunjire,238,1,Uzura excesiva
186,Placuta amovibila,CNMG120408,5076,378.25,2.93,18.13,66.2,0.64,9.5,61.9,Otel,Strunjire,445,0,Niciunul
187,Placuta amovibila,CNMG120408,4343,1082.97,2.45,6.19,69.4,1.86,11.5,74.85,Aluminiu,Strunjire,216,0,Niciunul
188,Placuta amovibila,CNMG120408,3430,766.82,1.1,17.53,80.27,3.48,81.8,86.47,Inox,Strunjire,473,1,Uzura excesiva
189,Placuta amovibila,CNMG120408,5442,1088.49,2.98,8.22,129.81,2.87,33.8,83.5,Otel,Strunjire,78,1,Supraincalzire
190,Placuta amovibila,CNMG120408,4600,916.52,2.17,11.13,50.79,1.84,11.2,61.88,Otel,Strunjire,48,0,Niciunul
191,Placuta amovibila,CNMG120408,5652,566.07,1.8,7.8,161.84,2.86,39.2,82.76,Aluminiu,Strunjire,194,1,Supraincalzire
192,Placuta amovibila,CNMG120408,4872,1190.78,1.43,8.43,168.43,2.45,35.7,79.23,Otel,Strunjire,424,1,Supraincalzire
193,Placuta amovibila,CNMG120408,5994,405.31,2.29,18.64,151.02,2.53,38.5,79.17,Otel,Strunjire,447,1,Supraincalzire
194,Placuta amovibila,CNMG120408,3195,363.44,1.53,5.15,56.6,0.91,10.5,74.02,Aluminiu,Strunjire,107,0,Niciunul
195,Placuta amovibila,CNMG120408,4586,1003.49,1.09,11.92,80.98,2.77,75.6,85.74,Inox,Strunjire,177,1,Uzura excesiva
196,Placuta amovibila,CNMG120408,4370,667.84,1.84,13.75,69.48,9.48,38.2,102.1,Aluminiu,Strunjire,133,1,Vibratii
197,Placuta amovibila,CNMG120408,2875,300.43,0.77,11.12,82.46,3.77,89.4,77.13,Inox,Strunjire,473,1,Uzura excesiva
198,Placuta amovibila,CNMG120408,2051,670.29,0.96,15.67,56.4,0.85,16.6,72.13,Inox,Strunjire,236,0,Niciunul
199,Placuta amovibila,CNMG120408,2861,336.23,0.2,10.14,35.93,1.52,10.7,67.62,Aluminiu,Strunjire,17,0,Niciunul
200,Placuta amovibila,CNMG120408,2407,858.75,2.63,11.6,64.24,1.74,12.3,67.51,Otel,Strunjire,473,0,Niciunul
201,Placuta amovibila,CNMG120408,3825,407.91,1.76,16.91,87.0,13.76,37.8,98.31,Otel,Strunjire,379,1,Vibratii
202,Placuta amovibila,CNMG120408,1978,1022.01,2.99,9.4,40.75,1.21,5.6,67.64,Aluminiu,Strunjire,277,0,Niciunul
203,Placuta amovibila,CNMG120408,1535,309.9,0.63,9.98,78.79,7.16,35.2,95.38,Aluminiu,Strunjire,261,1,Vibratii
204,Placuta amovibila,CNMG120408,3287,1187.76,2.76,8.18,68.17,1.55,18.3,71.71,Inox,Strunjire,24,0,Niciunul
205,Placuta amovibila,CNMG120408,2027,281.06,1.42,18.36,64.56,1.55,3.6,68.87,Otel,Strunjire,116,0,Niciunul
206,Placuta amovibila,CNMG120408,3075,723.93,0.92,13.88,108.76,2.73,60.1,75.6,Otel,Strunjire,269,1,Uzura excesiva
207,Placuta amovibila,CNMG120408,3590,232.85,2.9,10.7,80.1,12.44,28.4,92.52,Otel,Strunjire,143,1,Vibratii
208,Placuta amovibila,CNMG120408,2657,1080.49,0.52,13.61,85.56,4.72,95.2,79.43,Aluminiu,Strunjire,62,1,Uzura excesiva
209,Placuta amovibila,CNMG120408,2104,478.45,2.86,11.01,150.69,2.29,36.7,76.6,Aluminiu,Strunjire,374,1,Supraincalzire
210,Placuta amovibila,CNMG120408,4544,406.78,0.66,10.66,42.95,1.83,18.9,63.26,Inox,Strunjire,30,0,Niciunul
211,Placuta amovibila,CNMG120408,2917,965.34,1.4,9.19,143.28,3.39,22.6,82.19,Aluminiu,Strunjire,328,1,Supraincalzire
212,Placuta amovibila,CNMG120408,4639,689.99,1.28,12.74,36.85,1.61,19.4,69.62,Inox,Strunjire,330,0,Niciunul
213,Placuta amovibila,CNMG120408,5817,288.96,0.38,13.29,47.5,1.9,10.6,74.81,Inox,Strunjire,315,0,Niciunul
214,Placuta amovibila,CNMG120408,1753,1087.52,1.35,7.52,60.0,9.18,27.2,90.8,Otel,Strunjire,361,1,Vibratii
215,Placuta amovibila,CNMG120408,3343,877.68,0.82,6.08,39.96,0.98,8.5,73.25,Inox,Strunjire,382,0,Niciunul
216,Placuta amovibila,CNMG120408,1881,949.91,2.97,17.4,164.5,2.91,25.0,83.76,Inox,Strunjire,18,1,Supraincalzire
217,Placuta amovibila,CNMG120408,4319,763.97,2.81,12.6,61.08,0.83,7.0,73.25,Aluminiu,Strunjire,484,0,Niciunul
218,Placuta amovibila,CNMG120408,1962,695.88,1.01,8.58,65.36,10.53,26.3,89.45,Otel,Strunjire,376,1,Vibratii
219,Placuta amovibila,CNMG120408,4820,361.17,1.2,12.48,109.0,3.13,77.6,70.18,Inox,Strunjire,133,1,Uzura excesiva
220,Placuta amovibila,CNMG120408,5619,478.43,0.38,15.1,83.69,2.35,70.4,76.58,Otel,Strunjire,444,1,Uzura excesiva
221,Placuta amovibila,CNMG120408,3186,445.03,1.52,16.27,85.68,6.72,43.2,101.24,Inox,Strunjire,57,1,Vibratii
222,Placuta amovibila,CNMG120408,4170,579.76,2.01,19.61,64.62,8.58,43.9,97.56,Aluminiu,Strunjire,121,1,Vibratii
223,Placuta amovibila,CNMG120408,4350,793.21,2.24,11.63,67.27,0.99,16.1,60.22,Inox,Strunjire,260,0,Niciunul
224,Placuta amovibila,CNMG120408,2437,1182.89,0.69,5.35,49.97,0.86,8.5,65.82,Aluminiu,Strunjire,174,0,Niciunul
225,Placuta amovibila,CNMG120408,2013,427.23,1.3,8.22,79.72,11.5,31.9,103.25,Inox,Strunjire,84,1,Vibratii
226,Placuta amovibila,CNMG120408,1605,1195.55,0.58,9.93,84.52,7.38,39.9,89.36,Aluminiu,Strunjire,54,1,Vibratii
227,Placuta amovibila,CNMG120408,5798,955.72,2.45,14.41,86.72,3.43,76.7,75.7,Otel,Strunjire,34,1,Uzura excesiva
228,Placuta amovibila,CNMG120408,2204,1028.53,2.64,12.11,152.09,2.21,21.8,82.39,Aluminiu,Strunjire,382,1,Supraincalzire
229,Placuta amovibila,CNMG120408,2350,922.13,0.13,16.08,135.43,3.37,29.6,82.98,Inox,Strunjire,428,1,Supraincalzire
230,Placuta amovibila,CNMG120408,4263,701.64,0.99,9.03,105.51,4.5,96.5,70.55,Otel,Strunjire,245,1,Uzura excesiva
231,Placuta amovibila,CNMG120408,3899,352.95,1.97,9.77,55.39,1.04,13.0,64.02,Otel,Strunjire,45,0,Niciunul
232,Placuta amovibila,CNMG120408,4377,1018.35,1.73,7.15,77.97,2.52,89.5,76.14,Inox,Strunjire,124,1,Uzura excesiva
233,Placuta amovibila,CNMG120408,2600,773.55,2.54,9.09,158.16,2.52,35.6,77.35,Inox,Strunjire,28,1,Supraincalzire
234,Placuta amovibila,CNMG120408,1707,1062.99,1.86,8.02,42.4,1.16,11.3,62.74,Aluminiu,Strunjire,21,0,Niciunul
235,Placuta amovibila,CNMG120408,4273,416.78,0.32,19.42,105.22,4.4,89.2,73.1,Inox,Strunjire,383,1,Uzura excesiva
236,Placuta amovibila,CNMG120408,5321,604.15,1.32,18.12,37.47,1.53,15.6,65.47,Otel,Strunjire,133,0,Niciunul
237,Placuta amovibila,CNMG120408,5932,237.79,1.97,18.87,47.97,1.62,2.3,66.1,Aluminiu,Strunjire,407,0,Niciunul
238,Placuta amovibila,CNMG120408,3868,591.36,1.84,13.06,40.72,0.71,1.6,65.76,Otel,Strunjire,440,0,Niciunul
239,Placuta amovibila,CNMG120408,2509,443.21,0.17,5.79,61.77,0.75,14.4,74.49,Otel,Strunjire,31,0,Niciunul
240,Placuta amovibila,CNMG120408,2415,752.55,1.86,17.42,39.07,1.7,6.4,71.93,Otel,Strunjire,147,0,Niciunul
241,Placuta amovibila,CNMG120408,2790,438.46,2.75,11.59,65.58,9.03,34.1,86.61,Otel,Strunjire,166,1,Vibratii
242,Placuta amovibila,CNMG120408,2717,1068.08,0.54,14.99,62.36,1.52,2.8,63.44,Inox,Strunjire,7,0,Niciunul
243,Placuta amovibila,CNMG120408,5408,661.6,0.69,19.91,66.49,12.83,35.6,88.06,Aluminiu,Strunjire,220,1,Vibratii
244,Placuta amovibila,CNMG120408,2277,460.42,0.72,7.26,43.48,1.05,6.9,74.67,Otel,Strunjire,177,0,Niciunul
245,Placuta amovibila,CNMG120408,4464,201.94,1.68,9.93,178.63,3.71,27.2,84.83,Inox,Strunjire,313,1,Supraincalzire
246,Placuta amovibila,CNMG120408,2686,431.55,2.95,10.35,56.68,1.36,6.2,74.83,Inox,Strunjire,44,0,Niciunul
247,Placuta amovibila,CNMG120408,5145,1077.33,1.49,15.99,42.0,0.72,12.1,65.74,Otel,Strunjire,238,0,Niciunul
248,Placuta amovibila,CNMG120408,5607,1005.98,0.57,5.74,47.86,1.73,14.3,60.9,Inox,Strunjire,264,0,Niciunul
249,Placuta amovibila,CNMG120408,4333,508.46,0.63,9.54,164.51,3.69,26.9,79.61,Inox,Strunjire,207,1,Supraincalzire
250,Placuta amovibila,CNMG120408,3595,624.58,1.76,6.68,85.93,9.52,25.5,104.34,Otel,Strunjire,265,1,Vibratii
251,Placuta amovibila,CNMG120408,2788,620.81,1.65,10.48,158.72,3.89,20.6,81.59,Aluminiu,Strunjire,470,1,Supraincalzire
252,Placuta amovibila,CNMG120408,5738,746.25,0.28,5.04,172.82,3.27,37.1,75.91,Otel,Strunjire,377,1,Supraincalzire
253,Placuta amovibila,CNMG120408,3450,895.6,2.48,12.07,43.85,1.13,4.0,61.91,Otel,Strunjire,451,0,Niciunul
254,Placuta amovibila,CNMG120408,2694,557.53,2.22,5.8,93.3,2.09,91.8,70.68,Inox,Strunjire,34,1,Uzura excesiva
255,Placuta amovibila,CNMG120408,2260,1199.44,1.94,7.99,87.19,8.67,26.3,95.47,Otel,Strunjire,164,1,Vibratii
256,Placuta amovibila,CNMG120408,2130,267.04,1.9,16.1,62.2,0.63,19.6,65.79,Otel,Strunjire,237,0,Niciunul
257,Placuta amovibila,CNMG120408,5346,291.39,0.82,5.99,63.1,1.38,11.2,65.04,Inox,Strunjire,31,0,Niciunul
258,Placuta amovibila,CNMG120408,1777,956.62,0.9,8.62,127.66,2.05,28.4,79.04,Otel,Strunjire,93,1,Supraincalzire
259,Placuta amovibila,CNMG120408,2439,335.81,1.22,8.6,122.89,3.12,24.3,80.67,Inox,Strunjire,359,1,Supraincalzire
260,Placuta amovibila,CNMG120408,5775,541.11,1.87,13.89,53.81,1.37,7.6,67.24,Inox,Strunjire,377,0,Niciunul
261,Placuta amovibila,CNMG120408,4591,992.87,1.2,6.74,82.28,3.67,88.1,72.03,Inox,Strunjire,61,1,Uzura excesiva
262,Placuta amovibila,CNMG120408,5692,365.29,2.43,17.9,45.19,1.3,4.3,73.91,Otel,Strunjire,315,0,Niciunul
263,Placuta amovibila,CNMG120408,5995,689.24,0.6,18.07,46.01,1.5,4.9,67.52,Inox,Strunjire,48,0,Niciunul
264,Placuta amovibila,CNMG120408,5728,740.22,2.2,15.67,84.93,2.71,89.9,84.96,Otel,Strunjire,297,1,Uzura excesiva
265,Placuta amovibila,CNMG120408,4457,622.86,1.8,19.52,157.91,1.64,31.4,75.77,Otel,Strunjire,13,1,Supraincalzire
266,Placuta amovibila,CNMG120408,3402,487.12,1.78,17.74,62.69,0.73,19.6,61.46,Otel,Strunjire,358,0,Niciunul
267,Placuta amovibila,CNMG120408,4144,601.08,2.43,17.81,39.26,1.33,14.5,66.63,Inox,Strunjire,137,0,Niciunul
268,Placuta amovibila,CNMG120408,1618,1194.2,1.22,10.45,65.01,1.55,11.3,65.12,Inox,Strunjire,488,0,Niciunul
269,Placuta amovibila,CNMG120408,2730,1070.44,0.13,6.2,39.62,1.92,0.4,74.74,Otel,Strunjire,275,0,Niciunul
270,Placuta amovibila,CNMG120408,2524,210.56,2.96,10.84,37.01,1.25,13.9,61.41,Aluminiu,Strunjire,34,0,Niciunul
271,Placuta amovibila,CNMG120408,2589,865.85,2.01,19.14,66.42,1.01,8.8,67.3,Otel,Strunjire,320,0,Niciunul
272,Placuta amovibila,CNMG120408,3511,810.79,2.44,11.07,108.1,3.74,73.5,75.8,Aluminiu,Strunjire,424,1,Uzura excesiva
273,Placuta amovibila,CNMG120408,2842,686.06,0.6,13.85,63.15,1.56,8.5,71.04,Aluminiu,Strunjire,194,0,Niciunul
274,Placuta amovibila,CNMG120408,5731,1148.7,0.42,15.61,106.85,4.82,70.0,88.7,Otel,Strunjire,125,1,Uzura excesiva
275,Placuta amovibila,CNMG120408,5272,1112.19,2.47,17.67,68.88,1.92,6.2,65.96,Inox,Strunjire,293,0,Niciunul
276,Placuta amovibila,CNMG120408,3123,509.16,0.56,7.22,59.55,1.3,5.6,64.01,Aluminiu,Strunjire,423,0,Niciunul
277,Placuta amovibila,CNMG120408,5363,257.52,1.78,17.48,125.39,3.46,29.3,82.68,Otel,Strunjire,388,1,Supraincalzire
278,Placuta amovibila,CNMG120408,5053,486.94,1.17,16.2,123.81,3.23,36.1,80.18,Otel,Strunjire,128,1,Supraincalzire
279,Placuta amovibila,CNMG120408,4295,475.91,1.3,6.61,68.99,12.55,34.7,90.57,Otel,Strunjire,462,1,Vibratii
280,Placuta amovibila,CNMG120408,1778,674.02,1.49,12.69,60.68,1.68,0.7,70.91,Aluminiu,Strunjire,238,0,Niciunul
281,Placuta amovibila,CNMG120408,2431,786.44,0.37,13.3,62.43,0.89,0.0,65.72,Otel,Strunjire,467,0,Niciunul
282,Placuta amovibila,CNMG120408,5938,827.75,2.79,14.7,42.21,0.9,5.7,72.22,Aluminiu,Strunjire,228,0,Niciunul
283,Placuta amovibila,CNMG120408,3099,828.59,2.23,19.08,75.37,13.51,43.6,103.02,Otel,Strunjire,448,1,Vibratii
284,Placuta amovibila,CNMG120408,1906,754.03,0.26,10.39,69.68,1.84,17.6,60.99,Aluminiu,Strunjire,233,0,Niciunul
285,Placuta amovibila,CNMG120408,4439,416.32,2.0,16.89,105.41,3.48,63.8,85.11,Inox,Strunjire,459,1,Uzura excesiva
286,Placuta amovibila,CNMG120408,4484,784.4,0.64,11.52,124.59,1.52,21.4,84.63,Aluminiu,Strunjire,10,1,Supraincalzire
287,Placuta amovibila,CNMG120408,5069,802.42,1.37,10.59,68.64,10.96,38.5,91.43,Aluminiu,Strunjire,274,1,Vibratii
288,Placuta amovibila,CNMG120408,4420,359.94,1.46,8.09,59.55,1.77,18.6,66.37,Inox,Strunjire,300,0,Niciunul
289,Placuta amovibila,CNMG120408,1951,458.82,2.81,13.82,40.94,1.29,8.4,71.95,Inox,Strunjire,168,0,Niciunul
290,Placuta amovibila,CNMG120408,3286,279.93,1.62,15.59,85.01,3.4,75.0,76.57,Inox,Strunjire,76,1,Uzura excesiva
291,Placuta amovibila,CNMG120408,1715,990.66,0.29,10.64,137.29,3.98,26.7,80.41,Inox,Strunjire,18,1,Supraincalzire
292,Placuta amovibila,CNMG120408,1858,991.82,0.2,9.93,141.65,2.12,35.3,80.16,Aluminiu,Strunjire,295,1,Supraincalzire
293,Placuta amovibila,CNMG120408,3563,800.23,0.45,8.12,52.43,1.6,17.7,71.85,Otel,Strunjire,231,0,Niciunul
294,Placuta amovibila,CNMG120408,4259,741.55,1.36,9.77,67.66,1.64,10.5,60.57,Otel,Strunjire,312,0,Niciunul
295,Placuta amovibila,CNMG120408,4617,1002.38,1.07,19.57,122.34,2.99,25.3,78.26,Otel,Strunjire,10,1,Supraincalzire
296,Placuta amovibila,CNMG120408,4025,214.26,0.8,5.58,56.77,1.88,7.6,65.43,Otel,Strunjire,147,0,Niciunul
297,Placuta amovibila,CNMG120408,1739,579.93,1.62,13.3,158.29,1.61,35.8,84.39,Aluminiu,Strunjire,189,1,Supraincalzire
298,Placuta amovibila,CNMG120408,5575,1025.08,0.41,8.09,54.76,1.14,13.6,73.26,Aluminiu,Strunjire,259,0,Niciunul
299,Placuta amovibila,CNMG120408,5354,387.78,2.1,10.4,61.17,0.81,3.7,60.67,Otel,Strunjire,456,0,Niciunul
300,Placuta amovibila,CNMG120408,4987,634.03,0.89,11.56,173.13,2.69,23.4,76.83,Aluminiu,Strunjire,454,1,Supraincalzire
301,Placuta amovibila,CNMG120408,5124,226.54,2.78,7.71,65.7,1.44,2.8,60.12,Otel,Strunjire,172,0,Niciunul
302,Placuta amovibila,CNMG120408,1783,460.6,1.85,17.25,158.96,2.42,39.7,76.78,Otel,Strunjire,63,1,Supraincalzire
303,Placuta amovibila,CNMG120408,1925,771.01,1.57,16.21,145.35,3.52,28.8,78.84,Otel,Strunjire,55,1,Supraincalzire
304,Placuta amovibila,CNMG120408,2424,462.5,2.09,13.53,54.71,0.62,18.8,74.19,Aluminiu,Strunjire,128,0,Niciunul
305,Placuta amovibila,CNMG120408,5406,340.33,2.61,9.38,67.34,0.83,15.7,61.45,Inox,Strunjire,74,0,Niciunul
306,Placuta amovibila,CNMG120408,3277,968.4,1.02,13.51,77.87,4.32,94.4,78.2,Aluminiu,Strunjire,2,1,Uzura excesiva
307,Placuta amovibila,CNMG120408,2324,771.74,1.73,8.83,128.06,2.64,20.5,75.89,Inox,Strunjire,317,1,Supraincalzire
308,Placuta amovibila,CNMG120408,2854,376.92,2.14,17.33,63.9,1.09,9.6,63.88,Inox,Strunjire,77,0,Niciunul
309,Placuta amovibila,CNMG120408,4194,1017.82,0.35,15.92,48.06,0.95,2.2,68.95,Inox,Strunjire,401,0,Niciunul
310,Placuta amovibila,CNMG120408,1946,651.64,1.62,9.05,68.01,11.17,29.8,85.06,Otel,Strunjire,448,1,Vibratii
311,Placuta amovibila,CNMG120408,4254,452.14,0.89,15.1,63.46,1.04,2.6,67.84,Inox,Strunjire,167,0,Niciunul
312,Placuta amovibila,CNMG120408,4031,268.53,1.35,18.8,79.6,8.6,38.8,91.7,Inox,Strunjire,254,1,Vibratii
313,Placuta amovibila,CNMG120408,3220,230.55,0.54,19.7,71.61,4.27,87.7,89.19,Inox,Strunjire,6,1,Uzura excesiva
314,Placuta amovibila,CNMG120408,2863,650.09,1.18,14.84,44.81,0.89,9.5,62.76,Aluminiu,Strunjire,230,0,Niciunul
315,Placuta amovibila,CNMG120408,2344,1061.02,1.43,14.28,89.71,7.31,40.1,100.64,Aluminiu,Strunjire,489,1,Vibratii
316,Placuta amovibila,CNMG120408,3522,278.06,1.96,14.03,73.32,12.4,41.9,98.93,Inox,Strunjire,32,1,Vibratii
317,Placuta amovibila,CNMG120408,4029,321.5,1.02,8.49,74.41,2.53,92.4,87.27,Otel,Strunjire,335,1,Uzura excesiva
318,Placuta amovibila,CNMG120408,3816,997.67,2.34,9.68,73.45,11.18,36.0,96.04,Inox,Strunjire,487,1,Vibratii
319,Placuta amovibila,CNMG120408,2084,358.76,0.72,14.55,154.86,2.59,27.9,80.16,Inox,Strunjire,407,1,Supraincalzire
320,Placuta amovibila,CNMG120408,5108,770.61,0.98,6.14,42.75,0.84,11.3,70.12,Otel,Strunjire,92,0,Niciunul
321,Placuta amovibila,CNMG120408,3672,209.38,2.98,5.55,100.81,4.89,67.8,84.17,Inox,Strunjire,4,1,Uzura excesiva
322,Placuta amovibila,CNMG120408,4248,402.42,2.69,19.64,47.54,1.45,4.1,73.67,Otel,Strunjire,246,0,Niciunul
323,Placuta amovibila,CNMG120408,5483,1128.45,2.93,13.1,63.46,12.35,39.2,92.11,Inox,Strunjire,155,1,Vibratii
324,Placuta amovibila,CNMG120408,4549,423.96,1.52,16.49,72.07,2.63,92.3,74.67,Aluminiu,Strunjire,475,1,Uzura excesiva
325,Placuta amovibila,CNMG120408,2641,738.98,2.51,12.68,54.03,1.59,3.0,64.65,Inox,Strunjire,292,0,Niciunul
326,Placuta amovibila,CNMG120408,2912,1137.36,1.74,11.4,96.19,4.15,82.7,71.61,Aluminiu,Strunjire,339,1,Uzura excesiva
327,Placuta amovibila,CNMG120408,5528,549.66,2.51,13.85,41.9,1.24,16.0,68.44,Aluminiu,Strunjire,18,0,Niciunul
328,Placuta amovibila,CNMG120408,2528,860.32,1.25,7.9,175.36,3.88,34.3,79.09,Otel,Strunjire,114,1,Supraincalzire
329,Placuta amovibila,CNMG120408,5862,328.49,2.0,14.53,58.41,1.77,9.7,65.51,Otel,Strunjire,25,0,Niciunul
330,Placuta amovibila,CNMG120408,5158,395.12,0.15,13.98,45.5,1.55,17.4,68.03,Inox,Strunjire,497,0,Niciunul
331,Placuta amovibila,CNMG120408,3895,478.92,0.95,17.36,133.67,2.71,37.8,75.34,Aluminiu,Strunjire,472,1,Supraincalzire
332,Placuta amovibila,CNMG120408,1705,493.09,2.92,16.77,83.46,4.32,70.3,89.99,Inox,Strunjire,441,1,Uzura excesiva
333,Placuta amovibila,CNMG120408,4710,956.62,1.59,8.16,45.17,0.97,7.1,60.64,Inox,Strunjire,104,0,Niciunul
334,Placuta amovibila,CNMG120408,2048,454.29,1.14,6.74,36.97,1.84,0.8,73.15,Inox,Strunjire,86,0,Niciunul
335,Placuta amovibila,CNMG120408,1796,410.97,0.71,15.84,59.76,1.07,10.8,71.05,Inox,Strunjire,190,0,Niciunul
336,Placuta amovibila,CNMG120408,5825,752.49,1.79,18.39,62.75,1.27,4.0,61.11,Aluminiu,Strunjire,167,0,Niciunul
337,Placuta amovibila,CNMG120408,4866,1141.17,1.89,6.18,73.37,10.96,46.6,96.34,Aluminiu,Strunjire,290,1,Vibratii
338,Placuta amovibila,CNMG120408,4366,1154.04,0.61,9.35,73.34,4.04,89.2,71.54,Aluminiu,Strunjire,129,1,Uzura excesiva
339,Placuta amovibila,CNMG120408,2402,207.96,1.92,9.73,49.46,1.05,9.1,60.54,Inox,Strunjire,21,0,Niciunul
340,Placuta amovibila,CNMG120408,2113,1074.45,0.34,5.11,48.81,1.6,5.3,61.38,Aluminiu,Strunjire,94,0,Niciunul
341,Placuta amovibila,CNMG120408,4414,920.62,1.11,12.56,103.24,3.7,60.4,80.11,Inox,Strunjire,179,1,Uzura excesiva
342,Placuta amovibila,CNMG120408,2707,870.91,0.36,12.83,76.65,9.5,29.1,102.76,Otel,Strunjire,263,1,Vibratii
343,Placuta amovibila,CNMG120408,4036,228.55,1.69,15.16,134.91,3.29,25.4,83.12,Aluminiu,Strunjire,127,1,Supraincalzire
344,Placuta amovibila,CNMG120408,3165,372.78,1.94,5.16,81.06,7.08,32.5,100.88,Otel,Strunjire,233,1,Vibratii
345,Placuta amovibila,CNMG120408,4825,1142.03,2.51,16.52,179.1,1.63,24.2,79.97,Aluminiu,Strunjire,183,1,Supraincalzire
346,Placuta amovibila,CNMG120408,5064,402.58,1.92,11.47,41.94,1.5,9.0,66.63,Inox,Strunjire,258,0,Niciunul
347,Placuta amovibila,CNMG120408,2099,1019.38,1.81,6.3,55.34,0.59,1.4,63.72,Aluminiu,Strunjire,459,0,Niciunul
348,Placuta amovibila,CNMG120408,4446,441.95,2.75,6.53,168.73,3.3,39.9,84.15,Otel,Strunjire,124,1,Supraincalzire
349,Placuta amovibila,CNMG120408,4347,1124.2,2.36,11.99,69.68,0.91,0.8,65.31,Aluminiu,Strunjire,378,0,Niciunul
350,Placuta amovibila,CNMG120408,3392,772.69,0.7,19.54,63.78,0.85,11.2,65.28,Inox,Strunjire,81,0,Niciunul
351,Placuta amovibila,CNMG120408,1669,584.27,1.48,13.0,82.3,8.41,20.3,93.72,Otel,Strunjire,258,1,Vibratii
352,Placuta amovibila,CNMG120408,4666,1091.58,2.33,19.54,84.4,4.73,62.4,78.54,Otel,Strunjire,415,1,Uzura excesiva
353,Placuta amovibila,CNMG120408,3216,852.65,2.24,11.84,58.82,1.76,5.1,69.17,Otel,Strunjire,471,0,Niciunul
354,Placuta amovibila,CNMG120408,2556,457.01,1.55,6.19,57.15,1.79,8.9,64.0,Otel,Strunjire,329,0,Niciunul
355,Placuta amovibila,CNMG120408,2000,381.72,2.27,16.54,59.28,1.98,15.5,63.89,Inox,Strunjire,192,0,Niciunul
356,Placuta amovibila,CNMG120408,2267,256.96,2.49,18.32,171.83,1.62,30.3,75.32,Otel,Strunjire,458,1,Supraincalzire
357,Placuta amovibila,CNMG120408,3234,238.02,0.57,8.36,87.98,10.16,43.1,85.75,Otel,Strunjire,165,1,Vibratii
358,Placuta amovibila,CNMG120408,3326,276.71,0.36,19.48,62.28,1.74,13.5,63.24,Inox,Strunjire,460,0,Niciunul
359,Placuta amovibila,CNMG120408,3232,893.57,0.31,6.87,43.5,0.75,5.0,72.34,Otel,Strunjire,199,0,Niciunul
360,Placuta amovibila,CNMG120408,5515,290.27,2.79,8.73,44.07,1.33,14.0,61.64,Inox,Strunjire,260,0,Niciunul
361,Placuta amovibila,CNMG120408,3574,1175.57,2.51,16.61,122.37,3.25,20.9,77.7,Inox,Strunjire,253,1,Supraincalzire
362,Placuta amovibila,CNMG120408,1955,424.79,0.92,14.09,43.09,1.32,10.1,61.68,Otel,Strunjire,440,0,Niciunul
363,Placuta amovibila,CNMG120408,3512,259.07,2.35,13.16,105.37,3.64,82.0,88.12,Inox,Strunjire,233,1,Uzura excesiva
364,Placuta amovibila,CNMG120408,3040,1053.26,2.87,17.37,150.49,2.56,27.1,83.63,Inox,Strunjire,298,1,Supraincalzire
365,Placuta amovibila,CNMG120408,5736,226.34,0.48,13.12,41.58,0.73,15.2,69.01,Aluminiu,Strunjire,91,0,Niciunul
366,Placuta amovibila,CNMG120408,5976,780.81,1.1,18.89,52.16,1.13,4.2,62.49,Aluminiu,Strunjire,45,0,Niciunul
367,Placuta amovibila,CNMG120408,5692,206.66,1.85,19.83,123.26,3.21,34.0,75.5,Otel,Strunjire,131,1,Supraincalzire
368,Placuta amovibila,CNMG120408,4369,592.3,1.38,15.94,75.08,4.07,87.5,89.11,Aluminiu,Strunjire,358,1,Uzura excesiva
369,Placuta amovibila,CNMG120408,5342,816.17,1.93,10.73,174.8,3.6,37.6,77.36,Aluminiu,Strunjire,84,1,Supraincalzire
370,Placuta amovibila,CNMG120408,5389,628.75,2.14,6.21,58.96,1.1,14.5,72.12,Aluminiu,Strunjire,99,0,Niciunul
371,Placuta amovibila,CNMG120408,3578,224.04,1.38,7.33,122.17,3.19,33.5,76.89,Otel,Strunjire,246,1,Supraincalzire
372,Placuta amovibila,CNMG120408,4848,918.9,0.2,19.52,159.27,3.0,23.9,80.14,Otel,Strunjire,258,1,Supraincalzire
373,Placuta amovibila,CNMG120408,5312,895.0,2.36,6.35,90.04,3.5,71.9,80.4,Aluminiu,Strunjire,8,1,Uzura excesiva
374,Placuta amovibila,CNMG120408,5217,825.29,1.57,11.11,41.31,1.67,1.9,61.61,Otel,Strunjire,448,0,Niciunul
375,Placuta amovibila,CNMG120408,1853,352.15,2.96,10.42,69.96,12.01,41.3,95.67,Inox,Strunjire,312,1,Vibratii
376,Placuta amovibila,CNMG120408,1711,271.78,2.93,11.41,161.21,3.89,20.1,77.29,Inox,Strunjire,197,1,Supraincalzire
377,Placuta amovibila,CNMG120408,4821,1167.48,1.94,10.46,175.08,3.74,38.9,81.52,Aluminiu,Strunjire,88,1,Supraincalzire
378,Placuta amovibila,CNMG120408,3787,455.13,2.66,19.82,54.92,1.12,10.4,68.34,Aluminiu,Strunjire,37,0,Niciunul
379,Placuta amovibila,CNMG120408,4973,550.18,1.71,17.75,66.09,1.72,17.7,62.56,Otel,Strunjire,153,0,Niciunul
380,Placuta amovibila,CNMG120408,3492,1198.07,1.64,6.76,87.86,9.78,45.8,89.13,Aluminiu,Strunjire,409,1,Vibratii
381,Placuta amovibila,CNMG120408,2291,1082.23,1.74,16.19,45.72,0.7,17.7,71.04,Otel,Strunjire,355,0,Niciunul
382,Placuta amovibila,CNMG120408,3458,851.1,2.01,18.99,137.03,2.29,24.5,77.74,Inox,Strunjire,257,1,Supraincalzire
383,Placuta amovibila,CNMG120408,5203,612.72,0.11,16.35,69.34,1.18,18.9,74.45,Otel,Strunjire,190,0,Niciunul
384,Placuta amovibila,CNMG120408,3702,796.32,0.34,18.44,82.99,9.48,35.9,93.78,Otel,Strunjire,99,1,Vibratii
385,Placuta amovibila,CNMG120408,3887,272.05,0.79,13.12,51.68,1.32,8.1,60.41,Otel,Strunjire,280,0,Niciunul
386,Placuta amovibila,CNMG120408,4501,1172.69,0.15,17.7,154.37,2.75,27.2,75.68,Otel,Strunjire,97,1,Supraincalzire
387,Placuta amovibila,CNMG120408,1511,1166.28,0.78,13.79,45.72,0.85,5.2,70.58,Otel,Strunjire,303,0,Niciunul
388,Placuta amovibila,CNMG120408,3981,1028.38,0.71,19.42,38.38,0.65,5.1,60.22,Aluminiu,Strunjire,488,0,Niciunul
389,Placuta amovibila,CNMG120408,3669,864.36,0.1,13.91,44.93,1.53,3.8,61.87,Inox,Strunjire,489,0,Niciunul
390,Placuta amovibila,CNMG120408,5003,707.18,2.16,12.79,63.52,1.91,12.4,69.71,Otel,Strunjire,61,0,Niciunul
391,Placuta amovibila,CNMG120408,5051,1131.75,2.64,13.44,48.21,1.53,6.9,65.24,Otel,Strunjire,355,0,Niciunul
392,Placuta amovibila,CNMG120408,5058,353.15,1.77,19.54,61.77,13.94,38.2,90.55,Inox,Strunjire,248,1,Vibratii
393,Placuta amovibila,CNMG120408,4688,854.0,1.35,15.31,134.68,1.88,32.5,75.67,Inox,Strunjire,345,1,Supraincalzire
394,Placuta amovibila,CNMG120408,3654,1139.22,2.81,10.03,69.55,1.63,15.3,60.0,Aluminiu,Strunjire,286,0,Niciunul
395,Placuta amovibila,CNMG120408,4826,789.25,1.9,5.47,81.53,12.07,46.7,88.12,Inox,Strunjire,398,1,Vibratii
396,Placuta amovibila,CNMG120408,3278,792.88,1.96,5.57,53.9,1.41,8.4,74.04,Inox,Strunjire,496,0,Niciunul
397,Placuta amovibila,CNMG120408,1730,1076.44,2.36,11.25,99.98,3.52,73.3,77.86,Inox,Strunjire,142,1,Uzura excesiva
398,Placuta amovibila,CNMG120408,2614,547.06,2.95,13.12,69.31,0.58,17.7,71.76,Otel,Strunjire,211,0,Niciunul
399,Placuta amovibila,CNMG120408,2203,591.93,1.13,17.84,70.31,11.94,25.8,101.49,Aluminiu,Strunjire,146,1,Vibratii
400,Placuta amovibila,CNMG120408,4990,532.13,0.23,15.8,41.37,1.65,18.1,63.68,Otel,Strunjire,205,0,Niciunul
401,Placuta amovibila,CNMG120408,5722,532.88,2.02,12.84,59.89,1.13,0.9,64.69,Inox,Strunjire,365,0,Niciunul
402,Placuta amovibila,CNMG120408,1886,445.73,1.95,11.59,42.7,1.23,6.5,60.4,Otel,Strunjire,244,0,Niciunul
403,Placuta amovibila,CNMG120408,2520,586.51,1.54,8.21,56.17,0.59,18.4,65.74,Inox,Strunjire,237,0,Niciunul
404,Placuta amovibila,CNMG120408,5958,591.0,0.14,10.81,47.54,0.71,12.1,73.0,Aluminiu,Strunjire,446,0,Niciunul
405,Placuta amovibila,CNMG120408,3326,711.29,1.84,8.74,70.52,8.58,48.7,95.53,Inox,Strunjire,411,1,Vibratii
406,Placuta amovibila,CNMG120408,2748,783.93,0.67,5.39,41.6,0.98,6.3,69.63,Otel,Strunjire,67,0,Niciunul
407,Placuta amovibila,CNMG120408,4515,1090.86,1.63,8.67,69.92,1.8,18.9,66.08,Aluminiu,Strunjire,135,0,Niciunul
408,Placuta amovibila,CNMG120408,2548,610.94,0.25,14.69,57.56,0.75,17.0,65.15,Aluminiu,Strunjire,231,0,Niciunul
409,Placuta amovibila,CNMG120408,1622,202.2,2.61,18.46,53.42,0.8,16.0,65.5,Aluminiu,Strunjire,9,0,Niciunul
410,Placuta amovibila,CNMG120408,3587,340.22,2.26,7.43,61.02,1.08,12.4,74.45,Otel,Strunjire,472,0,Niciunul
411,Placuta amovibila,CNMG120408,1996,578.85,1.38,12.34,70.35,13.78,46.1,92.42,Inox,Strunjire,339,1,Vibratii
412,Placuta amovibila,CNMG120408,4783,570.34,1.77,19.67,92.64,4.32,73.6,86.54,Otel,Strunjire,153,1,Uzura excesiva
413,Placuta amovibila,CNMG120408,4592,249.09,2.23,7.61,134.78,3.3,37.1,80.22,Otel,Strunjire,263,1,Supraincalzire
414,Placuta amovibila,CNMG120408,5640,824.18,2.92,10.26,83.55,2.48,93.1,85.48,Otel,Strunjire,293,1,Uzura excesiva
415,Placuta amovibila,CNMG120408,5464,1122.41,0.17,9.83,67.75,1.68,2.5,60.93,Otel,Strunjire,235,0,Niciunul
416,Placuta amovibila,CNMG120408,3742,1125.08,0.57,6.65,49.57,0.7,8.8,69.75,Aluminiu,Strunjire,144,0,Niciunul
417,Placuta amovibila,CNMG120408,4399,516.61,1.49,16.56,38.23,0.56,18.0,65.26,Otel,Strunjire,253,0,Niciunul
418,Placuta amovibila,CNMG120408,4114,830.84,2.46,16.74,62.65,0.75,14.0,60.6,Inox,Strunjire,250,0,Niciunul
419,Placuta amovibila,CNMG120408,2968,1168.14,2.35,10.11,44.02,1.39,18.2,72.67,Otel,Strunjire,41,0,Niciunul
420,Placuta amovibila,CNMG120408,2639,1002.98,1.77,19.51,44.62,0.55,3.9,73.96,Inox,Strunjire,444,0,Niciunul
421,Placuta amovibila,CNMG120408,2678,304.87,1.14,12.45,61.77,7.71,37.9,94.41,Inox,Strunjire,132,1,Vibratii
422,Placuta amovibila,CNMG120408,2281,865.95,2.32,13.76,64.55,12.67,29.3,102.48,Aluminiu,Strunjire,231,1,Vibratii
423,Placuta amovibila,CNMG120408,4948,464.89,1.38,19.82,37.64,0.87,2.0,74.89,Inox,Strunjire,63,0,Niciunul
424,Placuta amovibila,CNMG120408,5371,1146.3,2.99,19.12,38.26,1.8,14.4,60.35,Aluminiu,Strunjire,267,0,Niciunul
425,Placuta amovibila,CNMG120408,4972,1168.38,1.77,16.78,108.75,4.05,77.4,75.04,Otel,Strunjire,88,1,Uzura excesiva
426,Placuta amovibila,CNMG120408,3695,396.87,2.57,6.06,35.46,1.71,8.8,66.74,Otel,Strunjire,384,0,Niciunul
427,Placuta amovibila,CNMG120408,5361,938.2,1.17,12.01,92.06,3.94,62.1,82.96,Otel,Strunjire,166,1,Uzura excesiva
428,Placuta amovibila,CNMG120408,4160,228.01,0.59,7.63,62.79,1.36,5.9,73.84,Otel,Strunjire,141,0,Niciunul
429,Placuta amovibila,CNMG120408,2221,776.92,0.24,11.07,60.64,11.98,47.2,92.13,Otel,Strunjire,459,1,Vibratii
430,Placuta amovibila,CNMG120408,5314,602.5,2.01,5.4,81.8,3.3,62.7,79.7,Otel,Strunjire,366,1,Uzura excesiva
431,Placuta amovibila,CNMG120408,2773,823.96,0.64,5.49,55.91,0.65,10.4,74.26,Otel,Strunjire,401,0,Niciunul
432,Placuta amovibila,CNMG120408,3066,869.06,0.31,16.03,49.08,1.25,0.4,74.88,Aluminiu,Strunjire,243,0,Niciunul
433,Placuta amovibila,CNMG120408,4456,1001.32,1.54,11.09,43.6,1.81,11.3,66.22,Inox,Strunjire,399,0,Niciunul
434,Placuta amovibila,CNMG120408,4793,1195.0,0.98,14.23,49.03,1.25,4.8,61.58,Inox,Strunjire,347,0,Niciunul
435,Placuta amovibila,CNMG120408,2542,375.28,0.38,14.26,59.8,0.99,9.1,74.5,Aluminiu,Strunjire,401,0,Niciunul
436,Placuta amovibila,CNMG120408,5041,475.37,1.9,7.95,54.09,1.88,15.7,64.39,Otel,Strunjire,292,0,Niciunul
437,Placuta amovibila,CNMG120408,3965,213.52,2.17,10.18,67.77,0.5,11.6,63.46,Inox,Strunjire,275,0,Niciunul
438,Placuta amovibila,CNMG120408,4181,994.91,1.72,17.27,63.07,1.27,10.0,70.05,Aluminiu,Strunjire,45,0,Niciunul
439,Placuta amovibila,CNMG120408,4463,492.31,1.9,5.11,51.24,0.93,12.3,67.39,Aluminiu,Strunjire,450,0,Niciunul
440,Placuta amovibila,CNMG120408,1891,239.75,1.71,17.8,77.78,2.02,66.8,78.63,Inox,Strunjire,16,1,Uzura excesiva
441,Placuta amovibila,CNMG120408,4651,871.27,1.06,14.4,39.59,1.33,19.1,62.86,Inox,Strunjire,470,0,Niciunul
442,Placuta amovibila,CNMG120408,2795,264.15,0.99,11.9,69.01,1.89,18.6,72.37,Otel,Strunjire,239,0,Niciunul
443,Placuta amovibila,CNMG120408,3187,1029.18,0.26,8.71,62.83,1.16,6.3,70.45,Otel,Strunjire,237,0,Niciunul
444,Placuta amovibila,CNMG120408,3221,1017.44,2.81,15.54,164.5,2.55,20.6,81.76,Inox,Strunjire,136,1,Supraincalzire
445,Placuta amovibila,CNMG120408,2426,225.06,2.81,15.24,68.59,1.3,18.6,64.3,Inox,Strunjire,452,0,Niciunul
446,Placuta amovibila,CNMG120408,4119,461.34,1.76,6.44,93.37,3.72,64.3,74.99,Otel,Strunjire,222,1,Uzura excesiva
447,Placuta amovibila,CNMG120408,3032,754.54,1.62,17.25,41.74,0.59,7.0,62.28,Inox,Strunjire,429,0,Niciunul
448,Placuta amovibila,CNMG120408,1816,1000.45,1.44,7.21,67.66,9.17,46.6,86.09,Inox,Strunjire,255,1,Vibratii
449,Placuta amovibila,CNMG120408,5765,741.65,2.86,9.38,60.94,7.44,28.6,99.81,Aluminiu,Strunjire,385,1,Vibratii
450,Placuta amovibila,CNMG120408,2059,1074.58,0.48,13.95,101.39,3.69,80.6,78.24,Aluminiu,Strunjire,37,1,Uzura excesiva
451,Placuta amovibila,CNMG120408,2770,912.86,2.5,13.86,154.86,1.67,31.4,84.8,Inox,Strunjire,281,1,Supraincalzire
452,Placuta amovibila,CNMG120408,5663,1139.45,0.39,17.31,37.93,0.97,19.8,73.43,Aluminiu,Strunjire,146,0,Niciunul
453,Placuta amovibila,CNMG120408,5965,586.49,2.48,16.59,48.58,1.11,16.5,70.41,Otel,Strunjire,282,0,Niciunul
454,Placuta amovibila,CNMG120408,3757,1065.06,2.62,18.1,63.46,1.11,10.6,64.83,Inox,Strunjire,433,0,Niciunul
455,Placuta amovibila,CNMG120408,3519,965.73,0.88,9.25,84.96,3.72,66.8,85.32,Inox,Strunjire,315,1,Uzura excesiva
456,Placuta amovibila,CNMG120408,3941,856.03,1.71,15.12,62.45,13.76,33.9,104.56,Inox,Strunjire,276,1,Vibratii
457,Placuta amovibila,CNMG120408,5359,479.43,0.12,8.23,63.34,1.85,12.8,61.92,Otel,Strunjire,291,0,Niciunul
458,Placuta amovibila,CNMG120408,3075,1031.83,1.08,6.91,60.54,11.07,48.2,88.42,Otel,Strunjire,366,1,Vibratii
459,Placuta amovibila,CNMG120408,1821,1172.88,0.2,16.96,39.31,0.84,19.4,60.49,Otel,Strunjire,155,0,Niciunul
460,Placuta amovibila,CNMG120408,4049,1165.91,1.84,13.11,92.36,4.12,88.9,83.86,Aluminiu,Strunjire,390,1,Uzura excesiva
461,Placuta amovibila,CNMG120408,5723,991.45,1.36,15.98,92.13,3.22,95.3,79.56,Otel,Strunjire,13,1,Uzura excesiva
462,Placuta amovibila,CNMG120408,5045,375.17,1.29,9.38,66.12,0.93,5.1,70.49,Otel,Strunjire,134,0,Niciunul
463,Placuta amovibila,CNMG120408,2222,440.84,2.1,14.89,52.65,1.34,8.8,67.19,Otel,Strunjire,435,0,Niciunul
464,Placuta amovibila,CNMG120408,4001,949.33,2.36,14.41,98.07,3.72,88.7,84.86,Otel,Strunjire,249,1,Uzura excesiva
465,Placuta amovibila,CNMG120408,5181,1052.72,0.94,11.27,88.74,3.03,76.3,71.17,Aluminiu,Strunjire,102,1,Uzura excesiva
466,Placuta amovibila,CNMG120408,4871,520.52,2.99,11.0,74.97,11.07,32.9,103.4,Inox,Strunjire,396,1,Vibratii
467,Placuta amovibila,CNMG120408,4607,702.45,1.45,9.52,89.16,2.35,81.4,87.07,Inox,Strunjire,132,1,Uzura excesiva
468,Placuta amovibila,CNMG120408,4545,1171.69,2.84,9.32,141.42,3.66,38.3,82.65,Inox,Strunjire,296,1,Supraincalzire
469,Placuta amovibila,CNMG120408,5358,441.42,0.67,11.49,47.44,0.51,6.4,71.93,Aluminiu,Strunjire,155,0,Niciunul
470,Placuta amovibila,CNMG120408,4974,1091.09,0.15,18.41,94.11,2.6,65.0,71.35,Aluminiu,Strunjire,168,1,Uzura excesiva
471,Placuta amovibila,CNMG120408,5682,1182.21,0.24,14.81,124.83,2.88,36.1,79.17,Otel,Strunjire,309,1,Supraincalzire
472,Placuta amovibila,CNMG120408,2617,1039.8,0.43,9.12,165.0,2.26,28.5,77.26,Aluminiu,Strunjire,206,1,Supraincalzire
473,Placuta amovibila,CNMG120408,4306,518.96,2.15,17.92,81.9,2.57,93.9,73.16,Otel,Strunjire,315,1,Uzura excesiva
474,Placuta amovibila,CNMG120408,1816,810.98,2.46,14.41,56.93,1.33,3.6,60.64,Inox,Strunjire,274,0,Niciunul
475,Placuta amovibila,CNMG120408,5248,401.17,2.8,10.89,79.8,7.35,20.3,86.68,Inox,Strunjire,322,1,Vibratii
476,Placuta amovibila,CNMG120408,5043,824.64,0.68,18.96,65.67,1.85,4.2,64.46,Inox,Strunjire,36,0,Niciunul
477,Placuta amovibila,CNMG120408,5957,414.0,2.15,8.01,48.17,1.09,0.6,74.49,Otel,Strunjire,347,0,Niciunul
478,Placuta amovibila,CNMG120408,3597,774.33,2.73,7.25,95.04,3.63,87.8,79.48,Inox,Strunjire,136,1,Uzura excesiva
479,Placuta amovibila,CNMG120408,2250,1008.69,0.39,5.2,88.76,4.47,67.2,79.64,Inox,Strunjire,100,1,Uzura excesiva
480,Placuta amovibila,CNMG120408,1619,205.95,0.57,8.79,64.59,1.67,1.8,74.52,Aluminiu,Strunjire,308,0,Niciunul
481,Placuta amovibila,CNMG120408,2962,867.95,0.29,19.56,76.02,4.77,92.7,82.37,Otel,Strunjire,386,1,Uzura excesiva
482,Placuta amovibila,CNMG120408,4665,763.01,0.89,5.32,44.66,0.68,2.6,61.1,Otel,Strunjire,206,0,Niciunul
483,Placuta amovibila,CNMG120408,4539,974.79,0.91,14.5,50.29,1.66,13.8,61.6,Aluminiu,Strunjire,210,0,Niciunul
484,Placuta amovibila,CNMG120408,4198,370.05,2.96,11.04,73.87,8.52,40.1,99.32,Aluminiu,Strunjire,160,1,Vibratii
485,Placuta amovibila,CNMG120408,3109,889.37,1.38,16.08,64.65,1.57,19.7,72.97,Inox,Strunjire,324,0,Niciunul
486,Placuta amovibila,CNMG120408,3098,1120.41,1.94,9.86,137.46,1.87,37.1,77.07,Aluminiu,Strunjire,227,1,Supraincalzire
487,Placuta amovibila,CNMG120408,5769,640.7,2.92,9.5,90.98,2.02,94.0,89.49,Aluminiu,Strunjire,458,1,Uzura excesiva
488,Placuta amovibila,CNMG120408,5866,677.15,2.03,13.73,141.77,3.76,36.9,81.19,Aluminiu,Strunjire,171,1,Supraincalzire
489,Placuta amovibila,CNMG120408,5153,490.67,1.93,7.44,65.05,0.97,4.6,63.08,Otel,Strunjire,182,0,Niciunul
490,Placuta amovibila,CNMG120408,4819,808.79,0.92,18.83,66.94,0.73,2.0,63.52,Inox,Strunjire,172,0,Niciunul
491,Placuta amovibila,CNMG120408,2780,1012.54,1.74,16.39,126.01,1.7,36.9,82.19,Inox,Strunjire,420,1,Supraincalzire
492,Placuta amovibila,CNMG120408,3475,1020.34,0.62,19.64,66.88,1.33,11.6,66.19,Inox,Strunjire,317,0,Niciunul
493,Placuta amovibila,CNMG120408,3590,448.8,0.43,5.85,70.31,11.07,49.8,95.11,Inox,Strunjire,146,1,Vibratii
494,Placuta amovibila,CNMG120408,3349,1017.09,0.15,17.72,64.91,1.07,17.6,66.83,Otel,Strunjire,208,0,Niciunul
495,Placuta amovibila,CNMG120408,4423,990.58,2.63,11.05,44.48,1.19,7.9,73.92,Otel,Strunjire,361,0,Niciunul
496,Placuta amovibila,CNMG120408,5096,936.35,2.87,5.73,73.08,3.62,61.9,85.27,Inox,Strunjire,235,1,Uzura excesiva
497,Placuta amovibila,CNMG120408,2460,860.74,1.1,5.34,40.28,1.0,11.7,61.1,Otel,Strunjire,169,0,Niciunul
498,Placuta amovibila,CNMG120408,5027,478.95,0.35,14.13,168.97,1.72,38.1,75.36,Otel,Strunjire,133,1,Supraincalzire
499,Placuta amovibila,CNMG120408,4579,493.42,2.91,14.31,64.14,1.07,5.8,62.36,Inox,Strunjire,5,0,Niciunul
500,Placuta amovibila,CNMG120408,3761,941.24,1.54,17.33,59.52,0.81,3.8,68.84,Inox,Strunjire,290,0,Niciunul
501,Placuta amovibila,CNMG120408,3721,849.18,1.49,12.08,61.94,10.94,45.0,104.44,Inox,Strunjire,85,1,Vibratii
502,Placuta amovibila,CNMG120408,1630,680.39,1.5,12.94,90.78,4.33,84.5,77.63,Otel,Strunjire,41,1,Uzura excesiva
503,Placuta amovibila,CNMG120408,1586,566.28,2.87,17.43,156.97,3.64,28.3,83.17,Aluminiu,Strunjire,88,1,Supraincalzire
504,Placuta amovibila,CNMG120408,5526,998.04,1.71,19.21,89.77,8.71,44.5,91.33,Aluminiu,Strunjire,442,1,Vibratii
505,Placuta amovibila,CNMG120408,2736,892.92,1.99,14.18,48.24,1.2,10.3,73.41,Aluminiu,Strunjire,346,0,Niciunul
506,Placuta amovibila,CNMG120408,1709,1157.59,2.92,11.86,89.16,13.16,33.2,96.45,Inox,Strunjire,67,1,Vibratii
507,Placuta amovibila,CNMG120408,2009,288.04,2.49,13.49,52.06,1.59,19.3,66.0,Otel,Strunjire,294,0,Niciunul
508,Placuta amovibila,CNMG120408,1508,403.02,0.51,16.5,148.63,2.49,20.9,78.87,Inox,Strunjire,199,1,Supraincalzire
509,Placuta amovibila,CNMG120408,5914,713.87,0.68,6.32,82.48,12.03,44.3,101.06,Otel,Strunjire,228,1,Vibratii
510,Placuta amovibila,CNMG120408,2640,684.31,0.3,5.57,41.39,1.68,13.3,69.35,Inox,Strunjire,412,0,Niciunul
511,Placuta amovibila,CNMG120408,5255,723.91,1.86,10.31,37.38,1.77,1.4,64.04,Inox,Strunjire,45,0,Niciunul
512,Placuta amovibila,CNMG120408,4928,237.79,2.32,18.01,120.78,1.61,36.6,75.55,Otel,Strunjire,177,1,Supraincalzire
513,Placuta amovibila,CNMG120408,3559,854.06,1.34,18.06,46.59,1.88,14.1,71.73,Aluminiu,Strunjire,208,0,Niciunul
514,Placuta amovibila,CNMG120408,3347,422.99,1.95,13.96,82.18,4.31,78.7,89.06,Inox,Strunjire,175,1,Uzura excesiva
515,Placuta amovibila,CNMG120408,3182,357.23,1.77,18.71,47.12,0.91,7.0,60.78,Inox,Strunjire,415,0,Niciunul
516,Placuta amovibila,CNMG120408,4995,838.64,0.79,16.81,51.9,1.73,16.9,60.01,Aluminiu,Strunjire,33,0,Niciunul
517,Placuta amovibila,CNMG120408,2532,1015.23,2.45,8.89,61.29,0.73,6.8,66.13,Aluminiu,Strunjire,167,0,Niciunul
518,Placuta amovibila,CNMG120408,5928,1114.3,0.12,13.42,135.71,3.14,34.2,78.89,Aluminiu,Strunjire,73,1,Supraincalzire
519,Placuta amovibila,CNMG120408,1888,535.73,2.09,13.8,167.91,3.38,20.6,75.89,Inox,Strunjire,482,1,Supraincalzire
520,Placuta amovibila,CNMG120408,5012,347.6,1.34,8.76,37.55,1.41,6.6,63.21,Otel,Strunjire,352,0,Niciunul
521,Placuta amovibila,CNMG120408,4745,685.67,0.84,5.84,132.25,2.39,38.2,77.53,Otel,Strunjire,297,1,Supraincalzire
522,Placuta amovibila,CNMG120408,4940,228.19,0.55,8.51,69.6,1.59,13.5,68.52,Inox,Strunjire,334,0,Niciunul
523,Placuta amovibila,CNMG120408,4688,994.39,2.13,13.38,100.31,2.07,83.7,70.84,Inox,Strunjire,456,1,Uzura excesiva
524,Placuta amovibila,CNMG120408,5162,1121.29,1.08,12.63,161.79,2.28,35.1,83.71,Inox,Strunjire,208,1,Supraincalzire
525,Placuta amovibila,CNMG120408,2235,943.36,1.0,14.24,62.42,1.13,15.3,64.65,Otel,Strunjire,320,0,Niciunul
526,Placuta amovibila,CNMG120408,3710,630.43,2.29,16.02,41.19,1.1,10.4,65.28,Inox,Strunjire,288,0,Niciunul
527,Placuta amovibila,CNMG120408,2824,901.73,1.98,10.21,71.71,9.57,42.0,99.22,Otel,Strunjire,303,1,Vibratii
528,Placuta amovibila,CNMG120408,4484,684.83,1.72,7.29,81.94,4.49,91.5,72.55,Inox,Strunjire,417,1,Uzura excesiva
529,Placuta amovibila,CNMG120408,5678,1162.37,0.88,14.58,68.49,0.97,11.5,68.15,Inox,Strunjire,487,0,Niciunul
530,Placuta amovibila,CNMG120408,5835,655.95,0.79,12.75,57.23,1.27,14.9,69.06,Otel,Strunjire,246,0,Niciunul
531,Placuta amovibila,CNMG120408,3591,1095.91,2.57,19.3,62.55,0.77,5.0,67.52,Inox,Strunjire,207,0,Niciunul
532,Placuta amovibila,CNMG120408,4824,789.47,2.51,13.04,136.14,3.05,34.6,75.9,Otel,Strunjire,135,1,Supraincalzire
533,Placuta amovibila,CNMG120408,5986,643.7,2.89,17.43,39.18,0.7,8.0,72.0,Aluminiu,Strunjire,449,0,Niciunul
534,Placuta amovibila,CNMG120408,4106,833.56,0.6,5.42,44.6,1.65,8.5,74.98,Aluminiu,Strunjire,223,0,Niciunul
535,Placuta amovibila,CNMG120408,4478,1021.56,2.47,19.51,74.75,13.91,21.0,92.27,Inox,Strunjire,10,1,Vibratii
536,Placuta amovibila,CNMG120408,2751,927.13,0.48,6.04,43.89,0.88,4.7,69.94,Otel,Strunjire,161,0,Niciunul
537,Placuta amovibila,CNMG120408,2811,216.4,1.51,16.3,39.85,1.95,16.8,66.49,Inox,Strunjire,498,0,Niciunul
538,Placuta amovibila,CNMG120408,2958,490.9,0.39,14.24,52.21,1.1,4.6,62.1,Inox,Strunjire,307,0,Niciunul
539,Placuta amovibila,CNMG120408,1903,1092.66,1.56,11.68,76.15,3.83,79.3,70.05,Aluminiu,Strunjire,187,1,Uzura excesiva
540,Placuta amovibila,CNMG120408,2323,1175.35,2.19,14.11,75.76,3.64,82.3,84.26,Aluminiu,Strunjire,180,1,Uzura excesiva
541,Placuta amovibila,CNMG120408,2277,733.92,0.55,12.55,137.42,3.67,38.2,81.2,Otel,Strunjire,62,1,Supraincalzire
542,Placuta amovibila,CNMG120408,2790,507.3,1.48,17.88,56.93,1.78,7.7,72.3,Otel,Strunjire,28,0,Niciunul
543,Placuta amovibila,CNMG120408,4900,889.65,1.2,6.78,77.89,3.17,66.5,74.27,Inox,Strunjire,229,1,Uzura excesiva
544,Placuta amovibila,CNMG120408,2666,453.38,1.05,16.2,57.53,1.96,12.1,65.36,Otel,Strunjire,120,0,Niciunul
545,Placuta amovibila,CNMG120408,4628,526.08,0.53,13.02,38.36,1.71,12.0,70.1,Inox,Strunjire,367,0,Niciunul
546,Placuta amovibila,CNMG120408,3131,1144.46,0.65,5.27,49.37,1.03,4.4,73.38,Inox,Strunjire,305,0,Niciunul
547,Placuta amovibila,CNMG120408,4219,836.81,1.2,10.33,51.43,0.83,16.5,69.38,Aluminiu,Strunjire,258,0,Niciunul
548,Placuta amovibila,CNMG120408,5136,861.61,0.86,5.08,81.5,4.21,73.5,83.82,Inox,Strunjire,403,1,Uzura excesiva
549,Placuta amovibila,CNMG120408,2459,854.21,2.26,17.38,54.79,1.78,10.9,71.48,Aluminiu,Strunjire,289,0,Niciunul
550,Placuta amovibila,CNMG120408,5121,1135.69,0.65,12.77,72.76,3.61,67.1,77.31,Inox,Strunjire,100,1,Uzura excesiva
551,Placuta amovibila,CNMG120408,4984,219.77,2.23,17.74,93.63,2.65,90.7,87.13,Otel,Strunjire,183,1,Uzura excesiva
552,Placuta amovibila,CNMG120408,5197,535.09,0.23,8.04,43.84,1.2,3.4,61.28,Aluminiu,Strunjire,77,0,Niciunul
553,Placuta amovibila,CNMG120408,1540,747.24,2.28,5.96,60.12,6.2,29.5,85.84,Inox,Strunjire,132,1,Vibratii
554,Placuta amovibila,CNMG120408,4577,532.0,1.2,15.69,75.5,4.78,81.2,71.96,Inox,Strunjire,347,1,Uzura excesiva
555,Placuta amovibila,CNMG120408,3067,952.58,2.59,14.52,162.33,3.25,26.1,75.59,Inox,Strunjire,57,1,Supraincalzire
556,Placuta amovibila,CNMG120408,4262,1067.2,1.42,19.3,60.94,6.53,29.2,95.94,Aluminiu,Strunjire,185,1,Vibratii
557,Placuta amovibila,CNMG120408,5709,665.03,2.76,10.68,47.21,1.85,12.9,62.19,Otel,Strunjire,470,0,Niciunul
558,Placuta amovibila,CNMG120408,3873,530.59,0.8,10.59,36.86,1.58,14.1,68.47,Aluminiu,Strunjire,412,0,Niciunul
559,Placuta amovibila,CNMG120408,3277,1130.63,0.76,10.91,68.86,1.23,14.9,63.61,Aluminiu,Strunjire,56,0,Niciunul
560,Placuta amovibila,CNMG120408,3831,699.64,2.48,13.32,45.49,0.91,6.5,69.4,Inox,Strunjire,53,0,Niciunul
561,Placuta amovibila,CNMG120408,1911,990.78,2.94,17.83,35.16,1.65,14.6,72.38,Otel,Strunjire,395,0,Niciunul
562,Placuta amovibila,CNMG120408,5543,591.24,2.57,18.65,66.07,1.59,7.2,69.28,Aluminiu,Strunjire,98,0,Niciunul
563,Placuta amovibila,CNMG120408,5267,896.33,1.24,14.52,44.75,1.68,10.6,62.91,Inox,Strunjire,106,0,Niciunul
564,Placuta amovibila,CNMG120408,2125,877.48,1.93,15.24,62.72,1.13,7.2,70.92,Otel,Strunjire,342,0,Niciunul
565,Placuta amovibila,CNMG120408,3108,893.16,1.91,9.05,69.59,7.6,33.0,93.96,Otel,Strunjire,35,1,Vibratii
566,Placuta amovibila,CNMG120408,4802,866.21,1.18,10.15,174.89,2.85,27.5,77.28,Otel,Strunjire,57,1,Supraincalzire
567,Placuta amovibila,CNMG120408,3014,703.26,1.1,6.85,75.46,8.97,35.2,103.35,Otel,Strunjire,184,1,Vibratii
568,Placuta amovibila,CNMG120408,2066,597.08,1.21,15.36,39.84,1.16,5.7,73.31,Aluminiu,Strunjire,3,0,Niciunul
569,Placuta amovibila,CNMG120408,2578,625.16,1.04,15.88,70.98,12.62,30.4,98.42,Aluminiu,Strunjire,19,1,Vibratii
570,Placuta amovibila,CNMG120408,1581,344.09,2.9,14.54,49.33,1.41,16.7,71.32,Otel,Strunjire,218,0,Niciunul
571,Placuta amovibila,CNMG120408,2001,1009.88,2.31,9.77,62.89,1.25,6.8,63.6,Inox,Strunjire,486,0,Niciunul
572,Placuta amovibila,CNMG120408,5571,374.9,1.24,10.7,43.57,1.47,15.5,70.21,Otel,Strunjire,342,0,Niciunul
573,Placuta amovibila,CNMG120408,4512,846.04,0.86,14.62,40.59,1.93,3.2,63.93,Inox,Strunjire,76,0,Niciunul
574,Placuta amovibila,CNMG120408,3916,1191.0,0.34,7.51,78.99,4.63,97.2,80.99,Otel,Strunjire,64,1,Uzura excesiva
575,Placuta amovibila,CNMG120408,4838,647.5,1.72,12.17,78.98,10.53,20.5,95.65,Otel,Strunjire,360,1,Vibratii
576,Placuta amovibila,CNMG120408,5586,658.11,2.48,13.22,102.08,3.12,69.8,77.07,Otel,Strunjire,422,1,Uzura excesiva
577,Placuta amovibila,CNMG120408,1634,1169.66,1.71,16.65,41.88,0.6,19.2,63.98,Inox,Strunjire,304,0,Niciunul
578,Placuta amovibila,CNMG120408,5311,857.96,2.39,13.76,92.48,4.83,76.2,79.68,Aluminiu,Strunjire,175,1,Uzura excesiva
579,Placuta amovibila,CNMG120408,4377,1037.04,2.62,19.01,83.22,3.6,95.2,82.06,Aluminiu,Strunjire,14,1,Uzura excesiva
580,Placuta amovibila,CNMG120408,3349,387.27,1.29,18.4,80.81,7.8,22.3,97.71,Otel,Strunjire,479,1,Vibratii
581,Placuta amovibila,CNMG120408,1715,442.78,2.13,13.86,74.34,9.85,27.6,98.08,Inox,Strunjire,246,1,Vibratii
582,Placuta amovibila,CNMG120408,2545,1022.7,1.8,18.31,54.84,1.13,6.4,74.34,Aluminiu,Strunjire,107,0,Niciunul
583,Placuta amovibila,CNMG120408,1842,1171.0,2.03,10.96,138.63,1.96,39.4,82.06,Inox,Strunjire,104,1,Supraincalzire
584,Placuta amovibila,CNMG120408,3919,453.57,1.01,10.69,53.54,1.12,10.8,68.82,Inox,Strunjire,95,0,Niciunul
585,Placuta amovibila,CNMG120408,2476,894.52,0.63,7.52,83.64,4.01,70.5,71.57,Inox,Strunjire,387,1,Uzura excesiva
586,Placuta amovibila,CNMG120408,2801,795.28,0.68,5.19,58.79,0.76,6.4,73.09,Inox,Strunjire,448,0,Niciunul
587,Placuta amovibila,CNMG120408,4063,721.54,1.32,13.5,42.69,1.11,19.3,64.86,Aluminiu,Strunjire,490,0,Niciunul
588,Placuta amovibila,CNMG120408,2036,494.58,0.24,15.45,67.18,1.94,17.5,60.11,Aluminiu,Strunjire,302,0,Niciunul
589,Placuta amovibila,CNMG120408,5037,989.76,2.18,14.29,56.91,1.69,2.0,61.48,Inox,Strunjire,458,0,Niciunul
590,Placuta amovibila,CNMG120408,3737,1011.7,1.38,14.29,48.81,1.25,11.5,61.25,Inox,Strunjire,251,0,Niciunul
591,Placuta amovibila,CNMG120408,4838,687.6,2.84,13.09,37.59,0.61,0.4,74.29,Aluminiu,Strunjire,175,0,Niciunul
592,Placuta amovibila,CNMG120408,2440,583.65,1.42,13.02,174.71,1.62,26.2,77.97,Inox,Strunjire,169,1,Supraincalzire
593,Placuta amovibila,CNMG120408,2682,1048.27,0.53,9.99,47.7,0.7,20.0,60.04,Inox,Strunjire,293,0,Niciunul
594,Placuta amovibila,CNMG120408,3465,317.55,1.71,5.51,176.93,2.02,28.6,84.46,Otel,Strunjire,102,1,Supraincalzire
595,Placuta amovibila,CNMG120408,2587,1041.92,2.02,11.18,48.93,1.53,6.5,63.72,Inox,Strunjire,256,0,Niciunul
596,Placuta amovibila,CNMG120408,4397,789.17,0.65,15.76,65.86,1.26,14.8,63.63,Aluminiu,Strunjire,352,0,Niciunul
597,Placuta amovibila,CNMG120408,2580,516.47,1.15,15.08,61.52,1.25,11.3,65.77,Aluminiu,Strunjire,11,0,Niciunul
598,Placuta amovibila,CNMG120408,5003,378.62,1.47,10.27,69.55,0.94,11.0,66.65,Aluminiu,Strunjire,123,0,Niciunul
599,Placuta amovibila,CNMG120408,1907,608.11,1.53,5.25,87.37,13.21,49.8,89.7,Inox,Strunjire,296,1,Vibratii
600,Placuta amovibila,CNMG120408,4476,534.13,1.96,9.17,79.26,7.1,28.8,95.56,Aluminiu,Strunjire,347,1,Vibratii
