ID_Scula,Tip_Scula,Model_Scula,Turatie_RPM,Avans_mm_min,Adancime_Aschiere_mm,Debit_Lichid_racire_L_min,Temperatura_C,Vibratii_mm_s,Uzura_procent,Zgomot_dB,Material_Prelucrat,Tip_Operatie,ID_Lot,Scula_Defecta,Tip_Defect
1,Freza,FREZA CARBURA Ø10 4F,5536,879.59,0.35,5.03,62.86,1.61,12.7,72.9,Otel,Frezare,425,0,Niciunul
2,Freza,FREZA CARBURA Ø10 4F,4158,842.28,2.51,7.64,55.0,11.22,29.5,74.88,Inox,Frezare,131,1,Vibratii
3,Freza,FREZA CARBURA Ø10 4F,2320,934.91,0.15,15.2,65.6,4.56,29.2,67.35,Aluminiu,Frezare,319,1,Vibratii
4,Freza,FREZA CARBURA Ø10 4F,2119,1141.25,0.51,11.94,43.75,0.81,12.3,66.8,Aluminiu,Frezare,446,0,Niciunul
5,Freza,FREZA CARBURA Ø10 4F,1665,641.84,2.61,12.69,64.44,1.02,12.0,65.33,Inox,Frezare,445,0,Niciunul
6,Freza,FREZA CARBURA Ø10 4F,4377,285.02,0.69,15.26,47.73,1.36,12.6,74.2,Inox,Frezare,288,0,Niciunul
7,Freza,FREZA CARBURA Ø10 4F,4506,747.85,1.73,11.2,82.85,5.42,44.4,67.55,Aluminiu,Frezare,256,1,Vibratii
8,Freza,FREZA CARBURA Ø10 4F,5559,337.79,1.74,10.17,65.13,1.18,70.4,64.1,Aluminiu,Frezare,203,1,Uzura excesiva
9,Freza,FREZA CARBURA Ø10 4F,5864,731.72,1.83,7.16,62.82,6.02,44.5,73.0,Inox,Frezare,384,1,Vibratii
10,Freza,FREZA CARBURA Ø10 4F,3345,454.68,1.37,19.43,64.89,1.65,69.0,73.44,Inox,Frezare,99,1,Uzura excesiva
11,Freza,FREZA CARBURA Ø10 4F,4347,470.47,1.44,18.89,99.8,2.97,10.4,63.69,Aluminiu,Frezare,496,1,Niciunul
12,Freza,FREZA CARBURA Ø10 4F,5329,980.22,0.95,10.57,58.98,1.05,1.1,70.71,Inox,Frezare,207,0,Niciunul
13,Freza,FREZA CARBURA Ø10 4F,4784,332.49,2.48,13.59,69.46,2.58,54.6,66.77,Inox,Frezare,156,1,Uzura excesiva
14,Freza,FREZA CARBURA Ø10 4F,2140,600.36,1.54,16.62,84.11,1.45,72.8,73.24,Aluminiu,Frezare,101,1,Uzura excesiva
15,Freza,FREZA CARBURA Ø10 4F,3644,748.84,1.38,16.43,67.37,9.06,28.8,63.34,Otel,Frezare,26,1,Vibratii
16,Freza,FREZA CARBURA Ø10 4F,3081,488.76,1.55,14.6,59.27,0.64,17.4,62.49,Inox,Frezare,7,0,Niciunul
17,Freza,FREZA CARBURA Ø10 4F,2140,987.28,2.84,9.96,70.02,4.18,40.4,70.25,Inox,Frezare,94,1,Vibratii
18,Freza,FREZA CARBURA Ø10 4F,4893,325.65,0.21,9.66,55.0,1.69,7.1,72.74,Inox,Frezare,156,0,Niciunul
19,Freza,FREZA CARBURA Ø10 4F,4793,536.0,2.98,5.57,36.03,1.55,2.5,65.45,Aluminiu,Frezare,22,0,Niciunul
20,Freza,FREZA CARBURA Ø10 4F,5061,389.79,0.96,7.06,81.16,3.35,30.5,63.74,Inox,Frezare,166,1,Niciunul
21,Freza,FREZA CARBURA Ø10 4F,5988,972.71,0.59,18.44,59.8,1.37,15.5,71.3,Otel,Frezare,310,0,Niciunul
22,Freza,FREZA CARBURA Ø10 4F,1607,794.8,0.81,18.11,66.73,0.87,18.2,64.92,Otel,Frezare,474,0,Niciunul
23,Freza,FREZA CARBURA Ø10 4F,3666,942.08,2.33,6.24,54.63,1.13,69.4,70.4,Aluminiu,Frezare,465,1,Uzura excesiva
24,Freza,FREZA CARBURA Ø10 4F,3062,771.22,0.82,9.39,111.31,3.5,12.8,60.26,Otel,Frezare,121,1,Supraincalzire
25,Freza,FREZA CARBURA Ø10 4F,5100,655.71,2.07,13.91,55.3,3.51,57.7,69.92,Otel,Frezare,12,1,Uzura excesiva
26,Freza,FREZA CARBURA Ø10 4F,2640,884.98,0.82,11.91,93.9,2.87,34.0,69.42,Inox,Frezare,127,1,Supraincalzire
27,Freza,FREZA CARBURA Ø10 4F,4861,214.9,1.17,19.78,84.61,3.06,51.3,72.02,Otel,Frezare,485,1,Niciunul
28,Freza,FREZA CARBURA Ø10 4F,3018,463.09,1.99,11.57,37.0,1.77,6.4,66.37,Aluminiu,Frezare,73,0,Niciunul
29,Freza,FREZA CARBURA Ø10 4F,1938,800.69,1.25,19.81,44.33,1.22,19.3,74.39,Aluminiu,Frezare,465,0,Niciunul
30,Freza,FREZA CARBURA Ø10 4F,1761,751.71,2.74,13.03,106.49,0.96,10.4,61.82,Aluminiu,Frezare,7,1,Supraincalzire
31,Freza,FREZA CARBURA Ø10 4F,3304,974.29,1.74,7.52,77.24,3.21,63.2,61.48,Aluminiu,Frezare,231,1,Uzura excesiva
32,Freza,FREZA CARBURA Ø10 4F,3305,514.21,2.07,11.25,60.82,1.03,52.6,70.68,Inox,Frezare,292,1,Uzura excesiva
33,Freza,FREZA CARBURA Ø10 4F,2513,707.68,0.83,13.58,56.89,4.23,49.6,69.53,Aluminiu,Frezare,76,1,Uzura excesiva
34,Freza,FREZA CARBURA Ø10 4F,2577,945.5,1.96,17.97,50.8,1.68,6.2,70.25,Aluminiu,Frezare,414,0,Niciunul
35,Freza,FREZA CARBURA Ø10 4F,1841,486.94,0.93,15.42,105.69,2.77,36.7,70.61,Inox,Frezare,96,1,Supraincalzire
36,Freza,FREZA CARBURA Ø10 4F,2335,606.83,1.99,8.29,65.96,1.93,1.2,62.61,Inox,Frezare,490,0,Niciunul
37,Freza,FREZA CARBURA Ø10 4F,4945,228.93,0.71,6.55,101.29,1.32,37.1,68.19,Aluminiu,Frezare,428,1,Supraincalzire
38,Freza,FREZA CARBURA Ø10 4F,2860,546.97,1.56,16.25,73.69,2.98,40.3,73.03,Aluminiu,Frezare,181,1,Niciunul
39,Freza,FREZA CARBURA Ø10 4F,3793,453.13,1.87,19.39,43.6,1.18,15.5,60.15,Aluminiu,Frezare,165,0,Niciunul
40,Freza,FREZA CARBURA Ø10 4F,2283,922.36,0.33,17.75,70.99,11.54,44.7,70.77,Otel,Frezare,101,1,Vibratii
41,Freza,FREZA CARBURA Ø10 4F,3355,987.07,0.17,18.91,36.41,1.16,9.2,72.11,Aluminiu,Frezare,485,0,Niciunul
42,Freza,FREZA CARBURA Ø10 4F,3643,494.42,2.46,19.65,64.83,0.87,0.3,72.47,Aluminiu,Frezare,264,0,Niciunul
43,Freza,FREZA CARBURA Ø10 4F,4705,977.42,0.91,14.85,38.14,0.78,18.4,64.56,Inox,Frezare,252,0,Niciunul
44,Freza,FREZA CARBURA Ø10 4F,2299,370.84,2.14,7.94,86.66,4.14,69.2,61.44,Otel,Frezare,156,1,Uzura excesiva
45,Freza,FREZA CARBURA Ø10 4F,2997,1115.38,1.67,7.99,109.85,2.25,32.6,63.18,Aluminiu,Frezare,267,1,Supraincalzire
46,Freza,FREZA CARBURA Ø10 4F,3608,462.95,0.66,15.71,55.78,0.86,1.0,60.35,Aluminiu,Frezare,98,0,Niciunul
47,Freza,FREZA CARBURA Ø10 4F,4916,438.84,2.6,15.63,49.72,1.75,16.1,74.64,Otel,Frezare,488,0,Niciunul
48,Freza,FREZA CARBURA Ø10 4F,2085,624.86,1.11,9.16,61.38,11.1,43.4,69.71,Inox,Frezare,162,1,Vibratii
49,Freza,FREZA CARBURA Ø10 4F,5151,290.34,1.09,6.07,66.3,1.57,6.7,60.14,Aluminiu,Frezare,24,0,Niciunul
50,Freza,FREZA CARBURA Ø10 4F,3637,623.06,2.7,19.82,64.38,0.86,6.2,71.6,Otel,Frezare,58,0,Niciunul
51,Freza,FREZA CARBURA Ø10 4F,4520,403.71,2.51,6.67,92.58,2.07,38.8,72.74,Inox,Frezare,102,1,Supraincalzire
52,Freza,FREZA CARBURA Ø10 4F,5324,650.82,1.26,5.95,46.35,1.68,14.6,66.87,Otel,Frezare,348,0,Niciunul
53,Freza,FREZA CARBURA Ø10 4F,5281,852.88,0.69,15.33,52.59,0.92,10.1,70.58,Inox,Frezare,59,0,Niciunul
54,Freza,FREZA CARBURA Ø10 4F,2292,565.22,2.63,13.98,65.75,0.97,17.4,68.92,Otel,Frezare,498,0,Niciunul
55,Freza,FREZA CARBURA Ø10 4F,5894,378.56,1.34,12.83,56.32,3.02,48.1,60.08,Aluminiu,Frezare,126,1,Uzura excesiva
56,Freza,FREZA CARBURA Ø10 4F,5838,1149.81,1.79,6.25,95.58,3.28,32.3,62.67,Inox,Frezare,334,1,Supraincalzire
57,Freza,FREZA CARBURA Ø10 4F,3867,375.76,2.94,18.9,103.19,2.1,25.7,63.11,Inox,Frezare,1,1,Supraincalzire
58,Freza,FREZA CARBURA Ø10 4F,3463,1126.15,2.92,12.39,109.88,3.28,17.7,66.6,Aluminiu,Frezare,209,1,Supraincalzire
59,Freza,FREZA CARBURA Ø10 4F,1956,1038.92,1.27,10.29,44.58,1.01,11.6,61.79,Otel,Frezare,73,0,Niciunul
60,Freza,FREZA CARBURA Ø10 4F,5626,1039.28,1.47,10.2,46.07,1.6,15.6,64.42,Inox,Frezare,371,0,Niciunul
61,Freza,FREZA CARBURA Ø10 4F,2873,1182.61,2.42,6.52,63.53,1.71,6.4,61.01,Otel,Frezare,471,0,Niciunul
62,Freza,FREZA CARBURA Ø10 4F,5437,602.38,1.09,18.8,56.56,0.95,17.9,61.55,Otel,Frezare,373,0,Niciunul
63,Freza,FREZA CARBURA Ø10 4F,2922,875.89,0.55,5.87,44.56,0.6,9.8,60.95,Aluminiu,Frezare,73,0,Niciunul
64,Freza,FREZA CARBURA Ø10 4F,2278,546.9,1.8,13.79,85.05,3.55,41.9,67.4,Otel,Frezare,358,1,Uzura excesiva
65,Freza,FREZA CARBURA Ø10 4F,3264,890.47,2.01,10.98,49.5,1.11,6.8,61.89,Inox,Frezare,44,0,Niciunul
66,Freza,FREZA CARBURA Ø10 4F,5520,287.69,1.91,16.12,64.65,2.5,59.0,71.91,Inox,Frezare,208,1,Uzura excesiva
67,Freza,FREZA CARBURA Ø10 4F,2164,991.06,1.49,13.81,65.71,0.57,10.1,64.33,Inox,Frezare,346,0,Niciunul
68,Freza,FREZA CARBURA Ø10 4F,2899,948.42,2.24,6.56,63.76,1.97,18.8,65.23,Inox,Frezare,190,0,Niciunul
69,Freza,FREZA CARBURA Ø10 4F,5019,1008.34,2.14,12.09,54.51,1.9,17.1,65.21,Inox,Frezare,487,0,Niciunul
70,Freza,FREZA CARBURA Ø10 4F,2178,429.93,2.93,14.71,45.31,1.6,2.5,64.5,Aluminiu,Frezare,322,0,Niciunul
71,Freza,FREZA CARBURA Ø10 4F,5866,532.7,1.6,18.09,64.31,0.84,10.0,74.23,Inox,Frezare,244,0,Niciunul
72,Freza,FREZA CARBURA Ø10 4F,5344,260.4,2.91,9.07,79.15,2.12,64.4,61.23,Otel,Frezare,376,1,Uzura excesiva
73,Freza,FREZA CARBURA Ø10 4F,1744,774.72,1.47,14.93,62.21,0.78,8.8,65.63,Inox,Frezare,209,0,Niciunul
74,Freza,FREZA CARBURA Ø10 4F,2442,299.3,0.94,7.66,90.0,2.55,29.3,67.57,Otel,Frezare,84,1,Niciunul
75,Freza,FREZA CARBURA Ø10 4F,4828,1160.37,1.27,14.46,65.58,7.78,30.7,63.14,Inox,Frezare,340,1,Vibratii
76,Freza,FREZA CARBURA Ø10 4F,2246,1077.93,0.73,13.02,68.43,0.94,19.4,61.22,Otel,Frezare,213,0,Niciunul
77,Freza,FREZA CARBURA Ø10 4F,5334,695.8,2.93,12.9,63.82,0.67,12.4,66.81,Aluminiu,Frezare,83,0,Niciunul
78,Freza,FREZA CARBURA Ø10 4F,5759,1147.17,2.41,14.95,84.11,3.73,71.5,67.68,Aluminiu,Frezare,241,1,Uzura excesiva
79,Freza,FREZA CARBURA Ø10 4F,3741,400.71,1.48,8.2,102.74,0.53,34.7,72.63,Aluminiu,Frezare,41,1,Supraincalzire
80,Freza,FREZA CARBURA Ø10 4F,5971,422.11,2.12,9.79,69.8,1.86,2.8,72.96,Inox,Frezare,23,0,Niciunul
81,Freza,FREZA CARBURA Ø10 4F,4240,274.35,0.33,7.26,58.85,0.57,17.3,66.06,Inox,Frezare,494,0,Niciunul
82,Freza,FREZA CARBURA Ø10 4F,2878,1073.92,2.79,13.17,90.25,2.13,32.3,63.7,Inox,Frezare,346,1,Supraincalzire
83,Freza,FREZA CARBURA Ø10 4F,5862,639.28,2.53,9.0,83.5,1.14,61.9,70.27,Otel,Frezare,343,1,Uzura excesiva
84,Freza,FREZA CARBURA Ø10 4F,2447,940.32,0.13,17.43,64.2,1.47,15.2,61.85,Inox,Frezare,120,0,Niciunul
85,Freza,FREZA CARBURA Ø10 4F,5614,875.7,1.55,16.89,87.58,0.83,22.8,60.94,Aluminiu,Frezare,418,1,Supraincalzire
86,Freza,FREZA CARBURA Ø10 4F,4999,610.39,1.03,7.17,52.53,10.04,42.3,65.58,Inox,Frezare,214,1,Vibratii
87,Freza,FREZA CARBURA Ø10 4F,4494,491.73,0.78,6.37,50.51,0.93,15.0,70.68,Otel,Frezare,88,0,Niciunul
88,Freza,FREZA CARBURA Ø10 4F,3197,842.48,0.66,15.35,70.19,2.57,75.1,72.17,Otel,Frezare,358,1,Niciunul
89,Freza,FREZA CARBURA Ø10 4F,1899,1165.93,1.11,14.21,53.61,2.31,66.6,62.19,Otel,Frezare,456,1,Uzura excesiva
90,Freza,FREZA CARBURA Ø10 4F,4909,680.5,1.31,16.79,81.78,4.61,42.9,72.3,Otel,Frezare,326,1,Vibratii
91,Freza,FREZA CARBURA Ø10 4F,3049,956.21,0.59,5.37,56.64,1.51,14.5,67.5,Aluminiu,Frezare,28,0,Niciunul
92,Freza,FREZA CARBURA Ø10 4F,5211,365.79,2.75,19.82,84.3,6.63,40.1,61.22,Inox,Frezare,481,1,Niciunul
93,Freza,FREZA CARBURA Ø10 4F,1565,1034.17,1.64,16.71,68.38,1.4,14.4,61.53,Aluminiu,Frezare,81,0,Niciunul
94,Freza,FREZA CARBURA Ø10 4F,2794,856.79,2.43,13.23,69.81,1.58,5.3,63.47,Otel,Frezare,370,0,Niciunul
95,Freza,FREZA CARBURA Ø10 4F,2466,793.69,2.17,7.41,39.76,1.61,1.8,68.25,Otel,Frezare,138,0,Niciunul
96,Freza,FREZA CARBURA Ø10 4F,5820,642.62,1.56,10.44,96.51,1.51,20.3,67.46,Aluminiu,Frezare,332,1,Supraincalzire
97,Freza,FREZA CARBURA Ø10 4F,4162,357.92,1.58,17.2,53.58,0.56,8.0,68.16,Inox,Frezare,38,0,Niciunul
98,Freza,FREZA CARBURA Ø10 4F,2091,1054.72,0.81,14.68,52.69,0.68,14.0,61.72,Aluminiu,Frezare,329,0,Niciunul
99,Freza,FREZA CARBURA Ø10 4F,5630,1006.48,2.33,14.47,47.54,1.44,11.0,70.69,Otel,Frezare,324,0,Niciunul
100,Freza,FREZA CARBURA Ø10 4F,3167,1102.47,2.73,5.87,50.01,1.31,63.6,65.34,Inox,Frezare,284,1,Uzura excesiva
101,Freza,FREZA CARBURA Ø10 4F,5219,825.71,1.05,11.71,83.68,2.23,59.9,69.62,Otel,Frezare,9,1,Uzura excesiva
102,Freza,FREZA CARBURA Ø10 4F,2784,563.36,0.88,5.92,108.83,1.74,37.8,66.15,Aluminiu,Frezare,283,1,Niciunul
103,Freza,FREZA CARBURA Ø10 4F,2141,1112.07,2.55,17.71,113.42,0.53,34.4,72.15,Aluminiu,Frezare,113,1,Supraincalzire
104,Freza,FREZA CARBURA Ø10 4F,5263,1133.73,1.69,13.38,46.03,1.76,6.4,62.73,Otel,Frezare,141,0,Niciunul
105,Freza,FREZA CARBURA Ø10 4F,4288,1184.23,1.51,9.49,69.63,1.83,14.2,67.45,Inox,Frezare,118,0,Niciunul
106,Freza,FREZA CARBURA Ø10 4F,3553,1055.02,0.54,19.8,102.47,3.85,26.6,74.11,Aluminiu,Frezare,484,1,Supraincalzire
107,Freza,FREZA CARBURA Ø10 4F,4118,1068.74,2.8,5.01,68.09,0.63,13.0,74.23,Inox,Frezare,206,0,Niciunul
108,Freza,FREZA CARBURA Ø10 4F,3664,1009.21,2.7,9.17,82.32,0.83,25.6,64.65,Otel,Frezare,352,1,Supraincalzire
109,Freza,FREZA CARBURA Ø10 4F,2111,238.43,0.32,14.85,105.12,3.66,24.7,61.99,Otel,Frezare,179,1,Supraincalzire
110,Freza,FREZA CARBURA Ø10 4F,2922,763.79,1.91,12.98,51.61,0.8,12.6,72.7,Otel,Frezare,194,0,Niciunul
111,Freza,FREZA CARBURA Ø10 4F,3899,520.48,1.25,18.51,111.47,2.16,37.6,70.45,Inox,Frezare,372,1,Supraincalzire
112,Freza,FREZA CARBURA Ø10 4F,3059,307.76,1.34,15.26,84.49,3.31,10.6,65.71,Inox,Frezare,337,1,Supraincalzire
113,Freza,FREZA CARBURA Ø10 4F,3324,1077.91,2.95,9.82,55.74,1.44,19.8,67.07,Inox,Frezare,272,0,Niciunul
114,Freza,FREZA CARBURA Ø10 4F,4204,1157.06,1.47,9.74,62.92,0.72,8.9,65.63,Otel,Frezare,316,0,Niciunul
115,Freza,FREZA CARBURA Ø10 4F,3942,1001.96,2.1,13.31,49.56,1.29,15.4,67.77,Aluminiu,Frezare,109,0,Niciunul
116,Freza,FREZA CARBURA Ø10 4F,1925,1130.9,1.91,6.76,41.58,0.7,6.7,66.66,Aluminiu,Frezare,366,0,Niciunul
117,Freza,FREZA CARBURA Ø10 4F,2869,782.51,1.32,6.33,111.62,1.2,38.5,61.72,Otel,Frezare,293,1,Supraincalzire
118,Freza,FREZA CARBURA Ø10 4F,5083,634.19,0.89,14.56,70.59,1.84,58.2,72.58,Inox,Frezare,202,1,Uzura excesiva
119,Freza,FREZA CARBURA Ø10 4F,2652,1109.5,0.64,19.64,43.58,0.5,11.6,67.62,Otel,Frezare,227,0,Niciunul
120,Freza,FREZA CARBURA Ø10 4F,3948,941.53,1.12,7.41,89.99,2.58,28.9,72.09,Inox,Frezare,56,1,Supraincalzire
121,Freza,FREZA CARBURA Ø10 4F,1984,462.21,2.03,12.65,50.27,1.09,14.8,63.39,Otel,Frezare,457,0,Niciunul
122,Freza,FREZA CARBURA Ø10 4F,3061,516.48,0.88,15.94,68.8,0.94,3.4,69.78,Inox,Frezare,137,0,Niciunul
123,Freza,FREZA CARBURA Ø10 4F,1676,480.48,2.49,8.58,47.05,1.21,4.9,67.81,Otel,Frezare,321,0,Niciunul
124,Freza,FREZA CARBURA Ø10 4F,3851,512.08,1.12,17.62,37.91,0.68,8.4,69.31,Aluminiu,Frezare,341,0,Niciunul
125,Freza,FREZA CARBURA Ø10 4F,2765,1182.73,0.33,6.57,67.7,3.59,33.9,69.99,Aluminiu,Frezare,319,1,Vibratii
126,Freza,FREZA CARBURA Ø10 4F,5369,440.88,2.93,14.53,82.54,3.07,67.9,65.07,Inox,Frezare,413,1,Uzura excesiva
127,Freza,FREZA CARBURA Ø10 4F,1968,986.4,1.09,10.07,56.26,4.14,40.1,67.55,Otel,Frezare,89,1,Uzura excesiva
128,Freza,FREZA CARBURA Ø10 4F,5091,1078.81,2.72,10.92,69.09,0.78,9.4,60.0,Otel,Frezare,229,0,Niciunul
129,Freza,FREZA CARBURA Ø10 4F,5631,743.12,0.98,18.9,58.35,1.89,19.4,65.36,Inox,Frezare,291,0,Niciunul
130,Freza,FREZA CARBURA Ø10 4F,3327,369.36,2.41,13.36,108.39,3.29,38.2,62.07,Otel,Frezare,109,1,Supraincalzire
131,Freza,FREZA CARBURA Ø10 4F,5332,350.14,1.03,14.15,83.53,5.78,44.0,62.24,Otel,Frezare,303,1,Niciunul
132,Freza,FREZA CARBURA Ø10 4F,2646,1147.74,1.09,12.98,39.72,1.64,2.5,62.39,Aluminiu,Frezare,20,0,Niciunul
133,Freza,FREZA CARBURA Ø10 4F,3013,1110.96,0.78,15.61,61.51,3.2,51.1,73.16,Inox,Frezare,43,1,Uzura excesiva
134,Freza,FREZA CARBURA Ø10 4F,5558,320.91,1.32,13.43,45.92,1.42,9.1,66.34,Aluminiu,Frezare,178,0,Niciunul
135,Freza,FREZA CARBURA Ø10 4F,4258,944.87,1.14,8.14,66.53,0.94,0.3,63.45,Inox,Frezare,156,0,Niciunul
136,Freza,FREZA CARBURA Ø10 4F,4457,761.37,1.12,15.08,46.75,1.99,0.7,71.19,Aluminiu,Frezare,317,0,Niciunul
137,Freza,FREZA CARBURA Ø10 4F,5057,738.97,0.38,5.56,62.35,3.15,51.4,69.86,Aluminiu,Frezare,383,1,Uzura excesiva
138,Freza,FREZA CARBURA Ø10 4F,5596,295.68,0.13,18.24,53.44,3.97,79.5,69.05,Aluminiu,Frezare,311,1,Uzura excesiva
139,Freza,FREZA CARBURA Ø10 4F,4729,989.02,0.14,7.45,100.24,3.35,32.3,61.33,Inox,Frezare,244,1,Supraincalzire
140,Freza,FREZA CARBURA Ø10 4F,4680,1024.19,0.81,19.28,89.99,6.56,35.8,64.52,Otel,Frezare,471,1,Vibratii
141,Freza,FREZA CARBURA Ø10 4F,3355,783.38,1.57,18.89,83.21,1.33,56.2,63.62,Aluminiu,Frezare,309,1,Uzura excesiva
142,Freza,FREZA CARBURA Ø10 4F,1970,683.3,2.77,13.01,51.7,6.48,50.3,74.34,Aluminiu,Frezare,26,1,Vibratii
143,Freza,FREZA CARBURA Ø10 4F,2784,531.74,2.63,7.86,36.8,1.03,19.4,70.94,Aluminiu,Frezare,85,0,Niciunul
144,Freza,FREZA CARBURA Ø10 4F,2342,1016.57,1.9,18.58,47.0,0.52,2.3,68.45,Aluminiu,Frezare,241,0,Niciunul
145,Freza,FREZA CARBURA Ø10 4F,5078,1065.59,2.26,14.12,69.06,0.79,3.5,62.37,Inox,Frezare,251,0,Niciunul
146,Freza,FREZA CARBURA Ø10 4F,1515,343.4,2.47,11.01,62.63,10.54,51.1,69.88,Inox,Frezare,399,1,Vibratii
147,Freza,FREZA CARBURA Ø10 4F,2222,690.76,1.97,7.66,47.62,0.92,4.1,63.49,Aluminiu,Frezare,154,0,Niciunul
148,Freza,FREZA CARBURA Ø10 4F,2610,1028.11,0.49,7.77,115.31,3.78,15.5,63.01,Inox,Frezare,54,1,Supraincalzire
149,Freza,FREZA CARBURA Ø10 4F,5790,760.15,0.9,5.65,44.76,0.71,13.4,60.37,Otel,Frezare,264,0,Niciunul
150,Freza,FREZA CARBURA Ø10 4F,2549,1093.45,1.21,8.41,37.21,1.83,7.9,74.69,Aluminiu,Frezare,398,0,Niciunul
151,Freza,FREZA CARBURA Ø10 4F,3168,343.68,0.82,19.76,61.22,4.47,41.0,71.92,Aluminiu,Frezare,144,1,Vibratii
152,Freza,FREZA CARBURA Ø10 4F,2473,1024.57,2.43,19.32,55.08,7.15,37.0,71.01,Inox,Frezare,267,1,Vibratii
153,Freza,FREZA CARBURA Ø10 4F,2974,1065.81,2.92,6.36,66.23,1.97,0.1,69.51,Aluminiu,Frezare,78,0,Niciunul
154,Freza,FREZA CARBURA Ø10 4F,4336,524.33,1.52,11.05,55.09,1.79,6.2,66.84,Otel,Frezare,79,0,Niciunul
155,Freza,FREZA CARBURA Ø10 4F,5032,977.92,1.91,19.63,42.22,0.62,6.6,60.01,Otel,Frezare,381,0,Niciunul
156,Freza,FREZA CARBURA Ø10 4F,2900,362.9,2.95,8.01,54.12,9.7,50.6,60.03,Otel,Frezare,481,1,Vibratii
157,Freza,FREZA CARBURA Ø10 4F,3493,531.62,2.1,17.75,100.89,3.1,38.4,73.71,Aluminiu,Frezare,310,1,Supraincalzire
158,Freza,FREZA CARBURA Ø10 4F,5685,851.91,0.27,5.34,48.57,1.61,5.4,70.81,Otel,Frezare,76,0,Niciunul
159,Freza,FREZA CARBURA Ø10 4F,4971,836.27,1.19,8.64,45.44,1.35,19.9,62.88,Inox,Frezare,330,0,Niciunul
160,Freza,FREZA CARBURA Ø10 4F,4556,1120.63,2.28,15.24,59.79,3.1,72.9,72.38,Aluminiu,Frezare,187,1,Uzura excesiva
161,Freza,FREZA CARBURA Ø10 4F,1585,918.29,0.22,10.7,86.78,4.57,41.4,70.91,Aluminiu,Frezare,423,1,Uzura excesiva
162,Freza,FREZA CARBURA Ø10 4F,3881,1082.42,0.55,19.61,73.03,3.88,46.5,68.0,Aluminiu,Frezare,174,1,Niciunul
163,Freza,FREZA CARBURA Ø10 4F,4569,692.75,0.76,10.1,54.37,4.98,44.7,71.25,Otel,Frezare,75,1,Uzura excesiva
164,Freza,FREZA CARBURA Ø10 4F,5746,685.47,2.4,17.76,66.31,0.68,18.6,68.49,Inox,Frezare,311,0,Niciunul
165,Freza,FREZA CARBURA Ø10 4F,4530,1191.04,0.64,17.0,72.41,4.51,67.8,66.68,Aluminiu,Frezare,51,1,Uzura excesiva
166,Freza,FREZA CARBURA Ø10 4F,2783,650.68,0.32,15.45,88.82,10.71,26.7,69.47,Otel,Frezare,270,1,Vibratii
167,Freza,FREZA CARBURA Ø10 4F,4880,647.44,0.94,9.26,46.43,1.4,13.9,63.05,Inox,Frezare,403,0,Niciunul
168,Freza,FREZA CARBURA Ø10 4F,3081,1030.33,1.52,6.38,65.85,4.58,55.9,63.23,Aluminiu,Frezare,139,1,Uzura excesiva
169,Freza,FREZA CARBURA Ø10 4F,1926,490.21,2.31,11.6,48.67,1.73,15.9,60.04,Otel,Frezare,109,0,Niciunul
170,Freza,FREZA CARBURA Ø10 4F,1669,479.8,2.03,16.16,56.4,1.94,8.7,69.07,Aluminiu,Frezare,413,0,Niciunul
171,Freza,FREZA CARBURA Ø10 4F,4872,879.5,2.38,18.46,69.14,0.55,15.8,68.72,Otel,Frezare,255,0,Niciunul
172,Freza,FREZA CARBURA Ø10 4F,1528,427.84,0.33,5.65,38.88,0.7,13.3,61.1,Otel,Frezare,4,0,Niciunul
173,Freza,FREZA CARBURA Ø10 4F,2202,1058.37,2.08,10.72,80.1,1.56,25.4,62.18,Otel,Frezare,371,1,Supraincalzire
174,Freza,FREZA CARBURA Ø10 4F,4040,1137.87,1.7,13.96,53.11,1.28,11.0,73.48,Aluminiu,Frezare,120,0,Niciunul
175,Freza,FREZA CARBURA Ø10 4F,3771,477.78,2.69,14.86,45.2,1.71,8.2,68.25,Aluminiu,Frezare,82,0,Niciunul
176,Freza,FREZA CARBURA Ø10 4F,4303,209.63,0.6,18.91,37.34,1.38,10.6,66.23,Inox,Frezare,126,0,Niciunul
177,Freza,FREZA CARBURA Ø10 4F,2476,668.24,1.71,5.5,81.37,8.52,58.4,61.47,Aluminiu,Frezare,153,1,Vibratii
178,Freza,FREZA CARBURA Ø10 4F,2976,972.07,2.59,9.92,35.45,0.72,5.6,67.38,Aluminiu,Frezare,263,0,Niciunul
179,Freza,FREZA CARBURA Ø10 4F,2542,897.88,1.91,19.35,40.98,0.74,19.1,69.78,Otel,Frezare,160,0,Niciunul
180,Freza,FREZA CARBURA Ø10 4F,3262,915.32,0.25,19.91,68.34,1.38,11.7,68.12,Inox,Frezare,35,0,Niciunul
181,Freza,FREZA CARBURA Ø10 4F,4256,546.65,0.87,14.22,66.12,1.74,4.5,74.58,Inox,Frezare,481,0,Niciunul
182,Freza,FREZA CARBURA Ø10 4F,5154,959.62,1.51,16.18,69.61,4.54,73.6,70.8,Inox,Frezare,225,1,Uzura excesiva
183,Freza,FREZA CARBURA Ø10 4F,3392,709.05,0.75,19.83,43.5,1.87,16.7,61.12,Inox,Frezare,422,0,Niciunul
184,Freza,FREZA CARBURA Ø10 4F,3677,442.14,0.17,10.35,54.59,1.23,5.6,74.31,Inox,Frezare,76,0,Niciunul
185,Freza,FREZA CARBURA Ø10 4F,3856,1174.59,1.11,10.83,36.01,1.25,16.0,70.72,Otel,Frezare,414,0,Niciunul
186,Freza,FREZA CARBURA Ø10 4F,3138,1017.72,2.81,19.37,51.58,3.5,70.0,67.57,Otel,Frezare,467,1,Uzura excesiva
187,Freza,FREZA CARBURA Ø10 4F,3076,949.18,1.89,12.7,66.51,6.36,47.9,72.89,Inox,Frezare,426,1,Vibratii
188,Freza,FREZA CARBURA Ø10 4F,5729,949.56,1.81,19.46,58.68,3.15,38.2,67.54,Otel,Frezare,200,1,Vibratii
189,Freza,FREZA CARBURA Ø10 4F,3346,653.25,0.64,16.35,59.7,2.4,76.0,62.63,Inox,Frezare,295,1,Uzura excesiva
190,Freza,FREZA CARBURA Ø10 4F,4356,592.79,1.55,9.85,44.13,1.61,4.9,73.51,Inox,Frezare,298,0,Niciunul
191,Freza,FREZA CARBURA Ø10 4F,2830,602.74,2.72,15.07,75.81,9.92,23.0,69.69,Aluminiu,Frezare,288,1,Vibratii
192,Freza,FREZA CARBURA Ø10 4F,3741,1116.36,1.73,12.33,58.89,1.27,16.4,67.76,Aluminiu,Frezare,424,0,Niciunul
193,Freza,FREZA CARBURA Ø10 4F,2359,352.3,2.9,18.52,74.5,3.51,43.1,63.62,Inox,Frezare,13,1,Uzura excesiva
194,Freza,FREZA CARBURA Ø10 4F,2956,624.2,2.39,15.57,51.61,4.6,79.3,68.06,Otel,Frezare,234,1,Uzura excesiva
195,Freza,FREZA CARBURA Ø10 4F,4831,670.39,2.51,16.88,59.55,0.62,13.9,64.29,Otel,Frezare,156,0,Niciunul
196,Freza,FREZA CARBURA Ø10 4F,2776,309.97,2.02,16.44,59.8,1.4,58.1,72.67,Otel,Frezare,447,1,Uzura excesiva
197,Freza,FREZA CARBURA Ø10 4F,2476,804.05,2.05,6.62,64.75,1.92,7.5,69.6,Otel,Frezare,94,0,Niciunul
198,Freza,FREZA CARBURA Ø10 4F,2539,1153.58,0.17,18.19,115.39,0.95,15.0,66.62,Inox,Frezare,55,1,Supraincalzire
199,Freza,FREZA CARBURA Ø10 4F,5832,200.28,2.33,10.45,49.69,0.78,15.5,70.32,Otel,Frezare,84,0,Niciunul
200,Freza,FREZA CARBURA Ø10 4F,2467,498.08,0.26,19.29,53.23,1.47,8.3,73.81,Aluminiu,Frezare,457,0,Niciunul
201,Freza,FREZA CARBURA Ø10 4F,1965,841.84,0.59,10.62,43.44,1.27,19.8,64.98,Aluminiu,Frezare,256,0,Niciunul
202,Freza,FREZA CARBURA Ø10 4F,2381,302.14,2.73,9.97,64.51,1.48,6.5,64.19,Inox,Frezare,376,0,Niciunul
203,Freza,FREZA CARBURA Ø10 4F,5729,412.47,1.14,19.98,43.63,1.77,16.3,60.33,Inox,Frezare,362,0,Niciunul
204,Freza,FREZA CARBURA Ø10 4F,1646,973.2,0.11,13.87,101.72,2.62,15.5,60.85,Inox,Frezare,14,1,Supraincalzire
205,Freza,FREZA CARBURA Ø10 4F,3121,830.93,1.17,10.65,50.23,1.23,11.5,72.89,Inox,Frezare,226,0,Niciunul
206,Freza,FREZA CARBURA Ø10 4F,4779,999.94,1.6,16.38,63.96,1.68,11.7,60.93,Inox,Frezare,313,0,Niciunul
207,Freza,FREZA CARBURA Ø10 4F,1590,494.82,2.16,6.25,49.43,0.95,1.7,64.58,Inox,Frezare,215,0,Niciunul
208,Freza,FREZA CARBURA Ø10 4F,4653,533.74,1.42,16.19,63.48,1.18,3.0,72.98,Inox,Frezare,485,0,Niciunul
209,Freza,FREZA CARBURA Ø10 4F,2454,893.76,2.49,13.13,57.98,0.8,8.5,64.46,Otel,Frezare,114,0,Niciunul
210,Freza,FREZA CARBURA Ø10 4F,2352,1028.12,1.3,11.62,38.61,1.18,5.1,69.52,Aluminiu,Frezare,452,0,Niciunul
211,Freza,FREZA CARBURA Ø10 4F,2611,311.81,0.71,13.29,58.32,1.15,5.6,61.3,Aluminiu,Frezare,492,0,Niciunul
212,Freza,FREZA CARBURA Ø10 4F,4741,411.15,1.46,12.94,67.24,1.73,13.6,71.54,Aluminiu,Frezare,125,0,Niciunul
213,Freza,FREZA CARBURA Ø10 4F,3823,694.62,1.4,9.17,52.24,0.81,4.9,62.42,Inox,Frezare,229,0,Niciunul
214,Freza,FREZA CARBURA Ø10 4F,4979,252.7,0.52,13.2,35.13,1.95,17.2,60.52,Inox,Frezare,99,0,Niciunul
215,Freza,FREZA CARBURA Ø10 4F,4407,963.36,1.47,17.46,77.76,4.97,78.3,64.17,Aluminiu,Frezare,233,1,Uzura excesiva
216,Freza,FREZA CARBURA Ø10 4F,4818,459.01,1.69,17.82,86.28,4.03,66.0,72.93,Otel,Frezare,402,1,Niciunul
217,Freza,FREZA CARBURA Ø10 4F,2019,312.36,2.53,10.17,118.87,0.53,17.9,71.0,Otel,Frezare,151,1,Supraincalzire
218,Freza,FREZA CARBURA Ø10 4F,4534,582.12,2.72,10.03,84.34,3.54,31.5,62.35,Otel,Frezare,430,1,Vibratii
219,Freza,FREZA CARBURA Ø10 4F,1964,731.32,2.61,11.21,68.22,8.54,32.5,74.55,Otel,Frezare,399,1,Vibratii
220,Freza,FREZA CARBURA Ø10 4F,5555,277.92,0.55,15.42,46.71,0.73,4.4,70.39,Aluminiu,Frezare,147,0,Niciunul
221,Freza,FREZA CARBURA Ø10 4F,2430,720.26,2.52,14.44,51.12,4.79,41.6,68.75,Otel,Frezare,423,1,Uzura excesiva
222,Freza,FREZA CARBURA Ø10 4F,2601,799.47,2.46,9.34,54.75,10.87,32.2,69.52,Otel,Frezare,276,1,Vibratii
223,Freza,FREZA CARBURA Ø10 4F,4048,1065.48,2.7,19.56,57.19,3.83,58.8,62.02,Inox,Frezare,23,1,Uzura excesiva
224,Freza,FREZA CARBURA Ø10 4F,5984,985.2,0.79,14.11,38.11,1.38,10.1,70.4,Inox,Frezare,304,0,Niciunul
225,Freza,FREZA CARBURA Ø10 4F,3642,459.26,0.52,8.2,67.23,0.64,10.4,64.36,Inox,Frezare,153,0,Niciunul
226,Freza,FREZA CARBURA Ø10 4F,4537,1129.43,2.3,5.88,88.06,1.91,40.6,67.18,Otel,Frezare,53,1,Uzura excesiva
227,Freza,FREZA CARBURA Ø10 4F,5218,386.1,0.26,8.6,49.19,0.61,11.3,74.04,Aluminiu,Frezare,358,0,Niciunul
228,Freza,FREZA CARBURA Ø10 4F,2147,655.97,0.4,12.86,44.84,1.9,11.2,65.69,Inox,Frezare,34,0,Niciunul
229,Freza,FREZA CARBURA Ø10 4F,3685,1088.63,1.22,13.88,87.9,7.98,38.8,68.42,Aluminiu,Frezare,138,1,Vibratii
230,Freza,FREZA CARBURA Ø10 4F,4737,1055.51,1.33,8.51,65.44,1.01,1.7,72.41,Otel,Frezare,393,0,Niciunul
231,Freza,FREZA CARBURA Ø10 4F,3714,340.24,0.56,16.56,116.07,3.83,34.8,66.36,Aluminiu,Frezare,423,1,Supraincalzire
232,Freza,FREZA CARBURA Ø10 4F,5255,202.55,0.61,11.69,64.2,4.67,48.0,74.94,Aluminiu,Frezare,36,1,Uzura excesiva
233,Freza,FREZA CARBURA Ø10 4F,1625,855.02,0.43,14.64,37.08,1.63,15.4,66.24,Inox,Frezare,74,0,Niciunul
234,Freza,FREZA CARBURA Ø10 4F,2097,959.46,1.07,11.0,65.61,1.15,18.1,69.06,Inox,Frezare,38,0,Niciunul
235,Freza,FREZA CARBURA Ø10 4F,4636,705.8,0.77,19.26,41.74,1.92,17.5,61.52,Aluminiu,Frezare,213,0,Niciunul
236,Freza,FREZA CARBURA Ø10 4F,2646,1191.04,1.82,8.38,52.19,1.7,19.5,73.63,Inox,Frezare,492,0,Niciunul
237,Freza,FREZA CARBURA Ø10 4F,5732,287.12,2.98,14.3,74.33,8.75,20.9,74.82,Aluminiu,Frezare,204,1,Vibratii
238,Freza,FREZA CARBURA Ø10 4F,5406,1071.44,1.5,10.68,64.37,5.72,53.0,72.51,Inox,Frezare,56,1,Vibratii
239,Freza,FREZA CARBURA Ø10 4F,3188,501.7,2.25,5.02,64.17,1.64,16.4,66.79,Aluminiu,Frezare,308,0,Niciunul
240,Freza,FREZA CARBURA Ø10 4F,1586,1083.59,2.34,13.7,80.07,1.11,68.1,73.91,Aluminiu,Frezare,255,1,Uzura excesiva
241,Freza,FREZA CARBURA Ø10 4F,5216,519.15,0.99,14.25,81.82,2.73,67.1,61.2,Inox,Frezare,164,1,Uzura excesiva
242,Freza,FREZA CARBURA Ø10 4F,5293,355.0,2.7,5.24,54.15,0.62,10.8,64.82,Aluminiu,Frezare,282,0,Niciunul
243,Freza,FREZA CARBURA Ø10 4F,4495,1108.33,0.16,7.4,66.79,1.01,11.8,73.91,Aluminiu,Frezare,292,0,Niciunul
244,Freza,FREZA CARBURA Ø10 4F,3623,751.82,2.91,10.01,87.95,2.42,49.9,71.97,Aluminiu,Frezare,223,1,Uzura excesiva
245,Freza,FREZA CARBURA Ø10 4F,4068,253.73,2.33,13.64,39.11,1.68,14.8,68.73,Otel,Frezare,253,0,Niciunul
246,Freza,FREZA CARBURA Ø10 4F,1980,992.08,0.52,7.58,90.57,1.77,39.4,65.16,Inox,Frezare,20,1,Supraincalzire
247,Freza,FREZA CARBURA Ø10 4F,5791,804.76,2.28,10.67,35.46,0.92,17.8,69.63,Aluminiu,Frezare,181,0,Niciunul
248,Freza,FREZA CARBURA Ø10 4F,5082,636.23,0.66,11.76,99.89,0.52,14.8,65.97,Aluminiu,Frezare,354,1,Supraincalzire
249,Freza,FREZA CARBURA Ø10 4F,1868,1195.3,2.74,18.1,56.53,1.69,9.1,69.02,Aluminiu,Frezare,22,0,Niciunul
250,Freza,FREZA CARBURA Ø10 4F,3044,502.33,1.29,15.39,40.07,1.19,13.2,65.53,Inox,Frezare,311,0,Niciunul
251,Freza,FREZA CARBURA Ø10 4F,3308,917.56,2.46,7.59,66.47,6.17,37.9,62.17,Aluminiu,Frezare,148,1,Vibratii
252,Freza,FREZA CARBURA Ø10 4F,4531,1032.02,0.46,7.89,69.91,4.62,72.3,64.21,Inox,Frezare,226,1,Uzura excesiva
253,Freza,FREZA CARBURA Ø10 4F,2349,436.32,0.42,12.64,88.6,1.09,66.9,69.24,Otel,Frezare,419,1,Niciunul
254,Freza,FREZA CARBURA Ø10 4F,4730,773.49,1.46,14.82,51.67,1.4,13.9,71.94,Aluminiu,Frezare,298,0,Niciunul
255,Freza,FREZA CARBURA Ø10 4F,3602,900.88,0.55,17.76,111.08,1.29,29.0,72.55,Otel,Frezare,485,1,Supraincalzire
256,Freza,FREZA CARBURA Ø10 4F,1547,989.46,0.95,12.42,75.71,3.34,39.5,72.38,Inox,Frezare,462,1,Vibratii
257,Freza,FREZA CARBURA Ø10 4F,4245,1136.84,1.15,6.29,50.96,1.18,12.5,62.91,Inox,Frezare,411,0,Niciunul
258,Freza,FREZA CARBURA Ø10 4F,4392,504.42,2.11,6.13,67.42,10.02,20.5,68.2,Otel,Frezare,468,1,Vibratii
259,Freza,FREZA CARBURA Ø10 4F,5519,697.86,1.5,12.4,63.78,5.93,36.9,62.27,Otel,Frezare,143,1,Vibratii
260,Freza,FREZA CARBURA Ø10 4F,5335,382.99,0.91,19.37,65.48,4.04,39.7,61.99,Inox,Frezare,429,1,Niciunul
261,Freza,FREZA CARBURA Ø10 4F,3313,537.9,0.52,6.77,65.97,3.26,29.4,67.9,Otel,Frezare,231,1,Vibratii
262,Freza,FREZA CARBURA Ø10 4F,3247,716.54,1.22,17.16,56.86,1.35,5.2,74.14,Inox,Frezare,467,0,Niciunul
263,Freza,FREZA CARBURA Ø10 4F,4448,1044.89,0.96,14.0,73.07,6.85,45.7,72.81,Inox,Frezare,203,1,Vibratii
264,Freza,FREZA CARBURA Ø10 4F,2187,1074.45,0.71,10.07,50.08,9.36,41.1,61.19,Otel,Frezare,403,1,Vibratii
265,Freza,FREZA CARBURA Ø10 4F,5238,346.71,2.99,14.97,105.43,0.75,32.3,73.9,Aluminiu,Frezare,168,1,Supraincalzire
266,Freza,FREZA CARBURA Ø10 4F,4732,548.42,0.24,15.31,86.84,4.06,58.7,73.59,Otel,Frezare,357,1,Vibratii
267,Freza,FREZA CARBURA Ø10 4F,3823,279.1,1.04,13.0,59.36,1.62,0.5,63.46,Otel,Frezare,298,0,Niciunul
268,Freza,FREZA CARBURA Ø10 4F,4812,890.2,2.73,10.96,69.23,10.69,55.8,62.13,Aluminiu,Frezare,122,1,Vibratii
269,Freza,FREZA CARBURA Ø10 4F,4990,346.34,1.65,6.44,56.43,1.07,18.3,74.57,Otel,Frezare,304,0,Niciunul
270,Freza,FREZA CARBURA Ø10 4F,5296,899.35,0.76,11.61,80.7,10.0,45.3,64.85,Inox,Frezare,347,1,Vibratii
271,Freza,FREZA CARBURA Ø10 4F,4023,673.53,1.72,14.25,57.5,1.52,7.7,66.73,Inox,Frezare,7,0,Niciunul
272,Freza,FREZA CARBURA Ø10 4F,5979,720.93,1.19,18.1,87.57,10.14,30.6,60.88,Otel,Frezare,349,1,Vibratii
273,Freza,FREZA CARBURA Ø10 4F,4909,1117.13,2.17,6.02,49.05,1.88,13.2,67.16,Aluminiu,Frezare,55,0,Niciunul
274,Freza,FREZA CARBURA Ø10 4F,5951,448.22,0.24,6.85,38.41,1.74,19.5,67.29,Inox,Frezare,434,0,Niciunul
275,Freza,FREZA CARBURA Ø10 4F,3087,1076.67,1.82,7.33,89.89,2.5,29.4,60.75,Inox,Frezare,431,1,Supraincalzire
276,Freza,FREZA CARBURA Ø10 4F,2377,893.27,1.72,15.17,110.12,2.54,36.5,66.23,Otel,Frezare,491,1,Supraincalzire
277,Freza,FREZA CARBURA Ø10 4F,3209,723.53,1.41,9.15,41.38,0.58,10.9,74.82,Inox,Frezare,373,0,Niciunul
278,Freza,FREZA CARBURA Ø10 4F,5191,572.68,1.33,18.23,82.96,3.1,19.5,72.27,Otel,Frezare,487,1,Supraincalzire
279,Freza,FREZA CARBURA Ø10 4F,2952,762.9,2.84,12.87,87.32,1.09,38.2,71.82,Inox,Frezare,25,1,Supraincalzire
280,Freza,FREZA CARBURA Ø10 4F,5153,225.48,0.24,13.24,42.09,1.15,18.6,74.2,Aluminiu,Frezare,382,0,Niciunul
281,Freza,FREZA CARBURA Ø10 4F,3561,844.99,1.94,12.99,60.64,1.81,7.4,63.39,Aluminiu,Frezare,59,0,Niciunul
282,Freza,FREZA CARBURA Ø10 4F,4240,739.63,1.92,9.0,56.59,3.46,57.9,70.65,Inox,Frezare,132,1,Uzura excesiva
283,Freza,FREZA CARBURA Ø10 4F,1853,303.42,2.65,8.02,73.11,4.24,52.2,62.46,Otel,Frezare,311,1,Uzura excesiva
284,Freza,FREZA CARBURA Ø10 4F,3634,396.59,2.56,17.44,46.82,1.28,7.0,69.21,Otel,Frezare,313,0,Niciunul
285,Freza,FREZA CARBURA Ø10 4F,3705,697.75,2.44,8.24,102.73,0.71,12.4,63.33,Otel,Frezare,397,1,Supraincalzire
286,Freza,FREZA CARBURA Ø10 4F,3677,867.0,1.94,17.53,52.62,1.12,7.9,70.79,Otel,Frezare,154,0,Niciunul
287,Freza,FREZA CARBURA Ø10 4F,2923,809.64,2.36,8.21,81.27,8.12,35.8,66.13,Aluminiu,Frezare,187,1,Vibratii
288,Freza,FREZA CARBURA Ø10 4F,1952,902.22,0.86,8.86,103.58,2.15,15.3,64.27,Otel,Frezare,191,1,Supraincalzire
289,Freza,FREZA CARBURA Ø10 4F,3714,1043.34,1.42,14.16,81.59,1.01,69.0,67.32,Inox,Frezare,100,1,Uzura excesiva
290,Freza,FREZA CARBURA Ø10 4F,1900,1169.61,2.08,7.9,57.72,1.84,3.7,69.44,Otel,Frezare,455,0,Niciunul
291,Freza,FREZA CARBURA Ø10 4F,5284,1163.82,1.63,9.95,63.55,1.95,4.4,61.87,Otel,Frezare,437,0,Niciunul
292,Freza,FREZA CARBURA Ø10 4F,1656,284.55,0.74,16.82,55.29,1.68,61.6,71.91,Inox,Frezare,418,1,Uzura excesiva
293,Freza,FREZA CARBURA Ø10 4F,2576,219.81,0.16,10.22,57.62,1.39,3.1,66.9,Otel,Frezare,302,0,Niciunul
294,Freza,FREZA CARBURA Ø10 4F,4212,1065.67,1.79,19.71,82.45,8.47,32.6,71.73,Inox,Frezare,189,1,Vibratii
295,Freza,FREZA CARBURA Ø10 4F,4625,582.49,1.83,11.71,84.03,10.52,39.6,69.08,Inox,Frezare,6,1,Vibratii
296,Freza,FREZA CARBURA Ø10 4F,4728,1176.9,1.43,19.46,80.32,6.65,20.9,67.67,Aluminiu,Frezare,358,1,Vibratii
297,Freza,FREZA CARBURA Ø10 4F,3911,583.09,1.45,11.81,65.56,1.18,6.1,68.42,Inox,Frezare,74,0,Niciunul
298,Freza,FREZA CARBURA Ø10 4F,1874,253.56,1.24,16.82,80.14,1.44,11.3,70.07,Inox,Frezare,39,1,Supraincalzire
299,Freza,FREZA CARBURA Ø10 4F,3556,887.05,0.35,17.65,35.27,1.98,6.9,71.88,Aluminiu,Frezare,473,0,Niciunul
300,Freza,FREZA CARBURA Ø10 4F,2207,1191.4,0.59,14.94,54.66,7.28,32.1,68.45,Otel,Frezare,178,1,Vibratii
301,Freza,FREZA CARBURA Ø10 4F,1750,884.31,1.35,14.57,108.35,0.98,15.2,63.64,Inox,Frezare,212,1,Supraincalzire
302,Freza,FREZA CARBURA Ø10 4F,3116,988.57,0.84,14.05,50.54,1.31,13.4,74.16,Otel,Frezare,36,0,Niciunul
303,Freza,FREZA CARBURA Ø10 4F,5948,902.68,0.23,10.9,64.53,1.57,17.6,63.76,Inox,Frezare,57,0,Niciunul
304,Freza,FREZA CARBURA Ø10 4F,2154,516.61,2.65,12.4,62.36,1.69,7.6,64.83,Aluminiu,Frezare,167,0,Niciunul
305,Freza,FREZA CARBURA Ø10 4F,4579,427.13,0.89,16.25,60.29,1.1,17.4,60.25,Aluminiu,Frezare,345,0,Niciunul
306,Freza,FREZA CARBURA Ø10 4F,2313,1193.68,1.59,18.67,81.78,3.62,20.5,71.94,Otel,Frezare,160,1,Supraincalzire
307,Freza,FREZA CARBURA Ø10 4F,5617,859.11,1.28,12.08,118.47,3.62,28.5,64.44,Otel,Frezare,50,1,Supraincalzire
308,Freza,FREZA CARBURA Ø10 4F,5310,933.07,0.6,6.34,81.04,3.13,18.6,73.58,Otel,Frezare,268,1,Supraincalzire
309,Freza,FREZA CARBURA Ø10 4F,1703,882.38,1.69,7.06,66.68,3.96,63.5,64.3,Aluminiu,Frezare,95,1,Uzura excesiva
310,Freza,FREZA CARBURA Ø10 4F,1604,1050.62,2.2,12.99,118.1,1.39,36.4,74.51,Aluminiu,Frezare,116,1,Supraincalzire
311,Freza,FREZA CARBURA Ø10 4F,5124,1046.17,1.12,19.99,38.25,1.72,1.5,73.48,Otel,Frezare,193,0,Niciunul
312,Freza,FREZA CARBURA Ø10 4F,2481,397.9,2.48,8.96,59.79,1.8,9.9,66.06,Inox,Frezare,226,0,Niciunul
313,Freza,FREZA CARBURA Ø10 4F,2608,692.62,2.8,7.85,83.23,4.41,50.1,64.39,Aluminiu,Frezare,360,1,Vibratii
314,Freza,FREZA CARBURA Ø10 4F,3344,680.16,2.85,15.72,60.8,1.33,1.2,68.31,Otel,Frezare,47,0,Niciunul
315,Freza,FREZA CARBURA Ø10 4F,4074,861.51,0.21,6.17,76.77,2.03,65.3,62.13,Aluminiu,Frezare,265,1,Uzura excesiva
316,Freza,FREZA CARBURA Ø10 4F,5097,394.24,1.4,8.3,46.8,1.43,6.1,71.09,Inox,Frezare,492,0,Niciunul
317,Freza,FREZA CARBURA Ø10 4F,1612,911.9,1.12,5.83,89.82,3.02,53.0,69.59,Otel,Frezare,237,1,Vibratii
318,Freza,FREZA CARBURA Ø10 4F,5438,1006.9,1.92,6.2,60.31,1.31,76.5,68.09,Inox,Frezare,53,1,Uzura excesiva
319,Freza,FREZA CARBURA Ø10 4F,2101,945.14,1.29,5.56,69.46,7.33,35.0,60.19,Inox,Frezare,185,1,Vibratii
320,Freza,FREZA CARBURA Ø10 4F,5055,436.92,0.9,14.57,82.88,9.95,57.8,74.03,Inox,Frezare,197,1,Vibratii
321,Freza,FREZA CARBURA Ø10 4F,1563,213.35,1.49,8.09,58.68,2.99,61.7,70.63,Aluminiu,Frezare,385,1,Uzura excesiva
322,Freza,FREZA CARBURA Ø10 4F,3206,1027.44,2.89,10.86,35.59,0.7,13.7,72.37,Otel,Frezare,315,0,Niciunul
323,Freza,FREZA CARBURA Ø10 4F,2545,259.74,1.23,6.01,58.84,1.94,5.7,74.47,Otel,Frezare,249,0,Niciunul
324,Freza,FREZA CARBURA Ø10 4F,2510,504.54,1.84,6.55,69.87,1.31,10.3,63.72,Inox,Frezare,116,0,Niciunul
325,Freza,FREZA CARBURA Ø10 4F,2932,1153.71,2.39,6.43,40.91,1.38,4.3,62.71,Otel,Frezare,390,0,Niciunul
326,Freza,FREZA CARBURA Ø10 4F,5246,1109.33,1.96,5.46,82.06,2.32,27.3,65.8,Otel,Frezare,430,1,Supraincalzire
327,Freza,FREZA CARBURA Ø10 4F,3036,799.68,0.22,7.74,68.57,1.84,10.9,66.55,Otel,Frezare,180,0,Niciunul
328,Freza,FREZA CARBURA Ø10 4F,1599,745.07,2.72,19.25,59.89,1.61,16.9,72.09,Inox,Frezare,55,0,Niciunul
329,Freza,FREZA CARBURA Ø10 4F,5996,826.3,0.48,18.46,75.58,11.16,22.1,62.16,Inox,Frezare,384,1,Vibratii
330,Freza,FREZA CARBURA Ø10 4F,5885,1051.86,2.66,12.73,55.7,4.98,41.6,71.24,Aluminiu,Frezare,165,1,Uzura excesiva
331,Freza,FREZA CARBURA Ø10 4F,5984,1118.48,1.87,12.49,93.42,1.34,33.9,65.87,Aluminiu,Frezare,469,1,Supraincalzire
332,Freza,FREZA CARBURA Ø10 4F,4100,1090.46,1.72,16.67,59.51,2.39,67.9,71.12,Inox,Frezare,437,1,Uzura excesiva
333,Freza,FREZA CARBURA Ø10 4F,3704,347.58,1.95,15.09,44.54,1.54,4.8,61.77,Aluminiu,Frezare,29,0,Niciunul
334,Freza,FREZA CARBURA Ø10 4F,2630,222.28,1.12,6.9,87.65,3.38,11.4,73.9,Aluminiu,Frezare,163,1,Supraincalzire
335,Freza,FREZA CARBURA Ø10 4F,5716,526.89,2.45,16.63,76.74,3.98,26.9,62.31,Inox,Frezare,384,1,Vibratii
336,Freza,FREZA CARBURA Ø10 4F,3033,964.55,2.43,5.35,57.24,10.11,57.3,68.51,Otel,Frezare,164,1,Vibratii
337,Freza,FREZA CARBURA Ø10 4F,5810,740.05,1.48,19.16,36.36,1.96,20.0,69.25,Otel,Frezare,118,0,Niciunul
338,Freza,FREZA CARBURA Ø10 4F,5481,888.77,1.15,12.15,37.47,0.93,1.6,65.23,Otel,Frezare,424,0,Niciunul
339,Freza,FREZA CARBURA Ø10 4F,1665,660.63,1.89,16.48,119.67,1.6,32.7,63.46,Otel,Frezare,185,1,Supraincalzire
340,Freza,FREZA CARBURA Ø10 4F,4448,997.76,0.33,6.69,57.68,6.61,21.2,70.52,Inox,Frezare,207,1,Vibratii
341,Freza,FREZA CARBURA Ø10 4F,1901,1120.88,1.03,15.34,65.83,3.03,21.8,74.62,Inox,Frezare,379,1,Vibratii
342,Freza,FREZA CARBURA Ø10 4F,5371,831.76,1.93,5.55,68.77,1.85,15.9,69.33,Otel,Frezare,254,0,Niciunul
343,Freza,FREZA CARBURA Ø10 4F,4054,1109.74,2.09,9.56,80.6,2.81,38.8,61.72,Aluminiu,Frezare,186,1,Supraincalzire
344,Freza,FREZA CARBURA Ø10 4F,5980,598.04,2.07,5.83,115.37,1.29,37.8,73.31,Otel,Frezare,403,1,Supraincalzire
345,Freza,FREZA CARBURA Ø10 4F,3574,797.91,0.99,9.04,51.14,1.59,15.2,64.06,Inox,Frezare,39,0,Niciunul
346,Freza,FREZA CARBURA Ø10 4F,2415,663.28,2.35,9.12,64.03,2.18,66.8,70.4,Otel,Frezare,432,1,Uzura excesiva
347,Freza,FREZA CARBURA Ø10 4F,3436,518.6,2.64,9.12,63.55,1.65,0.7,63.59,Inox,Frezare,189,0,Niciunul
348,Freza,FREZA CARBURA Ø10 4F,4135,1045.1,1.1,7.63,67.86,1.1,9.4,68.54,Inox,Frezare,19,0,Niciunul
349,Freza,FREZA CARBURA Ø10 4F,4572,344.58,0.49,13.65,60.77,1.9,54.2,68.92,Inox,Frezare,110,1,Uzura excesiva
350,Freza,FREZA CARBURA Ø10 4F,5037,445.56,2.66,9.36,80.94,6.88,32.3,71.9,Otel,Frezare,481,1,Vibratii
351,Freza,FREZA CARBURA Ø10 4F,2986,935.97,1.12,13.24,58.02,1.84,8.0,69.24,Aluminiu,Frezare,345,0,Niciunul
352,Freza,FREZA CARBURA Ø10 4F,5730,981.17,1.47,13.14,60.54,1.55,5.9,62.41,Otel,Frezare,471,0,Niciunul
353,Freza,FREZA CARBURA Ø10 4F,4477,695.26,0.41,19.54,35.6,0.6,7.9,67.72,Inox,Frezare,293,0,Niciunul
354,Freza,FREZA CARBURA Ø10 4F,4353,364.06,1.29,15.91,61.61,1.42,10.0,65.52,Aluminiu,Frezare,398,0,Niciunul
355,Freza,FREZA CARBURA Ø10 4F,4780,725.02,2.9,12.29,56.66,1.67,9.6,66.67,Aluminiu,Frezare,147,0,Niciunul
356,Freza,FREZA CARBURA Ø10 4F,3840,1143.01,0.85,17.69,63.14,1.42,14.1,74.35,Inox,Frezare,371,0,Niciunul
357,Freza,FREZA CARBURA Ø10 4F,2216,519.5,1.67,11.91,61.25,0.5,0.5,67.61,Aluminiu,Frezare,266,0,Niciunul
358,Freza,FREZA CARBURA Ø10 4F,3863,376.24,1.65,7.39,116.35,3.52,29.2,66.55,Otel,Frezare,500,1,Supraincalzire
359,Freza,FREZA CARBURA Ø10 4F,5170,1148.54,0.94,9.32,46.66,1.25,6.2,65.29,Aluminiu,Frezare,343,0,Niciunul
360,Freza,FREZA CARBURA Ø10 4F,4404,388.2,2.13,13.89,51.4,0.77,12.4,65.18,Inox,Frezare,443,0,Niciunul
361,Freza,FREZA CARBURA Ø10 4F,4345,961.81,0.55,16.43,45.63,0.57,4.6,65.87,Inox,Frezare,498,0,Niciunul
362,Freza,FREZA CARBURA Ø10 4F,2533,1112.58,2.84,11.99,54.24,1.38,17.3,68.24,Aluminiu,Frezare,340,0,Niciunul
363,Freza,FREZA CARBURA Ø10 4F,3498,542.76,2.44,8.91,115.62,1.63,11.8,71.21,Aluminiu,Frezare,235,1,Supraincalzire
364,Freza,FREZA CARBURA Ø10 4F,4934,1063.82,2.14,7.09,50.77,1.84,16.4,68.45,Aluminiu,Frezare,400,0,Niciunul
365,Freza,FREZA CARBURA Ø10 4F,1821,581.91,1.69,11.44,52.61,0.77,16.1,65.38,Otel,Frezare,270,0,Niciunul
366,Freza,FREZA CARBURA Ø10 4F,4527,373.56,2.02,5.37,41.64,1.66,15.2,65.64,Otel,Frezare,8,0,Niciunul
367,Freza,FREZA CARBURA Ø10 4F,2671,653.49,1.44,13.72,61.61,6.76,57.4,60.28,Inox,Frezare,395,1,Vibratii
368,Freza,FREZA CARBURA Ø10 4F,3219,1151.86,2.98,5.21,88.24,0.82,24.9,74.84,Aluminiu,Frezare,113,1,Supraincalzire
369,Freza,FREZA CARBURA Ø10 4F,4382,508.35,1.68,13.42,66.91,2.49,46.0,61.41,Aluminiu,Frezare,449,1,Uzura excesiva
370,Freza,FREZA CARBURA Ø10 4F,3047,699.93,2.88,12.82,47.83,1.21,14.5,64.75,Aluminiu,Frezare,221,0,Niciunul
371,Freza,FREZA CARBURA Ø10 4F,3094,588.4,1.02,13.14,38.94,1.85,13.3,60.81,Inox,Frezare,106,0,Niciunul
372,Freza,FREZA CARBURA Ø10 4F,3497,1125.25,2.41,13.77,55.23,3.82,65.6,60.88,Otel,Frezare,442,1,Uzura excesiva
373,Freza,FREZA CARBURA Ø10 4F,2837,955.76,1.61,6.59,82.43,10.8,30.0,68.85,Aluminiu,Frezare,268,1,Vibratii
374,Freza,FREZA CARBURA Ø10 4F,4999,648.48,0.2,18.78,39.78,1.75,19.3,67.79,Aluminiu,Frezare,69,0,Niciunul
375,Freza,FREZA CARBURA Ø10 4F,1633,553.32,0.34,5.49,86.94,8.0,28.0,72.39,Otel,Frezare,223,1,Vibratii
376,Freza,FREZA CARBURA Ø10 4F,1601,320.8,1.83,10.82,111.25,0.51,19.4,64.64,Aluminiu,Frezare,247,1,Supraincalzire
377,Freza,FREZA CARBURA Ø10 4F,3996,1119.58,3.0,18.73,66.35,1.65,60.2,61.14,Otel,Frezare,163,1,Uzura excesiva
378,Freza,FREZA CARBURA Ø10 4F,4946,882.76,1.22,19.94,57.35,0.51,1.2,61.7,Inox,Frezare,30,0,Niciunul
379,Freza,FREZA CARBURA Ø10 4F,5899,882.98,0.62,11.41,92.56,3.25,31.2,66.64,Otel,Frezare,433,1,Supraincalzire
380,Freza,FREZA CARBURA Ø10 4F,3972,926.59,2.53,18.09,92.23,2.3,35.8,71.62,Otel,Frezare,92,1,Supraincalzire
381,Freza,FREZA CARBURA Ø10 4F,2328,965.88,0.43,15.76,83.22,3.62,38.1,68.62,Aluminiu,Frezare,80,1,Niciunul
382,Freza,FREZA CARBURA Ø10 4F,5814,883.22,2.12,12.13,87.39,3.59,12.1,63.73,Aluminiu,Frezare,294,1,Supraincalzire
383,Freza,FREZA CARBURA Ø10 4F,5732,1097.3,2.44,16.59,84.36,2.2,11.2,70.52,Aluminiu,Frezare,465,1,Supraincalzire
384,Freza,FREZA CARBURA Ø10 4F,4888,736.36,2.04,11.97,76.0,3.72,50.5,73.97,Aluminiu,Frezare,277,1,Niciunul
385,Freza,FREZA CARBURA Ø10 4F,4933,494.56,2.02,16.34,65.91,1.09,8.0,72.48,Otel,Frezare,338,0,Niciunul
386,Freza,FREZA CARBURA Ø10 4F,4440,1183.0,0.46,8.55,80.02,4.25,31.7,64.0,Otel,Frezare,50,1,Vibratii
387,Freza,FREZA CARBURA Ø10 4F,2650,700.65,0.47,14.66,68.12,1.78,5.7,69.42,Inox,Frezare,34,0,Niciunul
388,Freza,FREZA CARBURA Ø10 4F,3693,658.82,1.72,14.67,40.87,1.32,20.0,63.17,Otel,Frezare,223,0,Niciunul
389,Freza,FREZA CARBURA Ø10 4F,4810,464.27,1.43,7.19,41.93,0.99,18.8,67.38,Otel,Frezare,404,0,Niciunul
390,Freza,FREZA CARBURA Ø10 4F,2941,914.5,1.35,10.13,97.07,2.11,35.6,75.0,Aluminiu,Frezare,237,1,Niciunul
391,Freza,FREZA CARBURA Ø10 4F,4670,754.43,0.28,9.85,46.05,0.93,5.5,72.88,Otel,Frezare,348,0,Niciunul
392,Freza,FREZA CARBURA Ø10 4F,2171,571.16,2.71,10.72,68.07,0.99,9.3,67.2,Aluminiu,Frezare,242,0,Niciunul
393,Freza,FREZA CARBURA Ø10 4F,1689,1128.15,2.79,12.9,63.6,4.81,47.7,62.84,Aluminiu,Frezare,11,1,Uzura excesiva
394,Freza,FREZA CARBURA Ø10 4F,4932,417.1,0.89,16.36,54.1,1.15,13.1,70.86,Inox,Frezare,327,0,Niciunul
395,Freza,FREZA CARBURA Ø10 4F,3005,548.78,0.61,7.48,52.89,1.44,1.4,60.58,Aluminiu,Frezare,361,0,Niciunul
396,Freza,FREZA CARBURA Ø10 4F,1556,892.47,0.2,13.04,59.12,2.52,45.9,69.52,Otel,Frezare,177,1,Uzura excesiva
397,Freza,FREZA CARBURA Ø10 4F,2601,843.45,0.2,18.08,64.18,1.51,16.8,68.56,Aluminiu,Frezare,287,0,Niciunul
398,Freza,FREZA CARBURA Ø10 4F,5455,831.96,1.14,15.18,74.7,9.44,41.2,69.71,Inox,Frezare,268,1,Vibratii
399,Freza,FREZA CARBURA Ø10 4F,4553,252.7,0.18,10.66,81.21,10.42,42.6,68.14,Aluminiu,Frezare,188,1,Vibratii
400,Freza,FREZA CARBURA Ø10 4F,5547,203.0,2.17,8.19,37.67,0.58,5.7,72.25,Otel,Frezare,249,0,Niciunul
401,Freza,FREZA CARBURA Ø10 4F,2312,776.97,1.44,19.31,44.69,1.74,13.0,63.06,Otel,Frezare,490,0,Niciunul
402,Freza,FREZA CARBURA Ø10 4F,2835,455.3,1.23,9.38,67.31,1.54,11.4,67.11,Otel,Frezare,255,0,Niciunul
403,Freza,FREZA CARBURA Ø10 4F,5855,958.96,0.22,8.21,63.95,0.68,12.1,64.66,Otel,Frezare,316,0,Niciunul
404,Freza,FREZA CARBURA Ø10 4F,5103,745.96,0.34,9.99,117.46,2.71,11.9,74.36,Inox,Frezare,274,1,Niciunul
405,Freza,FREZA CARBURA Ø10 4F,2847,1172.29,0.91,11.97,66.11,8.43,58.6,72.73,Inox,Frezare,469,1,Vibratii
406,Freza,FREZA CARBURA Ø10 4F,4653,1136.11,1.85,10.78,95.3,1.83,34.2,60.6,Aluminiu,Frezare,33,1,Supraincalzire
407,Freza,FREZA CARBURA Ø10 4F,4803,1063.09,2.17,15.22,110.47,1.86,13.5,64.7,Inox,Frezare,232,1,Supraincalzire
408,Freza,FREZA CARBURA Ø10 4F,5242,554.06,1.59,10.16,82.0,1.66,36.0,66.41,Inox,Frezare,176,1,Niciunul
409,Freza,FREZA CARBURA Ø10 4F,5306,718.43,1.5,8.48,88.69,3.61,32.7,66.21,Inox,Frezare,460,1,Vibratii
410,Freza,FREZA CARBURA Ø10 4F,1950,718.49,0.43,16.17,68.89,7.44,33.8,67.9,Aluminiu,Frezare,224,1,Vibratii
411,Freza,FREZA CARBURA Ø10 4F,2995,1124.29,1.38,14.44,86.28,3.05,36.1,62.49,Inox,Frezare,354,1,Supraincalzire
412,Freza,FREZA CARBURA Ø10 4F,1759,209.33,2.04,7.02,69.71,1.21,15.3,61.2,Otel,Frezare,489,0,Niciunul
413,Freza,FREZA CARBURA Ø10 4F,2388,400.48,1.57,7.84,112.61,0.97,39.6,70.71,Otel,Frezare,322,1,Supraincalzire
414,Freza,FREZA CARBURA Ø10 4F,2466,501.57,2.46,5.66,111.55,1.36,10.7,67.9,Inox,Frezare,166,1,Supraincalzire
415,Freza,FREZA CARBURA Ø10 4F,4973,234.62,2.4,9.36,64.47,0.66,13.2,60.49,Aluminiu,Frezare,205,0,Niciunul
416,Freza,FREZA CARBURA Ø10 4F,4648,273.46,1.49,12.05,64.79,0.77,1.9,63.6,Inox,Frezare,29,0,Niciunul
417,Freza,FREZA CARBURA Ø10 4F,4384,1018.96,1.15,17.21,35.63,1.93,7.0,66.31,Inox,Frezare,453,0,Niciunul
418,Freza,FREZA CARBURA Ø10 4F,2352,732.24,0.48,12.37,61.17,4.8,41.6,62.21,Otel,Frezare,352,1,Uzura excesiva
419,Freza,FREZA CARBURA Ø10 4F,4349,322.51,1.99,7.4,88.84,1.15,22.2,73.81,Aluminiu,Frezare,144,1,Niciunul
420,Freza,FREZA CARBURA Ø10 4F,2967,303.2,0.99,7.19,39.15,0.78,15.4,68.48,Otel,Frezare,322,0,Niciunul
421,Freza,FREZA CARBURA Ø10 4F,4024,255.43,1.01,6.96,49.97,1.01,19.9,63.37,Inox,Frezare,400,0,Niciunul
422,Freza,FREZA CARBURA Ø10 4F,4489,982.54,0.28,12.72,69.35,1.0,4.2,73.98,Aluminiu,Frezare,20,0,Niciunul
423,Freza,FREZA CARBURA Ø10 4F,1790,782.23,1.3,6.47,94.99,2.15,26.0,63.31,Otel,Frezare,101,1,Supraincalzire
424,Freza,FREZA CARBURA Ø10 4F,4006,909.46,2.3,12.26,46.68,0.9,5.8,74.35,Otel,Frezare,476,0,Niciunul
425,Freza,FREZA CARBURA Ø10 4F,2850,1127.09,2.34,14.77,109.66,1.4,13.9,60.29,Otel,Frezare,159,1,Supraincalzire
426,Freza,FREZA CARBURA Ø10 4F,1992,596.01,0.51,6.59,42.05,1.63,0.7,71.12,Inox,Frezare,324,0,Niciunul
427,Freza,FREZA CARBURA Ø10 4F,3506,757.08,2.62,12.96,48.76,1.34,0.0,71.35,Aluminiu,Frezare,21,0,Niciunul
428,Freza,FREZA CARBURA Ø10 4F,2570,1009.14,1.64,18.61,105.41,3.19,21.2,73.64,Otel,Frezare,13,1,Supraincalzire
429,Freza,FREZA CARBURA Ø10 4F,3158,1002.24,1.98,12.31,78.49,11.01,35.8,69.8,Otel,Frezare,412,1,Vibratii
430,Freza,FREZA CARBURA Ø10 4F,1777,1124.25,1.01,9.32,105.28,2.13,36.9,60.37,Inox,Frezare,358,1,Supraincalzire
431,Freza,FREZA CARBURA Ø10 4F,3570,716.84,1.49,15.75,74.33,4.79,49.9,66.58,Otel,Frezare,98,1,Vibratii
432,Freza,FREZA CARBURA Ø10 4F,5669,977.13,0.22,19.02,103.71,3.12,28.3,69.69,Inox,Frezare,295,1,Supraincalzire
433,Freza,FREZA CARBURA Ø10 4F,3751,673.26,2.95,5.69,52.76,0.51,5.9,60.47,Aluminiu,Frezare,18,0,Niciunul
434,Freza,FREZA CARBURA Ø10 4F,4409,1157.81,0.3,15.44,69.2,6.88,29.2,70.48,Aluminiu,Frezare,337,1,Vibratii
435,Freza,FREZA CARBURA Ø10 4F,3151,961.98,1.3,7.93,53.27,3.07,57.6,62.23,Otel,Frezare,351,1,Vibratii
436,Freza,FREZA CARBURA Ø10 4F,4802,709.85,1.12,6.24,68.99,4.36,42.3,65.72,Aluminiu,Frezare,81,1,Uzura excesiva
437,Freza,FREZA CARBURA Ø10 4F,3213,915.87,0.14,12.43,35.2,1.34,5.1,62.12,Inox,Frezare,34,0,Niciunul
438,Freza,FREZA CARBURA Ø10 4F,5687,843.63,1.31,6.27,42.13,0.67,4.9,60.1,Aluminiu,Frezare,125,0,Niciunul
439,Freza,FREZA CARBURA Ø10 4F,4875,746.4,2.72,10.64,54.88,1.97,74.2,65.29,Inox,Frezare,102,1,Uzura excesiva
440,Freza,FREZA CARBURA Ø10 4F,1517,761.68,2.27,5.71,48.82,0.79,7.0,69.26,Otel,Frezare,236,0,Niciunul
441,Freza,FREZA CARBURA Ø10 4F,5552,992.66,1.53,15.89,38.83,0.95,12.0,73.5,Aluminiu,Frezare,420,0,Niciunul
442,Freza,FREZA CARBURA Ø10 4F,5518,795.41,1.39,10.12,65.68,1.24,4.1,74.77,Inox,Frezare,94,0,Niciunul
443,Freza,FREZA CARBURA Ø10 4F,2593,908.04,1.06,8.84,68.82,1.22,7.5,66.63,Inox,Frezare,500,0,Niciunul
444,Freza,FREZA CARBURA Ø10 4F,4793,286.85,2.97,14.14,35.59,1.67,9.1,71.81,Inox,Frezare,48,0,Niciunul
445,Freza,FREZA CARBURA Ø10 4F,5695,733.71,0.35,19.25,59.72,1.92,45.3,60.81,Inox,Frezare,45,1,Uzura excesiva
446,Freza,FREZA CARBURA Ø10 4F,3679,448.17,2.6,18.91,40.23,1.99,2.5,69.14,Otel,Frezare,390,0,Niciunul
447,Freza,FREZA CARBURA Ø10 4F,4078,565.79,0.38,15.76,60.5,1.58,19.4,70.86,Inox,Frezare,471,0,Niciunul
448,Freza,FREZA CARBURA Ø10 4F,2707,808.49,1.89,17.32,54.25,0.7,10.9,68.84,Otel,Frezare,430,0,Niciunul
449,Freza,FREZA CARBURA Ø10 4F,4005,758.57,2.8,5.73,51.55,1.71,0.7,65.51,Aluminiu,Frezare,475,0,Niciunul
450,Freza,FREZA CARBURA Ø10 4F,2450,1111.28,1.75,18.43,55.3,0.8,13.5,68.99,Otel,Frezare,67,0,Niciunul
451,Freza,FREZA CARBURA Ø10 4F,3447,440.69,2.04,8.75,46.59,1.21,10.7,70.77,Inox,Frezare,147,0,Niciunul
452,Freza,FREZA CARBURA Ø10 4F,3568,270.81,0.95,17.09,44.0,1.98,2.0,71.87,Aluminiu,Frezare,266,0,Niciunul
453,Freza,FREZA CARBURA Ø10 4F,4950,689.16,0.65,12.25,75.87,2.75,46.5,68.68,Aluminiu,Frezare,195,1,Uzura excesiva
454,Freza,FREZA CARBURA Ø10 4F,1867,720.16,0.63,8.49,62.94,0.61,5.4,65.8,Otel,Frezare,208,0,Niciunul
455,Freza,FREZA CARBURA Ø10 4F,5338,228.48,2.47,13.76,61.05,1.88,1.9,68.73,Inox,Frezare,328,0,Niciunul
456,Freza,FREZA CARBURA Ø10 4F,4497,924.51,2.01,10.53,65.25,1.65,14.6,66.92,Aluminiu,Frezare,125,0,Niciunul
457,Freza,FREZA CARBURA Ø10 4F,2562,1108.99,1.22,6.09,69.37,1.84,16.3,62.12,Otel,Frezare,368,0,Niciunul
458,Freza,FREZA CARBURA Ø10 4F,3717,296.86,1.11,18.84,79.42,2.03,74.7,64.82,Otel,Frezare,190,1,Uzura excesiva
459,Freza,FREZA CARBURA Ø10 4F,3985,386.15,1.74,15.07,63.08,1.38,17.9,72.29,Otel,Frezare,168,0,Niciunul
460,Freza,FREZA CARBURA Ø10 4F,5268,697.39,0.18,14.58,44.38,1.43,17.3,67.63,Aluminiu,Frezare,228,0,Niciunul
461,Freza,FREZA CARBURA Ø10 4F,3483,472.77,1.12,8.03,56.6,1.33,2.9,67.65,Aluminiu,Frezare,102,0,Niciunul
462,Freza,FREZA CARBURA Ø10 4F,5268,834.14,0.21,12.73,104.28,1.86,38.5,63.96,Inox,Frezare,133,1,Supraincalzire
463,Freza,FREZA CARBURA Ø10 4F,4930,770.12,1.39,5.53,62.32,0.89,1.6,74.43,Otel,Frezare,111,0,Niciunul
464,Freza,FREZA CARBURA Ø10 4F,4752,410.13,0.66,14.73,105.26,1.66,22.0,74.13,Otel,Frezare,239,1,Supraincalzire
465,Freza,FREZA CARBURA Ø10 4F,3821,540.14,2.29,9.95,55.61,2.95,53.6,64.78,Aluminiu,Frezare,336,1,Uzura excesiva
466,Freza,FREZA CARBURA Ø10 4F,1694,497.07,1.4,14.33,61.13,1.92,47.4,69.56,Otel,Frezare,304,1,Uzura excesiva
467,Freza,FREZA CARBURA Ø10 4F,4679,284.48,2.05,11.3,48.24,1.71,19.4,74.64,Aluminiu,Frezare,138,0,Niciunul
468,Freza,FREZA CARBURA Ø10 4F,2071,987.31,2.31,18.4,71.19,2.72,59.4,69.94,Aluminiu,Frezare,279,1,Uzura excesiva
469,Freza,FREZA CARBURA Ø10 4F,2589,250.32,1.05,19.95,59.14,2.31,46.1,60.28,Inox,Frezare,251,1,Uzura excesiva
470,Freza,FREZA CARBURA Ø10 4F,4158,757.47,1.76,16.53,66.08,1.75,0.9,65.74,Inox,Frezare,350,0,Niciunul
471,Freza,FREZA CARBURA Ø10 4F,4000,317.73,2.76,17.2,75.23,4.01,61.7,67.67,Otel,Frezare,298,1,Uzura excesiva
472,Freza,FREZA CARBURA Ø10 4F,3007,537.63,0.44,10.52,68.88,0.58,16.4,62.79,Otel,Frezare,493,0,Niciunul
473,Freza,FREZA CARBURA Ø10 4F,3513,973.64,1.18,10.01,84.14,7.43,53.0,70.31,Inox,Frezare,427,1,Niciunul
474,Freza,FREZA CARBURA Ø10 4F,2932,881.31,0.81,11.38,65.11,1.47,8.9,71.03,Aluminiu,Frezare,131,0,Niciunul
475,Freza,FREZA CARBURA Ø10 4F,5861,836.46,1.84,15.16,61.59,1.22,19.7,74.41,Inox,Frezare,82,0,Niciunul
476,Freza,FREZA CARBURA Ø10 4F,1962,541.53,1.13,14.93,56.74,1.33,17.5,60.05,Otel,Frezare,372,0,Niciunul
477,Freza,FREZA CARBURA Ø10 4F,5805,446.9,0.86,10.86,66.47,0.94,1.1,60.67,Inox,Frezare,309,0,Niciunul
478,Freza,FREZA CARBURA Ø10 4F,2016,1104.81,1.52,7.09,84.34,3.41,28.2,74.5,Otel,Frezare,293,1,Supraincalzire
479,Freza,FREZA CARBURA Ø10 4F,5126,706.99,0.58,18.08,84.02,2.55,70.1,73.0,Aluminiu,Frezare,499,1,Uzura excesiva
480,Freza,FREZA CARBURA Ø10 4F,3624,331.87,1.03,18.83,82.11,3.56,36.1,64.32,Aluminiu,Frezare,57,1,Supraincalzire
481,Freza,FREZA CARBURA Ø10 4F,2434,1056.45,1.79,6.79,55.92,4.53,44.0,68.94,Inox,Frezare,244,1,Uzura excesiva
482,Freza,FREZA CARBURA Ø10 4F,4717,629.09,0.85,6.11,49.02,1.23,9.9,67.73,Otel,Frezare,55,0,Niciunul
483,Freza,FREZA CARBURA Ø10 4F,5973,846.44,1.61,14.39,55.04,0.82,2.8,65.34,Inox,Frezare,421,0,Niciunul
484,Freza,FREZA CARBURA Ø10 4F,3306,256.02,0.88,17.86,83.81,1.89,11.4,74.21,Aluminiu,Frezare,309,1,Supraincalzire
485,Freza,FREZA CARBURA Ø10 4F,5375,334.45,0.51,15.42,56.64,1.8,3.3,69.37,Otel,Frezare,450,0,Niciunul
486,Freza,FREZA CARBURA Ø10 4F,3106,658.65,0.43,8.12,65.64,1.87,19.7,73.45,Inox,Frezare,9,0,Niciunul
487,Freza,FREZA CARBURA Ø10 4F,3631,363.39,0.39,6.01,98.84,0.86,19.5,71.93,Otel,Frezare,29,1,Supraincalzire
488,Freza,FREZA CARBURA Ø10 4F,5665,754.74,0.92,10.67,66.56,1.65,59.8,66.17,Otel,Frezare,433,1,Uzura excesiva
489,Freza,FREZA CARBURA Ø10 4F,4856,768.86,1.66,8.27,99.07,1.36,16.1,61.42,Inox,Frezare,379,1,Niciunul
490,Freza,FREZA CARBURA Ø10 4F,1726,830.58,0.48,9.22,81.77,5.98,33.0,70.78,Otel,Frezare,199,1,Vibratii
491,Freza,FREZA CARBURA Ø10 4F,4475,748.91,1.99,9.32,61.15,1.3,18.8,65.82,Inox,Frezare,140,0,Niciunul
492,Freza,FREZA CARBURA Ø10 4F,2184,1196.57,2.44,12.46,55.03,3.06,44.7,63.74,Otel,Frezare,213,1,Uzura excesiva
493,Freza,FREZA CARBURA Ø10 4F,3276,1196.82,2.8,18.32,46.76,1.07,18.0,64.68,Aluminiu,Frezare,461,0,Niciunul
494,Freza,FREZA CARBURA Ø10 4F,5260,288.06,2.15,9.04,73.41,7.38,39.5,63.22,Aluminiu,Frezare,105,1,Vibratii
495,Freza,FREZA CARBURA Ø10 4F,5083,942.32,2.12,9.42,62.78,5.5,37.4,74.55,Inox,Frezare,166,1,Vibratii
496,Freza,FREZA CARBURA Ø10 4F,5794,1026.75,1.12,18.83,67.24,0.79,14.8,73.65,Otel,Frezare,353,0,Niciunul
497,Freza,FREZA CARBURA Ø10 4F,2213,331.67,2.07,8.16,74.97,4.73,44.5,69.26,Aluminiu,Frezare,115,1,Vibratii
498,Freza,FREZA CARBURA Ø10 4F,1705,270.46,0.18,15.6,82.28,9.34,39.9,67.54,Inox,Frezare,421,1,Vibratii
499,Freza,FREZA CARBURA Ø10 4F,2211,403.04,1.5,15.66,63.4,1.72,13.7,73.39,Inox,Frezare,381,0,Niciunul
500,Freza,FREZA CARBURA Ø10 4F,5238,372.24,0.42,14.09,77.36,4.28,52.5,65.02,Otel,Frezare,43,1,Uzura excesiva
501,Freza,FREZA CARBURA Ø10 4F,2812,949.77,1.45,14.93,57.25,3.98,26.8,68.37,Inox,Frezare,441,1,Vibratii
502,Freza,FREZA CARBURA Ø10 4F,2197,567.06,0.47,12.34,54.3,0.99,0.6,66.28,Otel,Frezare,339,0,Niciunul
503,Freza,FREZA CARBURA Ø10 4F,1990,1030.56,1.27,13.6,75.97,9.74,46.7,74.22,Otel,Frezare,440,1,Vibratii
504,Freza,FREZA CARBURA Ø10 4F,5038,244.27,2.17,9.6,87.94,1.21,34.0,71.97,Inox,Frezare,433,1,Supraincalzire
505,Freza,FREZA CARBURA Ø10 4F,4611,382.2,0.78,14.76,59.06,1.97,10.8,70.78,Aluminiu,Frezare,429,0,Niciunul
506,Freza,FREZA CARBURA Ø10 4F,2023,927.03,2.62,12.27,44.0,1.06,8.1,66.51,Otel,Frezare,341,0,Niciunul
507,Freza,FREZA CARBURA Ø10 4F,4820,1144.52,1.5,12.74,49.56,1.87,13.4,63.98,Inox,Frezare,188,0,Niciunul
508,Freza,FREZA CARBURA Ø10 4F,3596,331.24,2.71,14.51,93.04,1.87,34.3,72.85,Otel,Frezare,346,1,Supraincalzire
509,Freza,FREZA CARBURA Ø10 4F,5117,972.11,2.63,5.44,52.39,1.08,10.2,72.46,Aluminiu,Frezare,114,0,Niciunul
510,Freza,FREZA CARBURA Ø10 4F,3447,731.92,0.15,17.2,58.27,1.91,14.8,66.01,Otel,Frezare,440,0,Niciunul
511,Freza,FREZA CARBURA Ø10 4F,5539,434.75,0.22,12.48,40.08,1.69,3.2,70.8,Otel,Frezare,31,0,Niciunul
512,Freza,FREZA CARBURA Ø10 4F,4373,329.5,1.86,14.88,74.44,2.42,57.6,73.53,Aluminiu,Frezare,300,1,Uzura excesiva
513,Freza,FREZA CARBURA Ø10 4F,2104,788.16,0.51,19.07,87.42,0.93,23.5,69.41,Aluminiu,Frezare,241,1,Supraincalzire
514,Freza,FREZA CARBURA Ø10 4F,4588,319.55,1.73,19.03,81.71,2.67,26.2,66.71,Inox,Frezare,8,1,Supraincalzire
515,Freza,FREZA CARBURA Ø10 4F,3254,652.73,0.99,14.55,59.96,0.93,2.3,62.37,Otel,Frezare,260,0,Niciunul
516,Freza,FREZA CARBURA Ø10 4F,5024,293.03,2.96,16.27,36.68,1.44,15.5,63.73,Aluminiu,Frezare,451,0,Niciunul
517,Freza,FREZA CARBURA Ø10 4F,3761,700.38,0.76,8.2,60.06,11.76,43.7,74.43,Otel,Frezare,45,1,Vibratii
518,Freza,FREZA CARBURA Ø10 4F,5396,774.16,1.33,7.66,66.34,1.02,0.8,64.77,Aluminiu,Frezare,341,0,Niciunul
519,Freza,FREZA CARBURA Ø10 4F,4713,962.65,0.89,6.15,62.87,1.7,65.4,67.26,Aluminiu,Frezare,382,1,Uzura excesiva
520,Freza,FREZA CARBURA Ø10 4F,5247,678.22,0.83,14.57,66.51,1.29,1.0,74.72,Aluminiu,Frezare,52,0,Niciunul
521,Freza,FREZA CARBURA Ø10 4F,1677,391.32,0.15,19.93,46.07,1.63,19.6,73.13,Inox,Frezare,106,0,Niciunul
522,Freza,FREZA CARBURA Ø10 4F,4865,610.67,2.02,7.55,67.31,0.91,14.4,67.24,Inox,Frezare,378,0,Niciunul
523,Freza,FREZA CARBURA Ø10 4F,2774,437.81,0.35,14.13,60.08,9.81,48.4,69.55,Otel,Frezare,170,1,Vibratii
524,Freza,FREZA CARBURA Ø10 4F,2547,537.94,2.06,10.0,50.11,1.94,18.8,67.54,Aluminiu,Frezare,205,0,Niciunul
525,Freza,FREZA CARBURA Ø10 4F,5420,398.16,0.86,10.43,59.96,0.51,5.9,61.27,Inox,Frezare,75,0,Niciunul
526,Freza,FREZA CARBURA Ø10 4F,3727,783.96,2.67,13.23,40.68,1.23,11.0,65.43,Otel,Frezare,336,0,Niciunul
527,Freza,FREZA CARBURA Ø10 4F,5946,270.08,0.84,9.13,87.73,0.64,15.3,74.0,Aluminiu,Frezare,169,1,Supraincalzire
528,Freza,FREZA CARBURA Ø10 4F,3207,262.0,1.83,16.81,63.76,4.43,70.8,72.88,Aluminiu,Frezare,99,1,Uzura excesiva
529,Freza,FREZA CARBURA Ø10 4F,5398,671.59,1.96,5.06,112.26,3.98,31.1,69.95,Aluminiu,Frezare,239,1,Supraincalzire
530,Freza,FREZA CARBURA Ø10 4F,3590,883.04,2.3,7.75,64.62,2.64,70.3,64.64,Otel,Frezare,40,1,Uzura excesiva
531,Freza,FREZA CARBURA Ø10 4F,4862,245.36,1.72,13.61,50.15,0.9,3.7,64.91,Otel,Frezare,176,0,Niciunul
532,Freza,FREZA CARBURA Ø10 4F,5787,491.81,2.8,18.89,93.77,2.57,11.5,60.2,Inox,Frezare,372,1,Supraincalzire
533,Freza,FREZA CARBURA Ø10 4F,4867,361.25,2.9,17.89,84.78,3.88,11.2,60.22,Otel,Frezare,166,1,Supraincalzire
534,Freza,FREZA CARBURA Ø10 4F,2895,1069.29,0.92,10.47,49.56,0.93,10.8,70.21,Otel,Frezare,248,0,Niciunul
535,Freza,FREZA CARBURA Ø10 4F,2452,1138.61,0.65,6.3,75.19,9.11,52.9,72.91,Inox,Frezare,246,1,Vibratii
536,Freza,FREZA CARBURA Ø10 4F,2360,496.82,2.92,5.68,70.0,5.36,32.8,73.85,Aluminiu,Frezare,287,1,Vibratii
537,Freza,FREZA CARBURA Ø10 4F,4788,206.18,0.65,19.65,38.97,1.28,3.2,66.18,Inox,Frezare,211,0,Niciunul
538,Freza,FREZA CARBURA Ø10 4F,2991,265.13,1.56,18.13,58.47,0.93,15.8,74.67,Aluminiu,Frezare,284,0,Niciunul
539,Freza,FREZA CARBURA Ø10 4F,4279,1092.75,1.55,9.2,89.95,2.26,17.4,65.32,Aluminiu,Frezare,151,1,Supraincalzire
540,Freza,FREZA CARBURA Ø10 4F,2617,812.77,2.89,10.55,56.5,1.12,2.5,69.99,Aluminiu,Frezare,337,0,Niciunul
541,Freza,FREZA CARBURA Ø10 4F,3436,928.74,2.41,19.63,48.03,0.65,5.6,64.59,Aluminiu,Frezare,87,0,Niciunul
542,Freza,FREZA CARBURA Ø10 4F,4519,1046.58,0.31,7.37,58.34,1.93,9.4,66.38,Aluminiu,Frezare,185,0,Niciunul
543,Freza,FREZA CARBURA Ø10 4F,1913,989.0,1.53,12.7,117.27,1.46,22.9,72.04,Inox,Frezare,292,1,Supraincalzire
544,Freza,FREZA CARBURA Ø10 4F,2654,657.91,1.72,15.69,47.28,1.84,7.8,60.95,Aluminiu,Frezare,61,0,Niciunul
545,Freza,FREZA CARBURA Ø10 4F,4088,1189.81,2.43,7.53,36.02,1.15,11.8,61.77,Aluminiu,Frezare,165,0,Niciunul
546,Freza,FREZA CARBURA Ø10 4F,1819,1140.14,1.27,8.81,65.09,1.5,18.3,74.35,Otel,Frezare,305,0,Niciunul
547,Freza,FREZA CARBURA Ø10 4F,5086,399.27,1.75,7.63,67.54,0.82,2.7,70.12,Aluminiu,Frezare,237,0,Niciunul
548,Freza,FREZA CARBURA Ø10 4F,4668,524.0,2.73,15.84,50.58,1.78,9.7,62.01,Inox,Frezare,247,0,Niciunul
549,Freza,FREZA CARBURA Ø10 4F,2171,426.04,2.03,14.7,62.79,0.62,4.6,74.44,Aluminiu,Frezare,48,0,Niciunul
550,Freza,FREZA CARBURA Ø10 4F,5985,1048.48,1.37,12.47,47.18,1.53,14.2,71.47,Otel,Frezare,391,0,Niciunul
551,Freza,FREZA CARBURA Ø10 4F,4027,236.6,1.8,13.98,69.16,5.91,30.5,65.72,Aluminiu,Frezare,190,1,Vibratii
552,Freza,FREZA CARBURA Ø10 4F,2220,1097.58,0.62,15.19,38.46,0.66,10.1,65.05,Inox,Frezare,424,0,Niciunul
553,Freza,FREZA CARBURA Ø10 4F,4126,782.45,2.7,11.16,68.86,7.84,23.5,70.57,Otel,Frezare,386,1,Vibratii
554,Freza,FREZA CARBURA Ø10 4F,2554,640.25,1.1,15.92,109.56,3.41,27.0,69.76,Inox,Frezare,39,1,Supraincalzire
555,Freza,FREZA CARBURA Ø10 4F,5225,392.68,2.35,18.3,54.19,1.75,12.5,69.36,Otel,Frezare,75,0,Niciunul
556,Freza,FREZA CARBURA Ø10 4F,4721,1072.53,2.08,11.97,71.31,2.41,63.9,72.27,Aluminiu,Frezare,112,1,Uzura excesiva
557,Freza,FREZA CARBURA Ø10 4F,1678,443.47,0.74,5.44,68.81,0.94,19.1,74.44,Otel,Frezare,214,0,Niciunul
558,Freza,FREZA CARBURA Ø10 4F,4289,564.55,0.74,5.62,59.65,4.98,58.4,60.79,Inox,Frezare,456,1,Uzura excesiva
559,Freza,FREZA CARBURA Ø10 4F,2900,414.74,2.56,9.61,52.58,1.61,5.2,73.48,Otel,Frezare,214,0,Niciunul
560,Freza,FREZA CARBURA Ø10 4F,2105,792.79,2.41,9.99,114.05,2.01,27.4,65.52,Inox,Frezare,435,1,Supraincalzire
561,Freza,FREZA CARBURA Ø10 4F,1707,917.6,0.3,13.1,55.29,2.61,75.4,61.89,Otel,Frezare,463,1,Uzura excesiva
562,Freza,FREZA CARBURA Ø10 4F,2256,605.02,1.82,10.43,46.94,1.54,11.9,65.31,Otel,Frezare,57,0,Niciunul
563,Freza,FREZA CARBURA Ø10 4F,1940,320.4,1.24,18.32,89.87,3.06,50.4,74.89,Aluminiu,Frezare,493,1,Uzura excesiva
564,Freza,FREZA CARBURA Ø10 4F,3393,1061.42,0.69,8.98,39.28,1.15,1.9,65.25,Inox,Frezare,361,0,Niciunul
565,Freza,FREZA CARBURA Ø10 4F,2741,1053.38,0.8,8.18,49.78,1.45,19.8,61.37,Aluminiu,Frezare,390,0,Niciunul
566,Freza,FREZA CARBURA Ø10 4F,5880,1058.17,1.87,8.69,64.57,1.24,9.7,65.15,Aluminiu,Frezare,208,0,Niciunul
567,Freza,FREZA CARBURA Ø10 4F,5715,627.35,0.77,9.63,107.1,3.09,34.2,68.99,Otel,Frezare,177,1,Niciunul
568,Freza,FREZA CARBURA Ø10 4F,1613,578.3,2.91,14.37,65.78,1.61,46.5,72.23,Otel,Frezare,25,1,Uzura excesiva
569,Freza,FREZA CARBURA Ø10 4F,3396,849.73,2.99,7.31,68.46,6.28,50.3,71.62,Aluminiu,Frezare,221,1,Vibratii
570,Freza,FREZA CARBURA Ø10 4F,4709,380.19,0.34,7.24,48.45,0.86,16.7,64.39,Inox,Frezare,392,0,Niciunul
571,Freza,FREZA CARBURA Ø10 4F,4332,1124.5,0.41,15.2,49.17,0.54,6.7,71.12,Otel,Frezare,119,0,Niciunul
572,Freza,FREZA CARBURA Ø10 4F,2702,374.21,0.24,6.1,68.97,6.27,54.0,72.56,Inox,Frezare,191,1,Vibratii
573,Freza,FREZA CARBURA Ø10 4F,3011,1090.1,0.36,9.23,79.95,6.26,47.3,69.78,Otel,Frezare,277,1,Vibratii
574,Freza,FREZA CARBURA Ø10 4F,5394,606.05,1.99,12.07,52.47,9.91,24.8,64.64,Aluminiu,Frezare,332,1,Vibratii
575,Freza,FREZA CARBURA Ø10 4F,2612,1053.82,1.34,8.35,42.81,0.59,15.4,61.25,Aluminiu,Frezare,362,0,Niciunul
576,Freza,FREZA CARBURA Ø10 4F,3828,711.23,1.68,16.15,64.45,2.13,72.0,71.59,Aluminiu,Frezare,219,1,Uzura excesiva
577,Freza,FREZA CARBURA Ø10 4F,1599,1014.38,2.61,11.4,112.72,0.52,16.2,74.64,Aluminiu,Frezare,130,1,Supraincalzire
578,Freza,FREZA CARBURA Ø10 4F,3351,535.49,1.34,13.31,37.8,0.81,6.8,62.85,Inox,Frezare,52,0,Niciunul
579,Freza,FREZA CARBURA Ø10 4F,3391,793.33,1.2,17.49,104.07,1.03,34.5,69.67,Otel,Frezare,213,1,Supraincalzire
580,Freza,FREZA CARBURA Ø10 4F,2635,526.66,1.97,15.09,57.35,4.39,74.0,68.88,Aluminiu,Frezare,25,1,Uzura excesiva
581,Freza,FREZA CARBURA Ø10 4F,5182,444.86,0.91,12.19,51.7,4.38,57.5,74.03,Otel,Frezare,41,1,Vibratii
582,Freza,FREZA CARBURA Ø10 4F,2800,899.32,2.61,14.84,117.77,1.68,25.4,68.29,Inox,Frezare,94,1,Supraincalzire
583,Freza,FREZA CARBURA Ø10 4F,5742,887.34,2.46,6.57,35.47,1.98,14.3,71.62,Otel,Frezare,85,0,Niciunul
584,Freza,FREZA CARBURA Ø10 4F,2351,321.23,0.27,8.45,66.83,4.63,79.9,69.55,Otel,Frezare,87,1,Uzura excesiva
585,Freza,FREZA CARBURA Ø10 4F,5121,211.96,0.52,14.47,59.51,4.18,71.8,73.79,Otel,Frezare,357,1,Uzura excesiva
586,Freza,FREZA CARBURA Ø10 4F,5740,1162.47,1.7,17.42,61.22,1.91,13.2,70.49,Otel,Frezare,447,0,Niciunul
587,Freza,FREZA CARBURA Ø10 4F,4291,246.88,0.83,5.38,56.76,0.66,0.7,63.55,Otel,Frezare,214,0,Niciunul
588,Freza,FREZA CARBURA Ø10 4F,3969,201.57,2.24,17.49,68.99,1.6,1.3,62.62,Otel,Frezare,154,0,Niciunul
589,Freza,FREZA CARBURA Ø10 4F,5821,726.89,0.54,9.57,69.73,8.89,40.4,72.72,Inox,Frezare,20,1,Vibratii
590,Freza,FREZA CARBURA Ø10 4F,3036,871.6,0.83,14.57,64.13,5.86,47.7,72.9,Aluminiu,Frezare,198,1,Vibratii
591,Freza,FREZA CARBURA Ø10 4F,5190,285.07,1.03,18.76,47.07,1.88,15.4,70.92,Aluminiu,Frezare,442,0,Niciunul
592,Freza,FREZA CARBURA Ø10 4F,3618,1129.94,2.29,14.09,83.7,2.33,25.7,71.69,Inox,Frezare,124,1,Supraincalzire
593,Freza,FREZA CARBURA Ø10 4F,2328,1157.8,2.24,12.63,44.64,1.67,16.6,71.27,Inox,Frezare,83,0,Niciunul
594,Freza,FREZA CARBURA Ø10 4F,1630,217.64,1.76,13.3,80.04,9.85,43.2,61.05,Otel,Frezare,62,1,Vibratii
595,Freza,FREZA CARBURA Ø10 4F,2473,851.46,2.76,5.59,65.41,7.86,51.3,66.18,Inox,Frezare,497,1,Vibratii
596,Freza,FREZA CARBURA Ø10 4F,3859,696.49,0.34,7.21,39.81,1.83,15.9,73.74,Inox,Frezare,256,0,Niciunul
597,Freza,FREZA CARBURA Ø10 4F,3609,1099.05,2.79,7.61,52.24,2.43,41.3,69.42,Otel,Frezare,370,1,Uzura excesiva
598,Freza,FREZA CARBURA Ø10 4F,4627,410.27,2.89,5.83,57.56,1.62,6.7,74.79,Inox,Frezare,224,0,Niciunul
599,Freza,FREZA CARBURA Ø10 4F,5741,444.73,2.29,17.76,114.67,2.0,35.2,72.23,Inox,Frezare,155,1,Supraincalzire
600,Freza,FREZA CARBURA Ø10 4F,3327,283.56,0.42,16.31,103.79,3.82,28.3,66.41,Inox,Frezare,264,1,Niciunul
1,Freza,FREZA HSS Ø8 2F,2794,284.16,0.16,11.65,41.1,1.96,18.6,61.96,Otel,Frezare,290,0,Niciunul
2,Freza,FREZA HSS Ø8 2F,5284,1124.13,2.14,11.63,52.7,1.6,46.5,70.84,Aluminiu,Frezare,77,1,Uzura excesiva
3,Freza,FREZA HSS Ø8 2F,3170,258.76,2.76,13.83,52.22,9.58,50.9,70.49,Inox,Frezare,473,1,Niciunul
4,Freza,FREZA HSS Ø8 2F,2305,1050.5,0.42,7.59,63.24,1.78,16.6,67.85,Inox,Frezare,362,0,Niciunul
5,Freza,FREZA HSS Ø8 2F,4062,999.66,2.02,13.96,100.81,2.06,19.5,72.23,Otel,Frezare,104,1,Supraincalzire
6,Freza,FREZA HSS Ø8 2F,5184,733.87,2.84,10.83,67.12,1.84,8.9,62.64,Aluminiu,Frezare,490,0,Niciunul
7,Freza,FREZA HSS Ø8 2F,1958,950.43,1.97,7.21,42.14,1.63,17.9,70.53,Aluminiu,Frezare,105,0,Niciunul
8,Freza,FREZA HSS Ø8 2F,3598,1010.84,0.89,17.65,61.83,1.68,2.3,68.31,Otel,Frezare,176,0,Niciunul
9,Freza,FREZA HSS Ø8 2F,3382,754.32,1.23,15.39,38.1,0.68,2.1,70.44,Inox,Frezare,31,0,Niciunul
10,Freza,FREZA HSS Ø8 2F,4713,760.48,2.04,17.96,64.82,1.36,8.6,69.63,Inox,Frezare,394,0,Niciunul
11,Freza,FREZA HSS Ø8 2F,5796,429.64,0.55,8.71,102.83,3.12,16.8,72.83,Inox,Frezare,129,1,Supraincalzire
12,Freza,FREZA HSS Ø8 2F,2917,732.89,1.55,18.38,55.15,0.6,3.9,67.22,Aluminiu,Frezare,493,0,Niciunul
13,Freza,FREZA HSS Ø8 2F,4498,402.33,2.92,10.71,56.81,1.35,10.4,61.73,Inox,Frezare,234,0,Niciunul
14,Freza,FREZA HSS Ø8 2F,4552,336.16,2.53,10.6,59.47,1.08,10.4,70.32,Aluminiu,Frezare,354,0,Niciunul
15,Freza,FREZA HSS Ø8 2F,1526,539.17,2.02,9.8,66.21,1.09,6.8,61.78,Inox,Frezare,46,0,Niciunul
16,Freza,FREZA HSS Ø8 2F,3537,1192.06,0.9,18.19,47.54,1.3,8.1,67.88,Aluminiu,Frezare,496,0,Niciunul
17,Freza,FREZA HSS Ø8 2F,3073,923.83,0.39,9.56,88.35,2.94,41.2,63.03,Otel,Frezare,169,1,Uzura excesiva
18,Freza,FREZA HSS Ø8 2F,3759,304.36,1.39,12.08,62.64,3.32,41.5,66.2,Inox,Frezare,307,1,Uzura excesiva
19,Freza,FREZA HSS Ø8 2F,4209,1007.07,2.68,8.1,87.55,3.39,39.8,70.66,Aluminiu,Frezare,196,1,Vibratii
20,Freza,FREZA HSS Ø8 2F,3712,206.71,0.34,19.5,56.66,1.82,2.1,64.18,Aluminiu,Frezare,459,0,Niciunul
21,Freza,FREZA HSS Ø8 2F,2147,397.19,1.98,9.19,44.53,0.63,8.3,62.96,Aluminiu,Frezare,232,0,Niciunul
22,Freza,FREZA HSS Ø8 2F,2388,421.92,1.21,19.64,66.14,0.69,13.4,65.63,Inox,Frezare,451,0,Niciunul
23,Freza,FREZA HSS Ø8 2F,2175,758.59,2.78,19.07,81.27,3.55,60.4,60.97,Aluminiu,Frezare,417,1,Uzura excesiva
24,Freza,FREZA HSS Ø8 2F,1908,551.92,1.82,11.06,72.34,6.19,34.3,71.46,Otel,Frezare,473,1,Niciunul
25,Freza,FREZA HSS Ø8 2F,2531,716.9,1.75,17.12,58.55,1.04,11.3,62.96,Inox,Frezare,169,0,Niciunul
26,Freza,FREZA HSS Ø8 2F,2184,942.67,0.33,11.34,60.68,5.16,51.1,73.48,Inox,Frezare,122,1,Vibratii
27,Freza,FREZA HSS Ø8 2F,5521,652.82,0.38,15.99,64.76,1.06,18.7,71.2,Aluminiu,Frezare,293,0,Niciunul
28,Freza,FREZA HSS Ø8 2F,1666,439.89,2.35,17.88,61.47,1.4,8.6,72.83,Aluminiu,Frezare,489,0,Niciunul
29,Freza,FREZA HSS Ø8 2F,5561,464.01,1.57,19.16,53.14,1.46,16.8,68.39,Inox,Frezare,477,0,Niciunul
30,Freza,FREZA HSS Ø8 2F,5686,1160.91,2.18,19.47,47.32,1.12,3.4,71.83,Otel,Frezare,282,0,Niciunul
31,Freza,FREZA HSS Ø8 2F,3580,521.64,2.39,8.22,64.27,1.3,19.8,72.34,Inox,Frezare,157,0,Niciunul
32,Freza,FREZA HSS Ø8 2F,2639,856.32,3.0,9.13,89.1,1.2,69.0,69.31,Otel,Frezare,284,1,Uzura excesiva
33,Freza,FREZA HSS Ø8 2F,2645,341.78,2.63,13.6,100.5,2.57,24.7,68.34,Aluminiu,Frezare,107,1,Supraincalzire
34,Freza,FREZA HSS Ø8 2F,4875,890.18,2.97,18.91,84.67,2.28,35.7,67.77,Inox,Frezare,443,1,Supraincalzire
35,Freza,FREZA HSS Ø8 2F,5628,937.43,2.98,10.21,38.65,1.52,0.1,69.6,Otel,Frezare,187,0,Niciunul
36,Freza,FREZA HSS Ø8 2F,4716,823.63,2.92,14.86,35.55,1.04,8.8,71.3,Aluminiu,Frezare,469,0,Niciunul
37,Freza,FREZA HSS Ø8 2F,4337,807.55,1.68,18.67,105.78,3.28,12.0,61.3,Inox,Frezare,185,1,Supraincalzire
38,Freza,FREZA HSS Ø8 2F,4770,815.41,0.36,11.4,38.55,1.38,3.6,70.29,Inox,Frezare,435,0,Niciunul
39,Freza,FREZA HSS Ø8 2F,4753,1183.07,0.82,16.23,104.47,3.54,34.5,63.25,Otel,Frezare,190,1,Niciunul
40,Freza,FREZA HSS Ø8 2F,4336,835.35,1.99,12.6,89.37,6.54,28.3,62.44,Aluminiu,Frezare,361,1,Vibratii
41,Freza,FREZA HSS Ø8 2F,2981,1100.89,2.8,13.0,60.66,1.64,6.9,60.56,Aluminiu,Frezare,500,0,Niciunul
42,Freza,FREZA HSS Ø8 2F,4513,433.34,0.68,5.64,86.31,1.45,27.8,70.73,Aluminiu,Frezare,221,1,Supraincalzire
43,Freza,FREZA HSS Ø8 2F,4770,616.0,0.87,14.96,52.1,0.75,13.4,74.53,Aluminiu,Frezare,326,0,Niciunul
44,Freza,FREZA HSS Ø8 2F,5171,873.79,1.06,12.59,47.0,1.42,2.8,69.4,Aluminiu,Frezare,62,0,Niciunul
45,Freza,FREZA HSS Ø8 2F,3006,1110.28,1.08,15.51,69.36,6.52,49.0,64.64,Inox,Frezare,384,1,Vibratii
46,Freza,FREZA HSS Ø8 2F,3888,714.0,2.58,19.73,59.51,1.94,4.8,71.69,Inox,Frezare,321,0,Niciunul
47,Freza,FREZA HSS Ø8 2F,4971,1139.63,0.83,8.97,62.51,0.59,1.2,60.55,Aluminiu,Frezare,428,0,Niciunul
48,Freza,FREZA HSS Ø8 2F,2655,214.19,1.32,15.74,41.63,1.78,11.2,66.24,Inox,Frezare,449,0,Niciunul
49,Freza,FREZA HSS Ø8 2F,2185,1184.75,1.16,15.51,84.71,8.89,58.7,60.94,Otel,Frezare,299,1,Vibratii
50,Freza,FREZA HSS Ø8 2F,5056,1062.34,2.52,9.69,57.05,0.58,3.3,72.45,Aluminiu,Frezare,219,0,Niciunul
51,Freza,FREZA HSS Ø8 2F,3625,750.03,0.11,6.82,72.41,3.52,55.8,61.7,Aluminiu,Frezare,339,1,Uzura excesiva
52,Freza,FREZA HSS Ø8 2F,1507,1079.95,0.73,14.85,41.99,0.7,4.8,62.63,Otel,Frezare,77,0,Niciunul
53,Freza,FREZA HSS Ø8 2F,2846,307.38,1.56,13.83,64.53,0.88,3.4,66.75,Inox,Frezare,390,0,Niciunul
54,Freza,FREZA HSS Ø8 2F,4831,858.78,0.37,9.52,88.93,2.95,62.6,67.26,Inox,Frezare,162,1,Uzura excesiva
55,Freza,FREZA HSS Ø8 2F,4661,1165.61,2.66,6.53,69.6,1.07,56.1,68.4,Aluminiu,Frezare,244,1,Uzura excesiva
56,Freza,FREZA HSS Ø8 2F,2470,491.12,1.63,17.4,89.0,1.3,15.4,67.76,Otel,Frezare,367,1,Supraincalzire
57,Freza,FREZA HSS Ø8 2F,1900,769.56,1.74,5.93,53.33,0.51,1.4,71.06,Inox,Frezare,246,0,Niciunul
58,Freza,FREZA HSS Ø8 2F,2526,465.65,0.36,16.99,104.95,3.23,15.5,60.72,Inox,Frezare,137,1,Supraincalzire
59,Freza,FREZA HSS Ø8 2F,5606,235.62,1.2,6.43,57.26,1.49,15.2,71.36,Aluminiu,Frezare,470,0,Niciunul
60,Freza,FREZA HSS Ø8 2F,1738,628.68,1.61,8.66,65.69,1.96,3.8,72.31,Inox,Frezare,407,0,Niciunul
61,Freza,FREZA HSS Ø8 2F,5699,752.87,0.57,19.63,53.11,1.85,9.2,62.14,Aluminiu,Frezare,23,0,Niciunul
62,Freza,FREZA HSS Ø8 2F,3497,1012.14,1.88,19.58,81.9,1.82,44.8,73.8,Aluminiu,Frezare,8,1,Uzura excesiva
63,Freza,FREZA HSS Ø8 2F,2243,1005.62,0.14,7.55,56.05,1.52,6.3,67.63,Inox,Frezare,197,0,Niciunul
64,Freza,FREZA HSS Ø8 2F,4520,441.19,1.03,16.76,38.4,1.88,13.2,68.12,Otel,Frezare,296,0,Niciunul
65,Freza,FREZA HSS Ø8 2F,3529,684.66,2.63,17.29,64.29,0.98,18.0,69.99,Inox,Frezare,306,0,Niciunul
66,Freza,FREZA HSS Ø8 2F,4695,611.74,0.19,14.14,79.37,2.36,75.8,73.82,Inox,Frezare,178,1,Uzura excesiva
67,Freza,FREZA HSS Ø8 2F,5209,507.28,2.19,19.04,58.45,1.24,14.0,72.37,Otel,Frezare,371,0,Niciunul
68,Freza,FREZA HSS Ø8 2F,4861,230.94,1.85,16.7,50.83,0.97,2.3,64.4,Inox,Frezare,173,0,Niciunul
69,Freza,FREZA HSS Ø8 2F,1546,445.41,1.74,7.04,69.79,1.22,18.1,73.18,Otel,Frezare,162,0,Niciunul
70,Freza,FREZA HSS Ø8 2F,5886,1139.52,2.83,15.03,110.73,1.41,21.0,64.2,Aluminiu,Frezare,411,1,Supraincalzire
71,Freza,FREZA HSS Ø8 2F,3121,532.15,0.51,14.7,59.97,2.69,59.7,61.73,Otel,Frezare,94,1,Uzura excesiva
72,Freza,FREZA HSS Ø8 2F,2811,389.61,2.36,10.42,54.34,0.67,2.2,65.48,Aluminiu,Frezare,406,0,Niciunul
73,Freza,FREZA HSS Ø8 2F,5583,315.74,0.39,12.84,88.01,2.84,78.8,67.8,Otel,Frezare,168,1,Uzura excesiva
74,Freza,FREZA HSS Ø8 2F,3373,1139.54,1.57,11.02,112.48,1.39,39.9,61.98,Aluminiu,Frezare,109,1,Supraincalzire
75,Freza,FREZA HSS Ø8 2F,4718,1198.95,2.48,5.58,67.42,1.83,16.7,61.03,Inox,Frezare,41,0,Niciunul
76,Freza,FREZA HSS Ø8 2F,4089,704.8,1.15,6.27,62.89,1.2,0.5,61.29,Inox,Frezare,6,0,Niciunul
77,Freza,FREZA HSS Ø8 2F,3033,208.53,2.57,11.29,54.46,6.9,34.6,70.97,Otel,Frezare,202,1,Vibratii
78,Freza,FREZA HSS Ø8 2F,3605,411.0,2.44,6.41,61.94,0.6,2.7,64.49,Inox,Frezare,126,0,Niciunul
79,Freza,FREZA HSS Ø8 2F,1760,1130.15,2.33,7.94,52.73,0.78,15.1,70.52,Aluminiu,Frezare,437,0,Niciunul
80,Freza,FREZA HSS Ø8 2F,1545,320.73,2.6,10.16,59.48,5.22,21.1,70.17,Inox,Frezare,66,1,Vibratii
81,Freza,FREZA HSS Ø8 2F,2600,542.36,0.5,12.28,63.5,1.56,15.4,72.29,Otel,Frezare,282,0,Niciunul
82,Freza,FREZA HSS Ø8 2F,4606,815.0,1.91,12.75,62.65,1.67,2.3,65.66,Inox,Frezare,80,0,Niciunul
83,Freza,FREZA HSS Ø8 2F,5673,1115.59,1.12,13.83,84.47,4.11,59.6,63.14,Aluminiu,Frezare,241,1,Vibratii
84,Freza,FREZA HSS Ø8 2F,5962,645.92,2.07,18.81,62.37,1.49,17.8,62.27,Otel,Frezare,210,0,Niciunul
85,Freza,FREZA HSS Ø8 2F,5439,832.07,1.4,19.42,42.66,1.9,6.2,69.45,Inox,Frezare,242,0,Niciunul
86,Freza,FREZA HSS Ø8 2F,4045,1162.64,1.55,19.44,53.24,4.87,64.6,66.8,Aluminiu,Frezare,166,1,Uzura excesiva
87,Freza,FREZA HSS Ø8 2F,5911,485.9,1.51,13.31,46.97,0.63,4.6,69.61,Aluminiu,Frezare,232,0,Niciunul
88,Freza,FREZA HSS Ø8 2F,4278,436.61,2.49,16.29,73.25,3.78,51.7,68.44,Inox,Frezare,246,1,Uzura excesiva
89,Freza,FREZA HSS Ø8 2F,3721,832.19,1.55,9.47,66.3,1.67,16.4,66.38,Otel,Frezare,401,0,Niciunul
90,Freza,FREZA HSS Ø8 2F,4200,1105.36,2.11,6.16,65.74,0.65,5.0,64.67,Otel,Frezare,333,0,Niciunul
91,Freza,FREZA HSS Ø8 2F,2959,620.53,2.6,6.83,49.51,0.83,12.2,68.12,Otel,Frezare,436,0,Niciunul
92,Freza,FREZA HSS Ø8 2F,3772,482.14,2.79,12.13,45.06,1.86,6.0,61.98,Aluminiu,Frezare,389,0,Niciunul
93,Freza,FREZA HSS Ø8 2F,4778,1167.85,2.18,15.02,57.19,1.13,4.3,63.11,Aluminiu,Frezare,479,0,Niciunul
94,Freza,FREZA HSS Ø8 2F,1757,1069.57,1.97,8.86,44.03,1.66,16.9,74.26,Inox,Frezare,391,0,Niciunul
95,Freza,FREZA HSS Ø8 2F,5847,770.42,2.9,17.22,116.87,1.57,17.3,69.64,Otel,Frezare,199,1,Supraincalzire
96,Freza,FREZA HSS Ø8 2F,2938,742.57,1.86,14.32,89.27,3.51,42.9,62.53,Otel,Frezare,321,1,Vibratii
97,Freza,FREZA HSS Ø8 2F,5933,317.3,2.45,7.41,63.18,1.45,12.8,60.61,Inox,Frezare,302,0,Niciunul
98,Freza,FREZA HSS Ø8 2F,2345,829.48,2.63,13.85,44.16,1.22,16.8,70.47,Inox,Frezare,408,0,Niciunul
99,Freza,FREZA HSS Ø8 2F,5072,752.28,1.07,13.72,54.47,10.01,45.6,73.84,Inox,Frezare,39,1,Vibratii
100,Freza,FREZA HSS Ø8 2F,4582,920.33,1.26,17.13,65.43,1.01,4.3,65.1,Inox,Frezare,485,0,Niciunul
101,Freza,FREZA HSS Ø8 2F,2778,398.23,0.83,8.85,100.06,3.81,22.3,70.76,Otel,Frezare,461,1,Supraincalzire
102,Freza,FREZA HSS Ø8 2F,1694,825.51,2.93,16.74,52.09,2.55,76.4,72.56,Inox,Frezare,227,1,Uzura excesiva
103,Freza,FREZA HSS Ø8 2F,3503,780.03,1.37,14.89,35.3,0.7,11.3,73.07,Otel,Frezare,341,0,Niciunul
104,Freza,FREZA HSS Ø8 2F,5913,932.96,2.24,18.81,114.96,0.57,20.6,61.75,Inox,Frezare,327,1,Supraincalzire
105,Freza,FREZA HSS Ø8 2F,4171,285.74,0.62,8.82,43.85,1.71,12.2,69.25,Aluminiu,Frezare,80,0,Niciunul
106,Freza,FREZA HSS Ø8 2F,3638,976.98,2.34,13.22,50.94,0.63,2.0,62.33,Otel,Frezare,2,0,Niciunul
107,Freza,FREZA HSS Ø8 2F,3928,235.61,2.39,8.37,41.69,1.73,16.8,74.49,Aluminiu,Frezare,211,0,Niciunul
108,Freza,FREZA HSS Ø8 2F,3590,664.21,2.62,8.02,44.57,1.94,10.9,63.71,Otel,Frezare,494,0,Niciunul
109,Freza,FREZA HSS Ø8 2F,5449,491.31,2.23,5.92,87.36,2.38,38.1,60.24,Aluminiu,Frezare,193,1,Supraincalzire
110,Freza,FREZA HSS Ø8 2F,4613,595.16,0.95,5.97,50.14,1.68,11.3,61.93,Inox,Frezare,91,0,Niciunul
111,Freza,FREZA HSS Ø8 2F,2328,807.89,2.53,6.79,84.55,5.66,37.1,66.08,Inox,Frezare,495,1,Vibratii
112,Freza,FREZA HSS Ø8 2F,3429,214.91,1.6,9.81,61.15,0.77,1.4,64.0,Aluminiu,Frezare,106,0,Niciunul
113,Freza,FREZA HSS Ø8 2F,4410,458.16,1.31,13.87,49.77,1.84,5.7,60.71,Inox,Frezare,176,0,Niciunul
114,Freza,FREZA HSS Ø8 2F,3283,660.2,1.56,14.9,107.41,1.57,39.6,66.46,Otel,Frezare,43,1,Supraincalzire
115,Freza,FREZA HSS Ø8 2F,2019,314.12,1.58,16.2,40.8,1.89,17.3,72.45,Inox,Frezare,451,0,Niciunul
116,Freza,FREZA HSS Ø8 2F,2688,377.09,0.5,17.15,58.72,1.6,12.7,71.94,Inox,Frezare,164,0,Niciunul
117,Freza,FREZA HSS Ø8 2F,2796,929.52,1.29,13.81,42.29,1.63,8.8,70.81,Inox,Frezare,203,0,Niciunul
118,Freza,FREZA HSS Ø8 2F,4096,1091.35,0.54,13.63,37.49,1.44,4.0,70.83,Otel,Frezare,457,0,Niciunul
119,Freza,FREZA HSS Ø8 2F,2118,1187.81,1.04,18.89,57.96,1.77,7.5,72.84,Otel,Frezare,235,0,Niciunul
120,Freza,FREZA HSS Ø8 2F,3931,818.17,2.52,8.92,82.33,8.13,57.7,60.62,Otel,Frezare,18,1,Vibratii
121,Freza,FREZA HSS Ø8 2F,2110,1131.65,2.74,6.83,40.34,1.02,1.6,60.46,Inox,Frezare,496,0,Niciunul
122,Freza,FREZA HSS Ø8 2F,4230,298.48,0.18,18.54,109.04,1.7,36.2,64.11,Otel,Frezare,450,1,Supraincalzire
123,Freza,FREZA HSS Ø8 2F,4863,846.79,2.37,7.73,41.98,0.92,10.8,69.08,Aluminiu,Frezare,402,0,Niciunul
124,Freza,FREZA HSS Ø8 2F,5124,301.78,1.89,7.26,35.65,1.92,3.7,71.94,Aluminiu,Frezare,39,0,Niciunul
125,Freza,FREZA HSS Ø8 2F,1772,1112.25,0.68,17.3,47.83,1.32,4.6,63.44,Inox,Frezare,390,0,Niciunul
126,Freza,FREZA HSS Ø8 2F,3160,229.73,0.78,12.29,37.78,1.6,12.2,60.38,Otel,Frezare,442,0,Niciunul
127,Freza,FREZA HSS Ø8 2F,5389,300.47,0.33,11.61,60.41,10.9,29.8,66.17,Aluminiu,Frezare,485,1,Vibratii
128,Freza,FREZA HSS Ø8 2F,5697,263.1,1.4,15.77,54.48,1.02,78.4,67.66,Inox,Frezare,317,1,Uzura excesiva
129,Freza,FREZA HSS Ø8 2F,5321,522.81,0.15,6.23,65.33,1.83,9.9,71.84,Aluminiu,Frezare,364,0,Niciunul
130,Freza,FREZA HSS Ø8 2F,4251,1114.83,1.01,11.97,77.61,4.86,67.8,60.88,Aluminiu,Frezare,399,1,Uzura excesiva
131,Freza,FREZA HSS Ø8 2F,5188,336.99,2.34,6.68,90.93,2.66,32.2,73.31,Otel,Frezare,83,1,Supraincalzire
132,Freza,FREZA HSS Ø8 2F,1716,492.17,1.31,8.39,60.81,8.03,37.5,73.8,Aluminiu,Frezare,209,1,Niciunul
133,Freza,FREZA HSS Ø8 2F,3404,822.44,2.23,17.07,82.72,11.35,31.4,61.45,Aluminiu,Frezare,478,1,Vibratii
134,Freza,FREZA HSS Ø8 2F,5197,1197.37,1.61,5.59,55.84,4.91,55.9,68.61,Aluminiu,Frezare,321,1,Uzura excesiva
135,Freza,FREZA HSS Ø8 2F,4013,816.41,1.69,8.55,61.3,1.15,41.2,72.0,Aluminiu,Frezare,77,1,Uzura excesiva
136,Freza,FREZA HSS Ø8 2F,3359,925.44,2.68,14.1,89.83,4.78,55.1,65.62,Aluminiu,Frezare,18,1,Uzura excesiva
137,Freza,FREZA HSS Ø8 2F,2258,740.33,2.41,10.74,85.36,6.38,26.2,61.4,Aluminiu,Frezare,154,1,Vibratii
138,Freza,FREZA HSS Ø8 2F,2075,816.24,1.39,6.42,82.75,4.58,42.1,62.29,Aluminiu,Frezare,69,1,Vibratii
139,Freza,FREZA HSS Ø8 2F,1587,934.96,0.34,5.61,45.53,1.58,2.4,66.81,Aluminiu,Frezare,405,0,Niciunul
140,Freza,FREZA HSS Ø8 2F,4266,1081.8,2.72,17.77,42.65,1.48,6.3,74.34,Aluminiu,Frezare,459,0,Niciunul
141,Freza,FREZA HSS Ø8 2F,2236,325.89,2.65,6.86,50.1,1.81,5.8,73.93,Aluminiu,Frezare,458,0,Niciunul
142,Freza,FREZA HSS Ø8 2F,2404,1005.43,0.53,15.57,102.24,2.52,18.0,69.04,Otel,Frezare,205,1,Supraincalzire
143,Freza,FREZA HSS Ø8 2F,4870,512.79,1.57,8.32,113.29,1.36,39.5,61.76,Aluminiu,Frezare,163,1,Supraincalzire
144,Freza,FREZA HSS Ø8 2F,2321,686.58,0.51,10.89,66.98,9.01,34.5,71.59,Inox,Frezare,31,1,Vibratii
145,Freza,FREZA HSS Ø8 2F,5981,989.78,1.64,7.14,68.39,0.64,10.5,74.13,Inox,Frezare,314,0,Niciunul
146,Freza,FREZA HSS Ø8 2F,4541,469.98,0.16,18.34,62.22,1.25,19.3,64.96,Otel,Frezare,51,0,Niciunul
147,Freza,FREZA HSS Ø8 2F,4660,888.91,0.82,19.05,45.57,1.92,4.7,60.31,Otel,Frezare,243,0,Niciunul
148,Freza,FREZA HSS Ø8 2F,4642,1011.03,2.93,14.71,81.37,1.95,26.0,72.87,Otel,Frezare,216,1,Niciunul
149,Freza,FREZA HSS Ø8 2F,1561,605.42,2.92,7.26,113.58,0.61,12.2,66.5,Otel,Frezare,333,1,Supraincalzire
150,Freza,FREZA HSS Ø8 2F,2979,1051.5,1.71,16.39,87.63,9.57,48.0,64.28,Inox,Frezare,450,1,Vibratii
151,Freza,FREZA HSS Ø8 2F,1706,1159.75,1.94,15.6,53.77,1.87,0.9,65.9,Otel,Frezare,44,0,Niciunul
152,Freza,FREZA HSS Ø8 2F,3977,516.41,2.15,9.03,58.45,1.43,4.9,74.59,Otel,Frezare,3,0,Niciunul
153,Freza,FREZA HSS Ø8 2F,5975,880.63,0.88,19.33,52.84,0.83,18.4,66.9,Aluminiu,Frezare,439,0,Niciunul
154,Freza,FREZA HSS Ø8 2F,2991,988.8,0.14,16.18,64.85,1.76,12.1,62.87,Otel,Frezare,117,0,Niciunul
155,Freza,FREZA HSS Ø8 2F,4050,341.74,1.91,9.99,58.14,1.81,12.8,66.68,Aluminiu,Frezare,154,0,Niciunul
156,Freza,FREZA HSS Ø8 2F,3163,603.23,1.89,10.86,50.25,4.22,41.6,69.18,Inox,Frezare,261,1,Uzura excesiva
157,Freza,FREZA HSS Ø8 2F,4111,392.54,1.39,9.31,83.32,3.7,51.7,68.47,Aluminiu,Frezare,220,1,Uzura excesiva
158,Freza,FREZA HSS Ø8 2F,2171,1073.83,1.34,17.75,55.15,1.49,11.4,72.68,Otel,Frezare,111,0,Niciunul
159,Freza,FREZA HSS Ø8 2F,3908,1116.87,2.26,10.54,91.25,1.75,31.4,63.97,Otel,Frezare,245,1,Supraincalzire
160,Freza,FREZA HSS Ø8 2F,3221,734.91,1.55,6.34,59.07,1.31,3.5,68.26,Aluminiu,Frezare,277,0,Niciunul
161,Freza,FREZA HSS Ø8 2F,3469,964.86,0.88,5.68,84.98,2.29,27.5,70.42,Aluminiu,Frezare,281,1,Supraincalzire
162,Freza,FREZA HSS Ø8 2F,5244,324.4,0.86,10.72,63.59,1.99,7.0,71.43,Otel,Frezare,235,0,Niciunul
163,Freza,FREZA HSS Ø8 2F,2707,1069.76,0.67,9.01,36.32,1.19,3.0,73.3,Otel,Frezare,317,0,Niciunul
164,Freza,FREZA HSS Ø8 2F,2459,1014.67,0.85,7.43,60.21,7.85,42.5,65.91,Inox,Frezare,338,1,Vibratii
165,Freza,FREZA HSS Ø8 2F,3420,770.6,0.64,18.07,117.92,1.08,23.9,63.2,Otel,Frezare,448,1,Supraincalzire
166,Freza,FREZA HSS Ø8 2F,3535,327.14,2.93,8.21,64.1,1.44,4.7,61.81,Inox,Frezare,452,0,Niciunul
167,Freza,FREZA HSS Ø8 2F,3339,1179.03,0.94,8.56,115.8,1.4,11.0,62.59,Aluminiu,Frezare,330,1,Supraincalzire
168,Freza,FREZA HSS Ø8 2F,1653,973.19,0.13,8.38,38.42,1.7,8.0,63.82,Inox,Frezare,66,0,Niciunul
169,Freza,FREZA HSS Ø8 2F,3752,779.46,0.14,15.45,44.94,1.26,16.1,67.2,Otel,Frezare,394,0,Niciunul
170,Freza,FREZA HSS Ø8 2F,2207,1038.92,2.11,10.69,65.48,4.3,78.7,73.26,Aluminiu,Frezare,449,1,Uzura excesiva
171,Freza,FREZA HSS Ø8 2F,5551,202.71,1.45,13.35,55.25,1.86,18.8,65.98,Otel,Frezare,187,0,Niciunul
172,Freza,FREZA HSS Ø8 2F,2771,675.47,0.26,13.97,71.22,4.5,23.0,64.51,Inox,Frezare,391,1,Vibratii
173,Freza,FREZA HSS Ø8 2F,3060,209.19,0.51,11.61,51.8,3.39,59.7,71.99,Otel,Frezare,157,1,Vibratii
174,Freza,FREZA HSS Ø8 2F,4893,1153.63,1.01,14.67,73.1,3.17,63.1,64.5,Otel,Frezare,90,1,Uzura excesiva
175,Freza,FREZA HSS Ø8 2F,3724,685.92,1.8,12.37,106.69,3.63,26.0,73.41,Otel,Frezare,423,1,Supraincalzire
176,Freza,FREZA HSS Ø8 2F,2691,828.6,0.28,9.54,88.31,3.58,11.6,65.77,Aluminiu,Frezare,273,1,Supraincalzire
177,Freza,FREZA HSS Ø8 2F,4599,796.22,2.84,19.12,64.32,1.73,8.6,60.01,Otel,Frezare,58,0,Niciunul
178,Freza,FREZA HSS Ø8 2F,1981,238.57,2.42,10.68,96.04,2.06,29.6,65.48,Aluminiu,Frezare,303,1,Supraincalzire
179,Freza,FREZA HSS Ø8 2F,2579,217.51,1.23,16.85,43.92,0.99,6.8,69.62,Inox,Frezare,248,0,Niciunul
180,Freza,FREZA HSS Ø8 2F,5426,349.36,0.29,9.35,86.7,4.0,58.1,60.89,Inox,Frezare,265,1,Uzura excesiva
181,Freza,FREZA HSS Ø8 2F,2666,202.52,2.91,15.48,57.07,11.52,56.8,72.57,Otel,Frezare,462,1,Vibratii
182,Freza,FREZA HSS Ø8 2F,3112,1075.07,1.14,14.37,84.77,4.02,49.1,71.62,Aluminiu,Frezare,92,1,Vibratii
183,Freza,FREZA HSS Ø8 2F,3013,476.39,2.27,14.44,39.97,0.63,10.6,61.52,Aluminiu,Frezare,265,0,Niciunul
184,Freza,FREZA HSS Ø8 2F,5250,983.76,2.52,5.49,60.13,1.81,69.1,66.97,Inox,Frezare,111,1,Niciunul
185,Freza,FREZA HSS Ø8 2F,5840,483.65,1.92,17.48,42.09,0.65,0.1,62.57,Otel,Frezare,36,0,Niciunul
186,Freza,FREZA HSS Ø8 2F,4832,1069.74,2.24,7.78,54.22,9.62,54.5,69.39,Inox,Frezare,113,1,Vibratii
187,Freza,FREZA HSS Ø8 2F,1712,732.21,2.7,9.32,81.2,2.75,61.8,61.29,Aluminiu,Frezare,66,1,Uzura excesiva
188,Freza,FREZA HSS Ø8 2F,5835,615.3,2.25,13.29,58.7,4.8,55.3,63.47,Inox,Frezare,82,1,Vibratii
189,Freza,FREZA HSS Ø8 2F,2899,231.02,0.52,17.76,41.22,0.72,10.5,73.37,Otel,Frezare,155,0,Niciunul
190,Freza,FREZA HSS Ø8 2F,5586,715.93,2.92,18.6,69.99,2.02,62.4,71.1,Inox,Frezare,71,1,Uzura excesiva
191,Freza,FREZA HSS Ø8 2F,3538,941.6,1.58,13.87,50.54,0.99,10.1,70.09,Aluminiu,Frezare,196,0,Niciunul
192,Freza,FREZA HSS Ø8 2F,4261,512.59,1.29,5.95,101.92,0.84,25.2,61.55,Inox,Frezare,403,1,Supraincalzire
193,Freza,FREZA HSS Ø8 2F,1518,507.01,1.49,7.78,53.27,1.28,16.1,60.26,Aluminiu,Frezare,462,0,Niciunul
194,Freza,FREZA HSS Ø8 2F,5784,1046.92,0.95,13.73,64.24,1.0,2.9,66.36,Inox,Frezare,474,0,Niciunul
195,Freza,FREZA HSS Ø8 2F,1597,887.83,1.07,14.9,106.53,3.5,27.0,62.08,Inox,Frezare,187,1,Supraincalzire
196,Freza,FREZA HSS Ø8 2F,2359,569.3,1.14,19.08,37.95,1.11,2.5,66.9,Aluminiu,Frezare,47,0,Niciunul
197,Freza,FREZA HSS Ø8 2F,4365,492.74,2.44,10.9,98.44,3.73,13.4,72.33,Inox,Frezare,390,1,Supraincalzire
198,Freza,FREZA HSS Ø8 2F,4161,816.1,1.48,16.34,101.98,2.1,19.1,73.63,Inox,Frezare,339,1,Supraincalzire
199,Freza,FREZA HSS Ø8 2F,4638,598.09,2.14,19.89,38.91,1.5,14.1,74.11,Aluminiu,Frezare,463,0,Niciunul
200,Freza,FREZA HSS Ø8 2F,2073,1075.67,0.44,5.03,55.25,1.24,3.0,72.14,Aluminiu,Frezare,300,0,Niciunul
201,Freza,FREZA HSS Ø8 2F,2313,421.4,1.09,9.39,52.45,3.52,59.5,73.42,Aluminiu,Frezare,495,1,Vibratii
202,Freza,FREZA HSS Ø8 2F,3243,747.88,1.53,13.21,67.59,5.89,21.4,68.76,Inox,Frezare,378,1,Vibratii
203,Freza,FREZA HSS Ø8 2F,5738,743.52,1.32,15.63,64.9,0.64,13.0,68.91,Otel,Frezare,184,0,Niciunul
204,Freza,FREZA HSS Ø8 2F,1980,817.43,1.43,9.19,37.78,0.78,1.9,74.37,Inox,Frezare,223,0,Niciunul
205,Freza,FREZA HSS Ø8 2F,5361,1080.09,2.37,11.52,73.63,8.35,37.1,62.43,Aluminiu,Frezare,299,1,Vibratii
206,Freza,FREZA HSS Ø8 2F,3251,470.06,2.33,6.46,86.65,1.76,16.3,62.14,Otel,Frezare,306,1,Supraincalzire
207,Freza,FREZA HSS Ø8 2F,5432,652.26,0.69,19.67,102.68,2.51,33.8,63.5,Inox,Frezare,59,1,Supraincalzire
208,Freza,FREZA HSS Ø8 2F,3989,1072.78,0.27,12.41,85.26,6.37,27.8,61.48,Otel,Frezare,93,1,Vibratii
209,Freza,FREZA HSS Ø8 2F,2313,645.89,2.33,11.66,63.51,4.39,52.0,60.71,Inox,Frezare,402,1,Uzura excesiva
210,Freza,FREZA HSS Ø8 2F,1657,398.15,0.59,17.4,104.43,1.89,29.7,68.05,Inox,Frezare,463,1,Supraincalzire
211,Freza,FREZA HSS Ø8 2F,3603,341.32,0.6,16.83,82.5,4.26,41.3,69.49,Otel,Frezare,275,1,Uzura excesiva
212,Freza,FREZA HSS Ø8 2F,2559,330.71,1.01,16.85,45.19,0.56,16.4,62.01,Inox,Frezare,278,0,Niciunul
213,Freza,FREZA HSS Ø8 2F,4912,427.43,1.7,7.25,45.27,0.9,9.1,64.41,Aluminiu,Frezare,452,0,Niciunul
214,Freza,FREZA HSS Ø8 2F,1846,630.22,0.67,12.97,53.79,0.89,16.3,60.31,Otel,Frezare,450,0,Niciunul
215,Freza,FREZA HSS Ø8 2F,5424,329.79,2.8,11.64,40.83,1.62,15.7,60.19,Otel,Frezare,408,0,Niciunul
216,Freza,FREZA HSS Ø8 2F,4298,953.11,1.21,9.38,65.21,3.81,79.6,74.55,Aluminiu,Frezare,268,1,Uzura excesiva
217,Freza,FREZA HSS Ø8 2F,1736,1090.35,2.3,17.59,55.08,9.62,56.7,68.94,Otel,Frezare,138,1,Vibratii
218,Freza,FREZA HSS Ø8 2F,4356,678.04,1.35,10.51,67.71,8.54,41.6,65.01,Otel,Frezare,409,1,Vibratii
219,Freza,FREZA HSS Ø8 2F,5566,750.55,2.72,14.39,81.48,0.96,39.8,66.49,Otel,Frezare,85,1,Supraincalzire
220,Freza,FREZA HSS Ø8 2F,4435,953.08,0.96,13.91,56.3,1.97,3.1,62.44,Aluminiu,Frezare,294,0,Niciunul
221,Freza,FREZA HSS Ø8 2F,3567,719.09,1.51,13.15,82.33,2.68,27.5,64.07,Inox,Frezare,427,1,Niciunul
222,Freza,FREZA HSS Ø8 2F,1938,574.06,0.21,15.0,38.83,0.73,13.1,60.98,Aluminiu,Frezare,481,0,Niciunul
223,Freza,FREZA HSS Ø8 2F,2734,266.55,0.57,13.1,64.63,8.24,41.5,65.88,Inox,Frezare,290,1,Vibratii
224,Freza,FREZA HSS Ø8 2F,3282,723.2,0.27,15.35,79.06,2.27,61.7,70.14,Inox,Frezare,73,1,Uzura excesiva
225,Freza,FREZA HSS Ø8 2F,3491,1181.19,2.66,5.68,68.82,0.64,7.6,62.54,Inox,Frezare,153,0,Niciunul
226,Freza,FREZA HSS Ø8 2F,3297,568.68,2.3,8.75,35.61,1.78,18.9,66.39,Otel,Frezare,316,0,Niciunul
227,Freza,FREZA HSS Ø8 2F,1517,1007.03,0.74,11.05,119.45,2.78,21.4,69.76,Aluminiu,Frezare,423,1,Niciunul
228,Freza,FREZA HSS Ø8 2F,2013,1154.05,1.46,7.62,51.18,1.44,1.1,73.31,Inox,Frezare,255,0,Niciunul
229,Freza,FREZA HSS Ø8 2F,3393,297.43,2.76,11.25,64.35,3.0,52.0,61.42,Aluminiu,Frezare,162,1,Niciunul
230,Freza,FREZA HSS Ø8 2F,2909,312.93,2.55,6.48,113.09,3.75,27.1,60.48,Inox,Frezare,500,1,Supraincalzire
231,Freza,FREZA HSS Ø8 2F,2630,446.22,1.24,6.05,71.42,1.62,77.2,69.08,Inox,Frezare,438,1,Niciunul
232,Freza,FREZA HSS Ø8 2F,2054,510.27,1.27,13.49,40.46,1.61,4.8,61.19,Otel,Frezare,436,0,Niciunul
233,Freza,FREZA HSS Ø8 2F,4743,664.06,2.34,7.16,68.1,1.72,14.3,66.75,Aluminiu,Frezare,355,0,Niciunul
234,Freza,FREZA HSS Ø8 2F,3494,464.49,1.96,7.19,51.26,3.53,49.3,73.23,Inox,Frezare,155,1,Uzura excesiva
235,Freza,FREZA HSS Ø8 2F,4466,675.72,1.23,17.97,44.75,1.2,13.6,61.3,Aluminiu,Frezare,419,0,Niciunul
236,Freza,FREZA HSS Ø8 2F,5129,527.19,1.99,9.78,39.62,1.6,16.6,69.7,Inox,Frezare,214,0,Niciunul
237,Freza,FREZA HSS Ø8 2F,5453,990.52,0.16,12.02,53.81,4.13,37.0,66.59,Otel,Frezare,96,1,Niciunul
238,Freza,FREZA HSS Ø8 2F,2478,645.07,0.76,5.38,85.4,1.85,12.4,70.25,Otel,Frezare,279,1,Supraincalzire
239,Freza,FREZA HSS Ø8 2F,4552,696.3,1.45,5.38,64.01,3.02,31.0,69.95,Aluminiu,Frezare,267,1,Vibratii
240,Freza,FREZA HSS Ø8 2F,5536,1134.72,1.11,18.1,84.58,2.22,76.0,72.36,Inox,Frezare,377,1,Uzura excesiva
241,Freza,FREZA HSS Ø8 2F,5823,338.75,0.96,16.45,66.07,3.13,79.0,68.8,Aluminiu,Frezare,480,1,Uzura excesiva
242,Freza,FREZA HSS Ø8 2F,3878,1004.81,1.53,17.84,95.83,3.95,13.3,65.77,Otel,Frezare,353,1,Supraincalzire
243,Freza,FREZA HSS Ø8 2F,3076,289.9,1.23,10.42,68.64,1.62,6.9,64.66,Inox,Frezare,480,0,Niciunul
244,Freza,FREZA HSS Ø8 2F,3423,983.55,0.46,17.17,56.58,0.74,2.2,73.24,Otel,Frezare,116,0,Niciunul
245,Freza,FREZA HSS Ø8 2F,4376,322.67,0.95,18.38,37.04,0.75,12.6,61.36,Otel,Frezare,307,0,Niciunul
246,Freza,FREZA HSS Ø8 2F,3601,747.71,0.72,9.18,73.82,3.14,61.0,65.92,Aluminiu,Frezare,339,1,Niciunul
247,Freza,FREZA HSS Ø8 2F,3278,1143.04,0.19,19.34,70.12,10.22,54.0,72.03,Inox,Frezare,258,1,Niciunul
248,Freza,FREZA HSS Ø8 2F,2549,1188.91,1.41,6.19,55.53,1.12,16.9,72.36,Aluminiu,Frezare,432,0,Niciunul
249,Freza,FREZA HSS Ø8 2F,5708,443.05,1.53,7.02,50.6,0.81,15.6,69.81,Aluminiu,Frezare,186,0,Niciunul
250,Freza,FREZA HSS Ø8 2F,3422,269.71,0.88,11.85,41.36,0.52,0.6,74.83,Aluminiu,Frezare,207,0,Niciunul
251,Freza,FREZA HSS Ø8 2F,3552,721.05,2.18,19.41,54.81,1.94,0.5,70.09,Otel,Frezare,483,0,Niciunul
252,Freza,FREZA HSS Ø8 2F,5485,979.18,0.7,6.75,65.08,0.91,5.3,73.27,Otel,Frezare,437,0,Niciunul
253,Freza,FREZA HSS Ø8 2F,2771,980.27,0.56,17.6,65.38,1.79,10.8,63.32,Aluminiu,Frezare,40,0,Niciunul
254,Freza,FREZA HSS Ø8 2F,3797,824.07,1.64,6.45,81.96,3.05,13.5,69.4,Aluminiu,Frezare,152,1,Supraincalzire
255,Freza,FREZA HSS Ø8 2F,2856,823.8,1.28,11.76,81.11,7.66,36.9,67.85,Otel,Frezare,43,1,Vibratii
256,Freza,FREZA HSS Ø8 2F,2108,937.59,2.45,14.11,62.66,1.57,18.0,70.55,Aluminiu,Frezare,203,0,Niciunul
257,Freza,FREZA HSS Ø8 2F,2761,1180.11,0.89,14.93,53.18,1.65,3.4,62.46,Inox,Frezare,253,0,Niciunul
258,Freza,FREZA HSS Ø8 2F,4805,720.95,1.11,15.61,38.74,1.64,9.8,73.55,Inox,Frezare,98,0,Niciunul
259,Freza,FREZA HSS Ø8 2F,5723,1007.7,2.58,6.46,62.98,3.01,54.7,60.83,Otel,Frezare,243,1,Uzura excesiva
260,Freza,FREZA HSS Ø8 2F,5894,224.69,1.39,15.62,83.72,3.99,11.2,72.28,Inox,Frezare,463,1,Supraincalzire
261,Freza,FREZA HSS Ø8 2F,3906,591.18,2.42,18.86,56.02,1.08,2.0,61.79,Otel,Frezare,14,0,Niciunul
262,Freza,FREZA HSS Ø8 2F,4951,805.19,1.33,18.81,77.11,4.59,47.3,64.82,Inox,Frezare,182,1,Uzura excesiva
263,Freza,FREZA HSS Ø8 2F,5691,865.6,1.1,6.29,108.61,1.05,31.8,73.99,Otel,Frezare,418,1,Supraincalzire
264,Freza,FREZA HSS Ø8 2F,3748,883.47,2.4,12.35,85.12,8.28,35.3,65.6,Aluminiu,Frezare,286,1,Vibratii
265,Freza,FREZA HSS Ø8 2F,3056,1129.41,0.74,19.89,56.58,3.51,44.4,68.19,Inox,Frezare,4,1,Uzura excesiva
266,Freza,FREZA HSS Ø8 2F,2211,545.68,0.4,5.9,59.36,0.59,19.1,65.56,Otel,Frezare,425,0,Niciunul
267,Freza,FREZA HSS Ø8 2F,4161,605.16,0.38,5.29,49.96,1.56,12.6,63.82,Otel,Frezare,288,0,Niciunul
268,Freza,FREZA HSS Ø8 2F,3818,218.34,0.54,13.78,39.74,1.73,10.1,74.96,Inox,Frezare,339,0,Niciunul
269,Freza,FREZA HSS Ø8 2F,5278,466.24,1.42,10.6,65.54,2.0,3.4,72.22,Aluminiu,Frezare,159,0,Niciunul
270,Freza,FREZA HSS Ø8 2F,2125,1176.03,2.96,13.96,115.81,1.09,37.6,74.89,Aluminiu,Frezare,242,1,Supraincalzire
271,Freza,FREZA HSS Ø8 2F,5358,1115.13,1.9,15.23,51.47,0.85,10.2,69.82,Aluminiu,Frezare,189,0,Niciunul
272,Freza,FREZA HSS Ø8 2F,5344,801.71,2.61,13.28,53.14,1.64,8.1,72.31,Otel,Frezare,204,0,Niciunul
273,Freza,FREZA HSS Ø8 2F,3086,903.66,1.4,10.8,102.1,2.05,16.9,70.88,Otel,Frezare,125,1,Supraincalzire
274,Freza,FREZA HSS Ø8 2F,4623,1173.38,0.59,14.0,112.5,0.72,31.0,73.8,Otel,Frezare,486,1,Supraincalzire
275,Freza,FREZA HSS Ø8 2F,2576,712.49,1.88,12.73,75.24,4.24,49.7,60.99,Inox,Frezare,368,1,Uzura excesiva
276,Freza,FREZA HSS Ø8 2F,4559,952.09,2.91,13.18,57.77,1.42,5.9,65.83,Aluminiu,Frezare,29,0,Niciunul
277,Freza,FREZA HSS Ø8 2F,3080,234.59,2.05,19.4,56.7,7.29,22.6,72.77,Aluminiu,Frezare,245,1,Vibratii
278,Freza,FREZA HSS Ø8 2F,2249,675.93,1.42,5.09,44.84,1.89,9.9,61.61,Otel,Frezare,337,0,Niciunul
279,Freza,FREZA HSS Ø8 2F,2583,384.45,2.16,9.07,46.05,1.61,9.5,73.68,Inox,Frezare,213,0,Niciunul
280,Freza,FREZA HSS Ø8 2F,4229,675.12,1.3,11.08,50.58,9.04,56.9,61.75,Aluminiu,Frezare,121,1,Vibratii
281,Freza,FREZA HSS Ø8 2F,2773,846.28,0.16,12.97,51.16,5.83,46.2,68.16,Aluminiu,Frezare,406,1,Vibratii
282,Freza,FREZA HSS Ø8 2F,3306,265.9,2.25,11.04,82.64,9.75,55.4,65.93,Aluminiu,Frezare,136,1,Niciunul
283,Freza,FREZA HSS Ø8 2F,2114,236.44,2.22,11.18,38.06,1.92,17.8,64.54,Otel,Frezare,109,0,Niciunul
284,Freza,FREZA HSS Ø8 2F,3051,990.64,0.74,11.57,45.8,1.52,6.6,66.51,Otel,Frezare,436,0,Niciunul
285,Freza,FREZA HSS Ø8 2F,2946,866.05,0.17,12.24,65.32,8.09,38.5,64.21,Inox,Frezare,153,1,Vibratii
286,Freza,FREZA HSS Ø8 2F,2008,340.18,2.94,19.6,95.01,2.77,35.7,63.84,Inox,Frezare,236,1,Supraincalzire
287,Freza,FREZA HSS Ø8 2F,1565,627.15,1.68,12.98,109.57,3.19,30.6,71.04,Otel,Frezare,211,1,Supraincalzire
288,Freza,FREZA HSS Ø8 2F,5847,1028.74,1.33,12.12,78.9,3.21,77.5,67.44,Aluminiu,Frezare,286,1,Uzura excesiva
289,Freza,FREZA HSS Ø8 2F,1643,372.44,2.0,9.1,61.41,3.69,62.4,71.42,Otel,Frezare,499,1,Uzura excesiva
290,Freza,FREZA HSS Ø8 2F,5177,281.53,0.41,5.66,38.38,1.55,0.8,61.53,Aluminiu,Frezare,432,0,Niciunul
291,Freza,FREZA HSS Ø8 2F,5570,1196.75,1.52,11.02,56.27,1.1,3.7,63.48,Otel,Frezare,189,0,Niciunul
292,Freza,FREZA HSS Ø8 2F,2216,677.9,0.99,11.39,81.92,1.17,70.0,69.21,Otel,Frezare,454,1,Uzura excesiva
293,Freza,FREZA HSS Ø8 2F,3945,1103.42,0.61,9.0,113.66,3.51,11.9,66.32,Aluminiu,Frezare,359,1,Supraincalzire
294,Freza,FREZA HSS Ø8 2F,4159,629.93,2.22,11.29,104.34,0.93,39.4,71.12,Aluminiu,Frezare,344,1,Supraincalzire
295,Freza,FREZA HSS Ø8 2F,3422,766.21,2.52,16.18,40.73,1.74,2.3,60.67,Aluminiu,Frezare,168,0,Niciunul
296,Freza,FREZA HSS Ø8 2F,5540,1195.84,1.61,12.19,103.66,2.49,14.7,69.82,Otel,Frezare,351,1,Supraincalzire
297,Freza,FREZA HSS Ø8 2F,3318,492.04,0.32,9.96,79.9,11.81,50.6,62.1,Inox,Frezare,47,1,Niciunul
298,Freza,FREZA HSS Ø8 2F,4918,691.46,0.39,10.77,38.9,1.73,9.1,62.34,Inox,Frezare,358,0,Niciunul
299,Freza,FREZA HSS Ø8 2F,3814,736.69,1.92,6.64,78.17,11.83,30.7,65.02,Inox,Frezare,84,1,Vibratii
300,Freza,FREZA HSS Ø8 2F,5009,279.17,1.57,16.26,102.61,0.74,36.2,69.74,Inox,Frezare,410,1,Supraincalzire
301,Freza,FREZA HSS Ø8 2F,5196,202.51,0.59,9.25,67.85,8.48,22.9,60.8,Otel,Frezare,210,1,Vibratii
302,Freza,FREZA HSS Ø8 2F,3953,786.72,0.44,14.62,63.42,4.45,67.8,73.29,Otel,Frezare,19,1,Uzura excesiva
303,Freza,FREZA HSS Ø8 2F,4426,752.09,2.47,12.38,51.86,0.6,14.5,70.05,Otel,Frezare,257,0,Niciunul
304,Freza,FREZA HSS Ø8 2F,2081,1005.06,0.55,18.61,36.26,1.77,19.0,73.47,Inox,Frezare,124,0,Niciunul
305,Freza,FREZA HSS Ø8 2F,5696,265.48,2.96,14.81,90.34,3.98,34.8,66.44,Aluminiu,Frezare,88,1,Supraincalzire
306,Freza,FREZA HSS Ø8 2F,5536,887.2,2.15,10.0,62.58,1.06,47.4,61.17,Inox,Frezare,336,1,Uzura excesiva
307,Freza,FREZA HSS Ø8 2F,1942,959.4,1.23,15.75,53.68,10.54,21.3,68.05,Aluminiu,Frezare,358,1,Vibratii
308,Freza,FREZA HSS Ø8 2F,2265,489.58,0.51,5.82,41.7,0.55,5.9,62.24,Otel,Frezare,172,0,Niciunul
309,Freza,FREZA HSS Ø8 2F,4075,866.73,2.67,7.03,63.64,1.98,19.8,63.41,Inox,Frezare,391,0,Niciunul
310,Freza,FREZA HSS Ø8 2F,5869,875.84,0.46,5.77,67.31,1.46,17.7,66.05,Aluminiu,Frezare,221,0,Niciunul
311,Freza,FREZA HSS Ø8 2F,4729,835.44,1.14,16.03,67.44,0.63,5.6,72.91,Aluminiu,Frezare,69,0,Niciunul
312,Freza,FREZA HSS Ø8 2F,1773,1059.36,0.78,15.95,72.64,2.03,68.6,66.7,Inox,Frezare,390,1,Uzura excesiva
313,Freza,FREZA HSS Ø8 2F,5747,947.83,1.22,7.57,68.91,1.02,11.9,60.44,Inox,Frezare,382,0,Niciunul
314,Freza,FREZA HSS Ø8 2F,4175,642.94,2.34,7.76,117.56,0.52,15.6,64.63,Aluminiu,Frezare,356,1,Supraincalzire
315,Freza,FREZA HSS Ø8 2F,2737,873.9,1.33,5.37,83.49,3.76,21.7,60.41,Inox,Frezare,238,1,Supraincalzire
316,Freza,FREZA HSS Ø8 2F,1625,937.49,0.65,17.35,49.66,0.59,3.8,69.39,Inox,Frezare,403,0,Niciunul
317,Freza,FREZA HSS Ø8 2F,4297,1175.8,1.93,13.91,82.92,4.42,52.1,63.14,Aluminiu,Frezare,220,1,Uzura excesiva
318,Freza,FREZA HSS Ø8 2F,2077,358.04,1.75,6.74,86.92,2.54,29.6,62.09,Aluminiu,Frezare,208,1,Supraincalzire
319,Freza,FREZA HSS Ø8 2F,5409,451.73,2.33,9.57,89.01,1.09,50.3,62.28,Otel,Frezare,113,1,Uzura excesiva
320,Freza,FREZA HSS Ø8 2F,4061,544.13,1.4,7.79,37.28,0.72,12.6,72.93,Otel,Frezare,139,0,Niciunul
321,Freza,FREZA HSS Ø8 2F,2845,637.98,1.6,18.38,107.42,2.48,11.3,73.91,Inox,Frezare,216,1,Supraincalzire
322,Freza,FREZA HSS Ø8 2F,4878,966.3,1.22,11.21,108.99,3.73,20.2,70.9,Inox,Frezare,305,1,Supraincalzire
323,Freza,FREZA HSS Ø8 2F,1915,228.53,0.36,13.93,67.39,11.15,20.4,65.4,Aluminiu,Frezare,101,1,Vibratii
324,Freza,FREZA HSS Ø8 2F,2339,864.67,1.57,18.27,117.5,3.11,13.7,72.43,Otel,Frezare,13,1,Supraincalzire
325,Freza,FREZA HSS Ø8 2F,2562,661.97,0.71,19.84,57.15,1.07,11.1,61.65,Otel,Frezare,152,0,Niciunul
326,Freza,FREZA HSS Ø8 2F,2158,1138.78,2.67,9.85,65.95,0.75,17.0,73.27,Inox,Frezare,257,0,Niciunul
327,Freza,FREZA HSS Ø8 2F,4197,307.6,0.89,12.71,46.2,0.78,0.2,65.59,Otel,Frezare,390,0,Niciunul
328,Freza,FREZA HSS Ø8 2F,3555,721.16,1.23,18.37,107.43,2.25,28.5,65.86,Otel,Frezare,258,1,Supraincalzire
329,Freza,FREZA HSS Ø8 2F,2760,416.45,2.16,12.06,51.06,1.74,9.5,72.83,Otel,Frezare,479,0,Niciunul
330,Freza,FREZA HSS Ø8 2F,2141,1043.23,1.92,7.08,81.94,0.66,22.2,61.61,Otel,Frezare,13,1,Supraincalzire
331,Freza,FREZA HSS Ø8 2F,2509,915.7,2.57,15.16,110.45,3.92,32.4,74.08,Inox,Frezare,14,1,Supraincalzire
332,Freza,FREZA HSS Ø8 2F,2999,1170.14,2.47,19.65,44.29,1.24,6.7,74.62,Aluminiu,Frezare,437,0,Niciunul
333,Freza,FREZA HSS Ø8 2F,2533,903.61,2.16,14.23,57.53,0.83,10.0,73.36,Otel,Frezare,497,0,Niciunul
334,Freza,FREZA HSS Ø8 2F,5679,218.25,2.96,9.85,41.05,0.93,12.5,65.4,Aluminiu,Frezare,364,0,Niciunul
335,Freza,FREZA HSS Ø8 2F,4842,342.44,2.98,8.41,78.31,6.23,22.2,68.91,Inox,Frezare,122,1,Vibratii
336,Freza,FREZA HSS Ø8 2F,4529,575.79,0.15,16.1,67.51,4.15,56.0,72.83,Otel,Frezare,55,1,Vibratii
337,Freza,FREZA HSS Ø8 2F,1918,1130.26,2.51,13.44,63.12,1.73,2.6,70.66,Otel,Frezare,133,0,Niciunul
338,Freza,FREZA HSS Ø8 2F,5197,1179.04,0.34,15.66,109.63,3.15,28.0,67.8,Otel,Frezare,26,1,Supraincalzire
339,Freza,FREZA HSS Ø8 2F,4608,408.56,1.19,8.62,109.74,1.89,31.0,63.59,Inox,Frezare,369,1,Supraincalzire
340,Freza,FREZA HSS Ø8 2F,2167,800.65,0.77,13.34,79.05,8.65,49.4,72.62,Otel,Frezare,268,1,Vibratii
341,Freza,FREZA HSS Ø8 2F,3830,450.91,0.39,6.15,69.36,10.02,59.5,69.31,Aluminiu,Frezare,458,1,Vibratii
342,Freza,FREZA HSS Ø8 2F,3459,523.57,0.68,6.97,46.26,1.98,11.0,65.81,Inox,Frezare,135,0,Niciunul
343,Freza,FREZA HSS Ø8 2F,2635,1062.26,1.28,12.77,35.67,0.67,5.5,62.35,Inox,Frezare,451,0,Niciunul
344,Freza,FREZA HSS Ø8 2F,2453,307.87,0.31,8.33,73.04,10.71,59.1,74.86,Otel,Frezare,260,1,Vibratii
345,Freza,FREZA HSS Ø8 2F,5852,445.45,2.39,8.06,65.6,1.86,5.5,61.25,Otel,Frezare,447,0,Niciunul
346,Freza,FREZA HSS Ø8 2F,3685,720.73,0.12,9.27,45.25,0.78,19.2,66.0,Aluminiu,Frezare,443,0,Niciunul
347,Freza,FREZA HSS Ø8 2F,4139,234.5,1.74,7.74,53.57,1.06,16.1,64.9,Otel,Frezare,220,0,Niciunul
348,Freza,FREZA HSS Ø8 2F,3935,232.66,0.13,13.04,84.39,0.85,17.0,64.16,Inox,Frezare,28,1,Supraincalzire
349,Freza,FREZA HSS Ø8 2F,4991,952.28,1.01,9.54,41.91,1.52,11.0,72.77,Inox,Frezare,244,0,Niciunul
350,Freza,FREZA HSS Ø8 2F,5086,269.86,2.92,9.68,66.41,1.68,5.9,62.78,Aluminiu,Frezare,6,0,Niciunul
351,Freza,FREZA HSS Ø8 2F,5609,898.93,1.99,16.57,84.4,2.73,73.2,74.63,Inox,Frezare,271,1,Uzura excesiva
352,Freza,FREZA HSS Ø8 2F,2564,672.69,2.87,6.78,88.12,2.22,66.2,67.39,Aluminiu,Frezare,346,1,Uzura excesiva
353,Freza,FREZA HSS Ø8 2F,4512,699.8,2.63,18.78,59.54,4.26,29.1,69.13,Otel,Frezare,391,1,Vibratii
354,Freza,FREZA HSS Ø8 2F,4306,929.69,1.69,16.16,50.21,3.04,55.1,61.77,Inox,Frezare,380,1,Uzura excesiva
355,Freza,FREZA HSS Ø8 2F,5807,335.39,0.52,8.06,83.48,2.12,36.2,74.73,Otel,Frezare,229,1,Niciunul
356,Freza,FREZA HSS Ø8 2F,3872,235.77,1.48,12.31,63.24,3.69,57.4,64.48,Aluminiu,Frezare,180,1,Uzura excesiva
357,Freza,FREZA HSS Ø8 2F,2216,1021.52,2.42,17.52,65.85,0.95,17.8,66.18,Otel,Frezare,480,0,Niciunul
358,Freza,FREZA HSS Ø8 2F,4263,610.33,1.99,9.19,41.89,0.89,13.9,64.9,Otel,Frezare,425,0,Niciunul
359,Freza,FREZA HSS Ø8 2F,1595,442.07,2.53,14.5,36.05,0.65,2.4,65.15,Inox,Frezare,394,0,Niciunul
360,Freza,FREZA HSS Ø8 2F,1985,598.96,0.44,5.04,52.74,0.85,18.1,64.34,Inox,Frezare,317,0,Niciunul
361,Freza,FREZA HSS Ø8 2F,1762,281.63,2.64,12.94,74.57,5.48,47.5,60.32,Aluminiu,Frezare,24,1,Niciunul
362,Freza,FREZA HSS Ø8 2F,2523,1110.47,1.1,11.4,56.91,0.59,4.2,61.78,Otel,Frezare,193,0,Niciunul
363,Freza,FREZA HSS Ø8 2F,1967,1100.08,0.15,14.65,97.42,2.16,29.1,72.04,Inox,Frezare,317,1,Supraincalzire
364,Freza,FREZA HSS Ø8 2F,4990,785.98,0.58,10.3,40.81,1.52,2.5,68.15,Aluminiu,Frezare,377,0,Niciunul
365,Freza,FREZA HSS Ø8 2F,5076,1095.74,2.15,16.59,68.68,1.3,5.2,61.6,Aluminiu,Frezare,159,0,Niciunul
366,Freza,FREZA HSS Ø8 2F,1765,1116.13,2.1,11.31,63.85,4.96,43.1,74.3,Aluminiu,Frezare,44,1,Vibratii
367,Freza,FREZA HSS Ø8 2F,2769,893.73,0.33,14.75,84.9,0.87,23.0,67.71,Otel,Frezare,248,1,Supraincalzire
368,Freza,FREZA HSS Ø8 2F,5164,493.78,2.97,15.62,63.22,1.1,18.7,73.03,Otel,Frezare,427,0,Niciunul
369,Freza,FREZA HSS Ø8 2F,3005,1088.5,2.54,9.99,114.37,0.71,12.8,74.48,Inox,Frezare,210,1,Supraincalzire
370,Freza,FREZA HSS Ø8 2F,5117,399.41,2.54,8.87,82.0,3.62,17.2,72.94,Otel,Frezare,248,1,Niciunul
371,Freza,FREZA HSS Ø8 2F,3106,531.76,2.34,14.53,81.58,2.62,50.1,70.92,Aluminiu,Frezare,472,1,Uzura excesiva
372,Freza,FREZA HSS Ø8 2F,2808,612.71,1.86,15.5,58.87,4.88,76.3,71.16,Aluminiu,Frezare,448,1,Uzura excesiva
373,Freza,FREZA HSS Ø8 2F,2991,422.13,1.68,11.47,116.17,3.49,37.9,61.68,Inox,Frezare,34,1,Supraincalzire
374,Freza,FREZA HSS Ø8 2F,5542,212.45,1.66,6.17,63.24,0.96,18.0,62.79,Inox,Frezare,398,0,Niciunul
375,Freza,FREZA HSS Ø8 2F,1803,264.87,1.17,5.73,63.57,1.34,6.0,70.72,Otel,Frezare,362,0,Niciunul
376,Freza,FREZA HSS Ø8 2F,4579,695.33,1.85,19.08,53.38,6.83,50.8,71.28,Aluminiu,Frezare,69,1,Vibratii
377,Freza,FREZA HSS Ø8 2F,2573,660.79,2.87,6.57,75.62,9.1,43.8,60.8,Aluminiu,Frezare,176,1,Vibratii
378,Freza,FREZA HSS Ø8 2F,4380,1188.23,1.06,7.42,53.34,11.35,33.2,71.74,Inox,Frezare,331,1,Vibratii
379,Freza,FREZA HSS Ø8 2F,1529,257.73,1.26,13.92,119.76,2.66,12.0,74.08,Aluminiu,Frezare,198,1,Supraincalzire
380,Freza,FREZA HSS Ø8 2F,4016,741.47,1.12,17.48,104.87,0.67,20.6,62.42,Inox,Frezare,108,1,Supraincalzire
381,Freza,FREZA HSS Ø8 2F,2197,713.03,2.09,12.22,55.38,0.54,0.5,70.91,Otel,Frezare,472,0,Niciunul
382,Freza,FREZA HSS Ø8 2F,1595,622.1,2.92,12.53,55.42,1.38,8.9,60.27,Otel,Frezare,214,0,Niciunul
383,Freza,FREZA HSS Ø8 2F,5542,519.4,2.12,16.26,57.27,0.53,4.7,74.16,Aluminiu,Frezare,4,0,Niciunul
384,Freza,FREZA HSS Ø8 2F,3676,294.57,1.62,18.63,54.91,0.66,12.3,66.33,Otel,Frezare,95,0,Niciunul
385,Freza,FREZA HSS Ø8 2F,5208,654.94,1.45,15.02,51.37,1.73,11.9,74.83,Otel,Frezare,227,0,Niciunul
386,Freza,FREZA HSS Ø8 2F,3028,651.26,0.81,5.73,51.31,2.0,76.5,70.18,Aluminiu,Frezare,23,1,Uzura excesiva
387,Freza,FREZA HSS Ø8 2F,3737,755.21,2.2,13.33,68.3,1.26,12.3,63.85,Otel,Frezare,91,0,Niciunul
388,Freza,FREZA HSS Ø8 2F,5263,1154.39,1.75,12.81,59.17,3.81,63.7,73.35,Aluminiu,Frezare,356,1,Uzura excesiva
389,Freza,FREZA HSS Ø8 2F,4566,460.95,1.72,18.42,87.2,3.18,63.4,60.23,Aluminiu,Frezare,315,1,Uzura excesiva
390,Freza,FREZA HSS Ø8 2F,1790,1162.37,0.72,17.89,49.06,1.7,18.8,64.47,Aluminiu,Frezare,6,0,Niciunul
391,Freza,FREZA HSS Ø8 2F,3480,893.61,0.19,15.54,49.38,1.61,7.4,71.68,Aluminiu,Frezare,417,0,Niciunul
392,Freza,FREZA HSS Ø8 2F,3612,909.36,1.56,17.09,71.04,2.44,55.8,67.36,Aluminiu,Frezare,348,1,Uzura excesiva
393,Freza,FREZA HSS Ø8 2F,2175,269.36,1.98,10.96,68.69,1.27,17.2,65.99,Inox,Frezare,134,0,Niciunul
394,Freza,FREZA HSS Ø8 2F,1603,1137.72,0.29,6.4,115.81,1.47,17.2,69.93,Inox,Frezare,487,1,Supraincalzire
395,Freza,FREZA HSS Ø8 2F,2165,704.89,0.1,17.67,81.69,0.52,33.5,66.65,Aluminiu,Frezare,262,1,Supraincalzire
396,Freza,FREZA HSS Ø8 2F,2177,1195.99,1.98,19.95,67.13,1.22,7.2,73.08,Otel,Frezare,126,0,Niciunul
397,Freza,FREZA HSS Ø8 2F,5685,975.18,2.15,5.85,50.94,1.93,13.0,69.22,Aluminiu,Frezare,319,0,Niciunul
398,Freza,FREZA HSS Ø8 2F,2428,1112.79,1.63,18.19,61.62,2.58,55.2,68.61,Aluminiu,Frezare,297,1,Uzura excesiva
399,Freza,FREZA HSS Ø8 2F,2002,633.33,1.79,13.23,36.18,0.77,10.7,68.68,Aluminiu,Frezare,131,0,Niciunul
400,Freza,FREZA HSS Ø8 2F,3812,1049.76,2.28,18.91,65.35,0.76,19.7,64.76,Aluminiu,Frezare,162,0,Niciunul
401,Freza,FREZA HSS Ø8 2F,5594,853.68,1.05,15.7,58.84,5.68,30.5,72.97,Aluminiu,Frezare,224,1,Vibratii
402,Freza,FREZA HSS Ø8 2F,3085,741.78,1.65,13.65,65.46,2.07,74.3,66.53,Otel,Frezare,100,1,Uzura excesiva
403,Freza,FREZA HSS Ø8 2F,4879,691.16,0.54,13.08,100.52,0.8,38.5,64.11,Inox,Frezare,292,1,Supraincalzire
404,Freza,FREZA HSS Ø8 2F,4253,915.97,0.63,11.53,58.85,1.83,15.8,66.59,Aluminiu,Frezare,329,0,Niciunul
405,Freza,FREZA HSS Ø8 2F,1692,319.3,1.42,6.05,89.38,10.65,53.0,72.29,Otel,Frezare,63,1,Vibratii
406,Freza,FREZA HSS Ø8 2F,4647,1137.03,2.04,8.72,52.7,1.83,5.0,71.25,Otel,Frezare,22,0,Niciunul
407,Freza,FREZA HSS Ø8 2F,2341,785.27,1.67,5.42,89.82,8.88,47.8,63.75,Aluminiu,Frezare,291,1,Vibratii
408,Freza,FREZA HSS Ø8 2F,2206,212.37,1.76,17.5,44.54,0.82,19.8,60.12,Otel,Frezare,13,0,Niciunul
409,Freza,FREZA HSS Ø8 2F,5987,1108.1,0.73,12.31,62.71,0.88,10.2,73.06,Aluminiu,Frezare,246,0,Niciunul
410,Freza,FREZA HSS Ø8 2F,2174,938.11,1.64,8.77,85.41,3.46,36.2,60.63,Aluminiu,Frezare,103,1,Supraincalzire
411,Freza,FREZA HSS Ø8 2F,1800,696.28,0.97,11.81,83.68,4.06,50.4,72.7,Aluminiu,Frezare,122,1,Uzura excesiva
412,Freza,FREZA HSS Ø8 2F,2240,450.65,0.32,11.26,58.33,1.64,1.1,70.15,Otel,Frezare,122,0,Niciunul
413,Freza,FREZA HSS Ø8 2F,4183,1030.77,1.54,19.78,48.4,1.07,2.9,74.05,Inox,Frezare,172,0,Niciunul
414,Freza,FREZA HSS Ø8 2F,4653,254.92,0.83,9.38,70.0,2.28,70.3,69.49,Otel,Frezare,273,1,Uzura excesiva
415,Freza,FREZA HSS Ø8 2F,1579,323.39,0.46,6.24,47.86,1.31,17.9,63.75,Inox,Frezare,500,0,Niciunul
416,Freza,FREZA HSS Ø8 2F,2115,1038.92,2.88,17.59,93.95,2.83,17.7,65.54,Otel,Frezare,334,1,Supraincalzire
417,Freza,FREZA HSS Ø8 2F,2047,1011.81,1.74,16.44,79.92,9.36,21.5,62.23,Otel,Frezare,376,1,Vibratii
418,Freza,FREZA HSS Ø8 2F,4692,828.05,2.77,11.79,84.55,10.31,31.5,69.24,Inox,Frezare,198,1,Vibratii
419,Freza,FREZA HSS Ø8 2F,1843,1144.98,1.33,10.04,48.48,0.68,19.9,60.91,Inox,Frezare,330,0,Niciunul
420,Freza,FREZA HSS Ø8 2F,5629,912.0,2.15,5.53,60.2,1.72,12.4,69.46,Otel,Frezare,94,0,Niciunul
421,Freza,FREZA HSS Ø8 2F,4432,404.04,2.35,16.89,66.51,1.38,18.2,62.3,Aluminiu,Frezare,45,0,Niciunul
422,Freza,FREZA HSS Ø8 2F,5071,468.78,2.46,16.77,67.63,5.1,40.1,61.77,Inox,Frezare,388,1,Vibratii
423,Freza,FREZA HSS Ø8 2F,3732,875.5,1.1,15.29,39.13,1.41,18.8,71.83,Otel,Frezare,129,0,Niciunul
424,Freza,FREZA HSS Ø8 2F,1896,833.27,0.31,16.61,56.22,3.14,76.2,74.93,Aluminiu,Frezare,316,1,Uzura excesiva
425,Freza,FREZA HSS Ø8 2F,4569,948.8,0.18,6.27,81.2,2.26,37.3,70.58,Inox,Frezare,114,1,Niciunul
426,Freza,FREZA HSS Ø8 2F,3885,749.46,1.33,9.87,69.62,1.07,5.9,73.12,Inox,Frezare,221,0,Niciunul
427,Freza,FREZA HSS Ø8 2F,2899,651.8,1.49,9.55,88.49,1.2,14.7,70.05,Aluminiu,Frezare,75,1,Supraincalzire
428,Freza,FREZA HSS Ø8 2F,5108,1100.8,2.99,6.96,62.46,1.84,12.6,74.45,Inox,Frezare,420,0,Niciunul
429,Freza,FREZA HSS Ø8 2F,3425,617.8,2.61,7.2,53.95,1.57,4.4,69.75,Otel,Frezare,154,0,Niciunul
430,Freza,FREZA HSS Ø8 2F,2691,473.04,0.5,6.91,115.06,1.45,32.6,64.44,Aluminiu,Frezare,309,1,Supraincalzire
431,Freza,FREZA HSS Ø8 2F,5060,755.87,1.37,6.6,49.08,0.67,8.5,68.81,Inox,Frezare,33,0,Niciunul
432,Freza,FREZA HSS Ø8 2F,5617,1039.62,0.63,17.17,65.75,1.78,2.7,73.76,Aluminiu,Frezare,213,0,Niciunul
433,Freza,FREZA HSS Ø8 2F,4322,894.12,1.94,11.72,61.36,4.07,43.7,68.44,Inox,Frezare,138,1,Uzura excesiva
434,Freza,FREZA HSS Ø8 2F,3528,714.93,2.18,17.93,46.39,1.49,19.0,62.54,Otel,Frezare,220,0,Niciunul
435,Freza,FREZA HSS Ø8 2F,5496,1083.92,0.43,16.97,76.53,7.76,36.1,68.0,Otel,Frezare,9,1,Vibratii
436,Freza,FREZA HSS Ø8 2F,3484,515.0,2.06,15.67,41.95,0.76,3.2,69.75,Otel,Frezare,345,0,Niciunul
437,Freza,FREZA HSS Ø8 2F,2127,645.46,2.22,6.12,119.29,2.33,10.9,65.06,Otel,Frezare,51,1,Supraincalzire
438,Freza,FREZA HSS Ø8 2F,2676,1184.18,1.03,19.17,69.12,2.97,56.3,70.04,Inox,Frezare,298,1,Uzura excesiva
439,Freza,FREZA HSS Ø8 2F,4821,268.15,0.49,6.68,51.29,6.56,55.1,63.27,Inox,Frezare,61,1,Vibratii
440,Freza,FREZA HSS Ø8 2F,5139,489.49,2.09,7.42,54.46,11.97,38.0,66.27,Inox,Frezare,38,1,Vibratii
441,Freza,FREZA HSS Ø8 2F,2100,1117.53,1.1,11.23,46.43,1.33,19.6,71.57,Inox,Frezare,339,0,Niciunul
442,Freza,FREZA HSS Ø8 2F,2933,414.46,1.18,5.6,67.97,2.97,68.5,69.69,Aluminiu,Frezare,252,1,Uzura excesiva
443,Freza,FREZA HSS Ø8 2F,4508,552.26,2.56,19.19,50.01,1.96,18.3,70.73,Otel,Frezare,180,0,Niciunul
444,Freza,FREZA HSS Ø8 2F,1718,947.96,0.64,10.8,53.83,1.08,18.5,74.12,Otel,Frezare,207,0,Niciunul
445,Freza,FREZA HSS Ø8 2F,2742,789.59,0.14,12.97,73.04,10.45,21.6,64.05,Aluminiu,Frezare,84,1,Vibratii
446,Freza,FREZA HSS Ø8 2F,4539,960.74,0.87,5.78,46.59,1.45,11.7,71.79,Inox,Frezare,188,0,Niciunul
447,Freza,FREZA HSS Ø8 2F,1847,358.66,2.12,7.79,60.36,4.44,51.9,62.73,Inox,Frezare,116,1,Niciunul
448,Freza,FREZA HSS Ø8 2F,3786,434.77,1.49,17.11,80.0,4.0,68.0,73.16,Inox,Frezare,18,1,Uzura excesiva
449,Freza,FREZA HSS Ø8 2F,5122,828.33,1.77,7.34,52.58,0.73,1.1,73.36,Inox,Frezare,46,0,Niciunul
450,Freza,FREZA HSS Ø8 2F,5539,1009.74,1.07,5.86,58.12,6.76,45.0,65.95,Inox,Frezare,332,1,Vibratii
451,Freza,FREZA HSS Ø8 2F,5201,1074.84,0.89,18.87,46.64,1.71,9.1,68.06,Inox,Frezare,171,0,Niciunul
452,Freza,FREZA HSS Ø8 2F,5613,253.29,1.87,15.04,39.06,1.73,15.7,60.45,Otel,Frezare,407,0,Niciunul
453,Freza,FREZA HSS Ø8 2F,2316,807.76,0.61,7.72,70.04,7.23,27.8,74.36,Otel,Frezare,223,1,Vibratii
454,Freza,FREZA HSS Ø8 2F,3693,988.79,1.97,9.16,67.75,1.96,4.4,61.57,Aluminiu,Frezare,218,0,Niciunul
455,Freza,FREZA HSS Ø8 2F,5662,666.55,1.39,12.01,67.54,11.89,52.4,69.46,Inox,Frezare,263,1,Niciunul
456,Freza,FREZA HSS Ø8 2F,5939,1034.9,2.14,13.18,36.57,1.03,9.3,68.99,Otel,Frezare,410,0,Niciunul
457,Freza,FREZA HSS Ø8 2F,5511,203.59,1.78,7.61,41.7,1.23,19.8,68.26,Otel,Frezare,60,0,Niciunul
458,Freza,FREZA HSS Ø8 2F,4165,458.37,1.47,17.86,77.11,1.74,60.8,74.02,Aluminiu,Frezare,468,1,Uzura excesiva
459,Freza,FREZA HSS Ø8 2F,3948,341.92,1.89,17.69,92.34,1.44,28.0,67.72,Inox,Frezare,226,1,Supraincalzire
460,Freza,FREZA HSS Ø8 2F,4218,494.96,2.86,7.67,119.68,3.14,22.0,66.31,Otel,Frezare,326,1,Niciunul
461,Freza,FREZA HSS Ø8 2F,5112,866.69,2.1,12.29,40.49,0.59,18.3,64.9,Inox,Frezare,102,0,Niciunul
462,Freza,FREZA HSS Ø8 2F,1603,376.45,2.62,15.02,66.62,1.56,13.4,73.77,Otel,Frezare,93,0,Niciunul
463,Freza,FREZA HSS Ø8 2F,5903,1193.44,2.93,10.82,101.2,0.51,33.3,63.73,Inox,Frezare,333,1,Supraincalzire
464,Freza,FREZA HSS Ø8 2F,2065,695.71,0.41,12.55,61.65,1.68,55.6,71.21,Otel,Frezare,400,1,Uzura excesiva
465,Freza,FREZA HSS Ø8 2F,3551,943.46,0.14,6.98,54.26,1.52,13.1,74.55,Otel,Frezare,439,0,Niciunul
466,Freza,FREZA HSS Ø8 2F,3814,799.56,1.83,9.2,43.65,1.51,17.6,70.51,Otel,Frezare,53,0,Niciunul
467,Freza,FREZA HSS Ø8 2F,2686,353.35,2.22,12.62,50.32,1.25,52.2,60.93,Otel,Frezare,209,1,Niciunul
468,Freza,FREZA HSS Ø8 2F,1618,660.3,2.41,17.93,81.58,1.49,19.3,62.78,Inox,Frezare,456,1,Supraincalzire
469,Freza,FREZA HSS Ø8 2F,4876,433.24,0.58,11.41,56.52,3.35,55.1,72.27,Aluminiu,Frezare,15,1,Uzura excesiva
470,Freza,FREZA HSS Ø8 2F,5748,361.16,1.44,8.04,60.06,9.13,23.7,73.64,Inox,Frezare,59,1,Niciunul
471,Freza,FREZA HSS Ø8 2F,5842,899.25,0.63,10.11,117.43,3.91,34.9,73.79,Otel,Frezare,194,1,Supraincalzire
472,Freza,FREZA HSS Ø8 2F,2090,1024.12,1.66,15.1,55.26,1.31,12.6,60.08,Inox,Frezare,56,0,Niciunul
473,Freza,FREZA HSS Ø8 2F,5866,952.07,0.71,13.11,51.3,0.96,0.8,64.28,Inox,Frezare,92,0,Niciunul
474,Freza,FREZA HSS Ø8 2F,4054,1094.33,0.46,18.68,66.2,0.91,3.2,66.17,Inox,Frezare,376,0,Niciunul
475,Freza,FREZA HSS Ø8 2F,5386,1195.71,0.97,17.3,86.34,10.01,28.1,72.43,Inox,Frezare,204,1,Vibratii
476,Freza,FREZA HSS Ø8 2F,4195,967.75,1.35,11.4,91.44,3.07,30.3,73.9,Inox,Frezare,172,1,Supraincalzire
477,Freza,FREZA HSS Ø8 2F,5629,1002.58,2.11,7.96,67.27,4.15,22.7,65.56,Otel,Frezare,481,1,Vibratii
478,Freza,FREZA HSS Ø8 2F,1778,649.93,1.84,8.02,45.3,1.09,1.1,73.51,Otel,Frezare,108,0,Niciunul
479,Freza,FREZA HSS Ø8 2F,2018,771.36,2.11,8.07,52.38,4.16,26.1,67.33,Aluminiu,Frezare,344,1,Vibratii
480,Freza,FREZA HSS Ø8 2F,5628,884.77,0.46,7.11,98.34,2.91,27.4,67.62,Inox,Frezare,273,1,Supraincalzire
481,Freza,FREZA HSS Ø8 2F,2539,421.1,1.32,10.56,119.01,1.08,30.3,70.66,Otel,Frezare,296,1,Supraincalzire
482,Freza,FREZA HSS Ø8 2F,3814,412.04,0.7,19.01,82.53,10.62,29.6,68.22,Inox,Frezare,316,1,Vibratii
483,Freza,FREZA HSS Ø8 2F,3734,494.06,1.62,13.2,66.76,0.9,12.4,74.25,Aluminiu,Frezare,88,0,Niciunul
484,Freza,FREZA HSS Ø8 2F,5881,737.05,1.68,12.16,75.53,6.72,32.2,70.67,Inox,Frezare,468,1,Niciunul
485,Freza,FREZA HSS Ø8 2F,2429,1049.46,0.21,15.14,83.95,9.11,34.7,71.36,Otel,Frezare,103,1,Vibratii
486,Freza,FREZA HSS Ø8 2F,1500,321.38,0.98,16.28,37.72,1.91,17.3,61.15,Aluminiu,Frezare,438,0,Niciunul
487,Freza,FREZA HSS Ø8 2F,4542,795.33,0.74,19.77,85.56,3.32,78.6,68.78,Inox,Frezare,458,1,Uzura excesiva
488,Freza,FREZA HSS Ø8 2F,5191,658.09,1.86,6.18,74.43,1.23,65.3,63.6,Otel,Frezare,128,1,Uzura excesiva
489,Freza,FREZA HSS Ø8 2F,3777,291.46,1.9,18.64,46.19,1.13,11.2,73.33,Otel,Frezare,214,0,Niciunul
490,Freza,FREZA HSS Ø8 2F,3947,507.29,0.88,12.22,48.94,0.97,5.8,72.05,Otel,Frezare,22,0,Niciunul
491,Freza,FREZA HSS Ø8 2F,5710,380.52,2.07,13.82,55.34,8.31,55.1,70.06,Otel,Frezare,455,1,Vibratii
492,Freza,FREZA HSS Ø8 2F,1710,657.97,2.92,11.42,84.27,10.82,51.8,62.93,Inox,Frezare,175,1,Vibratii
493,Freza,FREZA HSS Ø8 2F,5791,659.55,0.28,15.65,65.08,0.67,19.1,60.84,Aluminiu,Frezare,425,0,Niciunul
494,Freza,FREZA HSS Ø8 2F,1553,1116.67,0.38,18.27,45.28,1.07,8.6,66.89,Inox,Frezare,410,0,Niciunul
495,Freza,FREZA HSS Ø8 2F,1968,417.29,1.85,10.74,46.55,1.76,9.6,65.4,Aluminiu,Frezare,300,0,Niciunul
496,Freza,FREZA HSS Ø8 2F,5305,666.93,2.95,19.45,102.09,2.95,20.8,61.18,Aluminiu,Frezare,430,1,Supraincalzire
497,Freza,FREZA HSS Ø8 2F,3981,808.72,1.07,10.33,44.46,0.98,15.2,64.54,Otel,Frezare,38,0,Niciunul
498,Freza,FREZA HSS Ø8 2F,2616,1113.27,0.44,7.09,55.93,1.7,56.8,62.14,Otel,Frezare,456,1,Uzura excesiva
499,Freza,FREZA HSS Ø8 2F,5166,731.9,1.51,14.66,105.48,2.73,16.8,69.91,Inox,Frezare,274,1,Supraincalzire
500,Freza,FREZA HSS Ø8 2F,4603,835.57,0.67,9.06,52.46,0.97,5.9,74.43,Otel,Frezare,233,0,Niciunul
501,Freza,FREZA HSS Ø8 2F,4502,641.3,0.37,18.51,63.98,0.72,16.9,61.78,Inox,Frezare,461,0,Niciunul
502,Freza,FREZA HSS Ø8 2F,2119,491.51,2.05,13.07,97.19,0.52,30.8,64.36,Otel,Frezare,33,1,Supraincalzire
503,Freza,FREZA HSS Ø8 2F,2238,1044.13,1.16,15.85,75.15,6.76,42.2,60.27,Otel,Frezare,110,1,Vibratii
504,Freza,FREZA HSS Ø8 2F,4322,899.0,1.02,10.39,119.96,1.92,33.0,62.78,Inox,Frezare,441,1,Supraincalzire
505,Freza,FREZA HSS Ø8 2F,5251,392.05,2.68,5.18,57.22,1.5,55.0,62.36,Inox,Frezare,401,1,Niciunul
506,Freza,FREZA HSS Ø8 2F,2996,939.22,2.46,10.63,118.37,0.91,19.8,74.01,Inox,Frezare,256,1,Supraincalzire
507,Freza,FREZA HSS Ø8 2F,4702,523.58,2.45,9.17,76.93,9.15,23.7,70.45,Inox,Frezare,214,1,Vibratii
508,Freza,FREZA HSS Ø8 2F,3545,623.4,2.37,13.89,44.02,1.03,3.2,72.41,Aluminiu,Frezare,135,0,Niciunul
509,Freza,FREZA HSS Ø8 2F,3472,493.29,2.93,15.67,48.87,0.66,17.7,72.15,Inox,Frezare,114,0,Niciunul
510,Freza,FREZA HSS Ø8 2F,3055,379.83,0.64,9.72,88.15,9.75,45.2,63.39,Inox,Frezare,228,1,Vibratii
511,Freza,FREZA HSS Ø8 2F,3825,843.97,2.96,9.66,69.38,1.83,14.7,65.66,Inox,Frezare,434,0,Niciunul
512,Freza,FREZA HSS Ø8 2F,4637,431.93,1.22,15.7,44.6,1.53,8.2,61.52,Inox,Frezare,241,0,Niciunul
513,Freza,FREZA HSS Ø8 2F,1856,1055.64,0.44,7.35,50.46,1.36,8.5,60.14,Inox,Frezare,46,0,Niciunul
514,Freza,FREZA HSS Ø8 2F,2011,451.93,2.58,14.91,64.36,0.75,3.3,67.01,Aluminiu,Frezare,108,0,Niciunul
515,Freza,FREZA HSS Ø8 2F,1779,433.47,1.2,10.1,48.28,1.37,5.5,74.37,Inox,Frezare,431,0,Niciunul
516,Freza,FREZA HSS Ø8 2F,1543,582.3,1.11,18.17,99.71,1.68,14.4,71.04,Inox,Frezare,287,1,Supraincalzire
517,Freza,FREZA HSS Ø8 2F,4013,1103.97,0.98,10.88,86.33,2.62,68.5,66.01,Inox,Frezare,1,1,Uzura excesiva
518,Freza,FREZA HSS Ø8 2F,5128,894.75,0.61,18.84,63.4,1.22,1.3,73.16,Aluminiu,Frezare,20,0,Niciunul
519,Freza,FREZA HSS Ø8 2F,2002,683.82,0.47,9.64,97.87,0.51,11.6,63.19,Aluminiu,Frezare,424,1,Supraincalzire
520,Freza,FREZA HSS Ø8 2F,3817,662.53,1.54,7.63,78.16,4.73,58.1,68.77,Aluminiu,Frezare,422,1,Uzura excesiva
521,Freza,FREZA HSS Ø8 2F,4836,427.1,2.79,5.89,51.39,5.61,23.4,74.55,Otel,Frezare,363,1,Vibratii
522,Freza,FREZA HSS Ø8 2F,2475,396.29,2.51,5.5,64.8,1.81,2.8,74.0,Otel,Frezare,118,0,Niciunul
523,Freza,FREZA HSS Ø8 2F,3560,271.59,2.32,14.24,112.53,3.33,39.3,67.65,Aluminiu,Frezare,321,1,Supraincalzire
524,Freza,FREZA HSS Ø8 2F,5003,829.39,1.02,19.61,39.73,0.96,4.9,60.68,Otel,Frezare,274,0,Niciunul
525,Freza,FREZA HSS Ø8 2F,5251,312.7,2.15,17.1,83.62,2.95,34.5,60.45,Otel,Frezare,47,1,Supraincalzire
526,Freza,FREZA HSS Ø8 2F,5867,332.5,0.56,14.45,89.61,2.2,33.1,63.65,Aluminiu,Frezare,254,1,Supraincalzire
527,Freza,FREZA HSS Ø8 2F,3556,638.52,1.97,10.5,61.72,0.65,9.7,73.27,Otel,Frezare,467,0,Niciunul
528,Freza,FREZA HSS Ø8 2F,4842,1153.81,2.03,17.35,67.12,1.98,73.5,67.03,Otel,Frezare,335,1,Uzura excesiva
529,Freza,FREZA HSS Ø8 2F,4220,1082.6,1.31,8.1,89.62,9.95,50.3,60.22,Aluminiu,Frezare,214,1,Vibratii
530,Freza,FREZA HSS Ø8 2F,2031,970.8,1.99,10.19,84.29,1.24,16.5,63.26,Inox,Frezare,406,1,Supraincalzire
531,Freza,FREZA HSS Ø8 2F,4142,236.04,0.33,8.38,68.05,1.85,19.7,62.41,Aluminiu,Frezare,288,0,Niciunul
532,Freza,FREZA HSS Ø8 2F,1617,1007.5,0.49,19.51,64.38,1.41,15.8,64.28,Inox,Frezare,243,0,Niciunul
533,Freza,FREZA HSS Ø8 2F,4597,710.39,2.34,16.51,106.46,1.87,18.4,73.33,Otel,Frezare,48,1,Supraincalzire
534,Freza,FREZA HSS Ø8 2F,4123,407.49,1.32,17.78,38.65,1.88,1.4,60.72,Aluminiu,Frezare,484,0,Niciunul
535,Freza,FREZA HSS Ø8 2F,3791,967.9,0.45,19.86,43.6,0.79,6.2,72.54,Inox,Frezare,2,0,Niciunul
536,Freza,FREZA HSS Ø8 2F,2862,582.1,0.88,10.7,50.44,1.55,9.8,66.85,Inox,Frezare,62,0,Niciunul
537,Freza,FREZA HSS Ø8 2F,1656,553.07,2.95,7.34,62.24,1.53,2.2,69.02,Otel,Frezare,334,0,Niciunul
538,Freza,FREZA HSS Ø8 2F,4557,659.89,0.59,8.28,50.63,1.48,19.0,61.6,Inox,Frezare,107,0,Niciunul
539,Freza,FREZA HSS Ø8 2F,3363,531.95,0.78,12.23,58.82,1.64,15.0,64.16,Otel,Frezare,129,0,Niciunul
540,Freza,FREZA HSS Ø8 2F,2933,1043.82,0.91,11.04,35.03,1.13,13.3,64.16,Inox,Frezare,326,0,Niciunul
541,Freza,FREZA HSS Ø8 2F,4113,638.47,0.1,17.63,44.53,0.92,2.1,62.46,Aluminiu,Frezare,194,0,Niciunul
542,Freza,FREZA HSS Ø8 2F,4364,390.22,2.16,19.46,81.03,1.76,27.6,64.12,Aluminiu,Frezare,385,1,Supraincalzire
543,Freza,FREZA HSS Ø8 2F,5785,273.13,1.94,6.11,82.71,2.86,18.5,67.5,Aluminiu,Frezare,292,1,Supraincalzire
544,Freza,FREZA HSS Ø8 2F,3729,437.56,0.79,15.43,54.4,11.45,34.4,67.93,Inox,Frezare,475,1,Vibratii
545,Freza,FREZA HSS Ø8 2F,4139,871.3,2.31,7.59,96.9,2.84,24.3,67.98,Otel,Frezare,378,1,Supraincalzire
546,Freza,FREZA HSS Ø8 2F,4873,1055.13,1.11,13.82,83.44,4.91,42.6,61.64,Otel,Frezare,319,1,Vibratii
547,Freza,FREZA HSS Ø8 2F,3608,703.29,2.54,6.48,45.17,1.97,1.8,66.21,Inox,Frezare,477,0,Niciunul
548,Freza,FREZA HSS Ø8 2F,3628,504.77,0.88,6.03,52.38,8.82,23.5,70.51,Aluminiu,Frezare,206,1,Vibratii
549,Freza,FREZA HSS Ø8 2F,2894,353.45,1.04,11.71,89.66,2.19,46.8,64.48,Otel,Frezare,430,1,Uzura excesiva
550,Freza,FREZA HSS Ø8 2F,4773,760.73,1.99,16.94,56.81,1.39,1.8,69.0,Otel,Frezare,81,0,Niciunul
551,Freza,FREZA HSS Ø8 2F,2964,447.21,0.5,14.41,35.56,1.25,13.6,60.8,Aluminiu,Frezare,348,0,Niciunul
552,Freza,FREZA HSS Ø8 2F,2847,1102.3,2.29,15.73,60.76,1.52,5.4,71.97,Otel,Frezare,455,0,Niciunul
553,Freza,FREZA HSS Ø8 2F,4904,816.46,1.43,5.78,53.92,1.33,74.9,66.91,Otel,Frezare,5,1,Uzura excesiva
554,Freza,FREZA HSS Ø8 2F,5243,874.35,2.84,7.61,114.07,3.7,15.2,60.44,Otel,Frezare,383,1,Supraincalzire
555,Freza,FREZA HSS Ø8 2F,4957,314.69,2.07,9.04,53.39,2.77,67.9,65.43,Otel,Frezare,87,1,Uzura excesiva
556,Freza,FREZA HSS Ø8 2F,4489,204.03,0.61,12.61,104.57,3.98,37.8,66.21,Otel,Frezare,405,1,Supraincalzire
557,Freza,FREZA HSS Ø8 2F,1873,440.37,1.52,7.1,80.37,2.24,39.2,71.36,Otel,Frezare,317,1,Supraincalzire
558,Freza,FREZA HSS Ø8 2F,3902,803.91,2.34,7.74,116.72,1.36,32.2,70.25,Inox,Frezare,237,1,Supraincalzire
559,Freza,FREZA HSS Ø8 2F,2905,1042.19,1.63,19.98,84.76,4.02,37.8,67.68,Otel,Frezare,406,1,Vibratii
560,Freza,FREZA HSS Ø8 2F,4482,675.58,0.42,11.35,82.82,1.12,49.6,62.95,Otel,Frezare,92,1,Uzura excesiva
561,Freza,FREZA HSS Ø8 2F,2329,1061.28,1.96,9.38,54.57,6.0,54.3,67.1,Otel,Frezare,143,1,Vibratii
562,Freza,FREZA HSS Ø8 2F,1528,812.76,0.22,7.87,95.49,0.91,18.3,66.59,Aluminiu,Frezare,104,1,Supraincalzire
563,Freza,FREZA HSS Ø8 2F,5948,238.74,0.63,17.37,84.12,3.94,75.2,74.38,Inox,Frezare,411,1,Niciunul
564,Freza,FREZA HSS Ø8 2F,5647,338.86,1.07,7.32,64.64,10.74,37.7,69.85,Inox,Frezare,128,1,Vibratii
565,Freza,FREZA HSS Ø8 2F,3010,489.0,0.66,17.06,42.11,0.91,1.4,68.05,Inox,Frezare,212,0,Niciunul
566,Freza,FREZA HSS Ø8 2F,3687,677.52,1.27,10.29,75.26,6.88,42.6,73.34,Inox,Frezare,364,1,Vibratii
567,Freza,FREZA HSS Ø8 2F,2326,706.97,1.66,16.55,73.44,2.07,72.8,73.94,Inox,Frezare,134,1,Uzura excesiva
568,Freza,FREZA HSS Ø8 2F,4065,1027.84,2.01,18.07,52.16,1.26,2.2,62.39,Otel,Frezare,180,0,Niciunul
569,Freza,FREZA HSS Ø8 2F,5889,610.2,0.73,8.33,61.89,2.84,65.3,70.99,Otel,Frezare,27,1,Uzura excesiva
570,Freza,FREZA HSS Ø8 2F,3649,1036.44,2.61,8.59,78.8,1.42,48.8,64.12,Inox,Frezare,127,1,Uzura excesiva
571,Freza,FREZA HSS Ø8 2F,5852,909.45,0.73,8.27,58.09,1.98,9.0,73.65,Otel,Frezare,358,0,Niciunul
572,Freza,FREZA HSS Ø8 2F,5131,255.48,1.13,7.94,64.66,1.28,4.5,67.41,Otel,Frezare,27,0,Niciunul
573,Freza,FREZA HSS Ø8 2F,3835,1151.13,2.92,15.28,81.02,1.68,12.6,65.89,Inox,Frezare,388,1,Niciunul
574,Freza,FREZA HSS Ø8 2F,2705,383.84,2.15,17.22,55.68,0.83,7.9,64.3,Inox,Frezare,341,0,Niciunul
575,Freza,FREZA HSS Ø8 2F,1704,490.39,1.57,16.58,103.6,0.88,13.5,74.23,Aluminiu,Frezare,429,1,Supraincalzire
576,Freza,FREZA HSS Ø8 2F,4054,477.15,0.79,13.76,87.15,3.64,20.2,63.38,Aluminiu,Frezare,27,1,Supraincalzire
577,Freza,FREZA HSS Ø8 2F,5089,726.73,1.07,10.03,70.52,4.03,48.3,64.39,Inox,Frezare,132,1,Uzura excesiva
578,Freza,FREZA HSS Ø8 2F,2170,676.75,1.13,17.68,45.48,1.89,20.0,73.49,Inox,Frezare,91,0,Niciunul
579,Freza,FREZA HSS Ø8 2F,5352,590.53,1.78,7.98,107.66,1.88,21.5,62.96,Aluminiu,Frezare,86,1,Supraincalzire
580,Freza,FREZA HSS Ø8 2F,3509,818.45,2.03,16.58,95.5,3.06,25.0,71.36,Otel,Frezare,419,1,Supraincalzire
581,Freza,FREZA HSS Ø8 2F,5565,1186.43,0.38,6.21,41.52,1.14,3.6,66.92,Aluminiu,Frezare,180,0,Niciunul
582,Freza,FREZA HSS Ø8 2F,5188,680.88,2.94,13.89,64.55,1.15,7.9,66.29,Inox,Frezare,279,0,Niciunul
583,Freza,FREZA HSS Ø8 2F,5641,374.22,0.44,18.52,83.03,2.66,69.5,74.32,Inox,Frezare,307,1,Uzura excesiva
584,Freza,FREZA HSS Ø8 2F,3316,445.36,1.65,7.97,49.8,1.59,11.2,66.06,Otel,Frezare,205,0,Niciunul
585,Freza,FREZA HSS Ø8 2F,2957,482.61,2.85,8.63,61.09,1.01,58.3,74.06,Otel,Frezare,17,1,Uzura excesiva
586,Freza,FREZA HSS Ø8 2F,1944,1160.21,2.45,8.62,37.17,1.6,14.8,71.54,Otel,Frezare,285,0,Niciunul
587,Freza,FREZA HSS Ø8 2F,5613,327.23,1.14,11.5,84.21,2.51,59.2,67.59,Otel,Frezare,101,1,Uzura excesiva
588,Freza,FREZA HSS Ø8 2F,3224,1111.07,2.24,7.24,69.55,6.36,58.2,73.13,Aluminiu,Frezare,180,1,Vibratii
589,Freza,FREZA HSS Ø8 2F,2243,283.03,2.27,10.13,75.69,1.32,54.9,64.18,Aluminiu,Frezare,317,1,Niciunul
590,Freza,FREZA HSS Ø8 2F,4156,358.56,0.56,18.79,64.86,0.58,19.5,65.17,Otel,Frezare,85,0,Niciunul
591,Freza,FREZA HSS Ø8 2F,4956,863.29,1.34,14.73,107.56,1.78,19.6,71.02,Otel,Frezare,112,1,Supraincalzire
592,Freza,FREZA HSS Ø8 2F,4907,548.15,0.73,18.5,50.59,0.74,14.7,64.15,Inox,Frezare,432,0,Niciunul
593,Freza,FREZA HSS Ø8 2F,3598,760.99,1.87,18.87,63.11,1.55,14.2,67.46,Otel,Frezare,36,0,Niciunul
594,Freza,FREZA HSS Ø8 2F,3065,274.72,2.47,10.35,68.33,2.76,58.9,63.25,Otel,Frezare,145,1,Uzura excesiva
595,Freza,FREZA HSS Ø8 2F,2807,859.75,1.26,15.41,65.06,1.93,3.0,68.2,Otel,Frezare,147,0,Niciunul
596,Freza,FREZA HSS Ø8 2F,4831,259.35,2.56,12.52,52.58,1.74,8.8,63.02,Otel,Frezare,351,0,Niciunul
597,Freza,FREZA HSS Ø8 2F,2463,722.46,1.76,16.75,62.62,9.68,22.9,74.11,Otel,Frezare,482,1,Vibratii
598,Freza,FREZA HSS Ø8 2F,5074,448.3,2.29,8.02,43.93,1.27,10.0,74.53,Otel,Frezare,373,0,Niciunul
599,Freza,FREZA HSS Ø8 2F,2131,622.51,1.1,16.12,54.8,0.77,8.0,71.77,Inox,Frezare,107,0,Niciunul
600,Freza,FREZA HSS Ø8 2F,2086,492.09,1.78,5.25,81.89,10.01,56.1,69.69,Inox,Frezare,223,1,Vibratii
1,Burghiu,CARBIDE DRILL Ø12,5775,521.65,1.77,8.4,66.96,0.96,13.0,70.61,Inox,Gaurire,484,0,Niciunul
2,Burghiu,CARBIDE DRILL Ø12,1839,1073.14,0.65,8.21,45.6,1.7,16.2,70.84,Otel,Gaurire,363,0,Niciunul
3,Burghiu,CARBIDE DRILL Ø12,3275,802.51,1.08,19.73,57.29,3.04,62.5,63.5,Otel,Gaurire,178,1,Uzura excesiva
4,Burghiu,CARBIDE DRILL Ø12,2246,956.65,2.37,8.34,62.19,0.67,14.8,72.59,Inox,Gaurire,229,0,Niciunul
5,Burghiu,CARBIDE DRILL Ø12,4801,961.33,0.97,18.42,54.71,1.41,6.2,68.1,Otel,Gaurire,28,0,Niciunul
6,Burghiu,CARBIDE DRILL Ø12,4241,256.3,1.05,5.5,115.33,1.32,23.8,73.52,Otel,Gaurire,90,1,Supraincalzire
7,Burghiu,CARBIDE DRILL Ø12,4677,254.47,2.23,15.44,79.65,2.72,73.4,64.71,Inox,Gaurire,309,1,Uzura excesiva
8,Burghiu,CARBIDE DRILL Ø12,2522,961.98,0.28,5.53,68.59,1.2,6.1,61.89,Inox,Gaurire,69,0,Niciunul
9,Burghiu,CARBIDE DRILL Ø12,5391,271.72,1.24,15.52,88.73,2.15,75.5,74.97,Inox,Gaurire,189,1,Uzura excesiva
10,Burghiu,CARBIDE DRILL Ø12,5081,328.74,2.03,5.75,60.99,1.91,9.5,66.35,Aluminiu,Gaurire,93,0,Niciunul
11,Burghiu,CARBIDE DRILL Ø12,5580,466.43,0.55,9.11,40.27,1.45,15.2,70.91,Aluminiu,Gaurire,1,0,Niciunul
12,Burghiu,CARBIDE DRILL Ø12,4690,617.58,2.62,18.81,42.32,1.61,7.6,74.33,Aluminiu,Gaurire,145,0,Niciunul
13,Burghiu,CARBIDE DRILL Ø12,5564,428.26,0.12,10.13,50.99,2.98,75.8,65.32,Inox,Gaurire,178,1,Uzura excesiva
14,Burghiu,CARBIDE DRILL Ø12,4472,520.36,2.6,19.73,62.29,1.18,3.7,71.85,Aluminiu,Gaurire,107,0,Niciunul
15,Burghiu,CARBIDE DRILL Ø12,5748,961.73,2.63,6.08,44.47,1.37,7.0,72.35,Aluminiu,Gaurire,121,0,Niciunul
16,Burghiu,CARBIDE DRILL Ø12,2081,1033.63,1.05,7.58,60.0,0.52,16.2,60.44,Aluminiu,Gaurire,44,0,Niciunul
17,Burghiu,CARBIDE DRILL Ø12,4953,614.0,2.2,17.25,61.31,3.79,43.3,67.01,Aluminiu,Gaurire,186,1,Uzura excesiva
18,Burghiu,CARBIDE DRILL Ø12,4021,720.09,2.32,14.24,37.98,1.75,4.3,64.41,Otel,Gaurire,405,0,Niciunul
19,Burghiu,CARBIDE DRILL Ø12,4854,412.32,2.24,8.99,59.36,6.45,37.6,68.48,Otel,Gaurire,67,1,Vibratii
20,Burghiu,CARBIDE DRILL Ø12,5259,956.17,1.77,19.14,84.24,4.13,34.1,74.23,Inox,Gaurire,346,1,Vibratii
21,Burghiu,CARBIDE DRILL Ø12,2558,288.23,2.57,8.1,41.43,1.42,2.6,70.69,Inox,Gaurire,349,0,Niciunul
22,Burghiu,CARBIDE DRILL Ø12,3611,1064.27,0.7,16.4,91.4,0.67,17.0,73.66,Inox,Gaurire,316,1,Supraincalzire
23,Burghiu,CARBIDE DRILL Ø12,2160,966.22,0.65,12.98,112.92,3.26,27.7,69.93,Otel,Gaurire,143,1,Supraincalzire
24,Burghiu,CARBIDE DRILL Ø12,4726,294.35,1.36,12.68,66.46,1.47,10.3,73.94,Inox,Gaurire,284,0,Niciunul
25,Burghiu,CARBIDE DRILL Ø12,4857,877.1,0.23,10.48,44.47,1.95,7.6,69.6,Inox,Gaurire,433,0,Niciunul
26,Burghiu,CARBIDE DRILL Ø12,3629,496.9,1.18,10.8,43.66,1.18,2.5,74.17,Otel,Gaurire,77,0,Niciunul
27,Burghiu,CARBIDE DRILL Ø12,5593,1172.02,1.32,10.21,61.04,1.69,1.2,67.16,Aluminiu,Gaurire,45,0,Niciunul
28,Burghiu,CARBIDE DRILL Ø12,4504,1037.49,0.86,16.33,62.02,1.44,57.8,62.75,Aluminiu,Gaurire,446,1,Uzura excesiva
29,Burghiu,CARBIDE DRILL Ø12,3899,758.32,1.69,12.1,63.61,7.63,56.5,63.16,Otel,Gaurire,362,1,Vibratii
30,Burghiu,CARBIDE DRILL Ø12,6000,597.29,1.71,18.58,61.07,0.7,6.2,66.65,Otel,Gaurire,267,0,Niciunul
31,Burghiu,CARBIDE DRILL Ø12,4765,660.95,0.3,9.92,50.07,1.07,18.6,65.29,Inox,Gaurire,145,0,Niciunul
32,Burghiu,CARBIDE DRILL Ø12,5475,1063.45,0.67,9.4,47.83,1.55,9.8,61.94,Inox,Gaurire,358,0,Niciunul
33,Burghiu,CARBIDE DRILL Ø12,2989,549.47,1.33,10.96,83.97,3.46,36.3,67.77,Aluminiu,Gaurire,453,1,Supraincalzire
34,Burghiu,CARBIDE DRILL Ø12,5469,1056.72,1.49,7.33,60.81,3.7,70.8,74.79,Otel,Gaurire,48,1,Uzura excesiva
35,Burghiu,CARBIDE DRILL Ø12,3785,484.99,2.43,10.55,68.62,4.54,53.1,71.6,Inox,Gaurire,368,1,Vibratii
36,Burghiu,CARBIDE DRILL Ø12,2338,844.92,0.85,12.4,43.63,1.62,4.6,61.19,Otel,Gaurire,268,0,Niciunul
37,Burghiu,CARBIDE DRILL Ø12,4294,742.74,1.48,9.58,95.64,2.38,25.1,61.96,Otel,Gaurire,190,1,Supraincalzire
38,Burghiu,CARBIDE DRILL Ø12,1971,909.03,2.61,14.97,87.35,1.11,32.0,64.59,Otel,Gaurire,347,1,Supraincalzire
39,Burghiu,CARBIDE DRILL Ø12,4475,1150.98,1.44,15.81,55.91,1.81,11.5,74.81,Otel,Gaurire,469,0,Niciunul
40,Burghiu,CARBIDE DRILL Ø12,1779,1193.03,2.98,15.31,66.97,1.13,48.9,73.07,Aluminiu,Gaurire,364,1,Niciunul
41,Burghiu,CARBIDE DRILL Ø12,3028,954.4,2.45,18.8,68.56,11.76,39.9,61.73,Otel,Gaurire,71,1,Vibratii
42,Burghiu,CARBIDE DRILL Ø12,3334,952.52,1.03,7.86,54.47,1.64,11.9,71.46,Otel,Gaurire,10,0,Niciunul
43,Burghiu,CARBIDE DRILL Ø12,5282,338.99,0.87,9.24,55.32,0.64,15.0,63.75,Inox,Gaurire,195,0,Niciunul
44,Burghiu,CARBIDE DRILL Ø12,3835,361.23,0.59,7.07,42.28,1.33,5.4,64.04,Aluminiu,Gaurire,131,0,Niciunul
45,Burghiu,CARBIDE DRILL Ø12,4420,1097.1,1.89,12.49,105.21,0.75,22.9,67.27,Inox,Gaurire,268,1,Supraincalzire
46,Burghiu,CARBIDE DRILL Ø12,2105,638.7,0.2,14.73,99.01,3.54,21.1,67.17,Aluminiu,Gaurire,199,1,Supraincalzire
47,Burghiu,CARBIDE DRILL Ø12,5948,832.72,1.89,12.98,60.44,3.18,27.7,61.25,Aluminiu,Gaurire,280,1,Vibratii
48,Burghiu,CARBIDE DRILL Ø12,5004,300.5,2.59,17.06,62.55,2.68,75.6,73.67,Aluminiu,Gaurire,388,1,Uzura excesiva
49,Burghiu,CARBIDE DRILL Ø12,4844,850.12,1.81,19.2,89.51,2.21,71.2,60.14,Inox,Gaurire,159,1,Uzura excesiva
50,Burghiu,CARBIDE DRILL Ø12,1969,914.74,2.57,12.04,44.64,0.89,14.9,66.63,Aluminiu,Gaurire,174,0,Niciunul
51,Burghiu,CARBIDE DRILL Ø12,3920,814.34,2.15,7.63,57.3,4.02,60.5,69.93,Otel,Gaurire,331,1,Uzura excesiva
52,Burghiu,CARBIDE DRILL Ø12,3296,1012.68,1.87,12.15,87.8,10.96,32.2,63.57,Aluminiu,Gaurire,3,1,Vibratii
53,Burghiu,CARBIDE DRILL Ø12,4095,524.91,2.35,14.3,48.85,0.73,3.5,65.81,Inox,Gaurire,17,0,Niciunul
54,Burghiu,CARBIDE DRILL Ø12,1879,431.69,2.62,6.41,52.38,1.37,4.2,70.01,Otel,Gaurire,400,0,Niciunul
55,Burghiu,CARBIDE DRILL Ø12,5370,631.12,1.91,7.36,55.25,1.51,12.3,64.7,Inox,Gaurire,314,0,Niciunul
56,Burghiu,CARBIDE DRILL Ø12,5403,435.35,1.89,10.94,68.45,1.33,6.9,63.13,Aluminiu,Gaurire,203,0,Niciunul
57,Burghiu,CARBIDE DRILL Ø12,4154,255.69,2.86,11.73,53.3,1.35,12.2,71.14,Inox,Gaurire,82,0,Niciunul
58,Burghiu,CARBIDE DRILL Ø12,4678,455.86,1.87,8.52,43.79,0.66,6.1,61.25,Inox,Gaurire,444,0,Niciunul
59,Burghiu,CARBIDE DRILL Ø12,3822,1149.46,0.5,11.04,75.74,8.65,29.0,73.98,Otel,Gaurire,362,1,Niciunul
60,Burghiu,CARBIDE DRILL Ø12,3740,550.5,0.42,16.36,39.43,1.82,5.2,62.5,Inox,Gaurire,304,0,Niciunul
61,Burghiu,CARBIDE DRILL Ø12,3364,658.96,2.74,19.8,112.24,3.5,20.6,68.6,Inox,Gaurire,438,1,Supraincalzire
62,Burghiu,CARBIDE DRILL Ø12,1603,1012.72,1.16,19.55,112.86,1.61,13.0,67.83,Aluminiu,Gaurire,125,1,Supraincalzire
63,Burghiu,CARBIDE DRILL Ø12,3918,577.41,1.22,6.11,63.55,1.43,58.7,65.32,Inox,Gaurire,74,1,Uzura excesiva
64,Burghiu,CARBIDE DRILL Ø12,5675,680.93,2.14,18.86,43.69,0.75,18.9,74.59,Otel,Gaurire,98,0,Niciunul
65,Burghiu,CARBIDE DRILL Ø12,3007,1178.99,2.85,6.01,110.95,1.96,10.3,71.47,Otel,Gaurire,201,1,Niciunul
66,Burghiu,CARBIDE DRILL Ø12,4036,725.02,1.4,14.37,60.65,1.05,1.8,62.0,Inox,Gaurire,48,0,Niciunul
67,Burghiu,CARBIDE DRILL Ø12,3039,368.82,1.82,6.82,58.88,1.36,11.6,71.38,Inox,Gaurire,472,0,Niciunul
68,Burghiu,CARBIDE DRILL Ø12,3332,933.22,2.43,15.25,81.85,1.43,61.4,73.78,Aluminiu,Gaurire,173,1,Uzura excesiva
69,Burghiu,CARBIDE DRILL Ø12,4474,626.32,0.29,5.25,39.51,1.86,17.2,61.29,Aluminiu,Gaurire,5,0,Niciunul
70,Burghiu,CARBIDE DRILL Ø12,4578,1016.49,1.18,18.23,92.89,1.99,15.2,68.43,Aluminiu,Gaurire,134,1,Supraincalzire
71,Burghiu,CARBIDE DRILL Ø12,1832,833.34,0.35,6.93,63.34,0.59,1.0,74.05,Otel,Gaurire,418,0,Niciunul
72,Burghiu,CARBIDE DRILL Ø12,5358,1022.96,1.18,10.99,53.95,2.08,50.7,66.89,Otel,Gaurire,36,1,Uzura excesiva
73,Burghiu,CARBIDE DRILL Ø12,2883,960.22,2.21,10.36,63.84,0.99,6.4,74.06,Aluminiu,Gaurire,8,0,Niciunul
74,Burghiu,CARBIDE DRILL Ø12,4768,1136.76,1.47,12.3,67.41,4.73,75.6,65.37,Inox,Gaurire,314,1,Uzura excesiva
75,Burghiu,CARBIDE DRILL Ø12,4581,773.59,0.43,18.19,61.97,10.25,56.9,63.06,Inox,Gaurire,473,1,Vibratii
76,Burghiu,CARBIDE DRILL Ø12,5031,314.75,1.48,6.15,81.42,9.82,56.1,63.14,Inox,Gaurire,131,1,Vibratii
77,Burghiu,CARBIDE DRILL Ø12,5670,608.49,2.87,6.81,51.16,1.29,2.7,65.09,Otel,Gaurire,59,0,Niciunul
78,Burghiu,CARBIDE DRILL Ø12,1851,732.88,2.67,16.32,115.02,2.27,29.8,70.81,Otel,Gaurire,430,1,Supraincalzire
79,Burghiu,CARBIDE DRILL Ø12,1561,1172.1,0.85,5.3,51.76,1.86,13.3,63.54,Inox,Gaurire,89,0,Niciunul
80,Burghiu,CARBIDE DRILL Ø12,4979,604.56,1.6,11.16,67.27,1.43,18.8,67.03,Otel,Gaurire,393,0,Niciunul
81,Burghiu,CARBIDE DRILL Ø12,5107,1080.75,1.34,8.76,52.57,9.13,27.2,61.38,Otel,Gaurire,484,1,Vibratii
82,Burghiu,CARBIDE DRILL Ø12,2427,738.46,2.95,7.12,73.19,11.43,30.8,65.95,Aluminiu,Gaurire,196,1,Vibratii
83,Burghiu,CARBIDE DRILL Ø12,4996,773.56,0.9,9.41,61.61,1.18,11.8,60.6,Inox,Gaurire,14,0,Niciunul
84,Burghiu,CARBIDE DRILL Ø12,4570,1094.19,2.82,8.29,72.21,3.64,50.8,74.6,Inox,Gaurire,283,1,Uzura excesiva
85,Burghiu,CARBIDE DRILL Ø12,5021,758.84,2.37,8.47,84.86,2.26,24.7,62.54,Otel,Gaurire,118,1,Supraincalzire
86,Burghiu,CARBIDE DRILL Ø12,5894,455.46,1.32,6.83,64.33,1.52,11.3,67.11,Aluminiu,Gaurire,253,0,Niciunul
87,Burghiu,CARBIDE DRILL Ø12,2631,831.42,2.58,5.09,102.17,3.15,19.4,71.19,Aluminiu,Gaurire,315,1,Supraincalzire
88,Burghiu,CARBIDE DRILL Ø12,4711,897.08,1.35,13.13,39.09,1.71,2.7,65.36,Inox,Gaurire,40,0,Niciunul
89,Burghiu,CARBIDE DRILL Ø12,2374,817.17,1.74,19.39,69.63,4.94,67.3,72.81,Otel,Gaurire,455,1,Uzura excesiva
90,Burghiu,CARBIDE DRILL Ø12,2605,940.41,0.27,7.99,41.3,0.92,6.0,66.41,Aluminiu,Gaurire,90,0,Niciunul
91,Burghiu,CARBIDE DRILL Ø12,5237,791.52,0.4,9.85,50.79,3.07,43.9,71.39,Otel,Gaurire,325,1,Niciunul
92,Burghiu,CARBIDE DRILL Ø12,4740,632.2,1.27,10.98,63.09,8.29,23.0,71.76,Aluminiu,Gaurire,35,1,Vibratii
93,Burghiu,CARBIDE DRILL Ø12,4345,408.85,1.06,13.31,67.64,0.86,11.7,61.99,Otel,Gaurire,422,0,Niciunul
94,Burghiu,CARBIDE DRILL Ø12,3476,372.71,1.33,13.34,60.35,2.91,76.1,65.67,Otel,Gaurire,167,1,Uzura excesiva
95,Burghiu,CARBIDE DRILL Ø12,3607,1088.73,0.82,19.99,41.64,1.28,13.3,68.52,Inox,Gaurire,334,0,Niciunul
96,Burghiu,CARBIDE DRILL Ø12,5359,555.2,0.83,11.73,67.51,1.14,15.1,74.23,Aluminiu,Gaurire,231,0,Niciunul
97,Burghiu,CARBIDE DRILL Ø12,1862,1135.9,2.17,14.86,82.27,9.53,56.3,67.83,Otel,Gaurire,209,1,Vibratii
98,Burghiu,CARBIDE DRILL Ø12,1674,1043.39,2.39,6.7,94.19,1.57,37.2,66.27,Aluminiu,Gaurire,24,1,Supraincalzire
99,Burghiu,CARBIDE DRILL Ø12,4030,438.07,1.75,16.15,58.35,2.14,46.2,62.73,Inox,Gaurire,192,1,Uzura excesiva
100,Burghiu,CARBIDE DRILL Ø12,3474,961.87,2.01,14.53,106.41,3.9,37.9,63.76,Aluminiu,Gaurire,320,1,Supraincalzire
101,Burghiu,CARBIDE DRILL Ø12,5376,828.46,1.98,11.25,87.57,3.62,40.4,73.37,Otel,Gaurire,163,1,Uzura excesiva
102,Burghiu,CARBIDE DRILL Ø12,4412,231.39,2.19,13.28,50.41,2.24,71.6,72.89,Otel,Gaurire,3,1,Uzura excesiva
103,Burghiu,CARBIDE DRILL Ø12,5904,504.85,1.64,8.43,67.92,0.56,2.5,68.16,Aluminiu,Gaurire,40,0,Niciunul
104,Burghiu,CARBIDE DRILL Ø12,3934,518.52,1.81,8.11,62.56,3.49,43.3,73.69,Otel,Gaurire,205,1,Uzura excesiva
105,Burghiu,CARBIDE DRILL Ø12,4516,531.81,0.22,8.94,54.24,5.46,24.7,65.96,Inox,Gaurire,251,1,Vibratii
106,Burghiu,CARBIDE DRILL Ø12,2556,913.83,0.15,13.16,38.62,0.87,4.3,61.9,Otel,Gaurire,299,0,Niciunul
107,Burghiu,CARBIDE DRILL Ø12,1616,726.25,2.55,16.23,44.02,1.36,12.2,63.67,Inox,Gaurire,305,0,Niciunul
108,Burghiu,CARBIDE DRILL Ø12,5736,1003.65,2.78,9.47,78.35,7.79,50.7,72.08,Aluminiu,Gaurire,49,1,Vibratii
109,Burghiu,CARBIDE DRILL Ø12,3383,495.53,1.52,5.76,62.17,2.55,49.0,66.46,Aluminiu,Gaurire,326,1,Uzura excesiva
110,Burghiu,CARBIDE DRILL Ø12,3426,1191.51,0.71,14.11,38.1,1.32,15.7,60.22,Inox,Gaurire,482,0,Niciunul
111,Burghiu,CARBIDE DRILL Ø12,1819,587.55,2.62,5.41,64.87,1.69,8.0,74.23,Otel,Gaurire,298,0,Niciunul
112,Burghiu,CARBIDE DRILL Ø12,2364,397.21,2.67,11.96,57.07,1.32,14.2,66.45,Aluminiu,Gaurire,408,0,Niciunul
113,Burghiu,CARBIDE DRILL Ø12,4267,291.38,0.18,19.64,86.59,11.5,51.6,67.9,Inox,Gaurire,296,1,Vibratii
114,Burghiu,CARBIDE DRILL Ø12,4379,564.81,1.02,8.39,84.3,1.57,14.3,62.8,Otel,Gaurire,11,1,Niciunul
115,Burghiu,CARBIDE DRILL Ø12,3776,788.72,1.47,16.21,90.38,1.88,10.2,64.85,Inox,Gaurire,109,1,Niciunul
116,Burghiu,CARBIDE DRILL Ø12,2950,309.29,2.79,5.57,44.42,1.64,1.8,65.86,Aluminiu,Gaurire,440,0,Niciunul
117,Burghiu,CARBIDE DRILL Ø12,3939,272.22,2.03,18.37,71.35,4.42,46.3,69.16,Otel,Gaurire,237,1,Uzura excesiva
118,Burghiu,CARBIDE DRILL Ø12,5224,658.54,1.58,12.6,66.81,0.97,15.2,61.66,Aluminiu,Gaurire,23,0,Niciunul
119,Burghiu,CARBIDE DRILL Ø12,2195,396.5,1.86,6.97,35.19,0.88,13.8,69.79,Aluminiu,Gaurire,125,0,Niciunul
120,Burghiu,CARBIDE DRILL Ø12,3720,354.15,2.07,5.73,70.43,4.5,55.6,62.06,Aluminiu,Gaurire,313,1,Vibratii
121,Burghiu,CARBIDE DRILL Ø12,3250,606.77,0.51,16.69,72.09,1.37,48.6,63.39,Aluminiu,Gaurire,376,1,Uzura excesiva
122,Burghiu,CARBIDE DRILL Ø12,3114,950.0,1.71,19.52,48.94,1.58,3.8,74.14,Inox,Gaurire,46,0,Niciunul
123,Burghiu,CARBIDE DRILL Ø12,5633,387.83,2.35,6.41,63.3,4.35,67.7,67.38,Otel,Gaurire,35,1,Uzura excesiva
124,Burghiu,CARBIDE DRILL Ø12,5508,216.01,1.73,9.49,111.34,0.61,27.7,60.21,Otel,Gaurire,76,1,Supraincalzire
125,Burghiu,CARBIDE DRILL Ø12,1509,1052.87,2.08,14.21,85.65,4.36,50.2,60.24,Inox,Gaurire,366,1,Vibratii
126,Burghiu,CARBIDE DRILL Ø12,2734,211.37,2.17,19.94,62.23,1.02,2.5,70.79,Aluminiu,Gaurire,343,0,Niciunul
127,Burghiu,CARBIDE DRILL Ø12,2869,853.28,0.25,13.31,87.14,2.91,39.1,72.19,Otel,Gaurire,125,1,Supraincalzire
128,Burghiu,CARBIDE DRILL Ø12,5176,736.96,1.42,14.62,92.01,1.97,27.5,67.25,Otel,Gaurire,421,1,Supraincalzire
129,Burghiu,CARBIDE DRILL Ø12,2865,484.12,0.3,9.84,87.66,0.75,29.2,69.48,Inox,Gaurire,476,1,Supraincalzire
130,Burghiu,CARBIDE DRILL Ø12,3398,1083.46,0.61,15.48,102.18,3.28,30.7,65.69,Aluminiu,Gaurire,50,1,Supraincalzire
131,Burghiu,CARBIDE DRILL Ø12,5737,1120.03,2.81,7.58,60.87,1.14,17.8,71.9,Aluminiu,Gaurire,121,0,Niciunul
132,Burghiu,CARBIDE DRILL Ø12,3129,1009.18,0.63,11.36,49.3,1.09,9.9,69.55,Aluminiu,Gaurire,252,0,Niciunul
133,Burghiu,CARBIDE DRILL Ø12,5061,332.22,0.87,15.44,51.51,1.72,4.1,68.87,Otel,Gaurire,383,0,Niciunul
134,Burghiu,CARBIDE DRILL Ø12,4334,1143.09,0.6,17.4,78.07,7.45,37.0,63.44,Inox,Gaurire,477,1,Niciunul
135,Burghiu,CARBIDE DRILL Ø12,4759,797.7,1.02,6.42,43.9,0.89,13.5,66.6,Inox,Gaurire,118,0,Niciunul
136,Burghiu,CARBIDE DRILL Ø12,1774,1039.66,2.09,5.42,41.6,1.56,15.6,71.62,Aluminiu,Gaurire,144,0,Niciunul
137,Burghiu,CARBIDE DRILL Ø12,2555,569.1,1.01,10.57,64.4,1.55,19.6,73.52,Aluminiu,Gaurire,243,0,Niciunul
138,Burghiu,CARBIDE DRILL Ø12,3303,1031.85,0.81,13.25,60.27,1.99,14.8,67.43,Inox,Gaurire,239,0,Niciunul
139,Burghiu,CARBIDE DRILL Ø12,2010,1011.32,2.68,9.79,35.83,0.88,17.0,60.37,Otel,Gaurire,137,0,Niciunul
140,Burghiu,CARBIDE DRILL Ø12,5082,471.2,1.46,5.98,59.4,1.76,18.3,62.34,Otel,Gaurire,46,0,Niciunul
141,Burghiu,CARBIDE DRILL Ø12,5643,436.62,1.39,11.51,44.17,1.08,4.5,67.89,Otel,Gaurire,290,0,Niciunul
142,Burghiu,CARBIDE DRILL Ø12,1723,518.2,1.53,12.61,56.49,1.11,10.9,74.78,Inox,Gaurire,274,0,Niciunul
143,Burghiu,CARBIDE DRILL Ø12,3006,906.54,2.88,15.73,90.47,0.57,26.5,63.86,Inox,Gaurire,447,1,Supraincalzire
144,Burghiu,CARBIDE DRILL Ø12,3686,775.29,1.75,11.56,67.82,1.28,10.5,73.95,Aluminiu,Gaurire,415,0,Niciunul
145,Burghiu,CARBIDE DRILL Ø12,3271,465.47,2.22,12.36,83.66,2.47,65.5,63.75,Inox,Gaurire,134,1,Uzura excesiva
146,Burghiu,CARBIDE DRILL Ø12,5727,1061.2,0.56,12.76,68.59,1.62,7.1,68.34,Inox,Gaurire,157,0,Niciunul
147,Burghiu,CARBIDE DRILL Ø12,5455,497.48,0.28,13.34,70.49,4.8,50.6,60.85,Inox,Gaurire,160,1,Uzura excesiva
148,Burghiu,CARBIDE DRILL Ø12,1827,567.16,0.19,10.52,53.6,5.38,59.5,74.48,Otel,Gaurire,231,1,Vibratii
149,Burghiu,CARBIDE DRILL Ø12,5583,929.94,2.22,7.82,48.52,1.29,5.1,66.29,Aluminiu,Gaurire,307,0,Niciunul
150,Burghiu,CARBIDE DRILL Ø12,4475,389.45,2.84,8.74,80.33,2.67,40.7,67.13,Inox,Gaurire,405,1,Niciunul
151,Burghiu,CARBIDE DRILL Ø12,5601,875.51,0.38,19.61,64.15,4.73,59.3,64.12,Otel,Gaurire,3,1,Uzura excesiva
152,Burghiu,CARBIDE DRILL Ø12,2785,880.36,1.31,19.29,44.89,0.82,9.7,63.39,Inox,Gaurire,29,0,Niciunul
153,Burghiu,CARBIDE DRILL Ø12,5369,826.01,1.14,6.72,55.29,5.82,48.9,60.32,Aluminiu,Gaurire,374,1,Vibratii
154,Burghiu,CARBIDE DRILL Ø12,2562,488.5,2.87,7.79,63.54,0.61,9.3,69.32,Aluminiu,Gaurire,49,0,Niciunul
155,Burghiu,CARBIDE DRILL Ø12,5774,1082.8,1.04,10.85,65.63,1.42,20.0,63.85,Otel,Gaurire,67,0,Niciunul
156,Burghiu,CARBIDE DRILL Ø12,3108,784.96,2.41,11.44,42.73,1.12,10.0,72.0,Inox,Gaurire,226,0,Niciunul
157,Burghiu,CARBIDE DRILL Ø12,2588,385.93,1.44,9.18,50.18,0.86,9.5,73.31,Otel,Gaurire,28,0,Niciunul
158,Burghiu,CARBIDE DRILL Ø12,3045,433.6,2.1,13.53,109.51,1.32,16.4,68.12,Aluminiu,Gaurire,76,1,Supraincalzire
159,Burghiu,CARBIDE DRILL Ø12,3502,1069.8,0.41,10.87,53.24,1.43,13.4,63.78,Otel,Gaurire,317,0,Niciunul
160,Burghiu,CARBIDE DRILL Ø12,1593,747.9,0.29,9.57,77.62,2.32,60.5,69.75,Otel,Gaurire,164,1,Uzura excesiva
161,Burghiu,CARBIDE DRILL Ø12,2504,1074.6,0.3,10.68,41.41,0.89,11.3,65.22,Otel,Gaurire,32,0,Niciunul
162,Burghiu,CARBIDE DRILL Ø12,3106,907.23,1.47,15.12,60.99,1.14,8.6,73.09,Otel,Gaurire,343,0,Niciunul
163,Burghiu,CARBIDE DRILL Ø12,3331,645.36,1.78,5.4,55.03,1.13,19.7,71.85,Inox,Gaurire,142,0,Niciunul
164,Burghiu,CARBIDE DRILL Ø12,5266,982.0,0.75,9.41,75.18,1.56,64.9,72.67,Inox,Gaurire,399,1,Niciunul
165,Burghiu,CARBIDE DRILL Ø12,5559,616.81,2.45,9.11,55.32,4.17,68.8,65.91,Otel,Gaurire,358,1,Niciunul
166,Burghiu,CARBIDE DRILL Ø12,1769,890.67,1.99,8.55,78.94,1.91,44.4,61.76,Inox,Gaurire,353,1,Uzura excesiva
167,Burghiu,CARBIDE DRILL Ø12,5023,841.07,0.81,14.56,58.98,0.97,3.6,67.52,Aluminiu,Gaurire,427,0,Niciunul
168,Burghiu,CARBIDE DRILL Ø12,4790,1044.57,0.71,9.04,38.31,0.56,13.0,69.97,Aluminiu,Gaurire,134,0,Niciunul
169,Burghiu,CARBIDE DRILL Ø12,5975,455.42,0.27,8.04,57.07,1.0,6.3,71.05,Otel,Gaurire,3,0,Niciunul
170,Burghiu,CARBIDE DRILL Ø12,5915,1106.27,1.29,18.21,103.41,2.04,24.1,69.63,Inox,Gaurire,431,1,Supraincalzire
171,Burghiu,CARBIDE DRILL Ø12,1676,972.08,2.46,12.42,65.51,1.54,5.3,64.27,Otel,Gaurire,38,0,Niciunul
172,Burghiu,CARBIDE DRILL Ø12,1515,699.4,0.41,15.15,38.43,0.58,2.3,60.18,Aluminiu,Gaurire,413,0,Niciunul
173,Burghiu,CARBIDE DRILL Ø12,5192,552.96,2.65,18.74,53.75,3.45,24.0,69.64,Aluminiu,Gaurire,363,1,Vibratii
174,Burghiu,CARBIDE DRILL Ø12,4952,247.66,1.65,5.5,112.63,2.2,19.4,60.59,Aluminiu,Gaurire,112,1,Supraincalzire
175,Burghiu,CARBIDE DRILL Ø12,5601,516.25,0.75,18.55,48.08,1.41,11.7,65.45,Otel,Gaurire,2,0,Niciunul
176,Burghiu,CARBIDE DRILL Ø12,5486,200.11,0.53,8.49,54.1,1.59,16.9,70.57,Inox,Gaurire,126,0,Niciunul
177,Burghiu,CARBIDE DRILL Ø12,5632,1024.12,2.42,8.42,55.42,4.42,73.2,74.3,Inox,Gaurire,17,1,Uzura excesiva
178,Burghiu,CARBIDE DRILL Ø12,3207,1180.17,0.33,6.69,90.95,2.53,27.7,66.98,Aluminiu,Gaurire,314,1,Supraincalzire
179,Burghiu,CARBIDE DRILL Ø12,2968,560.69,1.48,11.47,36.52,1.84,3.6,69.49,Inox,Gaurire,199,0,Niciunul
180,Burghiu,CARBIDE DRILL Ø12,3309,653.83,2.7,5.77,82.83,0.91,26.0,62.03,Inox,Gaurire,500,1,Supraincalzire
181,Burghiu,CARBIDE DRILL Ø12,3240,305.99,1.54,13.82,63.62,0.54,1.2,65.1,Inox,Gaurire,426,0,Niciunul
182,Burghiu,CARBIDE DRILL Ø12,2892,997.31,0.57,11.34,75.15,5.53,44.3,70.11,Inox,Gaurire,246,1,Vibratii
183,Burghiu,CARBIDE DRILL Ø12,3935,784.88,2.02,13.07,48.24,0.94,14.2,68.29,Inox,Gaurire,305,0,Niciunul
184,Burghiu,CARBIDE DRILL Ø12,4607,889.82,1.2,19.63,50.12,2.95,53.0,61.75,Inox,Gaurire,201,1,Niciunul
185,Burghiu,CARBIDE DRILL Ø12,3335,585.18,1.06,11.53,50.89,1.67,14.6,74.32,Aluminiu,Gaurire,185,0,Niciunul
186,Burghiu,CARBIDE DRILL Ø12,3854,885.81,0.69,18.13,37.03,1.25,16.1,63.18,Inox,Gaurire,243,0,Niciunul
187,Burghiu,CARBIDE DRILL Ø12,5783,869.66,1.03,12.65,59.11,1.81,2.3,62.51,Aluminiu,Gaurire,13,0,Niciunul
188,Burghiu,CARBIDE DRILL Ø12,2622,361.37,0.91,9.09,67.2,3.19,41.5,72.46,Aluminiu,Gaurire,129,1,Vibratii
189,Burghiu,CARBIDE DRILL Ø12,4278,531.38,0.26,12.56,84.96,2.24,10.3,67.81,Otel,Gaurire,464,1,Niciunul
190,Burghiu,CARBIDE DRILL Ø12,4153,1027.89,2.96,11.6,62.2,1.98,16.9,62.63,Aluminiu,Gaurire,126,0,Niciunul
191,Burghiu,CARBIDE DRILL Ø12,3033,812.21,2.84,5.59,68.45,3.09,66.4,67.93,Inox,Gaurire,325,1,Uzura excesiva
192,Burghiu,CARBIDE DRILL Ø12,1511,230.05,1.6,15.42,112.37,1.54,21.2,66.63,Otel,Gaurire,92,1,Supraincalzire
193,Burghiu,CARBIDE DRILL Ø12,4331,790.35,2.87,6.64,66.43,6.09,28.1,72.28,Aluminiu,Gaurire,59,1,Vibratii
194,Burghiu,CARBIDE DRILL Ø12,5768,964.61,2.77,19.43,36.47,1.97,2.7,74.97,Otel,Gaurire,194,0,Niciunul
195,Burghiu,CARBIDE DRILL Ø12,4620,679.73,2.41,7.36,41.67,0.96,12.5,62.25,Inox,Gaurire,161,0,Niciunul
196,Burghiu,CARBIDE DRILL Ø12,3457,737.23,0.94,8.34,43.2,0.97,7.1,61.27,Otel,Gaurire,400,0,Niciunul
197,Burghiu,CARBIDE DRILL Ø12,4086,593.78,0.35,14.72,41.56,1.95,13.2,68.48,Inox,Gaurire,205,0,Niciunul
198,Burghiu,CARBIDE DRILL Ø12,2327,1010.96,1.63,15.48,63.01,0.82,0.4,74.25,Otel,Gaurire,493,0,Niciunul
199,Burghiu,CARBIDE DRILL Ø12,5523,629.16,1.85,6.89,65.72,1.7,18.7,68.56,Otel,Gaurire,449,0,Niciunul
200,Burghiu,CARBIDE DRILL Ø12,5578,629.88,0.35,5.34,89.34,4.27,44.1,61.28,Otel,Gaurire,162,1,Vibratii
201,Burghiu,CARBIDE DRILL Ø12,1688,875.44,2.43,12.39,102.07,1.61,33.0,70.3,Aluminiu,Gaurire,392,1,Supraincalzire
202,Burghiu,CARBIDE DRILL Ø12,4708,1146.35,0.12,13.3,59.11,1.99,1.9,65.09,Inox,Gaurire,37,0,Niciunul
203,Burghiu,CARBIDE DRILL Ø12,3029,798.05,1.78,7.85,60.26,2.4,54.6,71.9,Inox,Gaurire,65,1,Niciunul
204,Burghiu,CARBIDE DRILL Ø12,5612,446.9,2.54,18.88,73.53,1.0,64.8,68.14,Aluminiu,Gaurire,283,1,Uzura excesiva
205,Burghiu,CARBIDE DRILL Ø12,3210,1174.77,2.6,12.58,63.58,11.14,52.3,65.8,Inox,Gaurire,369,1,Vibratii
206,Burghiu,CARBIDE DRILL Ø12,5775,988.75,0.23,17.02,57.27,0.6,7.8,62.92,Aluminiu,Gaurire,176,0,Niciunul
207,Burghiu,CARBIDE DRILL Ø12,3875,519.57,0.2,17.26,76.97,9.91,40.2,69.01,Otel,Gaurire,11,1,Vibratii
208,Burghiu,CARBIDE DRILL Ø12,4360,444.61,1.3,9.18,88.03,6.23,48.8,70.36,Otel,Gaurire,500,1,Vibratii
209,Burghiu,CARBIDE DRILL Ø12,2044,998.8,1.22,15.7,104.65,1.08,12.2,67.81,Otel,Gaurire,183,1,Supraincalzire
210,Burghiu,CARBIDE DRILL Ø12,2202,943.0,2.35,15.71,83.73,3.22,23.1,70.1,Otel,Gaurire,373,1,Supraincalzire
211,Burghiu,CARBIDE DRILL Ø12,2504,1086.91,2.59,9.2,77.35,2.09,45.2,72.42,Otel,Gaurire,112,1,Uzura excesiva
212,Burghiu,CARBIDE DRILL Ø12,4829,661.87,1.74,5.82,102.84,1.67,30.7,71.55,Inox,Gaurire,390,1,Supraincalzire
213,Burghiu,CARBIDE DRILL Ø12,4593,764.4,1.56,6.38,60.48,3.04,39.6,68.02,Inox,Gaurire,253,1,Niciunul
214,Burghiu,CARBIDE DRILL Ø12,5125,428.79,2.82,10.7,35.2,1.69,9.8,74.37,Inox,Gaurire,130,0,Niciunul
215,Burghiu,CARBIDE DRILL Ø12,1723,994.4,1.25,17.32,40.98,1.57,8.1,71.04,Otel,Gaurire,140,0,Niciunul
216,Burghiu,CARBIDE DRILL Ø12,2894,955.73,1.75,7.74,65.18,1.25,9.1,72.27,Otel,Gaurire,39,0,Niciunul
217,Burghiu,CARBIDE DRILL Ø12,2461,791.48,0.22,9.63,37.7,1.69,11.5,69.63,Otel,Gaurire,109,0,Niciunul
218,Burghiu,CARBIDE DRILL Ø12,5853,1115.02,1.21,15.12,36.97,1.56,19.5,74.36,Inox,Gaurire,366,0,Niciunul
219,Burghiu,CARBIDE DRILL Ø12,5914,336.46,0.41,11.07,42.88,1.76,15.0,60.24,Inox,Gaurire,216,0,Niciunul
220,Burghiu,CARBIDE DRILL Ø12,5955,1087.55,2.35,12.69,111.95,3.68,29.3,72.73,Aluminiu,Gaurire,81,1,Supraincalzire
221,Burghiu,CARBIDE DRILL Ø12,2161,351.33,1.27,13.21,53.88,0.82,8.2,73.96,Aluminiu,Gaurire,352,0,Niciunul
222,Burghiu,CARBIDE DRILL Ø12,1556,482.94,0.58,14.83,50.3,1.76,18.2,60.48,Otel,Gaurire,158,0,Niciunul
223,Burghiu,CARBIDE DRILL Ø12,4406,598.96,1.58,10.03,37.21,0.72,11.8,69.73,Inox,Gaurire,108,0,Niciunul
224,Burghiu,CARBIDE DRILL Ø12,2032,1186.56,0.27,12.31,104.6,2.74,36.3,64.02,Otel,Gaurire,88,1,Supraincalzire
225,Burghiu,CARBIDE DRILL Ø12,1734,666.23,0.22,18.83,61.36,1.1,18.2,74.42,Inox,Gaurire,383,0,Niciunul
226,Burghiu,CARBIDE DRILL Ø12,1934,286.86,2.76,17.01,82.7,2.84,20.6,62.34,Inox,Gaurire,276,1,Supraincalzire
227,Burghiu,CARBIDE DRILL Ø12,4772,208.67,1.19,18.08,47.89,0.58,14.5,69.46,Aluminiu,Gaurire,188,0,Niciunul
228,Burghiu,CARBIDE DRILL Ø12,3732,1159.45,1.58,12.23,54.4,2.28,68.8,61.76,Inox,Gaurire,72,1,Uzura excesiva
229,Burghiu,CARBIDE DRILL Ø12,2888,397.25,1.95,17.42,40.58,0.71,18.6,70.97,Inox,Gaurire,415,0,Niciunul
230,Burghiu,CARBIDE DRILL Ø12,3600,369.38,1.92,14.41,67.05,1.38,8.7,67.58,Aluminiu,Gaurire,469,0,Niciunul
231,Burghiu,CARBIDE DRILL Ø12,2582,1187.86,0.75,19.3,39.52,1.2,1.0,69.19,Aluminiu,Gaurire,268,0,Niciunul
232,Burghiu,CARBIDE DRILL Ø12,1832,500.72,1.77,9.98,113.42,1.79,37.4,67.78,Otel,Gaurire,159,1,Supraincalzire
233,Burghiu,CARBIDE DRILL Ø12,3012,752.35,0.12,7.66,55.41,10.77,52.4,71.47,Aluminiu,Gaurire,253,1,Vibratii
234,Burghiu,CARBIDE DRILL Ø12,3345,1184.21,0.34,19.43,55.73,11.41,41.7,69.5,Otel,Gaurire,407,1,Vibratii
235,Burghiu,CARBIDE DRILL Ø12,2415,1049.15,1.11,17.89,49.13,0.68,16.9,62.62,Aluminiu,Gaurire,301,0,Niciunul
236,Burghiu,CARBIDE DRILL Ø12,1816,477.67,2.22,15.37,66.76,4.76,63.1,64.65,Otel,Gaurire,123,1,Uzura excesiva
237,Burghiu,CARBIDE DRILL Ø12,1730,1138.0,0.99,6.84,79.76,1.94,69.8,71.73,Inox,Gaurire,482,1,Uzura excesiva
238,Burghiu,CARBIDE DRILL Ø12,3508,857.97,1.68,18.23,43.05,1.89,14.8,68.82,Otel,Gaurire,217,0,Niciunul
239,Burghiu,CARBIDE DRILL Ø12,4292,807.18,0.76,6.31,55.39,4.98,42.2,64.13,Aluminiu,Gaurire,209,1,Uzura excesiva
240,Burghiu,CARBIDE DRILL Ø12,2742,448.81,1.05,14.94,60.81,1.82,6.0,73.12,Aluminiu,Gaurire,150,0,Niciunul
241,Burghiu,CARBIDE DRILL Ø12,2073,314.91,0.19,7.17,66.4,1.76,18.3,70.24,Otel,Gaurire,456,0,Niciunul
242,Burghiu,CARBIDE DRILL Ø12,2383,611.51,2.01,18.2,65.06,1.81,5.0,61.84,Otel,Gaurire,76,0,Niciunul
243,Burghiu,CARBIDE DRILL Ø12,5813,278.14,2.8,7.91,113.74,2.41,14.5,62.35,Inox,Gaurire,474,1,Supraincalzire
244,Burghiu,CARBIDE DRILL Ø12,4536,694.31,1.85,13.55,62.74,9.24,31.3,63.56,Aluminiu,Gaurire,426,1,Vibratii
245,Burghiu,CARBIDE DRILL Ø12,3236,1030.7,2.69,10.97,61.4,1.73,17.8,60.04,Aluminiu,Gaurire,262,0,Niciunul
246,Burghiu,CARBIDE DRILL Ø12,3997,506.66,0.37,9.14,100.71,3.15,31.5,62.41,Aluminiu,Gaurire,229,1,Niciunul
247,Burghiu,CARBIDE DRILL Ø12,1813,494.53,2.85,18.78,65.86,1.97,5.8,73.88,Aluminiu,Gaurire,138,0,Niciunul
248,Burghiu,CARBIDE DRILL Ø12,2426,664.11,1.72,7.23,51.0,3.57,50.2,71.33,Inox,Gaurire,425,1,Uzura excesiva
249,Burghiu,CARBIDE DRILL Ø12,4426,452.1,0.62,11.48,67.0,0.56,18.1,69.4,Aluminiu,Gaurire,436,0,Niciunul
250,Burghiu,CARBIDE DRILL Ø12,4681,245.96,2.19,10.49,55.51,3.46,71.6,63.33,Aluminiu,Gaurire,422,1,Uzura excesiva
251,Burghiu,CARBIDE DRILL Ø12,2247,808.55,0.42,11.36,71.63,1.24,79.8,64.77,Aluminiu,Gaurire,71,1,Uzura excesiva
252,Burghiu,CARBIDE DRILL Ø12,5197,918.31,1.91,10.02,85.9,0.99,36.3,67.67,Otel,Gaurire,344,1,Supraincalzire
253,Burghiu,CARBIDE DRILL Ø12,5260,716.76,1.61,12.27,47.23,0.89,8.8,72.98,Aluminiu,Gaurire,48,0,Niciunul
254,Burghiu,CARBIDE DRILL Ø12,4967,955.09,2.69,18.88,69.19,1.91,10.7,67.83,Otel,Gaurire,71,0,Niciunul
255,Burghiu,CARBIDE DRILL Ø12,4209,833.18,1.86,9.26,80.9,2.73,26.7,72.6,Aluminiu,Gaurire,310,1,Supraincalzire
256,Burghiu,CARBIDE DRILL Ø12,4234,657.67,2.06,19.3,83.29,3.62,46.4,66.1,Inox,Gaurire,346,1,Uzura excesiva
257,Burghiu,CARBIDE DRILL Ø12,4758,677.43,2.67,11.48,49.82,1.99,12.4,73.07,Aluminiu,Gaurire,395,0,Niciunul
258,Burghiu,CARBIDE DRILL Ø12,5807,793.66,0.81,9.61,51.28,5.86,40.7,68.6,Otel,Gaurire,113,1,Vibratii
259,Burghiu,CARBIDE DRILL Ø12,4721,836.87,1.58,8.81,82.69,3.78,49.8,65.94,Inox,Gaurire,465,1,Vibratii
260,Burghiu,CARBIDE DRILL Ø12,2770,486.7,0.91,16.05,87.29,2.93,46.2,61.62,Aluminiu,Gaurire,3,1,Uzura excesiva
261,Burghiu,CARBIDE DRILL Ø12,2113,352.26,0.5,9.74,56.27,4.39,37.6,65.35,Otel,Gaurire,69,1,Vibratii
262,Burghiu,CARBIDE DRILL Ø12,1794,373.69,1.21,5.82,53.97,4.62,60.7,70.13,Aluminiu,Gaurire,344,1,Uzura excesiva
263,Burghiu,CARBIDE DRILL Ø12,4381,1044.04,0.11,17.16,83.5,2.28,26.8,72.94,Inox,Gaurire,437,1,Supraincalzire
264,Burghiu,CARBIDE DRILL Ø12,4853,1007.94,0.22,8.73,36.32,1.37,10.0,74.32,Aluminiu,Gaurire,312,0,Niciunul
265,Burghiu,CARBIDE DRILL Ø12,3414,435.49,1.21,8.79,66.22,1.77,1.4,65.73,Otel,Gaurire,471,0,Niciunul
266,Burghiu,CARBIDE DRILL Ø12,5075,599.4,1.9,17.7,85.79,2.21,34.9,65.64,Aluminiu,Gaurire,205,1,Supraincalzire
267,Burghiu,CARBIDE DRILL Ø12,5111,280.65,2.48,8.64,50.3,3.81,61.2,65.92,Aluminiu,Gaurire,277,1,Uzura excesiva
268,Burghiu,CARBIDE DRILL Ø12,4438,1032.13,0.82,16.41,68.33,1.02,9.6,70.89,Otel,Gaurire,337,0,Niciunul
269,Burghiu,CARBIDE DRILL Ø12,3257,214.92,1.75,16.02,66.53,0.97,17.3,69.07,Inox,Gaurire,261,0,Niciunul
270,Burghiu,CARBIDE DRILL Ø12,4391,752.73,0.79,15.32,81.99,1.01,72.9,67.98,Inox,Gaurire,495,1,Uzura excesiva
271,Burghiu,CARBIDE DRILL Ø12,3220,625.16,1.81,16.93,79.49,8.5,37.7,72.0,Otel,Gaurire,149,1,Vibratii
272,Burghiu,CARBIDE DRILL Ø12,5399,549.03,2.39,11.39,65.03,1.86,19.5,71.28,Aluminiu,Gaurire,67,0,Niciunul
273,Burghiu,CARBIDE DRILL Ø12,5815,504.41,2.2,12.17,60.62,0.9,10.9,62.38,Inox,Gaurire,424,0,Niciunul
274,Burghiu,CARBIDE DRILL Ø12,4876,246.68,2.58,18.37,48.61,1.24,17.1,72.66,Aluminiu,Gaurire,272,0,Niciunul
275,Burghiu,CARBIDE DRILL Ø12,5808,997.64,0.55,13.11,39.35,1.71,3.7,71.95,Inox,Gaurire,307,0,Niciunul
276,Burghiu,CARBIDE DRILL Ø12,3910,356.67,1.09,8.51,45.63,0.9,7.8,66.74,Otel,Gaurire,335,0,Niciunul
277,Burghiu,CARBIDE DRILL Ø12,1829,405.55,1.25,15.01,69.86,0.8,0.4,61.22,Aluminiu,Gaurire,355,0,Niciunul
278,Burghiu,CARBIDE DRILL Ø12,4261,827.69,0.12,6.59,71.77,9.47,48.2,60.5,Otel,Gaurire,117,1,Vibratii
279,Burghiu,CARBIDE DRILL Ø12,3346,332.28,2.07,11.5,56.45,0.52,1.0,65.05,Inox,Gaurire,236,0,Niciunul
280,Burghiu,CARBIDE DRILL Ø12,5801,995.3,0.77,15.98,84.43,3.15,49.6,67.29,Otel,Gaurire,389,1,Niciunul
281,Burghiu,CARBIDE DRILL Ø12,2447,972.63,0.2,5.74,69.16,0.6,8.0,65.34,Inox,Gaurire,414,0,Niciunul
282,Burghiu,CARBIDE DRILL Ø12,3298,353.09,1.6,19.5,88.72,11.97,28.7,65.78,Otel,Gaurire,240,1,Vibratii
283,Burghiu,CARBIDE DRILL Ø12,3580,962.99,1.27,17.63,82.81,2.13,29.5,74.79,Otel,Gaurire,395,1,Supraincalzire
284,Burghiu,CARBIDE DRILL Ø12,5946,355.14,2.3,8.13,76.94,8.12,57.6,67.46,Inox,Gaurire,375,1,Vibratii
285,Burghiu,CARBIDE DRILL Ø12,5278,742.25,0.13,19.31,49.32,0.85,12.3,66.68,Inox,Gaurire,383,0,Niciunul
286,Burghiu,CARBIDE DRILL Ø12,2575,400.6,2.48,7.7,69.79,7.6,39.6,63.31,Aluminiu,Gaurire,378,1,Niciunul
287,Burghiu,CARBIDE DRILL Ø12,2353,943.48,0.48,18.77,49.68,0.51,4.2,73.38,Aluminiu,Gaurire,318,0,Niciunul
288,Burghiu,CARBIDE DRILL Ø12,1780,1126.39,2.7,7.3,110.89,0.95,25.3,72.79,Otel,Gaurire,441,1,Supraincalzire
289,Burghiu,CARBIDE DRILL Ø12,5136,867.41,2.32,5.27,74.76,4.66,75.3,68.55,Otel,Gaurire,389,1,Uzura excesiva
290,Burghiu,CARBIDE DRILL Ø12,3935,1156.99,2.53,9.56,43.29,1.8,6.0,74.63,Aluminiu,Gaurire,128,0,Niciunul
291,Burghiu,CARBIDE DRILL Ø12,2119,746.17,1.97,17.85,116.17,2.84,33.3,64.1,Otel,Gaurire,245,1,Supraincalzire
292,Burghiu,CARBIDE DRILL Ø12,2688,343.38,2.84,5.16,47.97,1.5,18.1,67.72,Aluminiu,Gaurire,313,0,Niciunul
293,Burghiu,CARBIDE DRILL Ø12,5978,1094.36,0.41,11.54,86.09,2.14,66.9,62.56,Inox,Gaurire,75,1,Uzura excesiva
294,Burghiu,CARBIDE DRILL Ø12,5242,1148.47,0.57,13.49,35.24,1.66,5.8,65.35,Otel,Gaurire,315,0,Niciunul
295,Burghiu,CARBIDE DRILL Ø12,2214,488.98,1.77,7.45,109.54,1.98,32.8,62.85,Aluminiu,Gaurire,221,1,Supraincalzire
296,Burghiu,CARBIDE DRILL Ø12,3762,441.62,1.59,16.16,53.3,1.14,0.4,71.48,Aluminiu,Gaurire,152,0,Niciunul
297,Burghiu,CARBIDE DRILL Ø12,5260,488.51,0.26,12.24,55.11,5.87,51.5,62.74,Aluminiu,Gaurire,188,1,Vibratii
298,Burghiu,CARBIDE DRILL Ø12,4766,1036.19,0.55,6.44,84.39,3.1,24.7,61.98,Aluminiu,Gaurire,47,1,Supraincalzire
299,Burghiu,CARBIDE DRILL Ø12,2668,933.4,0.38,11.91,75.3,11.02,42.4,69.4,Aluminiu,Gaurire,85,1,Vibratii
300,Burghiu,CARBIDE DRILL Ø12,5171,1018.37,1.88,18.02,48.39,1.06,18.5,74.74,Otel,Gaurire,292,0,Niciunul
301,Burghiu,CARBIDE DRILL Ø12,3432,595.11,1.28,12.93,55.49,1.89,5.6,71.19,Otel,Gaurire,343,0,Niciunul
302,Burghiu,CARBIDE DRILL Ø12,3828,861.15,0.97,18.54,40.21,0.82,8.9,71.66,Aluminiu,Gaurire,392,0,Niciunul
303,Burghiu,CARBIDE DRILL Ø12,2333,1001.82,1.73,7.49,54.78,0.63,5.9,63.16,Inox,Gaurire,490,0,Niciunul
304,Burghiu,CARBIDE DRILL Ø12,5544,417.17,0.66,16.37,39.83,0.73,13.5,63.18,Otel,Gaurire,356,0,Niciunul
305,Burghiu,CARBIDE DRILL Ø12,3261,558.07,0.31,14.05,43.95,0.89,19.2,61.07,Aluminiu,Gaurire,314,0,Niciunul
306,Burghiu,CARBIDE DRILL Ø12,1548,363.89,1.02,6.21,69.67,1.44,12.9,73.72,Otel,Gaurire,434,0,Niciunul
307,Burghiu,CARBIDE DRILL Ø12,2223,386.47,0.96,13.45,67.84,1.36,12.7,67.9,Aluminiu,Gaurire,240,0,Niciunul
308,Burghiu,CARBIDE DRILL Ø12,3678,417.22,2.98,11.79,87.84,8.56,51.7,73.6,Inox,Gaurire,336,1,Vibratii
309,Burghiu,CARBIDE DRILL Ø12,2981,696.96,1.47,19.27,62.2,1.7,51.6,65.92,Aluminiu,Gaurire,379,1,Uzura excesiva
310,Burghiu,CARBIDE DRILL Ø12,4727,937.83,0.58,6.7,44.77,0.68,0.9,68.79,Aluminiu,Gaurire,319,0,Niciunul
311,Burghiu,CARBIDE DRILL Ø12,1556,320.28,1.77,5.75,76.57,3.71,53.9,62.35,Aluminiu,Gaurire,160,1,Vibratii
312,Burghiu,CARBIDE DRILL Ø12,1741,384.64,0.89,14.41,67.86,1.63,1.4,63.86,Aluminiu,Gaurire,337,0,Niciunul
313,Burghiu,CARBIDE DRILL Ø12,2311,331.02,1.15,18.73,42.87,1.86,18.4,65.65,Inox,Gaurire,282,0,Niciunul
314,Burghiu,CARBIDE DRILL Ø12,5961,694.67,2.27,14.96,76.34,11.29,21.2,73.36,Inox,Gaurire,429,1,Vibratii
315,Burghiu,CARBIDE DRILL Ø12,3984,229.5,2.84,17.09,110.34,3.92,35.6,62.04,Inox,Gaurire,127,1,Supraincalzire
316,Burghiu,CARBIDE DRILL Ø12,5757,627.96,2.06,5.81,65.56,10.73,29.0,60.66,Aluminiu,Gaurire,333,1,Vibratii
317,Burghiu,CARBIDE DRILL Ø12,3625,989.33,1.49,17.9,44.65,1.98,1.3,65.27,Inox,Gaurire,309,0,Niciunul
318,Burghiu,CARBIDE DRILL Ø12,2709,537.96,1.65,18.84,59.27,3.59,78.6,70.37,Otel,Gaurire,110,1,Uzura excesiva
319,Burghiu,CARBIDE DRILL Ø12,5857,738.57,0.14,14.66,49.27,1.94,16.3,71.78,Otel,Gaurire,254,0,Niciunul
320,Burghiu,CARBIDE DRILL Ø12,1775,907.86,1.98,11.13,65.01,0.51,13.1,74.45,Otel,Gaurire,181,0,Niciunul
321,Burghiu,CARBIDE DRILL Ø12,4065,1189.71,0.88,9.3,111.81,3.74,25.0,68.94,Inox,Gaurire,418,1,Supraincalzire
322,Burghiu,CARBIDE DRILL Ø12,4866,786.51,2.08,10.62,53.29,0.73,5.2,61.35,Otel,Gaurire,215,0,Niciunul
323,Burghiu,CARBIDE DRILL Ø12,3912,674.21,2.55,9.61,54.65,4.01,45.3,62.98,Otel,Gaurire,482,1,Uzura excesiva
324,Burghiu,CARBIDE DRILL Ø12,5553,586.97,0.35,16.95,72.34,6.51,32.1,63.67,Otel,Gaurire,491,1,Vibratii
325,Burghiu,CARBIDE DRILL Ø12,4300,386.52,1.1,5.63,88.18,10.39,45.8,61.72,Aluminiu,Gaurire,471,1,Vibratii
326,Burghiu,CARBIDE DRILL Ø12,3290,1125.29,1.95,6.81,83.98,3.58,26.5,63.12,Otel,Gaurire,309,1,Supraincalzire
327,Burghiu,CARBIDE DRILL Ø12,2493,820.29,0.58,12.48,48.54,0.95,4.6,64.94,Aluminiu,Gaurire,415,0,Niciunul
328,Burghiu,CARBIDE DRILL Ø12,5356,410.49,2.14,7.65,37.34,1.71,3.8,60.34,Aluminiu,Gaurire,329,0,Niciunul
329,Burghiu,CARBIDE DRILL Ø12,2403,1057.61,1.38,13.5,119.12,1.01,34.0,68.64,Otel,Gaurire,170,1,Supraincalzire
330,Burghiu,CARBIDE DRILL Ø12,2097,991.9,3.0,18.98,49.44,1.28,2.7,62.61,Aluminiu,Gaurire,210,0,Niciunul
331,Burghiu,CARBIDE DRILL Ø12,4739,1111.33,0.59,6.0,62.03,3.44,65.5,65.85,Otel,Gaurire,483,1,Uzura excesiva
332,Burghiu,CARBIDE DRILL Ø12,3535,323.89,1.06,7.5,83.21,8.2,31.8,71.77,Otel,Gaurire,272,1,Vibratii
333,Burghiu,CARBIDE DRILL Ø12,3170,1080.06,0.99,11.1,89.62,10.39,53.6,69.93,Otel,Gaurire,349,1,Vibratii
334,Burghiu,CARBIDE DRILL Ø12,3631,968.93,1.5,17.71,109.83,0.91,31.8,68.41,Otel,Gaurire,262,1,Supraincalzire
335,Burghiu,CARBIDE DRILL Ø12,1543,1086.49,1.46,9.19,58.85,3.4,40.7,66.21,Inox,Gaurire,21,1,Uzura excesiva
336,Burghiu,CARBIDE DRILL Ø12,5828,1000.55,2.01,15.06,45.02,1.4,6.8,68.8,Aluminiu,Gaurire,359,0,Niciunul
337,Burghiu,CARBIDE DRILL Ø12,1863,1110.41,2.74,16.25,66.64,9.07,59.9,61.05,Aluminiu,Gaurire,432,1,Vibratii
338,Burghiu,CARBIDE DRILL Ø12,5699,618.03,0.16,8.89,46.47,0.88,17.9,66.02,Inox,Gaurire,378,0,Niciunul
339,Burghiu,CARBIDE DRILL Ø12,4802,830.94,0.14,13.78,61.9,3.65,44.4,68.97,Aluminiu,Gaurire,82,1,Uzura excesiva
340,Burghiu,CARBIDE DRILL Ø12,1672,782.44,0.62,6.02,55.56,1.17,6.4,72.08,Inox,Gaurire,387,0,Niciunul
341,Burghiu,CARBIDE DRILL Ø12,3861,301.01,0.42,10.82,46.08,1.89,5.2,73.76,Inox,Gaurire,102,0,Niciunul
342,Burghiu,CARBIDE DRILL Ø12,2052,693.75,0.47,10.79,62.54,1.05,57.4,60.88,Aluminiu,Gaurire,348,1,Uzura excesiva
343,Burghiu,CARBIDE DRILL Ø12,2617,733.97,1.21,11.65,59.34,3.19,64.7,64.69,Otel,Gaurire,454,1,Uzura excesiva
344,Burghiu,CARBIDE DRILL Ø12,5870,1195.25,1.87,5.93,98.78,0.73,24.0,63.9,Aluminiu,Gaurire,115,1,Supraincalzire
345,Burghiu,CARBIDE DRILL Ø12,5459,360.33,1.67,9.27,87.21,4.85,48.5,64.81,Inox,Gaurire,130,1,Uzura excesiva
346,Burghiu,CARBIDE DRILL Ø12,4993,352.92,0.65,11.78,62.82,11.83,33.5,69.28,Otel,Gaurire,314,1,Vibratii
347,Burghiu,CARBIDE DRILL Ø12,5383,310.64,2.11,9.12,51.7,1.79,18.6,63.49,Otel,Gaurire,251,0,Niciunul
348,Burghiu,CARBIDE DRILL Ø12,5290,995.13,2.26,11.93,53.25,3.2,66.1,68.1,Inox,Gaurire,416,1,Uzura excesiva
349,Burghiu,CARBIDE DRILL Ø12,4950,438.25,0.71,16.29,82.49,7.42,42.3,69.24,Inox,Gaurire,429,1,Niciunul
350,Burghiu,CARBIDE DRILL Ø12,3384,1087.04,1.38,14.83,75.59,4.5,78.6,63.53,Inox,Gaurire,277,1,Uzura excesiva
351,Burghiu,CARBIDE DRILL Ø12,4587,223.63,2.75,9.41,70.98,4.96,44.8,73.48,Aluminiu,Gaurire,124,1,Vibratii
352,Burghiu,CARBIDE DRILL Ø12,2099,712.62,1.02,12.89,47.55,1.97,0.4,70.71,Inox,Gaurire,289,0,Niciunul
353,Burghiu,CARBIDE DRILL Ø12,4673,317.04,2.11,9.98,104.7,2.29,31.2,63.36,Aluminiu,Gaurire,294,1,Supraincalzire
354,Burghiu,CARBIDE DRILL Ø12,1806,534.61,0.87,8.65,77.61,2.86,44.8,60.29,Inox,Gaurire,79,1,Uzura excesiva
355,Burghiu,CARBIDE DRILL Ø12,5317,1180.6,0.97,16.41,119.54,2.15,32.8,71.82,Otel,Gaurire,59,1,Supraincalzire
356,Burghiu,CARBIDE DRILL Ø12,2414,806.55,1.65,16.95,56.73,1.43,5.6,72.42,Inox,Gaurire,429,0,Niciunul
357,Burghiu,CARBIDE DRILL Ø12,3242,891.49,2.01,7.68,45.63,1.66,2.6,67.73,Inox,Gaurire,266,0,Niciunul
358,Burghiu,CARBIDE DRILL Ø12,3323,653.02,0.78,14.59,48.32,1.6,3.3,64.65,Inox,Gaurire,469,0,Niciunul
359,Burghiu,CARBIDE DRILL Ø12,2973,1167.27,2.02,9.33,69.47,1.91,4.9,74.75,Otel,Gaurire,23,0,Niciunul
360,Burghiu,CARBIDE DRILL Ø12,1894,439.87,1.79,8.53,48.37,0.6,15.2,63.22,Inox,Gaurire,57,0,Niciunul
361,Burghiu,CARBIDE DRILL Ø12,3211,442.43,1.84,16.34,84.11,3.77,22.0,74.97,Inox,Gaurire,493,1,Vibratii
362,Burghiu,CARBIDE DRILL Ø12,2510,231.55,2.25,6.38,62.56,7.1,25.2,61.83,Otel,Gaurire,57,1,Niciunul
363,Burghiu,CARBIDE DRILL Ø12,2663,589.97,1.68,9.24,53.51,1.27,16.0,63.58,Otel,Gaurire,164,0,Niciunul
364,Burghiu,CARBIDE DRILL Ø12,3661,563.25,1.48,15.82,62.42,4.16,42.9,63.41,Inox,Gaurire,213,1,Uzura excesiva
365,Burghiu,CARBIDE DRILL Ø12,2698,457.68,0.83,5.74,78.37,9.55,26.6,68.22,Inox,Gaurire,137,1,Vibratii
366,Burghiu,CARBIDE DRILL Ø12,4545,253.29,0.87,11.72,51.2,1.31,6.7,70.96,Otel,Gaurire,212,0,Niciunul
367,Burghiu,CARBIDE DRILL Ø12,4459,585.83,2.49,10.41,65.5,1.05,18.2,63.62,Inox,Gaurire,379,0,Niciunul
368,Burghiu,CARBIDE DRILL Ø12,4479,1054.74,2.07,14.78,57.61,1.55,16.8,63.36,Aluminiu,Gaurire,296,0,Niciunul
369,Burghiu,CARBIDE DRILL Ø12,1762,872.92,2.68,19.64,79.76,5.86,47.1,73.27,Inox,Gaurire,469,1,Vibratii
370,Burghiu,CARBIDE DRILL Ø12,1612,1137.39,1.34,6.47,56.02,1.79,14.0,70.37,Otel,Gaurire,426,0,Niciunul
371,Burghiu,CARBIDE DRILL Ø12,2405,713.88,0.42,10.25,62.96,0.92,12.3,61.7,Aluminiu,Gaurire,461,0,Niciunul
372,Burghiu,CARBIDE DRILL Ø12,2393,673.47,0.41,15.58,75.83,2.98,78.9,67.06,Aluminiu,Gaurire,218,1,Uzura excesiva
373,Burghiu,CARBIDE DRILL Ø12,4685,270.33,1.43,12.25,79.97,1.92,44.2,64.1,Inox,Gaurire,179,1,Uzura excesiva
374,Burghiu,CARBIDE DRILL Ø12,4293,598.24,2.96,12.15,98.89,0.77,19.0,64.69,Aluminiu,Gaurire,293,1,Supraincalzire
375,Burghiu,CARBIDE DRILL Ø12,1786,737.37,0.24,11.57,40.02,0.81,9.2,70.22,Inox,Gaurire,492,0,Niciunul
376,Burghiu,CARBIDE DRILL Ø12,4363,745.94,1.53,12.87,45.86,0.65,4.5,62.08,Inox,Gaurire,424,0,Niciunul
377,Burghiu,CARBIDE DRILL Ø12,4924,991.28,2.66,6.79,59.67,0.92,11.9,66.74,Aluminiu,Gaurire,176,0,Niciunul
378,Burghiu,CARBIDE DRILL Ø12,2905,1015.29,2.63,7.65,42.66,1.52,1.4,62.37,Otel,Gaurire,3,0,Niciunul
379,Burghiu,CARBIDE DRILL Ø12,3778,1051.03,1.06,18.85,68.19,6.59,37.6,62.27,Otel,Gaurire,137,1,Vibratii
380,Burghiu,CARBIDE DRILL Ø12,4159,1152.96,2.44,6.8,112.75,3.5,10.5,66.56,Otel,Gaurire,91,1,Supraincalzire
381,Burghiu,CARBIDE DRILL Ø12,2423,240.99,1.43,6.75,119.76,1.16,18.5,61.09,Inox,Gaurire,256,1,Supraincalzire
382,Burghiu,CARBIDE DRILL Ø12,1559,794.17,0.47,19.05,39.62,1.93,19.7,74.42,Aluminiu,Gaurire,497,0,Niciunul
383,Burghiu,CARBIDE DRILL Ø12,5436,1099.98,2.65,11.94,89.01,3.65,19.1,65.46,Otel,Gaurire,301,1,Supraincalzire
384,Burghiu,CARBIDE DRILL Ø12,3238,327.18,1.05,15.96,69.9,1.15,9.6,66.68,Otel,Gaurire,12,0,Niciunul
385,Burghiu,CARBIDE DRILL Ø12,4093,845.23,2.42,15.37,80.08,2.18,24.0,65.62,Otel,Gaurire,308,1,Supraincalzire
386,Burghiu,CARBIDE DRILL Ø12,4656,594.45,2.02,15.0,65.15,1.97,1.9,67.89,Inox,Gaurire,446,0,Niciunul
387,Burghiu,CARBIDE DRILL Ø12,3714,255.12,1.52,11.02,62.3,5.66,47.8,70.7,Inox,Gaurire,228,1,Vibratii
388,Burghiu,CARBIDE DRILL Ø12,1643,271.17,0.52,16.57,65.62,0.68,19.4,69.51,Aluminiu,Gaurire,148,0,Niciunul
389,Burghiu,CARBIDE DRILL Ø12,5325,1130.12,2.38,18.1,80.04,10.45,33.2,61.62,Otel,Gaurire,247,1,Vibratii
390,Burghiu,CARBIDE DRILL Ø12,5400,879.14,1.91,10.04,84.37,6.83,31.5,66.32,Aluminiu,Gaurire,461,1,Vibratii
391,Burghiu,CARBIDE DRILL Ø12,4702,294.4,1.31,8.32,93.52,0.84,10.7,61.95,Otel,Gaurire,319,1,Supraincalzire
392,Burghiu,CARBIDE DRILL Ø12,3942,450.96,1.27,14.42,57.0,4.38,64.4,66.02,Aluminiu,Gaurire,3,1,Uzura excesiva
393,Burghiu,CARBIDE DRILL Ø12,1908,436.77,1.21,8.11,62.2,1.81,9.6,66.72,Inox,Gaurire,118,0,Niciunul
394,Burghiu,CARBIDE DRILL Ø12,4604,1002.41,2.82,9.59,55.78,10.15,51.6,67.26,Inox,Gaurire,440,1,Vibratii
395,Burghiu,CARBIDE DRILL Ø12,1621,845.79,2.21,14.61,47.88,1.4,15.3,66.58,Inox,Gaurire,467,0,Niciunul
396,Burghiu,CARBIDE DRILL Ø12,3712,1155.23,1.01,11.41,46.73,1.04,11.0,68.05,Otel,Gaurire,377,0,Niciunul
397,Burghiu,CARBIDE DRILL Ø12,2067,267.79,1.86,7.47,82.47,7.94,42.5,71.36,Otel,Gaurire,403,1,Vibratii
398,Burghiu,CARBIDE DRILL Ø12,2194,709.91,1.93,15.12,65.11,3.43,20.4,61.76,Aluminiu,Gaurire,407,1,Vibratii
399,Burghiu,CARBIDE DRILL Ø12,5681,579.68,1.61,10.26,63.62,7.68,31.6,67.36,Otel,Gaurire,475,1,Vibratii
400,Burghiu,CARBIDE DRILL Ø12,3045,746.53,0.37,18.1,80.07,0.92,36.7,63.12,Otel,Gaurire,483,1,Supraincalzire
401,Burghiu,CARBIDE DRILL Ø12,5321,396.38,0.39,6.94,83.52,10.1,31.9,70.49,Aluminiu,Gaurire,278,1,Vibratii
402,Burghiu,CARBIDE DRILL Ø12,5114,1138.5,2.81,19.25,69.55,0.73,12.5,60.81,Inox,Gaurire,239,0,Niciunul
403,Burghiu,CARBIDE DRILL Ø12,5008,892.72,2.73,7.85,55.74,0.75,9.2,70.52,Otel,Gaurire,452,0,Niciunul
404,Burghiu,CARBIDE DRILL Ø12,3198,421.99,2.55,6.63,48.03,0.98,14.7,65.67,Otel,Gaurire,390,0,Niciunul
405,Burghiu,CARBIDE DRILL Ø12,5507,728.57,1.0,11.34,113.49,1.01,23.4,66.2,Otel,Gaurire,325,1,Supraincalzire
406,Burghiu,CARBIDE DRILL Ø12,3505,588.91,0.28,14.27,46.27,0.9,12.5,62.29,Inox,Gaurire,106,0,Niciunul
407,Burghiu,CARBIDE DRILL Ø12,2242,303.47,2.2,17.17,86.22,3.26,65.9,61.05,Inox,Gaurire,182,1,Uzura excesiva
408,Burghiu,CARBIDE DRILL Ø12,5522,897.01,2.87,12.43,105.47,2.97,14.3,62.5,Otel,Gaurire,339,1,Niciunul
409,Burghiu,CARBIDE DRILL Ø12,2337,546.76,0.86,11.38,108.1,3.21,19.7,67.41,Otel,Gaurire,363,1,Supraincalzire
410,Burghiu,CARBIDE DRILL Ø12,4977,1103.7,0.48,13.86,84.61,3.01,49.4,61.23,Aluminiu,Gaurire,66,1,Vibratii
411,Burghiu,CARBIDE DRILL Ø12,4391,967.88,2.07,14.8,37.82,0.87,8.5,62.23,Otel,Gaurire,277,0,Niciunul
412,Burghiu,CARBIDE DRILL Ø12,2562,1043.43,1.64,11.54,43.12,2.0,5.3,63.42,Inox,Gaurire,355,0,Niciunul
413,Burghiu,CARBIDE DRILL Ø12,3378,208.49,1.95,8.01,76.43,4.29,49.4,74.58,Otel,Gaurire,264,1,Niciunul
414,Burghiu,CARBIDE DRILL Ø12,5236,727.37,1.18,13.39,43.35,1.63,6.9,62.56,Otel,Gaurire,26,0,Niciunul
415,Burghiu,CARBIDE DRILL Ø12,2046,759.93,0.37,15.65,46.66,1.66,11.7,68.26,Otel,Gaurire,272,0,Niciunul
416,Burghiu,CARBIDE DRILL Ø12,4351,213.56,1.21,14.92,54.04,0.9,5.6,65.18,Otel,Gaurire,452,0,Niciunul
417,Burghiu,CARBIDE DRILL Ø12,4627,703.44,1.64,16.4,81.33,5.35,26.5,72.51,Aluminiu,Gaurire,334,1,Vibratii
418,Burghiu,CARBIDE DRILL Ø12,5425,531.94,0.93,15.68,82.48,3.48,44.0,64.29,Aluminiu,Gaurire,109,1,Uzura excesiva
419,Burghiu,CARBIDE DRILL Ø12,4024,604.69,1.29,18.83,77.44,9.9,49.3,70.15,Aluminiu,Gaurire,2,1,Vibratii
420,Burghiu,CARBIDE DRILL Ø12,5397,681.31,1.54,18.41,89.03,9.98,29.3,71.09,Otel,Gaurire,7,1,Vibratii
421,Burghiu,CARBIDE DRILL Ø12,1884,201.71,1.32,8.65,52.84,1.56,3.9,65.29,Inox,Gaurire,194,0,Niciunul
422,Burghiu,CARBIDE DRILL Ø12,3586,827.09,0.39,10.23,89.23,3.91,53.5,60.94,Otel,Gaurire,417,1,Uzura excesiva
423,Burghiu,CARBIDE DRILL Ø12,5417,880.0,1.02,12.01,62.74,0.82,2.8,62.79,Aluminiu,Gaurire,248,0,Niciunul
424,Burghiu,CARBIDE DRILL Ø12,5397,358.92,0.59,16.9,43.34,1.11,5.2,73.97,Aluminiu,Gaurire,311,0,Niciunul
425,Burghiu,CARBIDE DRILL Ø12,4339,659.4,1.08,6.5,104.83,1.23,24.7,65.11,Otel,Gaurire,25,1,Supraincalzire
426,Burghiu,CARBIDE DRILL Ø12,2500,723.48,1.9,11.03,53.25,4.15,69.7,74.86,Otel,Gaurire,247,1,Uzura excesiva
427,Burghiu,CARBIDE DRILL Ø12,2455,1043.42,2.0,17.59,35.41,1.31,13.8,62.04,Inox,Gaurire,395,0,Niciunul
428,Burghiu,CARBIDE DRILL Ø12,1538,610.12,1.9,15.23,43.73,0.97,19.3,60.44,Otel,Gaurire,377,0,Niciunul
429,Burghiu,CARBIDE DRILL Ø12,1920,1052.93,2.36,5.28,71.52,9.65,39.1,65.16,Aluminiu,Gaurire,138,1,Vibratii
430,Burghiu,CARBIDE DRILL Ø12,4090,577.23,1.62,19.99,59.19,1.86,6.5,61.99,Aluminiu,Gaurire,412,0,Niciunul
431,Burghiu,CARBIDE DRILL Ø12,1525,289.26,2.17,6.58,64.18,2.77,54.9,69.78,Aluminiu,Gaurire,246,1,Uzura excesiva
432,Burghiu,CARBIDE DRILL Ø12,4635,298.95,2.61,11.81,53.52,1.96,3.5,61.73,Inox,Gaurire,296,0,Niciunul
433,Burghiu,CARBIDE DRILL Ø12,2705,1045.8,1.37,13.46,39.32,1.26,15.1,63.55,Otel,Gaurire,164,0,Niciunul
434,Burghiu,CARBIDE DRILL Ø12,3822,400.17,2.12,14.1,67.19,0.84,12.6,68.56,Inox,Gaurire,381,0,Niciunul
435,Burghiu,CARBIDE DRILL Ø12,1582,1075.57,2.65,16.36,54.27,0.78,5.8,62.95,Otel,Gaurire,467,0,Niciunul
436,Burghiu,CARBIDE DRILL Ø12,2807,411.83,1.0,10.79,56.11,1.67,7.1,62.62,Inox,Gaurire,277,0,Niciunul
437,Burghiu,CARBIDE DRILL Ø12,5853,298.5,0.16,16.15,67.81,1.97,4.9,71.31,Otel,Gaurire,294,0,Niciunul
438,Burghiu,CARBIDE DRILL Ø12,5742,361.58,2.53,6.85,61.69,3.21,25.1,60.47,Otel,Gaurire,367,1,Vibratii
439,Burghiu,CARBIDE DRILL Ø12,5315,391.7,2.36,5.09,102.31,0.91,36.1,60.03,Otel,Gaurire,137,1,Supraincalzire
440,Burghiu,CARBIDE DRILL Ø12,3290,441.97,2.83,7.61,54.26,1.82,13.9,62.12,Inox,Gaurire,396,0,Niciunul
441,Burghiu,CARBIDE DRILL Ø12,4839,1131.58,0.88,14.2,80.38,4.09,59.6,73.42,Aluminiu,Gaurire,267,1,Uzura excesiva
442,Burghiu,CARBIDE DRILL Ø12,4115,653.4,1.23,13.53,39.74,0.9,9.1,66.39,Inox,Gaurire,438,0,Niciunul
443,Burghiu,CARBIDE DRILL Ø12,5630,807.73,0.62,16.93,82.79,8.87,44.5,74.3,Otel,Gaurire,477,1,Vibratii
444,Burghiu,CARBIDE DRILL Ø12,5186,913.74,2.98,16.82,53.04,4.94,73.2,64.63,Inox,Gaurire,49,1,Uzura excesiva
445,Burghiu,CARBIDE DRILL Ø12,3857,1188.28,1.69,14.28,88.37,8.51,35.8,71.33,Aluminiu,Gaurire,36,1,Vibratii
446,Burghiu,CARBIDE DRILL Ø12,1784,1015.91,2.87,19.2,40.37,0.56,10.2,60.99,Otel,Gaurire,197,0,Niciunul
447,Burghiu,CARBIDE DRILL Ø12,3623,645.13,0.8,8.49,37.57,0.62,10.4,63.34,Aluminiu,Gaurire,222,0,Niciunul
448,Burghiu,CARBIDE DRILL Ø12,2828,452.33,1.01,17.58,41.88,1.36,16.9,68.21,Aluminiu,Gaurire,152,0,Niciunul
449,Burghiu,CARBIDE DRILL Ø12,4286,664.5,2.66,19.91,72.39,3.65,67.7,72.84,Otel,Gaurire,383,1,Uzura excesiva
450,Burghiu,CARBIDE DRILL Ø12,4781,929.7,1.73,15.23,101.85,2.64,17.2,71.03,Inox,Gaurire,376,1,Supraincalzire
451,Burghiu,CARBIDE DRILL Ø12,3686,511.39,0.25,5.11,107.13,1.07,21.6,63.16,Aluminiu,Gaurire,3,1,Supraincalzire
452,Burghiu,CARBIDE DRILL Ø12,5210,940.62,2.92,17.4,54.29,11.2,46.8,61.19,Inox,Gaurire,76,1,Vibratii
453,Burghiu,CARBIDE DRILL Ø12,2979,239.46,0.31,15.31,39.67,1.93,5.1,65.84,Otel,Gaurire,125,0,Niciunul
454,Burghiu,CARBIDE DRILL Ø12,3965,840.84,2.08,6.76,60.34,9.77,34.8,72.75,Otel,Gaurire,239,1,Vibratii
455,Burghiu,CARBIDE DRILL Ø12,5984,450.09,1.57,15.15,50.45,8.24,20.4,61.84,Aluminiu,Gaurire,119,1,Vibratii
456,Burghiu,CARBIDE DRILL Ø12,5838,1061.59,3.0,14.15,50.5,1.2,17.6,70.24,Aluminiu,Gaurire,391,0,Niciunul
457,Burghiu,CARBIDE DRILL Ø12,4766,301.98,1.03,8.47,66.86,0.7,11.5,66.22,Otel,Gaurire,209,0,Niciunul
458,Burghiu,CARBIDE DRILL Ø12,2261,209.92,0.52,8.94,81.87,3.44,77.7,63.21,Aluminiu,Gaurire,492,1,Uzura excesiva
459,Burghiu,CARBIDE DRILL Ø12,5171,484.36,1.77,16.98,93.11,3.96,32.1,71.82,Otel,Gaurire,219,1,Supraincalzire
460,Burghiu,CARBIDE DRILL Ø12,3141,972.34,1.94,6.17,59.5,4.99,55.4,72.03,Inox,Gaurire,12,1,Uzura excesiva
461,Burghiu,CARBIDE DRILL Ø12,2353,960.28,1.06,9.98,52.47,6.49,51.1,62.56,Inox,Gaurire,76,1,Vibratii
462,Burghiu,CARBIDE DRILL Ø12,4242,734.53,1.76,18.98,95.97,1.57,28.6,65.39,Inox,Gaurire,101,1,Supraincalzire
463,Burghiu,CARBIDE DRILL Ø12,5113,216.97,2.94,15.34,59.19,1.41,45.8,70.59,Otel,Gaurire,341,1,Uzura excesiva
464,Burghiu,CARBIDE DRILL Ø12,3216,1011.35,2.43,7.08,67.31,11.58,33.6,74.06,Otel,Gaurire,260,1,Vibratii
465,Burghiu,CARBIDE DRILL Ø12,3301,1019.09,0.63,12.68,80.3,2.49,17.2,72.86,Aluminiu,Gaurire,385,1,Supraincalzire
466,Burghiu,CARBIDE DRILL Ø12,1941,720.31,0.74,19.19,47.69,0.52,4.9,62.76,Aluminiu,Gaurire,48,0,Niciunul
467,Burghiu,CARBIDE DRILL Ø12,5573,649.15,2.39,19.69,50.79,1.47,50.4,63.23,Inox,Gaurire,374,1,Uzura excesiva
468,Burghiu,CARBIDE DRILL Ø12,2580,966.77,0.63,7.13,60.16,9.27,21.6,63.94,Inox,Gaurire,147,1,Vibratii
469,Burghiu,CARBIDE DRILL Ø12,3814,263.11,1.16,18.07,91.26,1.63,29.1,67.18,Otel,Gaurire,377,1,Supraincalzire
470,Burghiu,CARBIDE DRILL Ø12,4205,271.75,2.48,8.99,65.4,3.06,79.9,61.21,Otel,Gaurire,242,1,Uzura excesiva
471,Burghiu,CARBIDE DRILL Ø12,3604,514.55,1.47,11.68,63.73,0.9,6.0,63.3,Otel,Gaurire,459,0,Niciunul
472,Burghiu,CARBIDE DRILL Ø12,3970,861.3,0.14,15.75,85.95,6.14,50.0,74.17,Aluminiu,Gaurire,19,1,Vibratii
473,Burghiu,CARBIDE DRILL Ø12,4868,880.51,0.5,5.28,36.43,0.56,6.8,63.58,Inox,Gaurire,297,0,Niciunul
474,Burghiu,CARBIDE DRILL Ø12,4894,236.13,1.17,6.21,37.99,1.39,18.2,61.61,Otel,Gaurire,81,0,Niciunul
475,Burghiu,CARBIDE DRILL Ø12,4326,228.26,0.75,16.84,65.48,1.33,18.3,66.91,Aluminiu,Gaurire,76,0,Niciunul
476,Burghiu,CARBIDE DRILL Ø12,3479,969.36,2.36,15.99,39.06,0.98,3.3,74.41,Inox,Gaurire,208,0,Niciunul
477,Burghiu,CARBIDE DRILL Ø12,3960,921.3,1.75,13.78,84.75,2.55,22.8,67.9,Otel,Gaurire,347,1,Supraincalzire
478,Burghiu,CARBIDE DRILL Ø12,3499,1069.05,2.15,5.87,57.19,1.47,66.1,66.12,Aluminiu,Gaurire,428,1,Uzura excesiva
479,Burghiu,CARBIDE DRILL Ø12,4125,304.11,0.59,11.39,44.41,1.51,11.3,72.22,Inox,Gaurire,284,0,Niciunul
480,Burghiu,CARBIDE DRILL Ø12,3420,1039.76,0.36,16.97,52.17,3.55,65.4,64.15,Inox,Gaurire,128,1,Uzura excesiva
481,Burghiu,CARBIDE DRILL Ø12,4201,666.69,2.17,10.99,54.37,1.86,19.9,73.26,Otel,Gaurire,438,0,Niciunul
482,Burghiu,CARBIDE DRILL Ø12,3727,475.75,2.34,19.28,105.77,0.91,25.9,73.28,Aluminiu,Gaurire,358,1,Supraincalzire
483,Burghiu,CARBIDE DRILL Ø12,3866,349.27,2.98,13.8,61.72,1.17,18.3,60.22,Otel,Gaurire,378,0,Niciunul
484,Burghiu,CARBIDE DRILL Ø12,5692,860.77,2.14,12.02,51.28,6.79,49.3,68.29,Inox,Gaurire,456,1,Vibratii
485,Burghiu,CARBIDE DRILL Ø12,2271,660.88,0.15,17.71,58.0,3.19,44.9,61.99,Aluminiu,Gaurire,98,1,Uzura excesiva
486,Burghiu,CARBIDE DRILL Ø12,4343,938.85,2.74,19.81,58.27,1.91,8.9,65.06,Otel,Gaurire,467,0,Niciunul
487,Burghiu,CARBIDE DRILL Ø12,5150,848.67,1.68,9.02,112.27,3.14,18.1,67.26,Inox,Gaurire,203,1,Supraincalzire
488,Burghiu,CARBIDE DRILL Ø12,2681,451.95,0.18,17.5,64.57,4.96,41.2,61.58,Otel,Gaurire,2,1,Uzura excesiva
489,Burghiu,CARBIDE DRILL Ø12,3885,1032.24,1.08,19.81,50.69,8.4,43.1,68.12,Inox,Gaurire,332,1,Vibratii
490,Burghiu,CARBIDE DRILL Ø12,1789,739.9,0.73,15.03,40.28,1.37,18.0,62.4,Otel,Gaurire,257,0,Niciunul
491,Burghiu,CARBIDE DRILL Ø12,3433,1190.28,0.31,10.17,76.65,4.94,31.5,71.24,Inox,Gaurire,368,1,Vibratii
492,Burghiu,CARBIDE DRILL Ø12,3599,1001.67,2.61,19.61,87.3,3.71,46.9,61.49,Inox,Gaurire,97,1,Vibratii
493,Burghiu,CARBIDE DRILL Ø12,4352,931.82,1.96,17.49,82.97,2.31,69.0,64.0,Otel,Gaurire,445,1,Uzura excesiva
494,Burghiu,CARBIDE DRILL Ø12,5118,427.61,2.1,16.46,56.03,1.1,9.3,70.19,Otel,Gaurire,236,0,Niciunul
495,Burghiu,CARBIDE DRILL Ø12,2660,685.47,2.02,7.96,107.13,1.16,36.7,72.79,Inox,Gaurire,78,1,Supraincalzire
496,Burghiu,CARBIDE DRILL Ø12,1850,323.08,1.48,12.22,53.39,4.76,77.1,61.54,Otel,Gaurire,50,1,Niciunul
497,Burghiu,CARBIDE DRILL Ø12,3891,1146.74,1.92,7.3,108.6,2.79,21.0,72.39,Inox,Gaurire,489,1,Supraincalzire
498,Burghiu,CARBIDE DRILL Ø12,5860,987.83,0.3,8.57,58.65,1.48,43.5,65.14,Otel,Gaurire,100,1,Niciunul
499,Burghiu,CARBIDE DRILL Ø12,4963,1075.58,2.79,13.41,80.87,8.87,54.1,74.67,Otel,Gaurire,460,1,Vibratii
500,Burghiu,CARBIDE DRILL Ø12,4279,889.59,2.96,15.82,51.67,5.2,46.2,66.41,Otel,Gaurire,4,1,Vibratii
501,Burghiu,CARBIDE DRILL Ø12,2948,1078.18,2.92,6.04,87.06,1.52,11.1,72.23,Aluminiu,Gaurire,422,1,Supraincalzire
502,Burghiu,CARBIDE DRILL Ø12,2577,500.95,2.14,16.47,65.09,2.69,46.6,68.31,Otel,Gaurire,162,1,Uzura excesiva
503,Burghiu,CARBIDE DRILL Ø12,3300,985.68,0.7,6.72,58.54,1.52,4.6,63.74,Aluminiu,Gaurire,245,0,Niciunul
504,Burghiu,CARBIDE DRILL Ø12,3531,476.84,2.41,15.79,68.03,1.72,62.7,67.64,Otel,Gaurire,174,1,Uzura excesiva
505,Burghiu,CARBIDE DRILL Ø12,3011,675.57,0.96,7.12,59.44,0.63,16.2,68.65,Inox,Gaurire,333,0,Niciunul
506,Burghiu,CARBIDE DRILL Ø12,3847,920.63,0.19,5.42,52.76,2.95,59.9,74.23,Aluminiu,Gaurire,87,1,Uzura excesiva
507,Burghiu,CARBIDE DRILL Ø12,4696,460.04,1.92,15.87,54.11,1.52,18.6,69.0,Aluminiu,Gaurire,404,0,Niciunul
508,Burghiu,CARBIDE DRILL Ø12,3924,591.2,2.46,14.7,53.28,1.07,2.6,62.92,Inox,Gaurire,16,0,Niciunul
509,Burghiu,CARBIDE DRILL Ø12,2843,1188.63,0.98,18.69,37.36,1.59,11.7,63.92,Otel,Gaurire,242,0,Niciunul
510,Burghiu,CARBIDE DRILL Ø12,3047,368.77,0.86,8.42,44.2,1.85,7.7,67.09,Aluminiu,Gaurire,356,0,Niciunul
511,Burghiu,CARBIDE DRILL Ø12,5997,1003.87,2.48,9.65,58.37,1.19,9.7,67.25,Otel,Gaurire,191,0,Niciunul
512,Burghiu,CARBIDE DRILL Ø12,2510,1088.65,1.94,9.37,68.54,0.99,18.3,70.27,Aluminiu,Gaurire,420,0,Niciunul
513,Burghiu,CARBIDE DRILL Ø12,5262,730.74,0.49,11.63,43.27,1.67,11.9,67.14,Otel,Gaurire,163,0,Niciunul
514,Burghiu,CARBIDE DRILL Ø12,2300,379.59,0.16,18.23,38.11,0.96,12.6,65.64,Aluminiu,Gaurire,244,0,Niciunul
515,Burghiu,CARBIDE DRILL Ø12,1593,1194.76,0.32,5.28,105.11,3.74,21.5,63.76,Inox,Gaurire,361,1,Supraincalzire
516,Burghiu,CARBIDE DRILL Ø12,4961,485.2,0.5,6.16,63.65,1.16,4.0,68.49,Inox,Gaurire,122,0,Niciunul
517,Burghiu,CARBIDE DRILL Ø12,3009,1141.39,0.62,9.09,39.78,1.04,10.6,65.81,Aluminiu,Gaurire,220,0,Niciunul
518,Burghiu,CARBIDE DRILL Ø12,3595,1047.63,0.16,8.15,66.75,0.71,18.3,67.01,Otel,Gaurire,133,0,Niciunul
519,Burghiu,CARBIDE DRILL Ø12,2327,393.06,2.7,9.5,84.78,3.98,38.5,60.28,Aluminiu,Gaurire,478,1,Supraincalzire
520,Burghiu,CARBIDE DRILL Ø12,4373,908.58,0.64,15.6,61.21,5.41,43.2,70.21,Inox,Gaurire,347,1,Vibratii
521,Burghiu,CARBIDE DRILL Ø12,1838,751.56,1.28,6.4,72.79,9.07,49.7,67.7,Aluminiu,Gaurire,35,1,Vibratii
522,Burghiu,CARBIDE DRILL Ø12,1561,1098.7,1.71,10.13,66.17,0.58,4.4,66.46,Otel,Gaurire,135,0,Niciunul
523,Burghiu,CARBIDE DRILL Ø12,5067,672.13,2.07,6.82,74.24,1.49,65.3,68.1,Inox,Gaurire,11,1,Niciunul
524,Burghiu,CARBIDE DRILL Ø12,5780,276.6,1.54,14.87,75.65,5.62,35.7,60.64,Otel,Gaurire,93,1,Vibratii
525,Burghiu,CARBIDE DRILL Ø12,5091,1014.24,0.43,11.34,40.11,1.5,15.9,61.94,Otel,Gaurire,200,0,Niciunul
526,Burghiu,CARBIDE DRILL Ø12,2648,674.3,0.98,13.43,66.85,1.94,17.5,73.23,Otel,Gaurire,140,0,Niciunul
527,Burghiu,CARBIDE DRILL Ø12,3267,1010.98,2.2,18.85,84.24,3.02,36.3,72.11,Inox,Gaurire,25,1,Supraincalzire
528,Burghiu,CARBIDE DRILL Ø12,4248,278.11,0.55,12.41,69.75,1.43,0.7,66.67,Inox,Gaurire,188,0,Niciunul
529,Burghiu,CARBIDE DRILL Ø12,1822,642.78,1.69,17.07,114.99,1.83,20.4,65.72,Aluminiu,Gaurire,479,1,Supraincalzire
530,Burghiu,CARBIDE DRILL Ø12,1659,370.99,2.86,8.45,50.13,2.39,55.3,69.33,Aluminiu,Gaurire,496,1,Uzura excesiva
531,Burghiu,CARBIDE DRILL Ø12,2347,495.03,0.41,18.22,118.46,3.4,24.2,73.41,Aluminiu,Gaurire,147,1,Supraincalzire
532,Burghiu,CARBIDE DRILL Ø12,4340,675.1,2.97,18.94,60.66,0.83,2.8,61.65,Otel,Gaurire,60,0,Niciunul
533,Burghiu,CARBIDE DRILL Ø12,3145,508.27,1.19,9.96,87.78,6.47,20.9,72.25,Aluminiu,Gaurire,60,1,Niciunul
534,Burghiu,CARBIDE DRILL Ø12,4821,592.55,1.39,11.06,80.6,3.64,49.6,65.4,Inox,Gaurire,409,1,Vibratii
535,Burghiu,CARBIDE DRILL Ø12,4660,709.22,1.41,10.26,66.56,1.11,18.6,70.41,Aluminiu,Gaurire,255,0,Niciunul
536,Burghiu,CARBIDE DRILL Ø12,4608,634.68,2.81,6.06,65.33,1.17,13.2,61.56,Otel,Gaurire,50,0,Niciunul
537,Burghiu,CARBIDE DRILL Ø12,2619,1058.99,2.74,14.71,49.33,1.7,17.0,68.54,Otel,Gaurire,393,0,Niciunul
538,Burghiu,CARBIDE DRILL Ø12,4631,869.34,0.25,14.57,90.73,3.07,12.8,71.0,Aluminiu,Gaurire,296,1,Supraincalzire
539,Burghiu,CARBIDE DRILL Ø12,1510,355.25,1.19,8.3,80.85,4.17,53.3,67.77,Inox,Gaurire,281,1,Uzura excesiva
540,Burghiu,CARBIDE DRILL Ø12,3662,467.38,2.26,15.2,60.66,1.84,19.3,67.28,Inox,Gaurire,211,0,Niciunul
541,Burghiu,CARBIDE DRILL Ø12,3909,475.77,2.93,13.5,92.5,1.95,34.3,67.05,Otel,Gaurire,497,1,Supraincalzire
542,Burghiu,CARBIDE DRILL Ø12,2867,580.48,2.13,16.84,66.56,0.59,0.5,65.93,Aluminiu,Gaurire,73,0,Niciunul
543,Burghiu,CARBIDE DRILL Ø12,3158,1162.25,0.34,19.32,39.84,1.84,15.0,69.37,Aluminiu,Gaurire,377,0,Niciunul
544,Burghiu,CARBIDE DRILL Ø12,2456,1076.51,0.58,10.46,36.11,0.78,4.4,61.75,Otel,Gaurire,438,0,Niciunul
545,Burghiu,CARBIDE DRILL Ø12,3495,320.13,2.3,16.51,41.48,0.92,15.1,71.66,Inox,Gaurire,425,0,Niciunul
546,Burghiu,CARBIDE DRILL Ø12,5031,785.1,2.73,6.43,63.55,1.96,17.4,60.75,Otel,Gaurire,344,0,Niciunul
547,Burghiu,CARBIDE DRILL Ø12,3175,856.68,2.85,6.98,71.3,3.59,76.1,67.89,Otel,Gaurire,39,1,Uzura excesiva
548,Burghiu,CARBIDE DRILL Ø12,5830,251.59,2.88,19.67,37.13,1.99,0.7,69.46,Otel,Gaurire,310,0,Niciunul
549,Burghiu,CARBIDE DRILL Ø12,3609,1092.56,1.48,16.94,50.66,4.41,26.6,67.89,Inox,Gaurire,192,1,Vibratii
550,Burghiu,CARBIDE DRILL Ø12,3441,1077.12,0.49,19.9,59.57,1.96,8.9,71.77,Aluminiu,Gaurire,52,0,Niciunul
551,Burghiu,CARBIDE DRILL Ø12,5484,805.98,1.15,19.27,38.79,1.53,10.3,74.99,Otel,Gaurire,47,0,Niciunul
552,Burghiu,CARBIDE DRILL Ø12,3193,477.95,0.61,8.37,46.82,0.6,14.9,67.4,Inox,Gaurire,292,0,Niciunul
553,Burghiu,CARBIDE DRILL Ø12,1906,248.99,0.47,9.36,60.34,1.39,1.5,71.88,Inox,Gaurire,161,0,Niciunul
554,Burghiu,CARBIDE DRILL Ø12,2867,665.2,0.78,6.24,85.33,2.63,35.0,61.93,Aluminiu,Gaurire,345,1,Supraincalzire
555,Burghiu,CARBIDE DRILL Ø12,3175,1000.61,2.86,6.27,69.05,1.14,19.5,68.72,Aluminiu,Gaurire,267,0,Niciunul
556,Burghiu,CARBIDE DRILL Ø12,2510,210.97,1.99,12.11,64.48,1.78,2.4,72.69,Inox,Gaurire,187,0,Niciunul
557,Burghiu,CARBIDE DRILL Ø12,5918,1029.14,2.19,9.76,61.23,1.34,16.7,60.43,Aluminiu,Gaurire,57,0,Niciunul
558,Burghiu,CARBIDE DRILL Ø12,4668,751.86,1.23,6.46,65.39,1.33,3.0,67.23,Otel,Gaurire,320,0,Niciunul
559,Burghiu,CARBIDE DRILL Ø12,2186,785.7,1.68,9.67,50.34,0.6,9.0,62.49,Aluminiu,Gaurire,404,0,Niciunul
560,Burghiu,CARBIDE DRILL Ø12,1726,493.46,2.88,6.89,54.95,1.88,7.9,61.74,Inox,Gaurire,462,0,Niciunul
561,Burghiu,CARBIDE DRILL Ø12,2263,1014.86,0.93,9.8,83.06,2.97,70.7,60.46,Aluminiu,Gaurire,190,1,Uzura excesiva
562,Burghiu,CARBIDE DRILL Ø12,4471,672.39,0.76,6.53,69.07,1.91,12.5,68.36,Inox,Gaurire,85,0,Niciunul
563,Burghiu,CARBIDE DRILL Ø12,4700,1020.25,0.85,5.68,62.38,1.75,9.0,72.92,Otel,Gaurire,95,0,Niciunul
564,Burghiu,CARBIDE DRILL Ø12,5968,226.79,2.73,19.42,45.98,1.51,10.5,69.78,Aluminiu,Gaurire,120,0,Niciunul
565,Burghiu,CARBIDE DRILL Ø12,3852,849.55,0.74,19.49,56.81,7.01,26.6,65.94,Otel,Gaurire,229,1,Vibratii
566,Burghiu,CARBIDE DRILL Ø12,3583,524.62,2.25,14.55,64.33,1.03,1.8,71.29,Aluminiu,Gaurire,70,0,Niciunul
567,Burghiu,CARBIDE DRILL Ø12,1882,1093.81,1.98,16.84,73.69,6.48,40.5,73.36,Otel,Gaurire,63,1,Vibratii
568,Burghiu,CARBIDE DRILL Ø12,3808,1067.74,1.4,5.91,62.61,1.84,14.9,68.03,Otel,Gaurire,350,0,Niciunul
569,Burghiu,CARBIDE DRILL Ø12,1876,1124.95,1.31,16.21,61.0,10.45,40.3,69.94,Aluminiu,Gaurire,159,1,Vibratii
570,Burghiu,CARBIDE DRILL Ø12,4249,394.39,2.39,16.0,59.27,1.51,19.7,65.56,Otel,Gaurire,288,0,Niciunul
571,Burghiu,CARBIDE DRILL Ø12,3061,224.44,2.1,16.86,55.41,1.05,7.2,68.73,Aluminiu,Gaurire,90,0,Niciunul
572,Burghiu,CARBIDE DRILL Ø12,1810,1169.71,1.03,15.78,72.88,3.43,51.0,69.65,Otel,Gaurire,311,1,Uzura excesiva
573,Burghiu,CARBIDE DRILL Ø12,1548,595.92,2.23,13.18,49.52,1.74,6.5,63.55,Inox,Gaurire,430,0,Niciunul
574,Burghiu,CARBIDE DRILL Ø12,4700,1028.05,2.85,10.39,73.19,11.77,49.6,62.69,Aluminiu,Gaurire,427,1,Vibratii
575,Burghiu,CARBIDE DRILL Ø12,3532,694.0,1.08,12.4,79.75,2.94,43.9,71.6,Aluminiu,Gaurire,309,1,Uzura excesiva
576,Burghiu,CARBIDE DRILL Ø12,1627,935.9,1.55,17.83,65.12,9.76,48.5,69.67,Otel,Gaurire,80,1,Vibratii
577,Burghiu,CARBIDE DRILL Ø12,5433,1114.61,0.94,10.75,95.23,3.0,35.8,71.07,Aluminiu,Gaurire,19,1,Supraincalzire
578,Burghiu,CARBIDE DRILL Ø12,4032,261.16,0.31,5.7,87.56,1.15,31.0,60.75,Inox,Gaurire,231,1,Supraincalzire
579,Burghiu,CARBIDE DRILL Ø12,3196,1054.31,2.67,18.68,86.57,8.44,31.5,67.64,Inox,Gaurire,460,1,Vibratii
580,Burghiu,CARBIDE DRILL Ø12,5988,660.29,1.34,9.31,55.92,0.67,18.0,67.49,Inox,Gaurire,80,0,Niciunul
581,Burghiu,CARBIDE DRILL Ø12,3431,202.66,0.79,18.0,47.6,1.42,19.7,69.39,Aluminiu,Gaurire,427,0,Niciunul
582,Burghiu,CARBIDE DRILL Ø12,4598,266.83,2.03,6.96,62.18,1.51,12.1,70.07,Inox,Gaurire,139,0,Niciunul
583,Burghiu,CARBIDE DRILL Ø12,4397,378.77,2.86,8.29,55.59,9.07,30.5,66.06,Aluminiu,Gaurire,173,1,Vibratii
584,Burghiu,CARBIDE DRILL Ø12,3775,212.89,1.34,12.3,77.98,8.46,40.1,73.66,Aluminiu,Gaurire,464,1,Vibratii
585,Burghiu,CARBIDE DRILL Ø12,5682,828.21,2.02,7.71,85.74,5.06,42.8,72.52,Inox,Gaurire,212,1,Vibratii
586,Burghiu,CARBIDE DRILL Ø12,4658,446.59,0.82,6.88,73.03,9.3,31.8,74.08,Otel,Gaurire,48,1,Vibratii
587,Burghiu,CARBIDE DRILL Ø12,5897,210.41,0.81,12.07,43.79,0.75,18.8,63.21,Inox,Gaurire,87,0,Niciunul
588,Burghiu,CARBIDE DRILL Ø12,4701,1192.91,1.53,6.41,54.86,3.39,72.0,71.04,Otel,Gaurire,353,1,Uzura excesiva
589,Burghiu,CARBIDE DRILL Ø12,2219,1072.41,0.59,9.62,64.24,1.06,3.5,63.22,Otel,Gaurire,366,0,Niciunul
590,Burghiu,CARBIDE DRILL Ø12,4355,382.1,1.46,19.49,105.96,3.21,15.1,72.96,Inox,Gaurire,388,1,Supraincalzire
591,Burghiu,CARBIDE DRILL Ø12,4765,783.41,1.8,19.18,78.93,3.64,72.6,64.45,Otel,Gaurire,442,1,Uzura excesiva
592,Burghiu,CARBIDE DRILL Ø12,4120,853.25,0.13,5.85,53.64,1.4,15.4,62.58,Inox,Gaurire,8,0,Niciunul
593,Burghiu,CARBIDE DRILL Ø12,5756,700.42,2.84,8.51,58.92,1.53,19.0,68.09,Aluminiu,Gaurire,284,0,Niciunul
594,Burghiu,CARBIDE DRILL Ø12,5224,907.18,2.15,14.57,64.04,4.67,56.3,73.28,Inox,Gaurire,2,1,Uzura excesiva
595,Burghiu,CARBIDE DRILL Ø12,2525,983.86,2.77,15.02,114.13,1.85,28.0,69.77,Aluminiu,Gaurire,255,1,Supraincalzire
596,Burghiu,CARBIDE DRILL Ø12,2179,853.0,0.19,15.15,63.77,10.98,53.7,62.44,Otel,Gaurire,101,1,Vibratii
597,Burghiu,CARBIDE DRILL Ø12,2863,599.17,0.67,11.76,87.81,2.04,12.0,65.67,Inox,Gaurire,182,1,Supraincalzire
598,Burghiu,CARBIDE DRILL Ø12,3611,1190.55,1.31,7.77,47.81,0.53,0.1,61.91,Inox,Gaurire,255,0,Niciunul
599,Burghiu,CARBIDE DRILL Ø12,5207,354.97,2.4,8.53,107.06,2.57,12.9,68.0,Otel,Gaurire,330,1,Supraincalzire
600,Burghiu,CARBIDE DRILL Ø12,4924,945.95,1.87,16.45,63.03,0.93,15.3,72.24,Inox,Gaurire,340,0,Niciunul
1,Burghiu,HSS DRILL Ø6,3427,596.63,0.17,16.99,44.11,1.16,1.2,65.82,Inox,Gaurire,432,0,Niciunul
2,Burghiu,HSS DRILL Ø6,4803,318.76,1.78,8.07,40.06,1.36,18.3,65.53,Aluminiu,Gaurire,213,0,Niciunul
3,Burghiu,HSS DRILL Ø6,3651,1111.23,0.25,9.24,89.29,1.92,27.9,64.66,Aluminiu,Gaurire,374,1,Supraincalzire
4,Burghiu,HSS DRILL Ø6,2066,876.13,2.38,18.64,59.51,1.75,1.7,62.97,Aluminiu,Gaurire,328,0,Niciunul
5,Burghiu,HSS DRILL Ø6,3721,597.55,2.81,5.61,54.15,1.69,73.4,69.7,Inox,Gaurire,418,1,Niciunul
6,Burghiu,HSS DRILL Ø6,5905,576.7,1.12,18.3,89.02,6.05,42.6,65.31,Aluminiu,Gaurire,203,1,Vibratii
7,Burghiu,HSS DRILL Ø6,4359,889.81,2.94,5.99,88.58,2.26,42.9,61.4,Inox,Gaurire,287,1,Uzura excesiva
8,Burghiu,HSS DRILL Ø6,4263,583.03,2.73,18.01,101.63,2.02,19.6,60.77,Inox,Gaurire,43,1,Supraincalzire
9,Burghiu,HSS DRILL Ø6,1553,486.44,1.0,10.61,48.23,1.28,0.0,73.72,Inox,Gaurire,25,0,Niciunul
10,Burghiu,HSS DRILL Ø6,3765,529.51,2.11,5.73,58.3,1.82,0.8,62.9,Inox,Gaurire,91,0,Niciunul
11,Burghiu,HSS DRILL Ø6,5574,349.31,0.81,13.46,77.95,6.95,39.8,66.93,Aluminiu,Gaurire,176,1,Niciunul
12,Burghiu,HSS DRILL Ø6,3289,598.18,2.19,12.36,68.7,0.83,15.7,69.53,Otel,Gaurire,437,0,Niciunul
13,Burghiu,HSS DRILL Ø6,2865,786.37,1.76,17.55,69.85,1.13,74.1,67.09,Otel,Gaurire,409,1,Uzura excesiva
14,Burghiu,HSS DRILL Ø6,3498,974.7,0.55,14.52,49.07,1.01,10.5,65.42,Aluminiu,Gaurire,393,0,Niciunul
15,Burghiu,HSS DRILL Ø6,2035,1109.14,1.38,17.92,50.69,1.81,0.0,64.75,Inox,Gaurire,345,0,Niciunul
16,Burghiu,HSS DRILL Ø6,1731,558.62,2.47,12.3,41.34,0.66,17.3,63.33,Otel,Gaurire,172,0,Niciunul
17,Burghiu,HSS DRILL Ø6,4921,517.05,2.36,14.82,57.64,8.47,59.5,65.16,Aluminiu,Gaurire,208,1,Vibratii
18,Burghiu,HSS DRILL Ø6,3232,352.9,1.12,18.9,63.66,1.3,3.2,67.09,Inox,Gaurire,60,0,Niciunul
19,Burghiu,HSS DRILL Ø6,4069,1026.4,2.06,19.35,67.41,1.88,42.8,71.5,Inox,Gaurire,446,1,Uzura excesiva
20,Burghiu,HSS DRILL Ø6,2533,748.18,2.99,9.44,56.73,1.09,12.2,61.1,Aluminiu,Gaurire,191,0,Niciunul
21,Burghiu,HSS DRILL Ø6,2563,1099.02,1.82,5.6,72.44,8.18,28.8,61.05,Aluminiu,Gaurire,233,1,Vibratii
22,Burghiu,HSS DRILL Ø6,1812,956.38,2.65,15.17,74.49,4.3,23.2,72.53,Inox,Gaurire,11,1,Vibratii
23,Burghiu,HSS DRILL Ø6,2597,443.65,1.03,8.71,72.16,3.22,79.2,73.25,Otel,Gaurire,340,1,Uzura excesiva
24,Burghiu,HSS DRILL Ø6,1550,1116.84,1.4,6.97,58.48,1.13,16.7,72.35,Otel,Gaurire,408,0,Niciunul
25,Burghiu,HSS DRILL Ø6,3374,1071.53,0.8,6.02,37.5,1.0,8.3,66.98,Aluminiu,Gaurire,22,0,Niciunul
26,Burghiu,HSS DRILL Ø6,4447,661.81,1.1,13.17,81.02,2.28,69.6,73.91,Otel,Gaurire,30,1,Niciunul
27,Burghiu,HSS DRILL Ø6,3535,232.11,2.03,15.26,68.81,2.95,76.9,70.22,Aluminiu,Gaurire,284,1,Niciunul
28,Burghiu,HSS DRILL Ø6,4169,1019.19,2.53,14.5,66.26,2.16,67.7,60.11,Otel,Gaurire,254,1,Uzura excesiva
29,Burghiu,HSS DRILL Ø6,3909,735.8,1.66,14.46,58.26,1.68,77.3,74.95,Inox,Gaurire,359,1,Uzura excesiva
30,Burghiu,HSS DRILL Ø6,3371,1062.75,1.8,5.74,51.39,1.22,10.1,61.23,Inox,Gaurire,121,0,Niciunul
31,Burghiu,HSS DRILL Ø6,3383,631.91,1.45,8.0,39.18,1.93,9.9,63.06,Aluminiu,Gaurire,158,0,Niciunul
32,Burghiu,HSS DRILL Ø6,5272,896.09,1.85,8.12,73.87,4.59,46.1,63.55,Aluminiu,Gaurire,20,1,Uzura excesiva
33,Burghiu,HSS DRILL Ø6,4210,1057.07,1.12,18.73,56.55,1.75,4.7,67.96,Aluminiu,Gaurire,133,0,Niciunul
34,Burghiu,HSS DRILL Ø6,5531,229.32,1.32,17.53,69.61,2.59,47.8,74.2,Inox,Gaurire,387,1,Uzura excesiva
35,Burghiu,HSS DRILL Ø6,2904,1065.4,0.48,8.16,51.53,1.62,13.8,72.08,Otel,Gaurire,32,0,Niciunul
36,Burghiu,HSS DRILL Ø6,2146,1001.33,0.58,17.43,61.08,1.08,2.5,70.65,Aluminiu,Gaurire,164,0,Niciunul
37,Burghiu,HSS DRILL Ø6,4482,1021.47,2.08,11.49,55.42,0.97,14.5,62.72,Otel,Gaurire,43,0,Niciunul
38,Burghiu,HSS DRILL Ø6,2574,880.28,1.48,10.62,50.55,0.78,7.3,63.01,Otel,Gaurire,36,0,Niciunul
39,Burghiu,HSS DRILL Ø6,1695,345.9,1.62,13.16,69.05,1.86,16.2,74.35,Inox,Gaurire,500,0,Niciunul
40,Burghiu,HSS DRILL Ø6,3164,795.47,2.63,5.41,85.33,3.26,78.3,70.42,Inox,Gaurire,193,1,Uzura excesiva
41,Burghiu,HSS DRILL Ø6,3547,627.86,2.85,8.39,70.63,3.59,62.2,66.79,Aluminiu,Gaurire,270,1,Uzura excesiva
42,Burghiu,HSS DRILL Ø6,5511,1014.84,2.95,11.29,41.49,1.27,13.0,66.59,Otel,Gaurire,93,0,Niciunul
43,Burghiu,HSS DRILL Ø6,1893,439.62,1.58,9.87,95.12,2.89,10.5,61.83,Otel,Gaurire,408,1,Supraincalzire
44,Burghiu,HSS DRILL Ø6,4277,1051.83,0.37,8.81,82.29,2.91,24.1,70.51,Aluminiu,Gaurire,358,1,Supraincalzire
45,Burghiu,HSS DRILL Ø6,4614,615.34,0.26,5.14,114.53,0.98,21.3,60.94,Inox,Gaurire,475,1,Supraincalzire
46,Burghiu,HSS DRILL Ø6,4015,388.39,0.8,8.86,38.4,0.72,17.1,68.47,Otel,Gaurire,105,0,Niciunul
47,Burghiu,HSS DRILL Ø6,3429,249.53,1.94,15.32,64.48,0.55,5.4,66.18,Aluminiu,Gaurire,54,0,Niciunul
48,Burghiu,HSS DRILL Ø6,4336,1070.86,1.61,15.23,58.6,4.62,76.1,60.63,Otel,Gaurire,249,1,Niciunul
49,Burghiu,HSS DRILL Ø6,4665,612.01,1.18,17.0,73.63,4.93,70.4,65.99,Aluminiu,Gaurire,179,1,Uzura excesiva
50,Burghiu,HSS DRILL Ø6,3062,535.36,0.52,11.42,69.43,1.65,19.9,70.32,Inox,Gaurire,282,0,Niciunul
51,Burghiu,HSS DRILL Ø6,4433,265.44,2.37,17.24,63.44,1.87,47.4,65.94,Otel,Gaurire,29,1,Uzura excesiva
52,Burghiu,HSS DRILL Ø6,5658,521.23,1.39,15.38,75.1,3.47,45.9,60.11,Otel,Gaurire,3,1,Uzura excesiva
53,Burghiu,HSS DRILL Ø6,2068,244.52,2.46,12.35,70.65,2.65,42.0,70.46,Aluminiu,Gaurire,142,1,Uzura excesiva
54,Burghiu,HSS DRILL Ø6,5882,816.78,2.61,17.61,41.23,1.16,15.1,62.54,Aluminiu,Gaurire,157,0,Niciunul
55,Burghiu,HSS DRILL Ø6,5457,764.85,1.02,12.86,45.52,0.9,16.7,68.81,Aluminiu,Gaurire,230,0,Niciunul
56,Burghiu,HSS DRILL Ø6,5076,1163.07,0.57,8.1,64.48,1.5,4.0,69.89,Otel,Gaurire,350,0,Niciunul
57,Burghiu,HSS DRILL Ø6,5964,850.24,2.96,18.47,71.5,3.51,53.4,71.96,Otel,Gaurire,183,1,Niciunul
58,Burghiu,HSS DRILL Ø6,4905,434.88,1.87,15.15,64.91,1.98,19.2,73.58,Otel,Gaurire,400,0,Niciunul
59,Burghiu,HSS DRILL Ø6,2474,1162.1,2.47,9.51,62.33,0.62,19.0,62.12,Otel,Gaurire,276,0,Niciunul
60,Burghiu,HSS DRILL Ø6,4204,447.05,1.53,17.28,47.37,0.51,5.5,71.93,Inox,Gaurire,411,0,Niciunul
61,Burghiu,HSS DRILL Ø6,5530,1046.07,2.21,12.05,58.52,4.81,67.3,61.44,Inox,Gaurire,30,1,Uzura excesiva
62,Burghiu,HSS DRILL Ø6,5048,647.2,1.29,11.19,48.87,0.66,6.1,73.98,Aluminiu,Gaurire,238,0,Niciunul
63,Burghiu,HSS DRILL Ø6,3673,1193.18,0.61,15.18,82.37,2.43,36.1,61.9,Aluminiu,Gaurire,287,1,Niciunul
64,Burghiu,HSS DRILL Ø6,1899,246.19,2.2,5.62,83.81,9.38,58.4,62.19,Otel,Gaurire,65,1,Vibratii
65,Burghiu,HSS DRILL Ø6,3334,233.46,2.28,16.96,61.03,1.29,8.2,66.46,Otel,Gaurire,190,0,Niciunul
66,Burghiu,HSS DRILL Ø6,5280,406.5,1.51,7.73,64.62,1.7,7.4,63.63,Otel,Gaurire,498,0,Niciunul
67,Burghiu,HSS DRILL Ø6,4248,796.34,0.43,7.57,83.58,3.99,76.8,70.97,Inox,Gaurire,237,1,Niciunul
68,Burghiu,HSS DRILL Ø6,5502,692.61,1.87,8.57,56.49,1.9,6.4,68.34,Aluminiu,Gaurire,288,0,Niciunul
69,Burghiu,HSS DRILL Ø6,1737,788.28,1.66,14.7,53.97,1.29,0.6,70.81,Otel,Gaurire,52,0,Niciunul
70,Burghiu,HSS DRILL Ø6,3992,1116.49,1.16,19.45,67.32,1.44,18.6,69.12,Aluminiu,Gaurire,353,0,Niciunul
71,Burghiu,HSS DRILL Ø6,3876,1038.31,1.94,19.71,60.18,1.97,1.5,64.22,Inox,Gaurire,133,0,Niciunul
72,Burghiu,HSS DRILL Ø6,5001,797.47,2.89,14.42,83.69,3.5,28.1,73.75,Otel,Gaurire,155,1,Supraincalzire
73,Burghiu,HSS DRILL Ø6,2975,593.62,0.68,9.84,83.49,5.74,22.2,67.59,Inox,Gaurire,96,1,Vibratii
74,Burghiu,HSS DRILL Ø6,4553,1069.38,2.22,8.86,80.24,1.73,63.3,62.21,Inox,Gaurire,118,1,Niciunul
75,Burghiu,HSS DRILL Ø6,3125,1012.25,2.03,8.05,54.49,1.79,9.7,64.2,Otel,Gaurire,143,0,Niciunul
76,Burghiu,HSS DRILL Ø6,2667,574.07,2.86,16.91,62.99,1.24,15.1,62.92,Otel,Gaurire,14,0,Niciunul
77,Burghiu,HSS DRILL Ø6,4379,595.75,0.6,9.71,42.22,1.16,13.5,73.61,Otel,Gaurire,148,0,Niciunul
78,Burghiu,HSS DRILL Ø6,1892,438.02,2.28,15.63,60.42,1.17,12.0,62.89,Aluminiu,Gaurire,357,0,Niciunul
79,Burghiu,HSS DRILL Ø6,3817,1032.55,1.82,9.08,66.67,1.48,13.1,60.89,Otel,Gaurire,462,0,Niciunul
80,Burghiu,HSS DRILL Ø6,4282,612.42,1.61,8.0,119.67,1.94,31.4,69.46,Inox,Gaurire,257,1,Supraincalzire
81,Burghiu,HSS DRILL Ø6,2134,961.42,1.72,5.06,60.38,9.37,36.9,60.47,Inox,Gaurire,390,1,Vibratii
82,Burghiu,HSS DRILL Ø6,4686,888.06,0.22,10.56,73.85,4.58,49.3,74.09,Otel,Gaurire,278,1,Vibratii
83,Burghiu,HSS DRILL Ø6,3520,402.13,2.3,13.32,85.25,2.26,71.5,72.12,Otel,Gaurire,477,1,Uzura excesiva
84,Burghiu,HSS DRILL Ø6,3354,246.62,2.12,12.25,72.86,2.61,58.6,73.85,Aluminiu,Gaurire,116,1,Uzura excesiva
85,Burghiu,HSS DRILL Ø6,2162,252.75,2.08,11.93,117.66,1.29,18.9,73.03,Otel,Gaurire,432,1,Supraincalzire
86,Burghiu,HSS DRILL Ø6,5678,229.21,0.23,13.52,38.32,1.37,14.9,64.99,Otel,Gaurire,430,0,Niciunul
87,Burghiu,HSS DRILL Ø6,3871,429.58,1.95,6.23,42.71,1.41,7.8,68.4,Aluminiu,Gaurire,158,0,Niciunul
88,Burghiu,HSS DRILL Ø6,3298,1170.16,1.2,18.03,57.67,1.7,14.3,63.24,Otel,Gaurire,99,0,Niciunul
89,Burghiu,HSS DRILL Ø6,2127,992.77,2.62,10.6,51.04,1.94,6.9,73.12,Aluminiu,Gaurire,31,0,Niciunul
90,Burghiu,HSS DRILL Ø6,5869,413.93,1.63,16.73,65.46,9.88,38.4,66.18,Otel,Gaurire,347,1,Vibratii
91,Burghiu,HSS DRILL Ø6,3674,775.89,0.75,13.38,69.77,0.77,15.2,64.92,Aluminiu,Gaurire,42,0,Niciunul
92,Burghiu,HSS DRILL Ø6,3957,665.35,2.49,16.48,36.81,1.06,8.0,69.1,Inox,Gaurire,36,0,Niciunul
93,Burghiu,HSS DRILL Ø6,3698,231.84,0.19,8.43,94.29,1.44,24.7,69.59,Otel,Gaurire,377,1,Supraincalzire
94,Burghiu,HSS DRILL Ø6,3998,497.2,0.11,9.43,77.64,3.94,71.5,64.97,Otel,Gaurire,76,1,Uzura excesiva
95,Burghiu,HSS DRILL Ø6,4830,218.04,1.43,11.96,40.67,1.59,19.1,62.77,Otel,Gaurire,144,0,Niciunul
96,Burghiu,HSS DRILL Ø6,4521,494.27,2.49,9.81,79.93,3.35,79.5,74.36,Otel,Gaurire,54,1,Uzura excesiva
97,Burghiu,HSS DRILL Ø6,5572,761.15,2.1,19.02,58.21,1.61,18.6,60.7,Aluminiu,Gaurire,355,0,Niciunul
98,Burghiu,HSS DRILL Ø6,2166,1117.14,2.48,7.44,63.03,1.85,18.1,61.26,Otel,Gaurire,259,0,Niciunul
99,Burghiu,HSS DRILL Ø6,1692,848.62,0.65,6.61,91.62,2.87,30.3,72.21,Otel,Gaurire,105,1,Supraincalzire
100,Burghiu,HSS DRILL Ø6,3912,978.86,0.12,7.74,46.56,1.31,16.0,65.1,Inox,Gaurire,30,0,Niciunul
101,Burghiu,HSS DRILL Ø6,4137,275.46,2.92,15.9,40.48,1.62,18.4,72.48,Aluminiu,Gaurire,56,0,Niciunul
102,Burghiu,HSS DRILL Ø6,5645,272.4,0.79,14.64,54.96,0.69,10.2,64.67,Otel,Gaurire,48,0,Niciunul
103,Burghiu,HSS DRILL Ø6,2513,885.8,2.08,6.67,51.3,1.56,9.9,62.41,Otel,Gaurire,350,0,Niciunul
104,Burghiu,HSS DRILL Ø6,3243,300.7,1.36,18.29,53.88,1.74,0.8,74.4,Inox,Gaurire,81,0,Niciunul
105,Burghiu,HSS DRILL Ø6,1758,1187.65,2.22,10.05,79.84,9.93,56.1,70.75,Otel,Gaurire,216,1,Vibratii
106,Burghiu,HSS DRILL Ø6,2589,247.51,1.51,10.81,50.5,3.26,49.1,72.64,Inox,Gaurire,102,1,Uzura excesiva
107,Burghiu,HSS DRILL Ø6,3444,815.99,1.33,9.57,89.37,4.35,46.1,66.84,Otel,Gaurire,292,1,Vibratii
108,Burghiu,HSS DRILL Ø6,4347,774.41,0.94,18.71,86.98,3.81,26.9,60.36,Otel,Gaurire,259,1,Supraincalzire
109,Burghiu,HSS DRILL Ø6,2089,786.16,0.56,8.81,63.07,1.19,12.1,60.5,Otel,Gaurire,104,0,Niciunul
110,Burghiu,HSS DRILL Ø6,4681,1150.81,2.26,6.99,61.65,1.33,63.5,62.67,Otel,Gaurire,276,1,Uzura excesiva
111,Burghiu,HSS DRILL Ø6,4144,966.78,2.09,5.52,54.96,0.8,1.5,65.62,Inox,Gaurire,122,0,Niciunul
112,Burghiu,HSS DRILL Ø6,2809,731.64,0.86,13.58,36.72,1.54,11.7,71.99,Otel,Gaurire,339,0,Niciunul
113,Burghiu,HSS DRILL Ø6,3428,827.79,2.85,10.53,41.26,1.08,10.9,69.98,Aluminiu,Gaurire,232,0,Niciunul
114,Burghiu,HSS DRILL Ø6,1863,955.35,2.89,9.21,80.15,1.35,30.2,66.97,Inox,Gaurire,498,1,Supraincalzire
115,Burghiu,HSS DRILL Ø6,4472,469.97,1.54,9.38,117.11,2.25,29.6,66.22,Aluminiu,Gaurire,61,1,Supraincalzire
116,Burghiu,HSS DRILL Ø6,4363,328.33,0.43,8.77,113.4,3.11,21.6,63.19,Aluminiu,Gaurire,265,1,Supraincalzire
117,Burghiu,HSS DRILL Ø6,2544,936.03,0.11,17.28,39.89,0.72,16.9,68.89,Aluminiu,Gaurire,157,0,Niciunul
118,Burghiu,HSS DRILL Ø6,4540,952.02,0.16,13.77,37.93,1.69,3.8,71.41,Otel,Gaurire,346,0,Niciunul
119,Burghiu,HSS DRILL Ø6,3751,457.22,1.35,12.39,64.73,1.85,13.6,65.45,Inox,Gaurire,32,0,Niciunul
120,Burghiu,HSS DRILL Ø6,5409,495.82,0.6,12.67,77.15,1.39,76.9,64.62,Aluminiu,Gaurire,42,1,Uzura excesiva
121,Burghiu,HSS DRILL Ø6,5066,316.53,1.26,10.97,48.14,1.06,7.1,69.2,Otel,Gaurire,457,0,Niciunul
122,Burghiu,HSS DRILL Ø6,4041,1101.22,1.22,9.4,69.13,3.81,52.1,62.52,Aluminiu,Gaurire,246,1,Uzura excesiva
123,Burghiu,HSS DRILL Ø6,3180,931.3,0.84,18.49,43.38,1.66,2.9,60.74,Otel,Gaurire,305,0,Niciunul
124,Burghiu,HSS DRILL Ø6,4564,779.5,1.48,17.82,105.49,1.22,17.9,73.67,Aluminiu,Gaurire,428,1,Supraincalzire
125,Burghiu,HSS DRILL Ø6,5199,957.37,2.52,19.14,112.78,2.38,28.9,68.98,Aluminiu,Gaurire,389,1,Supraincalzire
126,Burghiu,HSS DRILL Ø6,2496,611.19,2.51,18.7,82.0,4.64,45.8,66.78,Inox,Gaurire,402,1,Vibratii
127,Burghiu,HSS DRILL Ø6,5713,295.62,1.59,13.06,83.22,4.41,58.5,65.0,Aluminiu,Gaurire,44,1,Niciunul
128,Burghiu,HSS DRILL Ø6,3105,1187.91,2.73,15.63,59.81,1.6,9.3,66.1,Aluminiu,Gaurire,284,0,Niciunul
129,Burghiu,HSS DRILL Ø6,1664,676.78,2.8,10.36,60.58,0.73,15.1,60.43,Inox,Gaurire,278,0,Niciunul
130,Burghiu,HSS DRILL Ø6,2800,284.67,0.14,11.92,53.1,1.68,18.5,64.82,Aluminiu,Gaurire,161,0,Niciunul
131,Burghiu,HSS DRILL Ø6,5998,599.47,1.09,10.19,67.49,4.9,67.1,73.11,Aluminiu,Gaurire,89,1,Uzura excesiva
132,Burghiu,HSS DRILL Ø6,3076,236.84,2.54,14.42,55.09,4.55,78.6,61.87,Aluminiu,Gaurire,268,1,Uzura excesiva
133,Burghiu,HSS DRILL Ø6,1546,1022.33,2.9,7.44,66.14,4.92,36.5,69.75,Aluminiu,Gaurire,459,1,Vibratii
134,Burghiu,HSS DRILL Ø6,2373,226.75,2.41,10.99,66.15,5.82,39.7,67.48,Otel,Gaurire,267,1,Vibratii
135,Burghiu,HSS DRILL Ø6,1803,891.1,1.13,15.13,98.52,1.8,33.3,74.54,Otel,Gaurire,16,1,Supraincalzire
136,Burghiu,HSS DRILL Ø6,3888,313.0,1.5,12.46,76.44,10.38,59.5,65.48,Aluminiu,Gaurire,498,1,Vibratii
137,Burghiu,HSS DRILL Ø6,5904,1113.16,0.56,7.43,73.71,8.56,48.7,74.26,Inox,Gaurire,269,1,Vibratii
138,Burghiu,HSS DRILL Ø6,5120,220.11,1.48,13.84,45.71,1.72,12.8,67.14,Inox,Gaurire,52,0,Niciunul
139,Burghiu,HSS DRILL Ø6,2780,656.83,2.79,14.51,58.0,0.65,14.3,62.87,Inox,Gaurire,178,0,Niciunul
140,Burghiu,HSS DRILL Ø6,5628,495.84,1.86,14.45,80.13,1.87,27.5,72.47,Otel,Gaurire,122,1,Niciunul
141,Burghiu,HSS DRILL Ø6,1688,1183.39,1.34,8.56,66.54,1.93,18.6,74.22,Inox,Gaurire,483,0,Niciunul
142,Burghiu,HSS DRILL Ø6,4897,859.91,1.98,14.04,36.12,1.76,13.8,64.32,Inox,Gaurire,97,0,Niciunul
143,Burghiu,HSS DRILL Ø6,3953,443.53,1.23,9.17,76.46,2.35,52.1,64.81,Otel,Gaurire,26,1,Uzura excesiva
144,Burghiu,HSS DRILL Ø6,5652,1011.35,0.6,10.37,54.71,1.17,3.2,72.9,Inox,Gaurire,115,0,Niciunul
145,Burghiu,HSS DRILL Ø6,4304,590.25,2.02,17.67,68.08,1.82,1.7,63.01,Otel,Gaurire,199,0,Niciunul
146,Burghiu,HSS DRILL Ø6,3456,926.61,0.85,17.9,83.38,3.85,31.4,60.08,Otel,Gaurire,394,1,Supraincalzire
147,Burghiu,HSS DRILL Ø6,3292,244.07,1.38,10.52,78.47,1.68,61.9,62.63,Otel,Gaurire,314,1,Niciunul
148,Burghiu,HSS DRILL Ø6,2492,456.8,2.82,18.24,56.12,0.62,8.5,69.07,Inox,Gaurire,141,0,Niciunul
149,Burghiu,HSS DRILL Ø6,2521,817.06,0.97,17.98,54.42,1.83,12.1,73.22,Otel,Gaurire,347,0,Niciunul
150,Burghiu,HSS DRILL Ø6,4720,831.93,2.39,5.61,65.62,4.21,27.3,62.43,Otel,Gaurire,316,1,Vibratii
151,Burghiu,HSS DRILL Ø6,3913,604.86,1.56,8.73,83.56,6.74,59.4,67.36,Otel,Gaurire,305,1,Vibratii
152,Burghiu,HSS DRILL Ø6,3280,735.02,0.33,10.58,59.15,3.33,35.7,72.91,Aluminiu,Gaurire,21,1,Vibratii
153,Burghiu,HSS DRILL Ø6,5111,304.57,1.89,6.96,54.71,1.97,1.9,68.38,Aluminiu,Gaurire,429,0,Niciunul
154,Burghiu,HSS DRILL Ø6,5477,415.83,1.62,11.59,42.13,0.92,11.5,65.88,Inox,Gaurire,57,0,Niciunul
155,Burghiu,HSS DRILL Ø6,3675,490.23,1.86,18.84,52.4,1.34,3.0,69.25,Otel,Gaurire,71,0,Niciunul
156,Burghiu,HSS DRILL Ø6,5343,637.56,1.04,11.15,62.52,1.01,5.7,67.56,Aluminiu,Gaurire,5,0,Niciunul
157,Burghiu,HSS DRILL Ø6,5923,457.98,0.52,17.56,53.06,1.26,66.5,72.19,Inox,Gaurire,287,1,Uzura excesiva
158,Burghiu,HSS DRILL Ø6,4144,742.43,2.07,14.14,58.84,9.53,44.3,62.78,Otel,Gaurire,202,1,Vibratii
159,Burghiu,HSS DRILL Ø6,4267,1032.9,0.41,7.77,38.02,1.55,16.5,61.35,Aluminiu,Gaurire,64,0,Niciunul
160,Burghiu,HSS DRILL Ø6,5590,383.36,2.26,15.2,40.79,1.49,12.3,71.65,Inox,Gaurire,77,0,Niciunul
161,Burghiu,HSS DRILL Ø6,1974,680.77,2.97,8.09,61.69,1.27,13.6,62.72,Aluminiu,Gaurire,115,0,Niciunul
162,Burghiu,HSS DRILL Ø6,3936,454.06,2.06,18.37,114.23,2.87,37.4,65.71,Inox,Gaurire,382,1,Supraincalzire
163,Burghiu,HSS DRILL Ø6,4822,889.81,1.1,14.76,65.68,3.06,60.4,65.32,Aluminiu,Gaurire,215,1,Uzura excesiva
164,Burghiu,HSS DRILL Ø6,3424,603.15,0.63,19.38,84.44,6.42,57.9,69.34,Otel,Gaurire,481,1,Vibratii
165,Burghiu,HSS DRILL Ø6,4252,772.0,1.56,7.35,86.89,9.94,28.6,68.8,Aluminiu,Gaurire,203,1,Vibratii
166,Burghiu,HSS DRILL Ø6,4966,326.86,0.71,19.98,76.78,6.32,23.7,63.43,Otel,Gaurire,44,1,Vibratii
167,Burghiu,HSS DRILL Ø6,2821,734.68,0.58,13.08,92.97,3.31,12.7,61.01,Aluminiu,Gaurire,407,1,Supraincalzire
168,Burghiu,HSS DRILL Ø6,4195,471.36,2.42,15.09,74.91,3.07,75.7,61.01,Inox,Gaurire,36,1,Uzura excesiva
169,Burghiu,HSS DRILL Ø6,4954,938.57,0.32,7.17,41.35,0.94,16.1,73.22,Aluminiu,Gaurire,88,0,Niciunul
170,Burghiu,HSS DRILL Ø6,4155,1113.54,2.78,17.64,56.65,0.6,15.3,62.75,Inox,Gaurire,175,0,Niciunul
171,Burghiu,HSS DRILL Ø6,1678,568.05,0.34,12.92,49.29,1.92,6.8,72.12,Otel,Gaurire,463,0,Niciunul
172,Burghiu,HSS DRILL Ø6,4434,806.94,2.85,14.87,69.31,4.29,50.0,68.22,Inox,Gaurire,438,1,Uzura excesiva
173,Burghiu,HSS DRILL Ø6,1860,1004.89,2.08,16.32,51.72,3.47,46.8,64.99,Aluminiu,Gaurire,493,1,Uzura excesiva
174,Burghiu,HSS DRILL Ø6,1548,1167.08,2.43,18.75,86.26,1.02,50.3,73.68,Otel,Gaurire,208,1,Uzura excesiva
175,Burghiu,HSS DRILL Ø6,2270,616.79,2.18,12.91,104.27,0.79,17.8,65.39,Aluminiu,Gaurire,151,1,Supraincalzire
176,Burghiu,HSS DRILL Ø6,4285,912.98,1.33,5.5,45.36,1.47,9.7,64.69,Aluminiu,Gaurire,76,0,Niciunul
177,Burghiu,HSS DRILL Ø6,2323,668.6,2.52,18.17,74.29,4.23,57.5,62.82,Inox,Gaurire,73,1,Uzura excesiva
178,Burghiu,HSS DRILL Ø6,5987,853.77,2.44,6.07,50.9,2.5,52.6,66.89,Otel,Gaurire,9,1,Uzura excesiva
179,Burghiu,HSS DRILL Ø6,1568,905.35,2.06,11.6,63.44,1.02,18.7,68.67,Otel,Gaurire,449,0,Niciunul
180,Burghiu,HSS DRILL Ø6,2937,1015.13,2.34,5.45,87.59,0.56,13.1,64.37,Inox,Gaurire,380,1,Supraincalzire
181,Burghiu,HSS DRILL Ø6,2254,569.78,2.63,11.26,50.33,11.36,39.4,61.54,Otel,Gaurire,3,1,Vibratii
182,Burghiu,HSS DRILL Ø6,5418,291.88,1.45,19.59,50.99,0.71,14.1,72.98,Inox,Gaurire,400,0,Niciunul
183,Burghiu,HSS DRILL Ø6,3211,670.9,1.94,5.61,60.76,0.51,5.6,69.18,Aluminiu,Gaurire,55,0,Niciunul
184,Burghiu,HSS DRILL Ø6,4212,455.64,2.4,15.54,89.14,4.03,55.3,60.54,Aluminiu,Gaurire,465,1,Vibratii
185,Burghiu,HSS DRILL Ø6,3260,267.21,2.99,18.95,58.29,1.72,7.5,67.73,Otel,Gaurire,292,0,Niciunul
186,Burghiu,HSS DRILL Ø6,5346,215.58,2.62,5.42,53.8,1.9,40.5,71.47,Otel,Gaurire,475,1,Uzura excesiva
187,Burghiu,HSS DRILL Ø6,2060,391.72,0.78,16.77,64.75,0.87,17.2,69.02,Inox,Gaurire,388,0,Niciunul
188,Burghiu,HSS DRILL Ø6,2007,740.83,1.69,17.82,43.29,0.71,13.0,73.73,Inox,Gaurire,356,0,Niciunul
189,Burghiu,HSS DRILL Ø6,2348,1188.08,0.56,11.47,54.99,0.91,15.5,65.23,Aluminiu,Gaurire,88,0,Niciunul
190,Burghiu,HSS DRILL Ø6,5382,954.17,0.47,10.08,54.0,1.55,3.3,70.63,Inox,Gaurire,222,0,Niciunul
191,Burghiu,HSS DRILL Ø6,1922,557.03,2.88,13.05,54.35,1.1,4.4,72.75,Inox,Gaurire,196,0,Niciunul
192,Burghiu,HSS DRILL Ø6,5989,540.06,1.67,15.91,116.16,3.77,14.9,63.55,Aluminiu,Gaurire,119,1,Niciunul
193,Burghiu,HSS DRILL Ø6,5687,753.7,2.15,7.34,37.54,0.89,10.0,60.28,Otel,Gaurire,233,0,Niciunul
194,Burghiu,HSS DRILL Ø6,4666,484.15,1.7,7.97,53.9,0.56,9.3,62.07,Inox,Gaurire,19,0,Niciunul
195,Burghiu,HSS DRILL Ø6,4531,619.23,1.05,14.99,42.78,1.11,14.9,65.97,Aluminiu,Gaurire,286,0,Niciunul
196,Burghiu,HSS DRILL Ø6,2326,629.05,1.46,18.47,45.83,0.62,17.2,65.89,Aluminiu,Gaurire,486,0,Niciunul
197,Burghiu,HSS DRILL Ø6,5484,371.27,0.12,7.36,55.41,4.22,63.5,71.74,Inox,Gaurire,399,1,Niciunul
198,Burghiu,HSS DRILL Ø6,3554,943.71,1.58,5.5,64.61,7.63,59.2,61.41,Otel,Gaurire,57,1,Vibratii
199,Burghiu,HSS DRILL Ø6,1649,582.14,1.6,16.37,51.95,1.25,15.8,74.27,Otel,Gaurire,203,0,Niciunul
200,Burghiu,HSS DRILL Ø6,5488,272.0,1.42,13.09,104.95,2.4,25.6,64.18,Aluminiu,Gaurire,251,1,Supraincalzire
201,Burghiu,HSS DRILL Ø6,2490,309.12,2.11,6.49,61.26,1.16,75.1,60.98,Inox,Gaurire,339,1,Uzura excesiva
202,Burghiu,HSS DRILL Ø6,4524,515.31,2.4,19.11,59.58,1.76,17.3,64.44,Aluminiu,Gaurire,241,0,Niciunul
203,Burghiu,HSS DRILL Ø6,3514,909.36,2.55,6.1,69.92,4.89,76.9,60.79,Aluminiu,Gaurire,344,1,Uzura excesiva
204,Burghiu,HSS DRILL Ø6,3854,724.94,2.11,13.58,63.83,5.79,57.6,71.78,Inox,Gaurire,212,1,Vibratii
205,Burghiu,HSS DRILL Ø6,1552,751.8,2.05,5.58,69.76,1.86,16.0,69.34,Inox,Gaurire,432,0,Niciunul
206,Burghiu,HSS DRILL Ø6,2734,682.32,0.22,16.49,67.66,0.67,16.7,61.26,Aluminiu,Gaurire,135,0,Niciunul
207,Burghiu,HSS DRILL Ø6,4243,403.32,0.41,10.46,50.85,0.5,18.5,62.64,Aluminiu,Gaurire,62,0,Niciunul
208,Burghiu,HSS DRILL Ø6,2515,875.93,2.98,13.45,47.65,1.5,17.3,60.98,Otel,Gaurire,201,0,Niciunul
209,Burghiu,HSS DRILL Ø6,3233,973.54,0.64,5.32,71.56,3.31,54.8,62.62,Inox,Gaurire,369,1,Vibratii
210,Burghiu,HSS DRILL Ø6,2555,768.75,2.22,8.88,71.05,5.36,58.4,74.32,Aluminiu,Gaurire,104,1,Vibratii
211,Burghiu,HSS DRILL Ø6,4757,627.72,0.1,13.6,84.45,0.91,10.7,64.87,Inox,Gaurire,426,1,Supraincalzire
212,Burghiu,HSS DRILL Ø6,5531,906.6,1.0,19.49,80.59,2.95,72.7,67.78,Otel,Gaurire,330,1,Uzura excesiva
213,Burghiu,HSS DRILL Ø6,4739,556.61,0.46,14.07,46.91,1.25,11.7,67.59,Aluminiu,Gaurire,88,0,Niciunul
214,Burghiu,HSS DRILL Ø6,1777,379.57,2.3,8.39,81.05,10.18,36.8,70.74,Otel,Gaurire,305,1,Vibratii
215,Burghiu,HSS DRILL Ø6,2029,1023.73,1.47,15.61,38.54,1.2,19.2,62.42,Otel,Gaurire,327,0,Niciunul
216,Burghiu,HSS DRILL Ø6,2159,616.31,0.32,10.39,68.42,1.97,11.0,65.6,Aluminiu,Gaurire,361,0,Niciunul
217,Burghiu,HSS DRILL Ø6,1770,285.2,1.49,9.08,67.6,4.03,56.0,68.06,Otel,Gaurire,428,1,Vibratii
218,Burghiu,HSS DRILL Ø6,4199,712.95,1.78,14.45,61.47,1.84,11.5,63.13,Aluminiu,Gaurire,223,0,Niciunul
219,Burghiu,HSS DRILL Ø6,3928,1099.39,2.87,7.95,59.5,1.04,6.3,71.76,Inox,Gaurire,417,0,Niciunul
220,Burghiu,HSS DRILL Ø6,2274,977.04,0.55,7.31,87.83,2.55,77.1,62.37,Aluminiu,Gaurire,295,1,Uzura excesiva
221,Burghiu,HSS DRILL Ø6,4026,201.97,1.17,15.12,65.85,9.46,46.1,71.42,Otel,Gaurire,201,1,Vibratii
222,Burghiu,HSS DRILL Ø6,1948,726.06,2.73,10.09,67.73,1.32,16.1,65.76,Aluminiu,Gaurire,160,0,Niciunul
223,Burghiu,HSS DRILL Ø6,5313,1198.53,0.64,8.25,81.43,9.9,50.9,72.21,Aluminiu,Gaurire,327,1,Vibratii
224,Burghiu,HSS DRILL Ø6,3578,1185.84,2.69,9.09,83.72,7.35,24.7,66.13,Inox,Gaurire,194,1,Niciunul
225,Burghiu,HSS DRILL Ø6,3886,854.24,2.97,13.8,53.94,0.76,12.0,70.98,Inox,Gaurire,115,0,Niciunul
226,Burghiu,HSS DRILL Ø6,5131,730.89,2.47,15.68,58.92,0.92,5.7,68.23,Otel,Gaurire,358,0,Niciunul
227,Burghiu,HSS DRILL Ø6,2392,1087.19,0.41,12.2,78.82,1.34,57.2,73.29,Inox,Gaurire,7,1,Uzura excesiva
228,Burghiu,HSS DRILL Ø6,5089,1160.36,2.36,7.8,108.97,1.67,18.1,72.78,Aluminiu,Gaurire,440,1,Supraincalzire
229,Burghiu,HSS DRILL Ø6,2835,1091.99,1.15,13.03,72.52,2.68,59.3,61.59,Otel,Gaurire,163,1,Uzura excesiva
230,Burghiu,HSS DRILL Ø6,5993,942.06,1.25,12.9,71.3,10.06,21.3,63.19,Aluminiu,Gaurire,151,1,Vibratii
231,Burghiu,HSS DRILL Ø6,2955,1060.29,0.22,13.74,40.54,1.04,13.5,68.04,Otel,Gaurire,415,0,Niciunul
232,Burghiu,HSS DRILL Ø6,5884,598.5,0.78,8.77,97.65,1.96,36.3,70.04,Inox,Gaurire,279,1,Supraincalzire
233,Burghiu,HSS DRILL Ø6,3112,217.85,2.4,7.78,89.85,4.41,73.4,60.81,Otel,Gaurire,293,1,Niciunul
234,Burghiu,HSS DRILL Ø6,4782,649.81,0.77,19.94,68.94,0.79,0.3,60.33,Inox,Gaurire,498,0,Niciunul
235,Burghiu,HSS DRILL Ø6,4484,790.18,1.43,17.31,43.46,1.6,11.6,62.06,Inox,Gaurire,149,0,Niciunul
236,Burghiu,HSS DRILL Ø6,4766,551.33,1.44,14.43,57.26,3.54,63.6,61.08,Inox,Gaurire,28,1,Uzura excesiva
237,Burghiu,HSS DRILL Ø6,3741,862.26,1.61,17.13,87.03,9.36,57.7,64.54,Inox,Gaurire,464,1,Vibratii
238,Burghiu,HSS DRILL Ø6,3662,956.5,1.76,13.5,48.94,0.74,11.0,70.18,Aluminiu,Gaurire,41,0,Niciunul
239,Burghiu,HSS DRILL Ø6,3536,903.04,1.55,6.27,54.12,1.08,5.0,72.04,Otel,Gaurire,105,0,Niciunul
240,Burghiu,HSS DRILL Ø6,3527,524.61,1.88,17.34,56.24,1.49,17.1,63.3,Otel,Gaurire,429,0,Niciunul
241,Burghiu,HSS DRILL Ø6,4850,1101.52,1.44,15.26,38.2,1.54,15.6,62.93,Inox,Gaurire,4,0,Niciunul
242,Burghiu,HSS DRILL Ø6,5883,255.32,1.35,9.55,75.31,4.85,65.0,72.2,Inox,Gaurire,443,1,Uzura excesiva
243,Burghiu,HSS DRILL Ø6,2788,201.04,1.25,13.03,67.27,3.91,28.3,66.46,Inox,Gaurire,234,1,Vibratii
244,Burghiu,HSS DRILL Ø6,4358,371.55,2.29,5.78,55.02,1.43,1.0,73.01,Otel,Gaurire,176,0,Niciunul
245,Burghiu,HSS DRILL Ø6,5396,1136.25,0.54,5.97,69.41,1.24,14.7,65.73,Otel,Gaurire,97,0,Niciunul
246,Burghiu,HSS DRILL Ø6,3298,316.62,2.87,5.39,92.56,2.29,27.9,64.03,Otel,Gaurire,406,1,Niciunul
247,Burghiu,HSS DRILL Ø6,3462,1033.64,1.31,10.62,70.61,3.09,46.7,62.55,Otel,Gaurire,320,1,Niciunul
248,Burghiu,HSS DRILL Ø6,4108,778.97,1.43,18.52,70.27,4.34,54.6,61.67,Aluminiu,Gaurire,232,1,Uzura excesiva
249,Burghiu,HSS DRILL Ø6,5460,265.58,0.83,10.63,44.79,1.06,4.6,62.42,Aluminiu,Gaurire,411,0,Niciunul
250,Burghiu,HSS DRILL Ø6,4026,339.68,2.49,5.05,66.39,9.31,37.7,65.02,Otel,Gaurire,373,1,Vibratii
251,Burghiu,HSS DRILL Ø6,3902,730.9,1.7,10.0,53.89,0.68,12.0,68.54,Aluminiu,Gaurire,258,0,Niciunul
252,Burghiu,HSS DRILL Ø6,2556,506.44,0.22,17.97,89.84,3.34,36.2,63.15,Aluminiu,Gaurire,105,1,Niciunul
253,Burghiu,HSS DRILL Ø6,4870,708.56,2.43,19.77,80.13,1.62,51.2,65.18,Aluminiu,Gaurire,52,1,Uzura excesiva
254,Burghiu,HSS DRILL Ø6,5036,879.19,0.21,18.57,52.41,9.71,23.1,68.64,Otel,Gaurire,481,1,Vibratii
255,Burghiu,HSS DRILL Ø6,2408,319.67,2.56,7.69,43.25,0.68,7.4,71.88,Aluminiu,Gaurire,189,0,Niciunul
256,Burghiu,HSS DRILL Ø6,2480,528.77,2.83,9.05,40.87,1.17,5.4,74.41,Otel,Gaurire,104,0,Niciunul
257,Burghiu,HSS DRILL Ø6,3215,1094.71,1.15,13.45,72.97,5.43,22.4,70.29,Aluminiu,Gaurire,255,1,Vibratii
258,Burghiu,HSS DRILL Ø6,3771,395.37,1.85,15.03,59.89,1.23,16.8,62.64,Otel,Gaurire,389,0,Niciunul
259,Burghiu,HSS DRILL Ø6,1545,271.45,2.55,13.96,94.81,0.54,12.0,74.04,Aluminiu,Gaurire,86,1,Supraincalzire
260,Burghiu,HSS DRILL Ø6,3042,496.2,2.76,12.4,111.94,2.28,15.1,67.5,Otel,Gaurire,194,1,Supraincalzire
261,Burghiu,HSS DRILL Ø6,2863,714.99,2.08,16.42,37.32,1.78,13.2,60.89,Aluminiu,Gaurire,40,0,Niciunul
262,Burghiu,HSS DRILL Ø6,5924,711.06,1.93,11.55,55.11,4.94,43.1,71.74,Aluminiu,Gaurire,247,1,Niciunul
263,Burghiu,HSS DRILL Ø6,3102,1159.84,1.86,7.36,58.94,0.98,15.3,73.23,Otel,Gaurire,286,0,Niciunul
264,Burghiu,HSS DRILL Ø6,2791,522.28,1.5,14.69,56.14,3.76,48.1,68.51,Aluminiu,Gaurire,337,1,Uzura excesiva
265,Burghiu,HSS DRILL Ø6,1737,968.33,0.85,6.09,67.81,1.32,8.2,64.36,Otel,Gaurire,107,0,Niciunul
266,Burghiu,HSS DRILL Ø6,2088,607.5,2.77,5.87,37.58,0.58,10.0,68.49,Aluminiu,Gaurire,258,0,Niciunul
267,Burghiu,HSS DRILL Ø6,4091,847.57,0.17,5.89,80.92,10.05,21.4,63.05,Aluminiu,Gaurire,239,1,Vibratii
268,Burghiu,HSS DRILL Ø6,4715,328.13,0.17,17.57,66.6,1.93,0.4,71.34,Aluminiu,Gaurire,185,0,Niciunul
269,Burghiu,HSS DRILL Ø6,3559,1159.89,2.17,8.59,64.77,1.99,7.5,69.62,Inox,Gaurire,276,0,Niciunul
270,Burghiu,HSS DRILL Ø6,5930,513.05,2.12,7.45,59.46,1.34,8.1,69.8,Otel,Gaurire,120,0,Niciunul
271,Burghiu,HSS DRILL Ø6,5650,353.34,1.31,10.37,73.82,3.23,51.9,74.41,Aluminiu,Gaurire,112,1,Uzura excesiva
272,Burghiu,HSS DRILL Ø6,5670,272.75,2.78,14.22,99.8,1.48,39.4,70.03,Inox,Gaurire,295,1,Supraincalzire
273,Burghiu,HSS DRILL Ø6,3061,1051.07,0.29,5.28,84.26,1.09,23.1,60.11,Otel,Gaurire,480,1,Niciunul
274,Burghiu,HSS DRILL Ø6,3491,504.17,1.83,7.11,45.13,1.3,18.8,71.5,Inox,Gaurire,484,0,Niciunul
275,Burghiu,HSS DRILL Ø6,5417,365.53,1.99,12.75,54.87,1.43,1.0,73.26,Inox,Gaurire,423,0,Niciunul
276,Burghiu,HSS DRILL Ø6,4196,589.71,2.51,5.4,56.57,2.58,74.3,72.31,Otel,Gaurire,487,1,Niciunul
277,Burghiu,HSS DRILL Ø6,5514,449.78,2.54,6.93,61.46,0.96,15.6,60.31,Inox,Gaurire,331,0,Niciunul
278,Burghiu,HSS DRILL Ø6,2682,1069.15,2.93,6.55,37.4,1.5,12.6,64.06,Aluminiu,Gaurire,329,0,Niciunul
279,Burghiu,HSS DRILL Ø6,3406,573.55,1.46,6.25,63.43,1.78,9.1,66.92,Inox,Gaurire,295,0,Niciunul
280,Burghiu,HSS DRILL Ø6,3264,579.6,0.77,19.24,55.85,2.0,5.5,60.5,Inox,Gaurire,370,0,Niciunul
281,Burghiu,HSS DRILL Ø6,2735,850.87,0.54,13.14,44.69,0.98,3.8,69.09,Aluminiu,Gaurire,492,0,Niciunul
282,Burghiu,HSS DRILL Ø6,4462,337.26,1.6,6.45,109.59,1.43,25.4,69.92,Otel,Gaurire,78,1,Supraincalzire
283,Burghiu,HSS DRILL Ø6,5057,441.36,0.99,10.43,64.12,0.98,3.5,72.24,Aluminiu,Gaurire,194,0,Niciunul
284,Burghiu,HSS DRILL Ø6,5320,626.44,2.35,9.19,80.56,0.84,29.1,73.83,Aluminiu,Gaurire,152,1,Niciunul
285,Burghiu,HSS DRILL Ø6,2714,993.66,0.61,14.82,84.5,0.8,22.8,63.15,Aluminiu,Gaurire,345,1,Supraincalzire
286,Burghiu,HSS DRILL Ø6,3610,287.91,2.24,13.28,58.5,1.78,13.7,70.91,Otel,Gaurire,212,0,Niciunul
287,Burghiu,HSS DRILL Ø6,1907,418.95,0.83,14.12,78.62,4.91,78.9,74.28,Aluminiu,Gaurire,96,1,Uzura excesiva
288,Burghiu,HSS DRILL Ø6,2224,889.12,2.5,12.99,61.03,1.32,7.6,67.33,Inox,Gaurire,90,0,Niciunul
289,Burghiu,HSS DRILL Ø6,5689,370.87,0.64,12.9,84.67,2.07,13.8,60.95,Inox,Gaurire,57,1,Supraincalzire
290,Burghiu,HSS DRILL Ø6,5833,410.81,1.03,18.25,57.12,10.9,29.5,66.8,Inox,Gaurire,70,1,Vibratii
291,Burghiu,HSS DRILL Ø6,5449,297.99,1.33,10.97,53.8,4.9,50.4,72.71,Inox,Gaurire,125,1,Uzura excesiva
292,Burghiu,HSS DRILL Ø6,5658,612.31,0.14,8.76,108.98,2.61,17.5,62.53,Otel,Gaurire,105,1,Supraincalzire
293,Burghiu,HSS DRILL Ø6,1955,741.86,2.13,18.87,114.12,2.24,21.6,62.94,Aluminiu,Gaurire,460,1,Niciunul
294,Burghiu,HSS DRILL Ø6,4543,949.44,1.44,14.02,65.38,0.73,8.2,67.29,Otel,Gaurire,41,0,Niciunul
295,Burghiu,HSS DRILL Ø6,5656,951.98,2.12,18.28,68.26,1.96,16.1,64.71,Otel,Gaurire,252,0,Niciunul
296,Burghiu,HSS DRILL Ø6,3190,381.45,0.31,17.67,53.94,1.87,6.6,64.56,Otel,Gaurire,209,0,Niciunul
297,Burghiu,HSS DRILL Ø6,5371,434.1,0.54,9.92,82.52,0.67,10.4,70.92,Inox,Gaurire,91,1,Supraincalzire
298,Burghiu,HSS DRILL Ø6,3090,825.6,1.01,19.52,86.31,1.22,21.0,65.23,Otel,Gaurire,113,1,Supraincalzire
299,Burghiu,HSS DRILL Ø6,2111,438.76,0.99,6.93,47.83,0.82,18.8,74.99,Inox,Gaurire,338,0,Niciunul
300,Burghiu,HSS DRILL Ø6,2769,210.15,0.81,8.11,41.56,1.3,16.2,74.93,Aluminiu,Gaurire,154,0,Niciunul
301,Burghiu,HSS DRILL Ø6,3628,1047.1,1.46,14.51,45.07,1.23,0.4,73.95,Inox,Gaurire,481,0,Niciunul
302,Burghiu,HSS DRILL Ø6,5109,613.73,0.9,17.16,65.68,1.48,16.0,70.21,Inox,Gaurire,491,0,Niciunul
303,Burghiu,HSS DRILL Ø6,2713,632.47,1.0,15.93,96.79,2.52,10.2,65.96,Aluminiu,Gaurire,24,1,Supraincalzire
304,Burghiu,HSS DRILL Ø6,3693,737.78,1.58,7.36,44.92,1.6,4.5,70.92,Otel,Gaurire,282,0,Niciunul
305,Burghiu,HSS DRILL Ø6,4401,503.28,0.51,19.77,97.83,1.6,13.4,66.02,Inox,Gaurire,77,1,Supraincalzire
306,Burghiu,HSS DRILL Ø6,2386,334.46,1.73,16.21,100.96,2.48,31.9,62.68,Inox,Gaurire,21,1,Supraincalzire
307,Burghiu,HSS DRILL Ø6,3388,955.97,2.04,12.35,85.62,8.04,54.1,64.08,Otel,Gaurire,378,1,Vibratii
308,Burghiu,HSS DRILL Ø6,1849,634.52,2.48,8.9,58.34,0.65,19.6,73.77,Aluminiu,Gaurire,233,0,Niciunul
309,Burghiu,HSS DRILL Ø6,2465,646.77,2.53,10.14,60.54,0.97,19.3,67.2,Otel,Gaurire,47,0,Niciunul
310,Burghiu,HSS DRILL Ø6,2239,355.56,1.44,13.93,78.47,4.26,67.9,60.13,Inox,Gaurire,353,1,Uzura excesiva
311,Burghiu,HSS DRILL Ø6,5008,388.73,2.83,6.56,44.69,1.97,15.2,73.94,Otel,Gaurire,126,0,Niciunul
312,Burghiu,HSS DRILL Ø6,5968,1132.31,0.34,15.8,46.27,1.5,15.1,63.02,Otel,Gaurire,345,0,Niciunul
313,Burghiu,HSS DRILL Ø6,5594,601.92,2.34,5.73,72.89,3.07,62.5,72.47,Otel,Gaurire,180,1,Uzura excesiva
314,Burghiu,HSS DRILL Ø6,5138,466.45,2.97,19.58,57.41,6.23,38.9,69.66,Otel,Gaurire,326,1,Vibratii
315,Burghiu,HSS DRILL Ø6,4259,1178.73,0.23,17.29,113.06,0.5,37.8,62.63,Otel,Gaurire,464,1,Supraincalzire
316,Burghiu,HSS DRILL Ø6,4409,772.18,2.93,6.76,67.42,1.7,7.7,62.54,Aluminiu,Gaurire,46,0,Niciunul
317,Burghiu,HSS DRILL Ø6,5027,1154.34,0.21,16.47,57.99,2.32,79.5,64.54,Inox,Gaurire,390,1,Uzura excesiva
318,Burghiu,HSS DRILL Ø6,5326,653.06,2.26,17.23,85.61,3.28,49.4,69.07,Aluminiu,Gaurire,242,1,Vibratii
319,Burghiu,HSS DRILL Ø6,3550,725.65,0.59,10.83,43.46,0.58,7.8,67.17,Otel,Gaurire,373,0,Niciunul
320,Burghiu,HSS DRILL Ø6,5493,1142.97,1.96,19.94,63.35,1.27,4.1,61.64,Aluminiu,Gaurire,120,0,Niciunul
321,Burghiu,HSS DRILL Ø6,4068,425.77,1.55,5.55,62.55,1.87,17.2,61.35,Otel,Gaurire,328,0,Niciunul
322,Burghiu,HSS DRILL Ø6,5591,430.93,1.17,6.89,43.22,0.64,12.4,70.62,Inox,Gaurire,94,0,Niciunul
323,Burghiu,HSS DRILL Ø6,3655,312.58,2.18,6.04,57.3,4.3,34.9,64.64,Inox,Gaurire,424,1,Niciunul
324,Burghiu,HSS DRILL Ø6,2300,897.54,0.65,11.45,85.03,3.93,32.3,60.27,Aluminiu,Gaurire,444,1,Supraincalzire
325,Burghiu,HSS DRILL Ø6,5540,1188.93,1.49,7.33,55.75,1.1,0.2,61.94,Otel,Gaurire,250,0,Niciunul
326,Burghiu,HSS DRILL Ø6,1655,1090.4,0.71,16.99,50.59,1.29,51.9,65.8,Inox,Gaurire,290,1,Uzura excesiva
327,Burghiu,HSS DRILL Ø6,3924,770.03,0.58,5.42,35.7,1.82,14.4,70.96,Inox,Gaurire,112,0,Niciunul
328,Burghiu,HSS DRILL Ø6,3788,463.64,2.5,18.53,92.95,2.55,14.3,72.5,Otel,Gaurire,205,1,Niciunul
329,Burghiu,HSS DRILL Ø6,3866,789.49,2.8,12.33,51.03,1.23,15.7,66.87,Otel,Gaurire,90,0,Niciunul
330,Burghiu,HSS DRILL Ø6,4872,560.01,2.36,10.64,77.58,1.63,67.3,72.86,Otel,Gaurire,222,1,Uzura excesiva
331,Burghiu,HSS DRILL Ø6,1992,681.07,0.2,17.16,54.16,0.97,15.7,70.04,Otel,Gaurire,248,0,Niciunul
332,Burghiu,HSS DRILL Ø6,5830,1144.87,2.47,15.05,76.18,1.17,60.9,60.97,Aluminiu,Gaurire,39,1,Uzura excesiva
333,Burghiu,HSS DRILL Ø6,3021,968.7,1.36,16.04,36.79,0.71,17.5,71.27,Otel,Gaurire,177,0,Niciunul
334,Burghiu,HSS DRILL Ø6,5048,748.65,0.38,19.34,54.49,1.04,11.1,69.66,Otel,Gaurire,41,0,Niciunul
335,Burghiu,HSS DRILL Ø6,2359,590.94,0.28,15.14,66.62,1.99,11.4,68.04,Aluminiu,Gaurire,376,0,Niciunul
336,Burghiu,HSS DRILL Ø6,5814,220.28,2.12,6.82,58.63,5.09,54.5,64.42,Otel,Gaurire,240,1,Vibratii
337,Burghiu,HSS DRILL Ø6,5298,298.44,0.17,18.4,83.67,1.39,13.8,72.05,Otel,Gaurire,327,1,Supraincalzire
338,Burghiu,HSS DRILL Ø6,5833,861.89,2.21,15.53,39.19,1.7,18.4,63.14,Aluminiu,Gaurire,210,0,Niciunul
339,Burghiu,HSS DRILL Ø6,1681,936.95,1.13,15.62,92.86,1.7,16.0,71.51,Otel,Gaurire,440,1,Supraincalzire
340,Burghiu,HSS DRILL Ø6,3017,829.91,2.56,9.57,42.7,1.13,6.1,64.27,Inox,Gaurire,312,0,Niciunul
341,Burghiu,HSS DRILL Ø6,4452,1198.66,0.29,5.17,68.99,8.53,39.7,68.36,Otel,Gaurire,385,1,Vibratii
342,Burghiu,HSS DRILL Ø6,5650,358.24,1.34,15.14,115.36,2.22,34.0,72.8,Inox,Gaurire,9,1,Niciunul
343,Burghiu,HSS DRILL Ø6,5575,1087.58,2.31,9.93,40.31,1.68,2.3,63.86,Otel,Gaurire,27,0,Niciunul
344,Burghiu,HSS DRILL Ø6,2826,523.14,2.82,12.45,61.92,5.8,42.4,65.74,Inox,Gaurire,423,1,Vibratii
345,Burghiu,HSS DRILL Ø6,5308,683.21,1.09,12.76,52.28,4.63,55.4,61.82,Aluminiu,Gaurire,6,1,Uzura excesiva
346,Burghiu,HSS DRILL Ø6,4215,304.08,2.96,5.51,55.84,1.75,11.5,65.49,Aluminiu,Gaurire,2,0,Niciunul
347,Burghiu,HSS DRILL Ø6,2910,373.88,1.39,11.84,46.3,0.61,7.8,60.83,Aluminiu,Gaurire,340,0,Niciunul
348,Burghiu,HSS DRILL Ø6,3806,976.07,0.76,8.83,108.4,3.43,20.3,65.31,Otel,Gaurire,184,1,Supraincalzire
349,Burghiu,HSS DRILL Ø6,4343,803.42,1.04,14.42,64.06,0.92,13.1,63.41,Otel,Gaurire,406,0,Niciunul
350,Burghiu,HSS DRILL Ø6,5885,479.83,2.45,15.02,88.28,1.19,38.0,69.85,Otel,Gaurire,19,1,Supraincalzire
351,Burghiu,HSS DRILL Ø6,2940,1100.08,0.75,19.19,85.0,3.51,42.1,71.12,Inox,Gaurire,323,1,Niciunul
352,Burghiu,HSS DRILL Ø6,5781,247.61,0.87,10.19,42.38,0.55,6.5,65.79,Aluminiu,Gaurire,359,0,Niciunul
353,Burghiu,HSS DRILL Ø6,4264,761.68,1.75,19.19,52.98,0.75,0.5,60.13,Otel,Gaurire,171,0,Niciunul
354,Burghiu,HSS DRILL Ø6,4349,1062.72,1.14,6.49,94.44,2.27,38.8,68.59,Inox,Gaurire,368,1,Supraincalzire
355,Burghiu,HSS DRILL Ø6,3763,640.69,1.88,13.86,39.78,0.54,1.3,68.92,Inox,Gaurire,397,0,Niciunul
356,Burghiu,HSS DRILL Ø6,4979,609.96,2.95,6.6,81.85,0.74,23.7,65.67,Aluminiu,Gaurire,304,1,Supraincalzire
357,Burghiu,HSS DRILL Ø6,5080,896.46,0.88,5.5,64.13,1.49,0.4,62.65,Aluminiu,Gaurire,213,0,Niciunul
358,Burghiu,HSS DRILL Ø6,5997,966.1,0.53,6.22,49.47,1.95,4.5,64.55,Aluminiu,Gaurire,478,0,Niciunul
359,Burghiu,HSS DRILL Ø6,3059,532.72,2.3,9.38,66.54,1.77,7.7,70.8,Aluminiu,Gaurire,57,0,Niciunul
360,Burghiu,HSS DRILL Ø6,2130,1008.34,1.37,9.39,50.39,3.95,65.3,74.28,Otel,Gaurire,66,1,Uzura excesiva
361,Burghiu,HSS DRILL Ø6,5911,583.65,0.43,16.77,52.29,1.92,19.9,73.54,Otel,Gaurire,100,0,Niciunul
362,Burghiu,HSS DRILL Ø6,3502,1127.54,1.72,7.55,48.28,1.59,6.4,62.01,Aluminiu,Gaurire,307,0,Niciunul
363,Burghiu,HSS DRILL Ø6,4036,978.66,2.86,10.06,59.71,0.97,10.3,73.42,Inox,Gaurire,136,0,Niciunul
364,Burghiu,HSS DRILL Ø6,4821,824.98,2.56,8.76,68.56,0.61,8.5,70.08,Inox,Gaurire,76,0,Niciunul
365,Burghiu,HSS DRILL Ø6,3421,973.94,1.45,6.98,62.97,1.01,16.2,68.56,Aluminiu,Gaurire,24,0,Niciunul
366,Burghiu,HSS DRILL Ø6,4680,728.86,0.13,17.16,75.22,10.88,20.1,61.32,Inox,Gaurire,302,1,Vibratii
367,Burghiu,HSS DRILL Ø6,5510,305.18,1.46,19.62,80.77,0.87,29.5,64.17,Inox,Gaurire,392,1,Supraincalzire
368,Burghiu,HSS DRILL Ø6,4221,334.36,1.78,13.7,53.04,4.33,39.7,60.54,Aluminiu,Gaurire,194,1,Vibratii
369,Burghiu,HSS DRILL Ø6,5106,1044.81,0.82,12.83,80.67,2.8,52.6,67.05,Otel,Gaurire,476,1,Uzura excesiva
370,Burghiu,HSS DRILL Ø6,5472,817.7,2.01,16.97,51.9,1.17,12.0,68.44,Inox,Gaurire,401,0,Niciunul
371,Burghiu,HSS DRILL Ø6,1975,309.0,2.68,5.81,68.86,4.07,56.8,61.87,Aluminiu,Gaurire,45,1,Uzura excesiva
372,Burghiu,HSS DRILL Ø6,4921,398.86,1.15,18.71,67.03,1.24,6.9,65.01,Otel,Gaurire,458,0,Niciunul
373,Burghiu,HSS DRILL Ø6,1722,298.2,0.65,5.37,78.4,2.5,66.1,71.92,Inox,Gaurire,464,1,Uzura excesiva
374,Burghiu,HSS DRILL Ø6,4576,548.4,2.72,17.25,114.84,2.1,34.2,62.56,Otel,Gaurire,493,1,Supraincalzire
375,Burghiu,HSS DRILL Ø6,4914,1057.45,2.56,8.08,52.89,1.34,17.3,74.43,Aluminiu,Gaurire,155,0,Niciunul
376,Burghiu,HSS DRILL Ø6,2579,664.05,2.98,15.92,54.5,0.74,17.5,67.51,Aluminiu,Gaurire,290,0,Niciunul
377,Burghiu,HSS DRILL Ø6,2384,820.8,1.77,9.38,43.99,0.52,15.3,74.92,Aluminiu,Gaurire,461,0,Niciunul
378,Burghiu,HSS DRILL Ø6,4173,550.37,0.37,7.66,57.6,3.96,36.4,62.42,Inox,Gaurire,102,1,Vibratii
379,Burghiu,HSS DRILL Ø6,2457,683.82,1.17,8.84,69.38,1.64,16.4,71.08,Aluminiu,Gaurire,49,0,Niciunul
380,Burghiu,HSS DRILL Ø6,5575,968.72,2.03,14.15,78.66,1.01,51.8,74.19,Aluminiu,Gaurire,399,1,Uzura excesiva
381,Burghiu,HSS DRILL Ø6,4738,1177.57,0.1,19.97,55.41,1.97,10.9,65.97,Aluminiu,Gaurire,272,0,Niciunul
382,Burghiu,HSS DRILL Ø6,3410,584.98,1.42,5.2,58.55,1.6,0.5,71.94,Otel,Gaurire,379,0,Niciunul
383,Burghiu,HSS DRILL Ø6,2854,1082.86,1.33,8.14,50.31,1.41,18.4,70.87,Aluminiu,Gaurire,161,0,Niciunul
384,Burghiu,HSS DRILL Ø6,2108,248.83,1.01,9.95,38.69,0.72,0.7,65.24,Inox,Gaurire,391,0,Niciunul
385,Burghiu,HSS DRILL Ø6,5324,421.35,1.68,15.42,65.47,10.91,34.9,72.09,Inox,Gaurire,201,1,Vibratii
386,Burghiu,HSS DRILL Ø6,5111,880.48,2.38,19.36,107.51,1.13,39.1,68.16,Otel,Gaurire,104,1,Supraincalzire
387,Burghiu,HSS DRILL Ø6,3729,512.34,1.71,17.57,88.97,9.04,46.6,72.03,Inox,Gaurire,135,1,Vibratii
388,Burghiu,HSS DRILL Ø6,4802,698.82,2.62,5.06,36.29,1.04,12.7,73.63,Aluminiu,Gaurire,322,0,Niciunul
389,Burghiu,HSS DRILL Ø6,5786,555.31,2.14,10.02,59.96,8.84,57.0,67.63,Aluminiu,Gaurire,416,1,Vibratii
390,Burghiu,HSS DRILL Ø6,3216,833.57,1.97,18.06,51.35,1.23,1.6,70.12,Inox,Gaurire,81,0,Niciunul
391,Burghiu,HSS DRILL Ø6,1545,653.39,1.27,9.21,74.56,11.28,23.4,74.7,Inox,Gaurire,370,1,Vibratii
392,Burghiu,HSS DRILL Ø6,3495,584.97,1.38,8.95,51.28,10.56,47.4,68.59,Inox,Gaurire,433,1,Vibratii
393,Burghiu,HSS DRILL Ø6,3390,931.94,1.89,8.59,57.41,9.86,40.7,71.17,Aluminiu,Gaurire,492,1,Vibratii
394,Burghiu,HSS DRILL Ø6,5785,418.48,0.67,12.69,61.88,1.66,3.9,62.69,Aluminiu,Gaurire,389,0,Niciunul
395,Burghiu,HSS DRILL Ø6,5043,808.52,0.91,8.25,84.88,6.92,22.4,62.63,Otel,Gaurire,240,1,Vibratii
396,Burghiu,HSS DRILL Ø6,2217,521.85,0.17,11.26,54.29,1.35,2.7,72.86,Aluminiu,Gaurire,75,0,Niciunul
397,Burghiu,HSS DRILL Ø6,3511,827.29,2.68,17.55,74.35,1.44,55.7,74.88,Otel,Gaurire,40,1,Uzura excesiva
398,Burghiu,HSS DRILL Ø6,4012,592.51,0.58,10.17,64.53,2.73,65.1,66.56,Otel,Gaurire,445,1,Uzura excesiva
399,Burghiu,HSS DRILL Ø6,5763,271.45,2.37,9.94,98.97,2.09,13.6,60.38,Inox,Gaurire,246,1,Supraincalzire
400,Burghiu,HSS DRILL Ø6,4763,220.11,0.2,15.43,56.99,1.39,67.1,69.96,Otel,Gaurire,13,1,Uzura excesiva
401,Burghiu,HSS DRILL Ø6,2850,762.39,1.6,15.45,51.46,0.82,16.1,69.81,Aluminiu,Gaurire,256,0,Niciunul
402,Burghiu,HSS DRILL Ø6,2688,1068.6,1.04,18.97,54.33,1.16,19.2,72.93,Aluminiu,Gaurire,495,0,Niciunul
403,Burghiu,HSS DRILL Ø6,2298,225.43,1.41,19.18,53.03,0.65,8.7,66.22,Aluminiu,Gaurire,74,0,Niciunul
404,Burghiu,HSS DRILL Ø6,3704,1008.03,1.04,8.42,88.17,0.56,36.9,63.96,Aluminiu,Gaurire,381,1,Niciunul
405,Burghiu,HSS DRILL Ø6,5536,438.52,2.69,12.91,42.93,1.64,10.6,66.02,Otel,Gaurire,395,0,Niciunul
406,Burghiu,HSS DRILL Ø6,1755,790.04,1.53,6.24,53.82,1.77,67.6,67.1,Otel,Gaurire,377,1,Uzura excesiva
407,Burghiu,HSS DRILL Ø6,5056,698.93,1.03,9.37,69.69,0.95,0.3,60.71,Otel,Gaurire,222,0,Niciunul
408,Burghiu,HSS DRILL Ø6,2044,233.21,1.72,14.22,56.38,0.66,11.9,70.41,Inox,Gaurire,495,0,Niciunul
409,Burghiu,HSS DRILL Ø6,4324,520.58,1.06,13.06,46.59,1.14,2.5,66.86,Inox,Gaurire,454,0,Niciunul
410,Burghiu,HSS DRILL Ø6,3707,580.9,2.74,12.11,44.52,1.66,16.1,63.31,Aluminiu,Gaurire,223,0,Niciunul
411,Burghiu,HSS DRILL Ø6,4320,868.7,1.96,18.06,51.6,1.22,18.7,62.67,Otel,Gaurire,468,0,Niciunul
412,Burghiu,HSS DRILL Ø6,2423,508.11,0.36,16.56,39.97,1.71,10.4,62.84,Aluminiu,Gaurire,429,0,Niciunul
413,Burghiu,HSS DRILL Ø6,1619,924.36,1.03,18.71,36.86,1.68,11.7,74.53,Inox,Gaurire,30,0,Niciunul
414,Burghiu,HSS DRILL Ø6,5220,261.9,0.66,5.71,88.78,1.2,79.0,71.49,Otel,Gaurire,437,1,Niciunul
415,Burghiu,HSS DRILL Ø6,5837,646.43,2.5,8.94,75.94,2.28,41.8,65.65,Otel,Gaurire,235,1,Uzura excesiva
416,Burghiu,HSS DRILL Ø6,3022,492.48,0.47,14.25,41.54,0.75,16.6,67.81,Otel,Gaurire,290,0,Niciunul
417,Burghiu,HSS DRILL Ø6,4029,885.6,1.71,11.32,56.88,1.48,12.0,72.46,Otel,Gaurire,93,0,Niciunul
418,Burghiu,HSS DRILL Ø6,3971,263.78,0.85,9.37,45.53,1.49,8.9,67.23,Aluminiu,Gaurire,430,0,Niciunul
419,Burghiu,HSS DRILL Ø6,2558,516.53,0.98,13.5,41.9,1.64,2.2,68.46,Otel,Gaurire,373,0,Niciunul
420,Burghiu,HSS DRILL Ø6,4663,273.45,2.61,15.58,105.42,2.12,13.1,61.08,Inox,Gaurire,173,1,Supraincalzire
421,Burghiu,HSS DRILL Ø6,1670,864.95,0.8,5.4,42.14,1.71,3.5,64.4,Inox,Gaurire,82,0,Niciunul
422,Burghiu,HSS DRILL Ø6,5498,290.32,0.27,10.43,48.22,0.74,19.9,61.86,Otel,Gaurire,403,0,Niciunul
423,Burghiu,HSS DRILL Ø6,5235,600.96,0.96,16.83,96.19,3.38,16.2,73.03,Inox,Gaurire,91,1,Supraincalzire
424,Burghiu,HSS DRILL Ø6,4741,1043.41,0.46,10.44,35.9,0.55,19.0,74.44,Inox,Gaurire,83,0,Niciunul
425,Burghiu,HSS DRILL Ø6,4277,993.97,2.61,14.16,68.69,0.57,14.5,62.75,Inox,Gaurire,24,0,Niciunul
426,Burghiu,HSS DRILL Ø6,1974,538.71,0.81,16.08,103.59,1.16,37.5,67.84,Inox,Gaurire,160,1,Supraincalzire
427,Burghiu,HSS DRILL Ø6,5195,1037.36,0.3,6.88,64.57,1.15,12.8,66.09,Otel,Gaurire,263,0,Niciunul
428,Burghiu,HSS DRILL Ø6,2892,212.32,0.84,12.14,45.74,1.52,1.6,62.44,Inox,Gaurire,15,0,Niciunul
429,Burghiu,HSS DRILL Ø6,1877,474.88,2.84,8.91,59.77,1.29,5.0,70.14,Otel,Gaurire,119,0,Niciunul
430,Burghiu,HSS DRILL Ø6,1952,746.02,0.54,16.15,46.38,1.37,0.8,61.36,Inox,Gaurire,372,0,Niciunul
431,Burghiu,HSS DRILL Ø6,5180,769.71,1.18,17.84,37.42,1.35,3.5,69.9,Aluminiu,Gaurire,496,0,Niciunul
432,Burghiu,HSS DRILL Ø6,5506,875.83,2.32,19.24,66.74,0.7,15.0,64.69,Otel,Gaurire,436,0,Niciunul
433,Burghiu,HSS DRILL Ø6,5330,638.86,1.98,14.89,38.96,1.05,7.2,64.64,Inox,Gaurire,26,0,Niciunul
434,Burghiu,HSS DRILL Ø6,2696,804.69,1.13,19.51,86.32,5.39,37.5,67.08,Otel,Gaurire,431,1,Vibratii
435,Burghiu,HSS DRILL Ø6,3636,856.24,0.6,16.54,81.82,11.5,25.3,61.42,Aluminiu,Gaurire,490,1,Vibratii
436,Burghiu,HSS DRILL Ø6,3151,570.88,0.99,10.48,67.15,1.75,59.4,61.45,Inox,Gaurire,165,1,Uzura excesiva
437,Burghiu,HSS DRILL Ø6,2678,1143.26,2.99,10.32,64.41,3.96,53.6,71.13,Inox,Gaurire,269,1,Uzura excesiva
438,Burghiu,HSS DRILL Ø6,5047,470.88,1.96,13.02,74.87,2.07,44.4,62.39,Inox,Gaurire,216,1,Uzura excesiva
439,Burghiu,HSS DRILL Ø6,4334,848.42,0.49,14.08,52.91,1.1,16.6,73.41,Inox,Gaurire,122,0,Niciunul
440,Burghiu,HSS DRILL Ø6,1703,504.48,2.16,18.51,87.02,0.92,19.9,61.21,Inox,Gaurire,187,1,Supraincalzire
441,Burghiu,HSS DRILL Ø6,3790,230.19,1.94,14.48,35.52,1.79,9.8,71.13,Inox,Gaurire,435,0,Niciunul
442,Burghiu,HSS DRILL Ø6,1948,885.88,0.38,10.74,39.5,1.83,0.3,61.56,Inox,Gaurire,41,0,Niciunul
443,Burghiu,HSS DRILL Ø6,4629,827.57,2.8,8.05,112.77,2.59,26.9,69.66,Otel,Gaurire,305,1,Supraincalzire
444,Burghiu,HSS DRILL Ø6,4451,300.81,2.01,13.21,86.19,2.38,78.2,71.3,Aluminiu,Gaurire,81,1,Uzura excesiva
445,Burghiu,HSS DRILL Ø6,4771,207.86,2.75,9.77,67.22,4.84,51.9,72.35,Aluminiu,Gaurire,239,1,Niciunul
446,Burghiu,HSS DRILL Ø6,5525,900.16,2.57,16.7,40.8,1.7,11.7,72.87,Inox,Gaurire,140,0,Niciunul
447,Burghiu,HSS DRILL Ø6,4642,804.88,0.31,6.52,53.44,0.57,0.7,65.77,Inox,Gaurire,323,0,Niciunul
448,Burghiu,HSS DRILL Ø6,3058,220.64,2.29,7.87,116.34,0.88,29.0,63.44,Aluminiu,Gaurire,179,1,Supraincalzire
449,Burghiu,HSS DRILL Ø6,3261,919.84,1.14,18.4,59.25,0.91,2.0,70.68,Inox,Gaurire,441,0,Niciunul
450,Burghiu,HSS DRILL Ø6,3892,437.24,0.48,13.28,60.59,1.99,15.0,62.13,Otel,Gaurire,487,0,Niciunul
451,Burghiu,HSS DRILL Ø6,2174,898.36,1.25,8.35,51.74,4.57,41.1,71.71,Aluminiu,Gaurire,418,1,Uzura excesiva
452,Burghiu,HSS DRILL Ø6,3497,989.0,0.65,16.44,65.03,0.52,1.9,70.95,Aluminiu,Gaurire,412,0,Niciunul
453,Burghiu,HSS DRILL Ø6,5147,925.38,1.33,7.61,72.6,4.23,63.0,60.91,Inox,Gaurire,4,1,Uzura excesiva
454,Burghiu,HSS DRILL Ø6,1743,504.46,1.64,18.99,36.22,1.06,7.3,71.35,Otel,Gaurire,278,0,Niciunul
455,Burghiu,HSS DRILL Ø6,4001,631.13,0.19,10.5,54.69,1.53,60.0,69.08,Inox,Gaurire,383,1,Uzura excesiva
456,Burghiu,HSS DRILL Ø6,2723,836.11,2.02,10.56,56.1,0.7,10.3,69.39,Inox,Gaurire,179,0,Niciunul
457,Burghiu,HSS DRILL Ø6,1565,770.38,1.67,9.04,42.96,1.75,19.3,69.67,Aluminiu,Gaurire,293,0,Niciunul
458,Burghiu,HSS DRILL Ø6,3578,686.3,0.11,10.34,67.67,6.81,54.4,65.69,Otel,Gaurire,185,1,Vibratii
459,Burghiu,HSS DRILL Ø6,5348,1030.44,0.76,19.01,83.34,1.34,24.3,60.65,Inox,Gaurire,99,1,Supraincalzire
460,Burghiu,HSS DRILL Ø6,4699,405.6,0.78,7.55,68.61,1.46,13.4,64.05,Otel,Gaurire,197,0,Niciunul
461,Burghiu,HSS DRILL Ø6,2026,377.93,1.42,10.48,89.98,1.22,30.6,63.57,Otel,Gaurire,437,1,Supraincalzire
462,Burghiu,HSS DRILL Ø6,3221,1024.74,0.76,14.31,60.97,11.14,56.8,62.33,Otel,Gaurire,142,1,Vibratii
463,Burghiu,HSS DRILL Ø6,1769,793.42,0.94,8.35,62.43,7.66,31.2,71.73,Aluminiu,Gaurire,318,1,Vibratii
464,Burghiu,HSS DRILL Ø6,4445,958.88,0.47,8.26,53.82,1.61,8.6,68.32,Aluminiu,Gaurire,342,0,Niciunul
465,Burghiu,HSS DRILL Ø6,5974,726.71,1.19,7.6,84.34,1.97,44.6,60.43,Otel,Gaurire,40,1,Uzura excesiva
466,Burghiu,HSS DRILL Ø6,2512,1150.68,0.97,17.37,36.64,1.68,18.7,62.12,Aluminiu,Gaurire,209,0,Niciunul
467,Burghiu,HSS DRILL Ø6,2846,824.24,1.65,5.4,61.32,1.8,4.7,63.56,Aluminiu,Gaurire,235,0,Niciunul
468,Burghiu,HSS DRILL Ø6,5437,890.19,1.19,11.79,63.26,1.68,12.3,65.33,Otel,Gaurire,188,0,Niciunul
469,Burghiu,HSS DRILL Ø6,3181,311.32,2.99,18.75,71.89,1.83,42.7,68.68,Aluminiu,Gaurire,280,1,Uzura excesiva
470,Burghiu,HSS DRILL Ø6,5183,578.11,2.3,9.32,49.5,0.79,19.1,67.17,Inox,Gaurire,130,0,Niciunul
471,Burghiu,HSS DRILL Ø6,5832,639.78,1.47,13.63,93.82,3.35,23.0,70.12,Aluminiu,Gaurire,105,1,Supraincalzire
472,Burghiu,HSS DRILL Ø6,4987,529.51,1.6,12.18,45.04,1.6,17.6,61.22,Otel,Gaurire,367,0,Niciunul
473,Burghiu,HSS DRILL Ø6,4900,563.68,0.46,17.23,87.89,3.83,23.7,67.94,Inox,Gaurire,298,1,Vibratii
474,Burghiu,HSS DRILL Ø6,5308,953.55,2.87,17.17,58.55,1.85,14.9,72.36,Inox,Gaurire,49,0,Niciunul
475,Burghiu,HSS DRILL Ø6,4078,203.17,2.51,14.57,38.94,0.92,13.1,73.93,Aluminiu,Gaurire,369,0,Niciunul
476,Burghiu,HSS DRILL Ø6,1621,915.91,1.56,19.1,58.24,1.37,6.2,63.52,Aluminiu,Gaurire,211,0,Niciunul
477,Burghiu,HSS DRILL Ø6,4936,266.47,2.41,13.34,50.32,6.1,33.5,64.51,Aluminiu,Gaurire,462,1,Niciunul
478,Burghiu,HSS DRILL Ø6,2903,427.51,2.36,11.14,58.06,9.36,37.1,60.8,Inox,Gaurire,492,1,Vibratii
479,Burghiu,HSS DRILL Ø6,5869,914.47,0.64,12.46,45.94,1.65,0.2,73.11,Inox,Gaurire,120,0,Niciunul
480,Burghiu,HSS DRILL Ø6,3885,578.82,0.36,17.41,62.16,3.0,75.1,70.62,Inox,Gaurire,215,1,Uzura excesiva
481,Burghiu,HSS DRILL Ø6,3870,697.06,0.63,10.05,65.33,3.08,69.5,63.22,Aluminiu,Gaurire,20,1,Uzura excesiva
482,Burghiu,HSS DRILL Ø6,2008,892.31,0.84,17.33,76.59,4.95,40.1,71.29,Otel,Gaurire,146,1,Niciunul
483,Burghiu,HSS DRILL Ø6,2783,620.44,1.18,11.54,91.21,1.83,28.1,61.21,Aluminiu,Gaurire,170,1,Supraincalzire
484,Burghiu,HSS DRILL Ø6,4349,780.5,2.77,19.34,40.74,0.76,7.1,65.24,Inox,Gaurire,489,0,Niciunul
485,Burghiu,HSS DRILL Ø6,4594,299.55,2.25,14.76,40.84,1.68,5.5,63.61,Otel,Gaurire,226,0,Niciunul
486,Burghiu,HSS DRILL Ø6,4236,1127.84,2.14,15.53,66.69,7.76,33.0,71.79,Aluminiu,Gaurire,13,1,Vibratii
487,Burghiu,HSS DRILL Ø6,5006,445.4,0.38,10.4,58.02,2.59,52.8,60.52,Otel,Gaurire,299,1,Uzura excesiva
488,Burghiu,HSS DRILL Ø6,2167,1157.24,0.42,8.18,63.02,1.87,16.6,72.1,Inox,Gaurire,467,0,Niciunul
489,Burghiu,HSS DRILL Ø6,3429,561.12,0.11,5.03,110.2,1.79,24.9,68.76,Otel,Gaurire,351,1,Supraincalzire
490,Burghiu,HSS DRILL Ø6,1640,689.3,2.95,11.64,52.13,1.81,4.1,60.84,Otel,Gaurire,128,0,Niciunul
491,Burghiu,HSS DRILL Ø6,5700,221.66,0.12,16.0,79.15,4.12,40.6,63.26,Otel,Gaurire,238,1,Niciunul
492,Burghiu,HSS DRILL Ø6,4366,926.1,1.95,13.64,45.09,1.16,4.3,63.1,Aluminiu,Gaurire,300,0,Niciunul
493,Burghiu,HSS DRILL Ø6,4319,913.4,0.89,13.01,36.67,0.65,6.3,72.21,Aluminiu,Gaurire,165,0,Niciunul
494,Burghiu,HSS DRILL Ø6,3589,1106.18,0.65,5.48,65.86,2.15,60.3,61.31,Inox,Gaurire,378,1,Uzura excesiva
495,Burghiu,HSS DRILL Ø6,3345,370.02,0.88,7.61,42.01,1.24,11.4,73.68,Otel,Gaurire,367,0,Niciunul
496,Burghiu,HSS DRILL Ø6,5401,322.85,0.31,14.33,83.52,7.89,48.2,71.92,Aluminiu,Gaurire,164,1,Vibratii
497,Burghiu,HSS DRILL Ø6,2935,1132.8,1.03,13.37,50.27,0.97,7.3,60.49,Aluminiu,Gaurire,406,0,Niciunul
498,Burghiu,HSS DRILL Ø6,1836,518.96,0.93,10.06,60.24,1.28,72.2,68.54,Otel,Gaurire,75,1,Niciunul
499,Burghiu,HSS DRILL Ø6,3120,706.83,1.16,15.61,87.07,2.89,20.2,74.94,Aluminiu,Gaurire,275,1,Supraincalzire
500,Burghiu,HSS DRILL Ø6,4310,400.38,2.85,7.67,61.25,5.34,21.6,66.69,Inox,Gaurire,192,1,Vibratii
501,Burghiu,HSS DRILL Ø6,5171,822.9,1.03,11.96,80.92,4.36,56.5,69.56,Otel,Gaurire,371,1,Uzura excesiva
502,Burghiu,HSS DRILL Ø6,4692,392.76,0.13,6.86,61.92,1.53,63.7,71.73,Aluminiu,Gaurire,380,1,Uzura excesiva
503,Burghiu,HSS DRILL Ø6,5986,766.19,2.67,6.19,73.2,4.64,60.7,73.12,Inox,Gaurire,187,1,Uzura excesiva
504,Burghiu,HSS DRILL Ø6,1747,752.74,1.46,17.17,97.9,1.53,18.6,67.83,Inox,Gaurire,404,1,Niciunul
505,Burghiu,HSS DRILL Ø6,2961,920.81,2.71,13.79,81.11,3.84,69.9,65.05,Aluminiu,Gaurire,61,1,Uzura excesiva
506,Burghiu,HSS DRILL Ø6,2558,699.96,2.94,7.56,53.64,0.67,10.3,74.07,Aluminiu,Gaurire,359,0,Niciunul
507,Burghiu,HSS DRILL Ø6,4579,991.58,0.49,16.45,115.99,0.76,14.3,69.22,Otel,Gaurire,407,1,Supraincalzire
508,Burghiu,HSS DRILL Ø6,3870,306.72,0.7,12.17,54.53,2.78,65.1,60.59,Inox,Gaurire,192,1,Niciunul
509,Burghiu,HSS DRILL Ø6,3491,584.81,1.86,13.24,118.55,0.53,10.8,63.12,Aluminiu,Gaurire,40,1,Supraincalzire
510,Burghiu,HSS DRILL Ø6,3101,831.49,1.17,13.33,66.91,0.98,2.0,66.61,Inox,Gaurire,161,0,Niciunul
511,Burghiu,HSS DRILL Ø6,3858,1000.42,0.49,8.08,61.64,4.45,60.8,74.37,Otel,Gaurire,243,1,Uzura excesiva
512,Burghiu,HSS DRILL Ø6,5214,401.79,1.56,9.68,40.2,0.76,10.7,67.05,Inox,Gaurire,163,0,Niciunul
513,Burghiu,HSS DRILL Ø6,4438,818.18,0.65,5.32,101.71,2.44,22.8,64.43,Inox,Gaurire,437,1,Supraincalzire
514,Burghiu,HSS DRILL Ø6,4953,1091.87,0.54,5.18,61.88,0.73,16.9,65.02,Aluminiu,Gaurire,320,0,Niciunul
515,Burghiu,HSS DRILL Ø6,1789,1053.32,1.32,8.15,52.31,1.09,3.1,74.65,Otel,Gaurire,123,0,Niciunul
516,Burghiu,HSS DRILL Ø6,3041,255.4,2.68,10.96,109.38,3.59,21.7,71.31,Otel,Gaurire,161,1,Supraincalzire
517,Burghiu,HSS DRILL Ø6,2510,244.95,1.35,16.04,98.09,2.73,37.5,61.07,Aluminiu,Gaurire,75,1,Supraincalzire
518,Burghiu,HSS DRILL Ø6,2517,711.06,1.76,19.78,35.19,1.04,6.5,60.15,Inox,Gaurire,460,0,Niciunul
519,Burghiu,HSS DRILL Ø6,3869,666.5,1.07,5.49,46.35,1.45,3.8,72.3,Otel,Gaurire,86,0,Niciunul
520,Burghiu,HSS DRILL Ø6,3527,545.38,2.45,18.54,41.35,1.94,11.9,69.74,Inox,Gaurire,7,0,Niciunul
521,Burghiu,HSS DRILL Ø6,4989,239.4,2.56,10.74,107.62,1.84,15.8,65.87,Inox,Gaurire,460,1,Supraincalzire
522,Burghiu,HSS DRILL Ø6,2481,676.95,0.26,6.72,42.62,1.15,12.1,67.02,Inox,Gaurire,456,0,Niciunul
523,Burghiu,HSS DRILL Ø6,5983,942.66,1.84,7.36,36.67,1.54,9.7,66.01,Aluminiu,Gaurire,92,0,Niciunul
524,Burghiu,HSS DRILL Ø6,4180,953.41,2.57,6.17,48.46,1.66,4.1,65.95,Otel,Gaurire,170,0,Niciunul
525,Burghiu,HSS DRILL Ø6,5777,1185.12,1.71,15.42,41.7,0.7,2.9,61.32,Inox,Gaurire,272,0,Niciunul
526,Burghiu,HSS DRILL Ø6,5484,628.71,2.2,12.34,63.7,3.76,67.5,64.74,Otel,Gaurire,307,1,Uzura excesiva
527,Burghiu,HSS DRILL Ø6,1840,895.46,1.49,8.2,59.22,1.79,3.6,74.45,Inox,Gaurire,183,0,Niciunul
528,Burghiu,HSS DRILL Ø6,2933,465.53,1.18,7.33,62.63,2.06,65.4,67.22,Otel,Gaurire,175,1,Niciunul
529,Burghiu,HSS DRILL Ø6,5213,374.23,0.3,17.47,46.74,1.11,3.1,73.67,Otel,Gaurire,218,0,Niciunul
530,Burghiu,HSS DRILL Ø6,5172,933.23,1.56,15.95,91.08,1.31,39.8,71.64,Aluminiu,Gaurire,279,1,Supraincalzire
531,Burghiu,HSS DRILL Ø6,1759,916.68,0.45,9.68,65.65,0.52,17.2,66.59,Inox,Gaurire,174,0,Niciunul
532,Burghiu,HSS DRILL Ø6,4102,945.98,0.32,15.15,52.28,0.8,6.8,69.55,Inox,Gaurire,117,0,Niciunul
533,Burghiu,HSS DRILL Ø6,4440,358.32,0.14,14.87,62.26,0.65,0.7,68.83,Inox,Gaurire,338,0,Niciunul
534,Burghiu,HSS DRILL Ø6,3433,545.71,0.9,9.07,41.57,1.65,2.0,61.24,Aluminiu,Gaurire,166,0,Niciunul
535,Burghiu,HSS DRILL Ø6,3710,920.49,0.42,12.27,61.04,1.64,15.1,66.64,Inox,Gaurire,433,0,Niciunul
536,Burghiu,HSS DRILL Ø6,5916,679.78,2.81,5.65,77.64,3.07,40.7,62.29,Inox,Gaurire,397,1,Uzura excesiva
537,Burghiu,HSS DRILL Ø6,3075,590.23,2.39,14.81,45.5,1.87,13.4,68.2,Aluminiu,Gaurire,88,0,Niciunul
538,Burghiu,HSS DRILL Ø6,1756,703.23,2.04,19.94,58.15,10.51,50.2,65.64,Inox,Gaurire,87,1,Vibratii
539,Burghiu,HSS DRILL Ø6,2724,1198.09,2.58,5.7,40.48,1.92,18.3,70.2,Aluminiu,Gaurire,420,0,Niciunul
540,Burghiu,HSS DRILL Ø6,4398,420.01,0.29,14.69,55.99,1.0,3.6,64.59,Aluminiu,Gaurire,126,0,Niciunul
541,Burghiu,HSS DRILL Ø6,5628,226.0,0.74,12.93,35.42,0.6,0.3,67.41,Aluminiu,Gaurire,47,0,Niciunul
542,Burghiu,HSS DRILL Ø6,4974,348.28,2.54,13.3,60.04,1.6,8.0,64.65,Otel,Gaurire,336,0,Niciunul
543,Burghiu,HSS DRILL Ø6,5921,265.61,1.73,11.64,81.03,6.01,47.5,73.1,Otel,Gaurire,235,1,Vibratii
544,Burghiu,HSS DRILL Ø6,2887,610.59,0.82,6.33,55.63,1.27,1.9,66.55,Aluminiu,Gaurire,138,0,Niciunul
545,Burghiu,HSS DRILL Ø6,4440,626.53,1.44,6.3,46.25,1.96,3.2,66.22,Otel,Gaurire,307,0,Niciunul
546,Burghiu,HSS DRILL Ø6,2768,372.49,1.52,14.23,65.99,8.99,45.0,64.12,Aluminiu,Gaurire,370,1,Vibratii
547,Burghiu,HSS DRILL Ø6,2472,544.11,0.73,5.72,62.81,0.71,1.9,66.53,Otel,Gaurire,162,0,Niciunul
548,Burghiu,HSS DRILL Ø6,1865,624.87,2.63,8.98,60.33,1.61,11.3,62.55,Otel,Gaurire,58,0,Niciunul
549,Burghiu,HSS DRILL Ø6,2608,1141.79,1.11,11.16,56.89,1.28,14.9,74.08,Aluminiu,Gaurire,96,0,Niciunul
550,Burghiu,HSS DRILL Ø6,4194,707.21,1.66,6.24,38.63,1.22,5.8,70.21,Inox,Gaurire,360,0,Niciunul
551,Burghiu,HSS DRILL Ø6,1644,785.87,2.69,6.13,36.01,1.12,16.6,66.45,Otel,Gaurire,123,0,Niciunul
552,Burghiu,HSS DRILL Ø6,3628,1004.68,2.41,9.54,102.12,1.9,32.6,64.81,Inox,Gaurire,221,1,Supraincalzire
553,Burghiu,HSS DRILL Ø6,2596,622.78,2.59,6.77,44.29,0.69,6.2,60.49,Otel,Gaurire,377,0,Niciunul
554,Burghiu,HSS DRILL Ø6,1770,920.76,1.54,12.26,101.91,1.03,31.7,68.38,Inox,Gaurire,474,1,Supraincalzire
555,Burghiu,HSS DRILL Ø6,3763,1142.11,0.36,11.55,46.97,1.92,4.8,69.45,Inox,Gaurire,476,0,Niciunul
556,Burghiu,HSS DRILL Ø6,3199,486.39,2.13,10.48,115.15,2.04,30.2,69.33,Aluminiu,Gaurire,304,1,Supraincalzire
557,Burghiu,HSS DRILL Ø6,2578,1141.81,1.26,18.85,59.07,0.98,15.9,73.7,Aluminiu,Gaurire,41,0,Niciunul
558,Burghiu,HSS DRILL Ø6,4691,708.54,2.06,13.17,92.74,3.09,34.0,61.52,Inox,Gaurire,336,1,Supraincalzire
559,Burghiu,HSS DRILL Ø6,2592,1121.69,1.86,12.72,56.19,1.29,17.5,60.91,Inox,Gaurire,337,0,Niciunul
560,Burghiu,HSS DRILL Ø6,5031,478.8,2.2,11.28,100.42,2.68,13.3,62.46,Inox,Gaurire,315,1,Supraincalzire
561,Burghiu,HSS DRILL Ø6,2256,225.9,2.84,16.66,102.36,3.02,21.0,66.27,Inox,Gaurire,31,1,Niciunul
562,Burghiu,HSS DRILL Ø6,2813,1199.46,2.33,11.08,60.06,1.97,6.7,73.71,Otel,Gaurire,355,0,Niciunul
563,Burghiu,HSS DRILL Ø6,1624,495.61,2.53,12.61,57.82,5.35,38.0,71.77,Otel,Gaurire,41,1,Vibratii
564,Burghiu,HSS DRILL Ø6,2941,860.15,0.91,15.79,81.58,1.42,51.4,63.47,Aluminiu,Gaurire,214,1,Uzura excesiva
565,Burghiu,HSS DRILL Ø6,2477,744.93,1.62,12.64,108.47,0.69,36.6,70.43,Otel,Gaurire,12,1,Supraincalzire
566,Burghiu,HSS DRILL Ø6,2586,526.37,1.43,5.68,65.96,1.45,11.8,68.79,Otel,Gaurire,123,0,Niciunul
567,Burghiu,HSS DRILL Ø6,1796,225.09,2.39,8.91,60.56,1.97,6.7,73.21,Aluminiu,Gaurire,374,0,Niciunul
568,Burghiu,HSS DRILL Ø6,5591,302.59,2.36,5.07,39.47,1.25,16.7,60.2,Inox,Gaurire,320,0,Niciunul
569,Burghiu,HSS DRILL Ø6,1845,912.51,2.95,14.54,100.39,3.05,33.3,74.28,Otel,Gaurire,383,1,Supraincalzire
570,Burghiu,HSS DRILL Ø6,2034,829.85,0.25,6.5,61.01,1.49,4.6,64.62,Inox,Gaurire,8,0,Niciunul
571,Burghiu,HSS DRILL Ø6,2878,549.32,0.54,19.32,66.69,1.88,0.6,72.53,Aluminiu,Gaurire,216,0,Niciunul
572,Burghiu,HSS DRILL Ø6,3870,950.42,2.88,7.82,45.76,0.82,15.7,63.12,Aluminiu,Gaurire,70,0,Niciunul
573,Burghiu,HSS DRILL Ø6,4446,351.2,0.5,18.9,98.55,0.86,10.4,70.32,Inox,Gaurire,329,1,Supraincalzire
574,Burghiu,HSS DRILL Ø6,5663,1032.46,2.85,9.02,51.41,1.06,5.6,65.06,Otel,Gaurire,416,0,Niciunul
575,Burghiu,HSS DRILL Ø6,5610,733.94,2.7,19.68,68.74,3.38,43.5,67.96,Aluminiu,Gaurire,332,1,Vibratii
576,Burghiu,HSS DRILL Ø6,2871,824.81,0.73,13.13,106.51,2.18,24.2,67.12,Inox,Gaurire,45,1,Supraincalzire
577,Burghiu,HSS DRILL Ø6,2769,760.2,1.99,8.1,48.73,1.61,11.8,67.36,Otel,Gaurire,382,0,Niciunul
578,Burghiu,HSS DRILL Ø6,3268,1031.55,0.73,14.76,40.57,1.3,14.5,71.85,Otel,Gaurire,405,0,Niciunul
579,Burghiu,HSS DRILL Ø6,2154,451.27,0.81,6.93,52.74,1.68,0.1,69.1,Aluminiu,Gaurire,80,0,Niciunul
580,Burghiu,HSS DRILL Ø6,5123,549.75,1.17,18.08,66.18,1.44,44.7,60.81,Inox,Gaurire,125,1,Uzura excesiva
581,Burghiu,HSS DRILL Ø6,5377,304.45,2.63,15.81,47.73,1.12,6.4,61.05,Otel,Gaurire,198,0,Niciunul
582,Burghiu,HSS DRILL Ø6,3468,357.8,2.38,7.46,67.49,1.75,12.3,63.48,Otel,Gaurire,5,0,Niciunul
583,Burghiu,HSS DRILL Ø6,3905,1072.82,0.53,19.56,61.77,1.7,7.3,72.16,Otel,Gaurire,79,0,Niciunul
584,Burghiu,HSS DRILL Ø6,4819,872.79,1.99,16.37,38.68,0.74,1.7,66.08,Aluminiu,Gaurire,182,0,Niciunul
585,Burghiu,HSS DRILL Ø6,5856,945.0,2.01,13.07,52.25,1.15,4.8,74.72,Aluminiu,Gaurire,487,0,Niciunul
586,Burghiu,HSS DRILL Ø6,2695,269.68,1.59,15.39,63.29,4.58,57.5,65.72,Aluminiu,Gaurire,273,1,Vibratii
587,Burghiu,HSS DRILL Ø6,3061,419.35,0.71,14.5,44.79,1.89,12.8,70.88,Otel,Gaurire,401,0,Niciunul
588,Burghiu,HSS DRILL Ø6,4417,614.5,1.83,8.76,47.89,1.87,9.1,64.4,Otel,Gaurire,296,0,Niciunul
589,Burghiu,HSS DRILL Ø6,4429,943.22,0.31,14.95,51.5,3.49,55.6,69.64,Inox,Gaurire,363,1,Uzura excesiva
590,Burghiu,HSS DRILL Ø6,2788,469.95,1.41,7.08,64.55,8.62,46.1,64.68,Otel,Gaurire,142,1,Vibratii
591,Burghiu,HSS DRILL Ø6,3700,586.62,1.85,12.51,93.17,3.25,37.3,69.23,Aluminiu,Gaurire,416,1,Supraincalzire
592,Burghiu,HSS DRILL Ø6,2418,411.3,1.25,12.93,100.11,1.05,24.5,63.6,Otel,Gaurire,215,1,Niciunul
593,Burghiu,HSS DRILL Ø6,2112,323.61,2.04,7.23,74.95,9.61,34.9,73.42,Otel,Gaurire,470,1,Vibratii
594,Burghiu,HSS DRILL Ø6,2986,882.85,1.24,8.04,97.45,1.32,35.4,71.89,Aluminiu,Gaurire,45,1,Supraincalzire
595,Burghiu,HSS DRILL Ø6,2736,439.58,2.1,15.65,85.24,4.2,45.0,62.29,Aluminiu,Gaurire,350,1,Uzura excesiva
596,Burghiu,HSS DRILL Ø6,5371,895.55,2.72,12.81,59.78,2.7,79.8,74.8,Inox,Gaurire,468,1,Niciunul
597,Burghiu,HSS DRILL Ø6,4635,960.62,1.32,12.96,67.38,0.94,9.8,71.61,Inox,Gaurire,98,0,Niciunul
598,Burghiu,HSS DRILL Ø6,4356,271.75,0.61,11.32,57.39,2.39,44.9,62.14,Aluminiu,Gaurire,228,1,Uzura excesiva
599,Burghiu,HSS DRILL Ø6,1803,857.26,1.67,8.9,67.5,1.71,12.7,68.53,Otel,Gaurire,432,0,Niciunul
600,Burghiu,HSS DRILL Ø6,1903,768.84,0.51,8.51,108.49,3.07,21.7,67.15,Inox,Gaurire,61,1,Supraincalzire
1,Tarod,TAROD M10 ISO2,2567,1151.78,2.03,16.57,60.53,1.63,5.8,63.65,Aluminiu,Filetare,327,0,Niciunul
2,Tarod,TAROD M10 ISO2,2512,554.24,2.12,6.76,80.8,5.53,34.4,66.42,Inox,Filetare,456,1,Vibratii
3,Tarod,TAROD M10 ISO2,5282,935.3,0.34,13.54,85.11,9.4,46.7,74.48,Inox,Filetare,391,1,Vibratii
4,Tarod,TAROD M10 ISO2,3538,672.34,1.43,8.22,44.18,0.93,0.5,60.69,Aluminiu,Filetare,174,0,Niciunul
5,Tarod,TAROD M10 ISO2,2038,987.35,1.3,7.33,69.63,1.34,15.4,67.54,Otel,Filetare,224,0,Niciunul
6,Tarod,TAROD M10 ISO2,1622,354.58,2.12,13.89,50.77,1.96,57.1,64.33,Inox,Filetare,435,1,Uzura excesiva
7,Tarod,TAROD M10 ISO2,5574,585.26,2.9,9.33,36.83,0.78,5.3,62.37,Aluminiu,Filetare,212,0,Niciunul
8,Tarod,TAROD M10 ISO2,5780,422.24,1.08,6.28,39.21,1.31,1.0,62.47,Aluminiu,Filetare,173,0,Niciunul
9,Tarod,TAROD M10 ISO2,4968,905.22,2.77,11.81,50.36,1.1,19.8,68.73,Inox,Filetare,382,0,Niciunul
10,Tarod,TAROD M10 ISO2,4456,493.53,2.64,10.26,104.22,1.61,37.8,68.83,Inox,Filetare,294,1,Supraincalzire
11,Tarod,TAROD M10 ISO2,5676,288.75,1.7,18.33,99.63,3.49,20.6,61.4,Otel,Filetare,125,1,Supraincalzire
12,Tarod,TAROD M10 ISO2,2850,1186.48,2.62,18.84,74.33,4.83,74.9,66.77,Aluminiu,Filetare,266,1,Uzura excesiva
13,Tarod,TAROD M10 ISO2,4755,481.85,2.43,15.32,47.63,0.88,0.0,73.45,Otel,Filetare,427,0,Niciunul
14,Tarod,TAROD M10 ISO2,3773,1052.47,1.43,15.59,96.01,2.75,35.8,73.22,Inox,Filetare,442,1,Supraincalzire
15,Tarod,TAROD M10 ISO2,3039,647.52,0.54,13.83,119.05,2.1,33.8,62.37,Otel,Filetare,196,1,Supraincalzire
16,Tarod,TAROD M10 ISO2,4959,998.95,2.52,9.58,73.74,9.82,30.9,64.45,Otel,Filetare,406,1,Vibratii
17,Tarod,TAROD M10 ISO2,2384,484.43,0.35,5.67,115.2,0.62,25.9,71.74,Inox,Filetare,483,1,Supraincalzire
18,Tarod,TAROD M10 ISO2,4825,615.0,0.24,16.31,43.81,1.59,9.3,62.85,Otel,Filetare,296,0,Niciunul
19,Tarod,TAROD M10 ISO2,5830,296.79,0.22,19.74,60.88,1.99,6.8,73.81,Aluminiu,Filetare,346,0,Niciunul
20,Tarod,TAROD M10 ISO2,3447,1179.59,1.79,13.54,54.79,8.45,52.8,72.0,Inox,Filetare,389,1,Vibratii
21,Tarod,TAROD M10 ISO2,4715,733.93,0.75,14.16,60.55,1.39,17.6,62.76,Otel,Filetare,492,0,Niciunul
22,Tarod,TAROD M10 ISO2,3008,869.64,2.87,8.86,82.47,1.9,20.2,62.08,Aluminiu,Filetare,100,1,Supraincalzire
23,Tarod,TAROD M10 ISO2,4383,743.58,1.83,15.87,57.31,4.32,43.6,73.32,Aluminiu,Filetare,287,1,Uzura excesiva
24,Tarod,TAROD M10 ISO2,3536,1035.87,1.01,8.0,100.04,0.69,12.0,60.59,Aluminiu,Filetare,133,1,Supraincalzire
25,Tarod,TAROD M10 ISO2,3314,1154.77,0.7,18.72,41.82,1.55,17.3,73.78,Inox,Filetare,77,0,Niciunul
26,Tarod,TAROD M10 ISO2,5595,346.38,1.22,7.71,52.65,1.55,19.8,70.41,Otel,Filetare,53,0,Niciunul
27,Tarod,TAROD M10 ISO2,5752,356.18,2.09,5.98,67.63,1.92,3.9,72.01,Inox,Filetare,236,0,Niciunul
28,Tarod,TAROD M10 ISO2,3927,358.05,2.31,17.17,49.02,1.35,8.9,64.34,Inox,Filetare,328,0,Niciunul
29,Tarod,TAROD M10 ISO2,5475,448.73,0.71,6.18,114.4,2.79,11.0,74.45,Otel,Filetare,493,1,Supraincalzire
30,Tarod,TAROD M10 ISO2,5997,1066.54,1.54,6.47,76.01,2.5,62.1,65.16,Aluminiu,Filetare,301,1,Uzura excesiva
31,Tarod,TAROD M10 ISO2,2798,362.65,2.98,8.54,73.92,4.16,67.9,69.03,Aluminiu,Filetare,311,1,Uzura excesiva
32,Tarod,TAROD M10 ISO2,2216,827.36,2.55,12.12,44.55,0.72,5.9,73.86,Inox,Filetare,275,0,Niciunul
33,Tarod,TAROD M10 ISO2,2674,814.97,2.81,6.49,55.84,1.95,4.1,67.33,Otel,Filetare,408,0,Niciunul
34,Tarod,TAROD M10 ISO2,3309,430.2,1.63,9.89,83.89,1.72,30.6,66.93,Otel,Filetare,350,1,Supraincalzire
35,Tarod,TAROD M10 ISO2,1762,575.82,2.52,12.0,49.26,1.23,17.9,68.63,Inox,Filetare,332,0,Niciunul
36,Tarod,TAROD M10 ISO2,2909,319.36,0.97,11.35,82.57,1.38,19.5,60.15,Aluminiu,Filetare,208,1,Supraincalzire
37,Tarod,TAROD M10 ISO2,5926,687.24,2.33,15.56,87.8,2.86,53.3,60.11,Aluminiu,Filetare,471,1,Uzura excesiva
38,Tarod,TAROD M10 ISO2,3292,253.25,1.4,8.5,68.08,1.93,4.8,64.44,Otel,Filetare,441,0,Niciunul
39,Tarod,TAROD M10 ISO2,5438,845.11,2.95,11.67,84.57,2.25,78.5,69.68,Otel,Filetare,323,1,Uzura excesiva
40,Tarod,TAROD M10 ISO2,4183,1050.58,2.16,7.98,66.09,1.2,13.8,71.73,Aluminiu,Filetare,27,0,Niciunul
41,Tarod,TAROD M10 ISO2,4849,781.56,0.94,8.92,85.46,11.03,46.3,70.57,Inox,Filetare,205,1,Niciunul
42,Tarod,TAROD M10 ISO2,4111,918.4,2.8,10.18,52.1,1.27,18.7,65.1,Inox,Filetare,99,0,Niciunul
43,Tarod,TAROD M10 ISO2,5082,806.76,2.03,13.31,61.55,0.57,5.8,60.92,Inox,Filetare,386,0,Niciunul
44,Tarod,TAROD M10 ISO2,5170,795.33,0.14,18.24,112.68,3.61,29.9,65.42,Inox,Filetare,370,1,Supraincalzire
45,Tarod,TAROD M10 ISO2,1602,287.98,0.64,14.97,57.35,1.15,8.5,65.85,Aluminiu,Filetare,397,0,Niciunul
46,Tarod,TAROD M10 ISO2,5231,951.22,2.96,14.86,54.7,6.37,51.5,60.47,Inox,Filetare,279,1,Vibratii
47,Tarod,TAROD M10 ISO2,3609,888.77,1.47,16.54,39.31,1.87,19.1,69.8,Inox,Filetare,480,0,Niciunul
48,Tarod,TAROD M10 ISO2,4176,988.82,0.44,5.45,61.6,1.99,17.1,61.93,Otel,Filetare,392,0,Niciunul
49,Tarod,TAROD M10 ISO2,2788,358.56,1.6,12.5,96.94,2.85,38.0,71.6,Aluminiu,Filetare,261,1,Supraincalzire
50,Tarod,TAROD M10 ISO2,5015,683.16,0.92,9.38,69.6,2.69,75.2,65.84,Inox,Filetare,120,1,Uzura excesiva
51,Tarod,TAROD M10 ISO2,5462,975.54,1.36,7.7,58.37,0.66,13.2,64.43,Otel,Filetare,383,0,Niciunul
52,Tarod,TAROD M10 ISO2,5203,437.84,3.0,18.62,107.53,2.28,39.5,62.51,Inox,Filetare,16,1,Supraincalzire
53,Tarod,TAROD M10 ISO2,2532,420.57,1.22,18.02,52.2,4.09,78.2,69.83,Otel,Filetare,222,1,Uzura excesiva
54,Tarod,TAROD M10 ISO2,1638,837.86,1.1,19.74,88.37,4.43,78.5,62.42,Otel,Filetare,134,1,Uzura excesiva
55,Tarod,TAROD M10 ISO2,4963,617.74,0.94,17.7,47.42,0.78,17.1,63.79,Inox,Filetare,58,0,Niciunul
56,Tarod,TAROD M10 ISO2,3153,940.99,2.55,9.68,52.62,1.25,13.8,73.57,Inox,Filetare,96,0,Niciunul
57,Tarod,TAROD M10 ISO2,3364,455.73,1.68,19.91,114.59,2.81,11.9,65.51,Aluminiu,Filetare,278,1,Supraincalzire
58,Tarod,TAROD M10 ISO2,3465,454.78,1.62,14.03,56.92,1.37,8.5,72.78,Aluminiu,Filetare,322,0,Niciunul
59,Tarod,TAROD M10 ISO2,2582,1003.48,2.88,19.89,59.84,1.53,18.5,60.11,Inox,Filetare,151,0,Niciunul
60,Tarod,TAROD M10 ISO2,2627,540.74,1.75,10.93,76.55,8.77,42.0,73.6,Inox,Filetare,192,1,Vibratii
61,Tarod,TAROD M10 ISO2,4401,1147.22,2.29,19.39,55.03,1.18,4.6,72.33,Inox,Filetare,166,0,Niciunul
62,Tarod,TAROD M10 ISO2,5739,1197.69,0.37,11.79,40.77,1.95,6.3,65.09,Aluminiu,Filetare,318,0,Niciunul
63,Tarod,TAROD M10 ISO2,3807,530.62,1.29,19.3,76.41,3.94,75.2,61.85,Aluminiu,Filetare,381,1,Uzura excesiva
64,Tarod,TAROD M10 ISO2,2592,361.81,1.32,12.36,36.62,1.45,10.3,69.96,Inox,Filetare,325,0,Niciunul
65,Tarod,TAROD M10 ISO2,5782,1193.9,1.22,15.69,67.07,1.4,18.4,71.62,Otel,Filetare,65,0,Niciunul
66,Tarod,TAROD M10 ISO2,1809,469.88,0.46,7.99,53.61,1.53,66.2,63.06,Otel,Filetare,65,1,Uzura excesiva
67,Tarod,TAROD M10 ISO2,4337,666.73,2.55,19.04,86.91,0.75,10.4,73.62,Otel,Filetare,356,1,Supraincalzire
68,Tarod,TAROD M10 ISO2,4068,1196.21,2.89,14.7,85.26,2.98,45.3,68.53,Inox,Filetare,169,1,Uzura excesiva
69,Tarod,TAROD M10 ISO2,3848,664.14,0.98,18.62,102.27,2.03,24.7,61.01,Inox,Filetare,143,1,Supraincalzire
70,Tarod,TAROD M10 ISO2,2666,944.24,2.48,12.56,62.73,0.62,1.2,71.03,Otel,Filetare,191,0,Niciunul
71,Tarod,TAROD M10 ISO2,1845,881.42,2.43,5.1,54.7,1.29,2.3,73.75,Aluminiu,Filetare,114,0,Niciunul
72,Tarod,TAROD M10 ISO2,5171,604.17,2.08,6.54,81.09,10.46,56.8,62.26,Inox,Filetare,168,1,Vibratii
73,Tarod,TAROD M10 ISO2,5676,262.62,1.88,13.67,57.38,1.08,12.6,66.55,Aluminiu,Filetare,207,0,Niciunul
74,Tarod,TAROD M10 ISO2,3607,952.15,2.04,15.16,78.8,6.29,26.3,72.21,Otel,Filetare,435,1,Vibratii
75,Tarod,TAROD M10 ISO2,5050,447.36,1.76,15.67,43.59,1.0,18.2,68.39,Inox,Filetare,435,0,Niciunul
76,Tarod,TAROD M10 ISO2,4429,643.25,2.39,16.91,59.32,3.73,55.9,61.47,Inox,Filetare,209,1,Uzura excesiva
77,Tarod,TAROD M10 ISO2,4262,386.67,2.95,13.99,65.04,4.06,47.9,71.91,Aluminiu,Filetare,384,1,Vibratii
78,Tarod,TAROD M10 ISO2,2201,308.6,0.93,7.54,61.41,0.73,7.5,65.7,Otel,Filetare,213,0,Niciunul
79,Tarod,TAROD M10 ISO2,1840,1158.32,2.13,7.12,110.16,1.93,16.0,65.05,Inox,Filetare,24,1,Supraincalzire
80,Tarod,TAROD M10 ISO2,3727,927.42,1.39,10.55,56.53,1.34,3.0,63.73,Otel,Filetare,347,0,Niciunul
81,Tarod,TAROD M10 ISO2,4638,326.67,1.23,12.34,55.46,3.37,78.3,63.74,Aluminiu,Filetare,380,1,Uzura excesiva
82,Tarod,TAROD M10 ISO2,2186,513.91,2.33,7.96,54.03,5.13,59.0,74.68,Inox,Filetare,284,1,Vibratii
83,Tarod,TAROD M10 ISO2,3400,955.65,2.36,15.21,107.34,1.23,28.4,61.94,Aluminiu,Filetare,454,1,Supraincalzire
84,Tarod,TAROD M10 ISO2,2170,953.24,1.2,15.65,80.67,4.54,58.8,66.14,Aluminiu,Filetare,470,1,Niciunul
85,Tarod,TAROD M10 ISO2,1903,1199.54,0.68,5.49,63.87,1.54,13.1,65.68,Aluminiu,Filetare,201,0,Niciunul
86,Tarod,TAROD M10 ISO2,2315,987.2,1.1,5.53,55.5,1.16,7.5,70.0,Otel,Filetare,363,0,Niciunul
87,Tarod,TAROD M10 ISO2,1695,1162.92,2.14,13.33,47.12,1.45,19.5,65.37,Inox,Filetare,427,0,Niciunul
88,Tarod,TAROD M10 ISO2,4123,887.48,1.13,17.46,57.32,1.17,19.7,61.82,Otel,Filetare,19,0,Niciunul
89,Tarod,TAROD M10 ISO2,3177,801.0,1.48,17.74,94.22,3.44,25.5,73.51,Otel,Filetare,330,1,Supraincalzire
90,Tarod,TAROD M10 ISO2,4458,599.55,0.68,10.16,35.85,1.97,5.9,73.15,Aluminiu,Filetare,196,0,Niciunul
91,Tarod,TAROD M10 ISO2,4284,940.93,1.0,12.4,54.16,3.02,69.0,72.91,Inox,Filetare,215,1,Uzura excesiva
92,Tarod,TAROD M10 ISO2,4064,1017.81,0.37,7.29,76.78,4.36,27.2,61.69,Otel,Filetare,109,1,Vibratii
93,Tarod,TAROD M10 ISO2,3849,469.11,2.06,5.27,103.26,2.28,39.8,62.74,Aluminiu,Filetare,15,1,Supraincalzire
94,Tarod,TAROD M10 ISO2,2238,245.41,2.54,6.08,36.8,1.7,3.5,64.95,Aluminiu,Filetare,269,0,Niciunul
95,Tarod,TAROD M10 ISO2,5697,438.83,1.13,12.9,35.55,1.9,16.2,66.11,Otel,Filetare,360,0,Niciunul
96,Tarod,TAROD M10 ISO2,4001,1065.99,0.83,11.34,45.78,0.84,16.4,72.88,Otel,Filetare,185,0,Niciunul
97,Tarod,TAROD M10 ISO2,4171,283.15,2.04,12.44,42.09,1.61,0.1,71.0,Inox,Filetare,338,0,Niciunul
98,Tarod,TAROD M10 ISO2,3510,545.1,0.49,9.64,59.59,1.17,74.5,67.92,Aluminiu,Filetare,350,1,Niciunul
99,Tarod,TAROD M10 ISO2,4341,421.2,0.26,14.86,39.92,1.52,9.1,64.03,Inox,Filetare,384,0,Niciunul
100,Tarod,TAROD M10 ISO2,3845,1075.23,2.62,10.38,93.82,0.96,15.4,69.51,Aluminiu,Filetare,304,1,Supraincalzire
101,Tarod,TAROD M10 ISO2,2646,920.51,0.72,17.07,69.86,0.68,9.5,70.35,Inox,Filetare,77,0,Niciunul
102,Tarod,TAROD M10 ISO2,1702,591.02,0.41,6.1,95.4,1.43,16.8,63.84,Aluminiu,Filetare,339,1,Supraincalzire
103,Tarod,TAROD M10 ISO2,3222,1066.96,1.1,18.52,69.3,1.4,13.0,74.14,Inox,Filetare,307,0,Niciunul
104,Tarod,TAROD M10 ISO2,1841,565.14,1.15,8.38,64.84,3.27,56.6,67.86,Otel,Filetare,256,1,Vibratii
105,Tarod,TAROD M10 ISO2,5352,924.6,1.57,18.85,49.62,0.51,17.5,70.18,Otel,Filetare,400,0,Niciunul
106,Tarod,TAROD M10 ISO2,5868,305.22,2.43,5.75,46.94,1.79,19.1,72.83,Aluminiu,Filetare,320,0,Niciunul
107,Tarod,TAROD M10 ISO2,5520,650.5,0.31,13.7,105.81,3.87,22.2,66.64,Otel,Filetare,295,1,Supraincalzire
108,Tarod,TAROD M10 ISO2,3268,378.47,1.34,18.84,80.83,2.19,36.2,67.12,Inox,Filetare,192,1,Supraincalzire
109,Tarod,TAROD M10 ISO2,3599,1164.47,0.15,5.47,66.64,1.23,9.5,74.93,Otel,Filetare,56,0,Niciunul
110,Tarod,TAROD M10 ISO2,6000,831.46,1.38,7.33,64.48,0.86,19.5,60.79,Aluminiu,Filetare,6,0,Niciunul
111,Tarod,TAROD M10 ISO2,4179,578.79,0.82,15.75,87.48,10.92,58.9,70.62,Inox,Filetare,417,1,Vibratii
112,Tarod,TAROD M10 ISO2,5410,772.69,0.81,11.51,37.54,1.82,18.0,69.41,Aluminiu,Filetare,352,0,Niciunul
113,Tarod,TAROD M10 ISO2,3228,392.43,2.35,17.96,92.57,1.8,28.4,72.05,Otel,Filetare,130,1,Supraincalzire
114,Tarod,TAROD M10 ISO2,5921,1021.4,0.47,14.0,54.91,0.68,17.1,69.08,Inox,Filetare,20,0,Niciunul
115,Tarod,TAROD M10 ISO2,4287,415.6,2.0,11.63,117.18,0.67,10.5,66.81,Inox,Filetare,190,1,Supraincalzire
116,Tarod,TAROD M10 ISO2,5108,426.07,2.83,5.96,89.98,1.5,42.6,63.42,Aluminiu,Filetare,293,1,Uzura excesiva
117,Tarod,TAROD M10 ISO2,2677,723.86,2.89,5.29,84.38,4.73,54.8,61.99,Otel,Filetare,312,1,Uzura excesiva
118,Tarod,TAROD M10 ISO2,2539,333.67,2.48,15.15,106.19,3.86,23.3,70.39,Inox,Filetare,228,1,Supraincalzire
119,Tarod,TAROD M10 ISO2,2691,569.04,1.8,8.04,81.17,1.14,32.3,67.94,Otel,Filetare,160,1,Supraincalzire
120,Tarod,TAROD M10 ISO2,4866,1168.65,2.05,13.01,62.47,1.7,14.3,67.04,Otel,Filetare,275,0,Niciunul
121,Tarod,TAROD M10 ISO2,2721,1067.58,0.94,18.36,106.32,3.39,23.1,72.14,Inox,Filetare,192,1,Supraincalzire
122,Tarod,TAROD M10 ISO2,5954,206.84,1.05,17.94,105.06,2.47,26.0,62.23,Otel,Filetare,466,1,Supraincalzire
123,Tarod,TAROD M10 ISO2,2962,564.88,1.78,16.29,103.27,0.73,25.0,60.76,Inox,Filetare,56,1,Niciunul
124,Tarod,TAROD M10 ISO2,5451,636.67,0.38,5.06,110.19,2.12,33.2,61.51,Inox,Filetare,274,1,Supraincalzire
125,Tarod,TAROD M10 ISO2,4004,202.9,2.94,12.98,56.46,1.08,2.7,64.12,Aluminiu,Filetare,279,0,Niciunul
126,Tarod,TAROD M10 ISO2,4279,687.7,1.3,15.01,54.14,5.83,45.2,64.67,Aluminiu,Filetare,130,1,Vibratii
127,Tarod,TAROD M10 ISO2,3273,1000.76,1.44,5.94,109.98,3.42,10.9,70.33,Aluminiu,Filetare,299,1,Supraincalzire
128,Tarod,TAROD M10 ISO2,5058,408.95,2.5,15.76,69.39,0.88,10.6,74.67,Otel,Filetare,395,0,Niciunul
129,Tarod,TAROD M10 ISO2,2540,627.59,1.72,16.22,82.66,1.63,54.4,60.22,Inox,Filetare,306,1,Uzura excesiva
130,Tarod,TAROD M10 ISO2,3696,666.02,0.36,10.73,82.85,2.3,70.1,66.77,Aluminiu,Filetare,111,1,Uzura excesiva
131,Tarod,TAROD M10 ISO2,3014,799.26,1.16,15.04,106.53,3.01,10.4,71.48,Otel,Filetare,240,1,Niciunul
132,Tarod,TAROD M10 ISO2,2543,1181.65,2.9,10.22,43.55,0.68,16.0,70.14,Inox,Filetare,445,0,Niciunul
133,Tarod,TAROD M10 ISO2,2369,1012.08,0.4,18.92,76.12,2.53,56.2,74.12,Otel,Filetare,167,1,Uzura excesiva
134,Tarod,TAROD M10 ISO2,3966,621.06,2.35,9.45,51.97,7.32,46.7,61.09,Inox,Filetare,153,1,Vibratii
135,Tarod,TAROD M10 ISO2,4078,645.91,1.3,19.17,65.0,5.26,26.8,63.19,Otel,Filetare,330,1,Vibratii
136,Tarod,TAROD M10 ISO2,1533,892.15,1.37,18.03,58.6,0.58,14.2,61.19,Inox,Filetare,254,0,Niciunul
137,Tarod,TAROD M10 ISO2,1800,676.73,1.18,8.78,64.74,1.03,16.7,62.12,Aluminiu,Filetare,16,0,Niciunul
138,Tarod,TAROD M10 ISO2,3038,784.71,1.29,10.8,93.95,0.83,20.2,64.49,Inox,Filetare,430,1,Supraincalzire
139,Tarod,TAROD M10 ISO2,5952,1065.14,0.56,10.08,82.84,3.27,29.9,71.24,Aluminiu,Filetare,448,1,Supraincalzire
140,Tarod,TAROD M10 ISO2,4104,293.67,0.35,10.47,56.41,1.35,0.6,60.3,Aluminiu,Filetare,467,0,Niciunul
141,Tarod,TAROD M10 ISO2,5308,903.73,1.78,8.56,70.8,3.3,56.8,67.68,Inox,Filetare,136,1,Vibratii
142,Tarod,TAROD M10 ISO2,3122,226.41,0.58,18.8,54.04,9.45,50.9,69.8,Inox,Filetare,234,1,Vibratii
143,Tarod,TAROD M10 ISO2,4427,365.03,2.41,6.2,49.07,1.26,3.1,62.41,Aluminiu,Filetare,156,0,Niciunul
144,Tarod,TAROD M10 ISO2,5027,587.56,1.08,11.81,60.26,2.41,49.6,65.49,Aluminiu,Filetare,324,1,Uzura excesiva
145,Tarod,TAROD M10 ISO2,2077,860.68,1.16,9.17,72.0,3.04,54.8,63.36,Inox,Filetare,222,1,Niciunul
146,Tarod,TAROD M10 ISO2,5411,1106.97,1.87,15.08,73.09,9.39,21.7,64.68,Otel,Filetare,134,1,Vibratii
147,Tarod,TAROD M10 ISO2,2912,1096.15,1.15,15.16,59.24,3.24,54.9,71.06,Otel,Filetare,374,1,Niciunul
148,Tarod,TAROD M10 ISO2,2565,613.29,1.94,18.3,106.8,2.19,26.2,64.6,Inox,Filetare,438,1,Supraincalzire
149,Tarod,TAROD M10 ISO2,2669,1146.07,0.15,5.78,61.21,4.23,32.4,63.01,Otel,Filetare,319,1,Niciunul
150,Tarod,TAROD M10 ISO2,5012,288.92,2.98,19.89,69.35,1.68,64.2,69.2,Inox,Filetare,165,1,Uzura excesiva
151,Tarod,TAROD M10 ISO2,2623,385.1,1.7,10.45,67.6,0.93,18.2,72.38,Otel,Filetare,15,0,Niciunul
152,Tarod,TAROD M10 ISO2,1501,521.5,2.42,7.7,68.15,0.83,12.1,72.28,Otel,Filetare,252,0,Niciunul
153,Tarod,TAROD M10 ISO2,4470,368.0,1.91,14.07,62.17,1.53,76.8,65.53,Inox,Filetare,349,1,Uzura excesiva
154,Tarod,TAROD M10 ISO2,4768,552.88,1.76,5.76,66.65,1.85,18.9,68.11,Aluminiu,Filetare,272,0,Niciunul
155,Tarod,TAROD M10 ISO2,2446,827.9,2.47,10.26,67.17,1.17,53.7,60.75,Otel,Filetare,195,1,Uzura excesiva
156,Tarod,TAROD M10 ISO2,5628,853.87,0.22,16.99,37.26,1.23,16.9,74.7,Aluminiu,Filetare,376,0,Niciunul
157,Tarod,TAROD M10 ISO2,1792,1066.86,0.35,18.08,46.71,0.74,10.5,72.55,Aluminiu,Filetare,304,0,Niciunul
158,Tarod,TAROD M10 ISO2,5164,529.41,1.92,13.78,50.59,0.64,6.2,65.46,Inox,Filetare,419,0,Niciunul
159,Tarod,TAROD M10 ISO2,2299,880.67,1.04,9.42,52.45,0.59,7.6,73.78,Inox,Filetare,215,0,Niciunul
160,Tarod,TAROD M10 ISO2,3785,888.13,2.41,15.7,40.96,1.05,14.0,73.36,Inox,Filetare,226,0,Niciunul
161,Tarod,TAROD M10 ISO2,4291,276.36,0.58,12.0,67.88,1.93,19.5,62.76,Inox,Filetare,473,0,Niciunul
162,Tarod,TAROD M10 ISO2,1618,1193.4,1.84,11.73,75.83,5.72,46.5,63.4,Inox,Filetare,273,1,Vibratii
163,Tarod,TAROD M10 ISO2,5149,264.0,2.09,10.56,91.01,1.74,11.7,62.21,Otel,Filetare,123,1,Supraincalzire
164,Tarod,TAROD M10 ISO2,2653,917.7,2.16,16.71,44.5,1.38,11.9,60.01,Aluminiu,Filetare,289,0,Niciunul
165,Tarod,TAROD M10 ISO2,3204,243.18,2.11,15.44,106.88,0.51,36.7,68.08,Otel,Filetare,78,1,Supraincalzire
166,Tarod,TAROD M10 ISO2,2263,342.6,2.5,15.47,61.25,1.83,12.9,62.51,Aluminiu,Filetare,220,0,Niciunul
167,Tarod,TAROD M10 ISO2,4375,385.59,2.71,10.54,61.31,0.66,2.1,70.31,Otel,Filetare,344,0,Niciunul
168,Tarod,TAROD M10 ISO2,5929,274.07,1.08,10.8,55.02,1.37,8.4,74.46,Otel,Filetare,406,0,Niciunul
169,Tarod,TAROD M10 ISO2,3647,988.11,2.09,16.82,89.73,2.7,43.0,70.21,Aluminiu,Filetare,221,1,Uzura excesiva
170,Tarod,TAROD M10 ISO2,5822,409.06,2.05,14.41,64.03,2.32,66.1,60.83,Aluminiu,Filetare,60,1,Uzura excesiva
171,Tarod,TAROD M10 ISO2,2207,298.62,0.29,18.42,66.1,1.79,77.0,62.38,Inox,Filetare,491,1,Uzura excesiva
172,Tarod,TAROD M10 ISO2,4039,1078.72,0.16,13.01,40.55,0.97,10.3,69.48,Inox,Filetare,47,0,Niciunul
173,Tarod,TAROD M10 ISO2,4044,1104.89,1.67,15.57,67.47,10.56,34.9,74.54,Inox,Filetare,179,1,Vibratii
174,Tarod,TAROD M10 ISO2,4691,724.64,0.22,8.77,57.94,1.99,19.6,71.67,Inox,Filetare,439,0,Niciunul
175,Tarod,TAROD M10 ISO2,2723,1023.15,2.63,9.03,45.91,0.66,0.9,74.88,Otel,Filetare,12,0,Niciunul
176,Tarod,TAROD M10 ISO2,3164,1186.62,0.56,15.22,77.11,2.18,53.9,62.84,Aluminiu,Filetare,470,1,Uzura excesiva
177,Tarod,TAROD M10 ISO2,3111,1024.55,1.61,13.54,78.34,4.97,40.7,67.56,Aluminiu,Filetare,125,1,Uzura excesiva
178,Tarod,TAROD M10 ISO2,5231,1125.45,2.08,16.19,65.62,1.67,16.8,69.16,Otel,Filetare,288,0,Niciunul
179,Tarod,TAROD M10 ISO2,2653,388.62,0.93,8.47,73.52,4.3,57.3,69.35,Aluminiu,Filetare,72,1,Uzura excesiva
180,Tarod,TAROD M10 ISO2,2546,434.3,0.46,15.62,86.62,2.42,76.4,64.43,Inox,Filetare,359,1,Uzura excesiva
181,Tarod,TAROD M10 ISO2,4167,292.64,1.56,15.51,87.47,11.0,51.5,63.25,Inox,Filetare,254,1,Vibratii
182,Tarod,TAROD M10 ISO2,4978,1052.98,0.46,7.06,44.88,1.1,3.1,65.33,Inox,Filetare,290,0,Niciunul
183,Tarod,TAROD M10 ISO2,4385,397.21,1.8,11.62,51.8,0.53,17.9,70.04,Otel,Filetare,202,0,Niciunul
184,Tarod,TAROD M10 ISO2,4064,878.64,2.43,6.9,54.41,4.64,60.2,60.07,Inox,Filetare,41,1,Uzura excesiva
185,Tarod,TAROD M10 ISO2,4338,1155.31,1.02,19.04,105.18,3.88,37.2,67.08,Otel,Filetare,302,1,Supraincalzire
186,Tarod,TAROD M10 ISO2,3590,936.01,1.18,5.18,81.5,4.41,65.8,63.06,Aluminiu,Filetare,254,1,Uzura excesiva
187,Tarod,TAROD M10 ISO2,2447,1112.06,2.09,14.96,115.4,0.95,21.0,74.18,Aluminiu,Filetare,209,1,Niciunul
188,Tarod,TAROD M10 ISO2,4583,789.58,2.75,18.79,90.75,2.02,15.5,61.39,Otel,Filetare,327,1,Supraincalzire
189,Tarod,TAROD M10 ISO2,5157,352.71,0.75,8.58,41.54,1.29,0.1,63.94,Aluminiu,Filetare,184,0,Niciunul
190,Tarod,TAROD M10 ISO2,1525,1025.79,0.13,6.93,47.44,1.53,14.2,69.19,Otel,Filetare,399,0,Niciunul
191,Tarod,TAROD M10 ISO2,4386,1062.54,2.37,17.44,61.36,4.19,58.1,69.89,Inox,Filetare,416,1,Uzura excesiva
192,Tarod,TAROD M10 ISO2,1576,325.02,0.39,16.56,75.53,1.87,63.8,66.83,Aluminiu,Filetare,176,1,Uzura excesiva
193,Tarod,TAROD M10 ISO2,2945,680.56,2.93,18.7,67.42,2.0,9.0,67.33,Aluminiu,Filetare,19,0,Niciunul
194,Tarod,TAROD M10 ISO2,2707,659.09,1.19,12.45,52.38,0.58,9.4,70.76,Inox,Filetare,448,0,Niciunul
195,Tarod,TAROD M10 ISO2,5456,927.55,2.4,11.13,37.81,1.42,18.6,73.31,Otel,Filetare,460,0,Niciunul
196,Tarod,TAROD M10 ISO2,5112,858.01,1.95,18.27,53.33,1.64,9.7,61.59,Otel,Filetare,267,0,Niciunul
197,Tarod,TAROD M10 ISO2,3204,764.48,1.09,17.16,49.71,1.82,15.4,62.99,Aluminiu,Filetare,383,0,Niciunul
198,Tarod,TAROD M10 ISO2,4313,703.39,0.97,16.67,111.49,3.38,30.6,70.85,Otel,Filetare,422,1,Supraincalzire
199,Tarod,TAROD M10 ISO2,3455,1160.45,1.56,12.99,51.07,0.73,13.7,70.53,Aluminiu,Filetare,435,0,Niciunul
200,Tarod,TAROD M10 ISO2,2125,345.3,0.25,13.16,67.9,4.01,59.3,71.94,Inox,Filetare,466,1,Uzura excesiva
201,Tarod,TAROD M10 ISO2,3855,691.64,1.3,18.52,78.42,3.51,22.0,74.55,Aluminiu,Filetare,420,1,Vibratii
202,Tarod,TAROD M10 ISO2,2008,285.54,2.9,6.6,101.62,1.74,21.2,69.23,Otel,Filetare,412,1,Supraincalzire
203,Tarod,TAROD M10 ISO2,4806,205.6,0.42,13.5,42.61,1.93,17.8,73.93,Aluminiu,Filetare,402,0,Niciunul
204,Tarod,TAROD M10 ISO2,3232,927.93,2.27,9.67,58.26,0.53,3.1,72.08,Otel,Filetare,93,0,Niciunul
205,Tarod,TAROD M10 ISO2,3384,957.46,2.66,19.68,47.77,1.32,16.7,73.42,Otel,Filetare,157,0,Niciunul
206,Tarod,TAROD M10 ISO2,2250,257.78,1.3,13.96,71.64,2.54,53.1,62.8,Inox,Filetare,462,1,Uzura excesiva
207,Tarod,TAROD M10 ISO2,3552,220.41,1.58,19.29,61.51,3.37,40.4,74.19,Aluminiu,Filetare,282,1,Vibratii
208,Tarod,TAROD M10 ISO2,3910,279.95,0.27,12.9,89.37,2.9,46.6,64.4,Otel,Filetare,25,1,Uzura excesiva
209,Tarod,TAROD M10 ISO2,2980,228.49,2.85,19.65,50.56,10.59,42.5,74.47,Inox,Filetare,429,1,Vibratii
210,Tarod,TAROD M10 ISO2,3634,330.13,1.94,10.54,59.07,11.73,45.6,66.1,Aluminiu,Filetare,183,1,Vibratii
211,Tarod,TAROD M10 ISO2,1610,1166.24,1.69,7.27,54.4,1.67,13.7,69.0,Aluminiu,Filetare,219,0,Niciunul
212,Tarod,TAROD M10 ISO2,3776,858.19,1.78,12.18,77.16,3.87,44.8,66.14,Aluminiu,Filetare,189,1,Uzura excesiva
213,Tarod,TAROD M10 ISO2,5736,496.57,2.42,10.62,68.1,0.97,0.2,62.22,Aluminiu,Filetare,401,0,Niciunul
214,Tarod,TAROD M10 ISO2,3653,648.62,2.88,12.1,42.45,1.41,8.3,74.61,Aluminiu,Filetare,434,0,Niciunul
215,Tarod,TAROD M10 ISO2,4363,282.71,2.28,5.67,62.55,1.91,1.3,61.25,Otel,Filetare,381,0,Niciunul
216,Tarod,TAROD M10 ISO2,5136,1053.07,2.03,12.48,85.07,1.52,57.5,67.02,Inox,Filetare,133,1,Uzura excesiva
217,Tarod,TAROD M10 ISO2,3050,1161.03,1.88,14.31,64.85,0.71,5.5,60.98,Otel,Filetare,23,0,Niciunul
218,Tarod,TAROD M10 ISO2,2044,302.61,0.14,14.89,63.79,0.89,13.5,74.74,Aluminiu,Filetare,65,0,Niciunul
219,Tarod,TAROD M10 ISO2,4351,572.27,2.5,14.84,67.59,0.92,5.7,60.46,Inox,Filetare,363,0,Niciunul
220,Tarod,TAROD M10 ISO2,3779,1063.65,1.49,19.79,87.78,3.17,63.2,68.51,Aluminiu,Filetare,114,1,Uzura excesiva
221,Tarod,TAROD M10 ISO2,1654,1156.19,0.61,15.01,39.81,0.88,16.9,66.54,Inox,Filetare,354,0,Niciunul
222,Tarod,TAROD M10 ISO2,3183,650.95,0.23,17.83,37.05,1.0,9.0,62.96,Aluminiu,Filetare,262,0,Niciunul
223,Tarod,TAROD M10 ISO2,5671,785.18,2.64,13.22,51.61,0.97,1.6,70.08,Otel,Filetare,271,0,Niciunul
224,Tarod,TAROD M10 ISO2,5517,1003.0,2.53,13.85,55.49,1.45,12.5,73.18,Inox,Filetare,88,0,Niciunul
225,Tarod,TAROD M10 ISO2,2538,930.19,2.15,17.19,80.28,3.79,59.4,67.88,Inox,Filetare,108,1,Vibratii
226,Tarod,TAROD M10 ISO2,5781,422.92,0.58,12.19,41.32,0.67,2.5,71.03,Otel,Filetare,373,0,Niciunul
227,Tarod,TAROD M10 ISO2,4337,961.17,2.36,18.28,58.4,0.52,13.0,73.72,Otel,Filetare,239,0,Niciunul
228,Tarod,TAROD M10 ISO2,5109,267.47,2.28,12.03,55.97,0.86,1.8,74.63,Otel,Filetare,53,0,Niciunul
229,Tarod,TAROD M10 ISO2,1739,959.46,2.31,10.13,61.31,9.13,51.9,68.03,Otel,Filetare,102,1,Niciunul
230,Tarod,TAROD M10 ISO2,4614,453.26,2.49,7.59,54.14,4.94,54.3,74.62,Otel,Filetare,266,1,Vibratii
231,Tarod,TAROD M10 ISO2,3345,722.25,1.91,5.77,71.61,4.28,41.8,63.25,Inox,Filetare,126,1,Niciunul
232,Tarod,TAROD M10 ISO2,3866,1150.76,2.56,5.2,112.72,2.98,37.9,69.54,Otel,Filetare,158,1,Supraincalzire
233,Tarod,TAROD M10 ISO2,2527,496.29,1.13,9.68,63.48,5.2,25.6,60.46,Inox,Filetare,146,1,Vibratii
234,Tarod,TAROD M10 ISO2,5521,473.45,2.29,5.94,82.28,2.35,66.3,73.2,Otel,Filetare,155,1,Uzura excesiva
235,Tarod,TAROD M10 ISO2,5299,638.29,2.57,17.11,62.72,2.05,45.2,70.89,Aluminiu,Filetare,302,1,Uzura excesiva
236,Tarod,TAROD M10 ISO2,4922,919.01,0.16,6.83,45.96,0.82,12.0,67.02,Inox,Filetare,287,0,Niciunul
237,Tarod,TAROD M10 ISO2,5931,1078.51,0.33,15.15,46.08,1.09,14.2,72.65,Inox,Filetare,25,0,Niciunul
238,Tarod,TAROD M10 ISO2,4694,701.73,0.58,13.17,56.47,5.47,23.4,67.22,Inox,Filetare,190,1,Vibratii
239,Tarod,TAROD M10 ISO2,5036,425.85,2.02,13.75,50.27,1.71,12.5,62.98,Inox,Filetare,342,0,Niciunul
240,Tarod,TAROD M10 ISO2,5837,578.25,0.72,19.04,57.49,6.67,34.0,63.12,Aluminiu,Filetare,206,1,Vibratii
241,Tarod,TAROD M10 ISO2,5468,734.34,1.95,17.89,57.6,9.02,31.2,71.03,Aluminiu,Filetare,47,1,Vibratii
242,Tarod,TAROD M10 ISO2,2774,523.06,0.17,17.47,48.31,1.57,12.7,74.72,Otel,Filetare,155,0,Niciunul
243,Tarod,TAROD M10 ISO2,5615,446.49,0.74,15.87,77.06,3.66,46.8,70.55,Otel,Filetare,205,1,Vibratii
244,Tarod,TAROD M10 ISO2,3779,339.31,0.81,18.33,78.79,3.41,65.7,69.36,Aluminiu,Filetare,223,1,Uzura excesiva
245,Tarod,TAROD M10 ISO2,3828,450.58,2.04,8.1,60.7,7.79,21.6,72.16,Inox,Filetare,485,1,Vibratii
246,Tarod,TAROD M10 ISO2,2657,391.72,0.62,19.79,57.0,3.47,31.9,61.83,Otel,Filetare,152,1,Vibratii
247,Tarod,TAROD M10 ISO2,2808,214.35,2.05,12.81,54.17,1.07,11.3,74.92,Aluminiu,Filetare,182,0,Niciunul
248,Tarod,TAROD M10 ISO2,2348,1018.28,1.71,19.91,45.59,1.06,5.8,60.6,Aluminiu,Filetare,214,0,Niciunul
249,Tarod,TAROD M10 ISO2,3007,240.97,0.62,16.6,89.29,3.23,56.8,64.57,Inox,Filetare,42,1,Vibratii
250,Tarod,TAROD M10 ISO2,3239,1149.57,2.97,19.57,65.97,1.12,11.5,65.52,Inox,Filetare,45,0,Niciunul
251,Tarod,TAROD M10 ISO2,4896,475.9,1.35,15.72,54.78,1.68,9.9,62.87,Otel,Filetare,157,0,Niciunul
252,Tarod,TAROD M10 ISO2,2458,957.9,0.3,14.63,106.8,1.95,18.0,64.79,Otel,Filetare,459,1,Supraincalzire
253,Tarod,TAROD M10 ISO2,3554,627.15,0.56,5.79,44.43,1.18,9.8,70.16,Aluminiu,Filetare,247,0,Niciunul
254,Tarod,TAROD M10 ISO2,3825,267.53,1.89,6.06,53.94,1.71,11.0,73.51,Aluminiu,Filetare,200,0,Niciunul
255,Tarod,TAROD M10 ISO2,5918,823.62,1.3,17.87,53.95,3.44,65.6,69.86,Otel,Filetare,162,1,Uzura excesiva
256,Tarod,TAROD M10 ISO2,3354,642.94,0.4,7.3,65.65,1.02,16.1,65.19,Otel,Filetare,418,0,Niciunul
257,Tarod,TAROD M10 ISO2,3860,591.86,2.92,15.45,69.28,3.83,55.2,63.94,Inox,Filetare,127,1,Uzura excesiva
258,Tarod,TAROD M10 ISO2,4043,233.16,2.67,14.85,119.96,0.84,38.5,71.93,Inox,Filetare,46,1,Supraincalzire
259,Tarod,TAROD M10 ISO2,3061,311.84,1.45,15.05,55.64,1.71,19.7,61.52,Aluminiu,Filetare,98,0,Niciunul
260,Tarod,TAROD M10 ISO2,4194,821.9,0.44,15.23,47.84,0.84,2.9,60.58,Inox,Filetare,326,0,Niciunul
261,Tarod,TAROD M10 ISO2,5341,793.12,1.68,18.61,52.36,3.53,52.8,72.72,Otel,Filetare,216,1,Vibratii
262,Tarod,TAROD M10 ISO2,3565,360.21,1.76,7.28,47.15,1.49,15.0,65.28,Otel,Filetare,125,0,Niciunul
263,Tarod,TAROD M10 ISO2,3140,674.83,1.77,10.29,85.8,8.19,23.9,62.8,Inox,Filetare,52,1,Vibratii
264,Tarod,TAROD M10 ISO2,1667,246.38,2.49,15.44,58.32,1.08,51.8,67.13,Otel,Filetare,382,1,Uzura excesiva
265,Tarod,TAROD M10 ISO2,4595,725.98,1.04,19.01,66.33,1.33,20.0,68.4,Aluminiu,Filetare,439,0,Niciunul
266,Tarod,TAROD M10 ISO2,4250,1147.64,2.25,10.4,55.77,1.43,6.8,61.9,Aluminiu,Filetare,417,0,Niciunul
267,Tarod,TAROD M10 ISO2,3639,759.03,0.68,5.35,50.08,1.86,67.7,64.98,Otel,Filetare,49,1,Uzura excesiva
268,Tarod,TAROD M10 ISO2,4424,1086.27,0.67,18.61,43.09,1.61,13.6,62.45,Otel,Filetare,182,0,Niciunul
269,Tarod,TAROD M10 ISO2,3295,356.0,1.5,10.91,50.12,1.87,9.2,66.73,Inox,Filetare,254,0,Niciunul
270,Tarod,TAROD M10 ISO2,5788,1164.36,0.24,15.82,53.19,1.82,4.0,69.07,Otel,Filetare,325,0,Niciunul
271,Tarod,TAROD M10 ISO2,5279,1100.72,1.24,12.53,46.39,0.76,8.5,65.57,Aluminiu,Filetare,61,0,Niciunul
272,Tarod,TAROD M10 ISO2,5816,1163.56,0.49,18.13,69.35,1.53,11.4,72.43,Aluminiu,Filetare,133,0,Niciunul
273,Tarod,TAROD M10 ISO2,4646,859.77,2.82,19.49,50.28,11.62,42.2,66.22,Inox,Filetare,53,1,Niciunul
274,Tarod,TAROD M10 ISO2,4237,1070.91,1.54,17.71,37.95,0.54,16.9,65.81,Otel,Filetare,286,0,Niciunul
275,Tarod,TAROD M10 ISO2,1854,1115.52,1.07,14.87,77.74,7.69,50.2,70.32,Aluminiu,Filetare,92,1,Vibratii
276,Tarod,TAROD M10 ISO2,5666,454.1,2.65,9.54,56.26,1.38,8.2,64.37,Otel,Filetare,203,0,Niciunul
277,Tarod,TAROD M10 ISO2,3501,676.13,2.07,17.04,88.69,11.17,41.3,71.77,Inox,Filetare,228,1,Vibratii
278,Tarod,TAROD M10 ISO2,4508,1150.82,0.23,8.6,59.05,4.91,70.2,71.85,Otel,Filetare,400,1,Uzura excesiva
279,Tarod,TAROD M10 ISO2,3878,791.58,2.18,5.97,36.65,0.92,15.0,73.35,Aluminiu,Filetare,221,0,Niciunul
280,Tarod,TAROD M10 ISO2,5838,346.71,1.75,14.56,87.06,3.69,71.8,72.3,Aluminiu,Filetare,415,1,Uzura excesiva
281,Tarod,TAROD M10 ISO2,4105,960.95,2.95,13.13,54.31,11.1,43.5,72.11,Inox,Filetare,371,1,Vibratii
282,Tarod,TAROD M10 ISO2,2140,557.88,1.93,18.02,76.22,1.97,50.8,72.39,Inox,Filetare,88,1,Uzura excesiva
283,Tarod,TAROD M10 ISO2,5904,389.92,1.53,12.91,53.86,1.81,11.7,71.33,Inox,Filetare,369,0,Niciunul
284,Tarod,TAROD M10 ISO2,4031,525.15,1.85,7.56,52.51,4.2,50.9,67.92,Inox,Filetare,197,1,Uzura excesiva
285,Tarod,TAROD M10 ISO2,3097,552.88,0.3,18.73,80.47,2.79,52.1,73.53,Aluminiu,Filetare,150,1,Uzura excesiva
286,Tarod,TAROD M10 ISO2,3476,491.32,1.5,19.29,82.54,3.39,38.2,71.49,Inox,Filetare,342,1,Supraincalzire
287,Tarod,TAROD M10 ISO2,5713,919.78,0.4,12.3,51.31,4.25,31.8,67.14,Inox,Filetare,301,1,Vibratii
288,Tarod,TAROD M10 ISO2,5445,574.72,2.01,8.29,51.35,0.81,12.3,66.68,Otel,Filetare,37,0,Niciunul
289,Tarod,TAROD M10 ISO2,3079,234.65,2.39,6.64,62.24,1.56,4.2,72.93,Aluminiu,Filetare,112,0,Niciunul
290,Tarod,TAROD M10 ISO2,1599,680.96,2.91,6.63,74.81,1.03,71.1,61.8,Aluminiu,Filetare,4,1,Uzura excesiva
291,Tarod,TAROD M10 ISO2,4017,667.86,0.57,5.38,85.73,1.81,57.6,62.75,Aluminiu,Filetare,4,1,Uzura excesiva
292,Tarod,TAROD M10 ISO2,1990,703.83,0.57,12.57,49.51,1.59,15.4,71.49,Aluminiu,Filetare,475,0,Niciunul
293,Tarod,TAROD M10 ISO2,2890,1184.68,2.24,7.72,68.11,3.37,76.6,74.63,Aluminiu,Filetare,9,1,Uzura excesiva
294,Tarod,TAROD M10 ISO2,5149,692.47,0.77,16.26,52.04,4.82,31.0,70.86,Inox,Filetare,187,1,Vibratii
295,Tarod,TAROD M10 ISO2,5444,742.57,2.75,6.66,40.03,1.27,3.7,66.71,Aluminiu,Filetare,213,0,Niciunul
296,Tarod,TAROD M10 ISO2,2223,369.96,1.37,13.74,38.91,0.79,18.9,72.51,Inox,Filetare,333,0,Niciunul
297,Tarod,TAROD M10 ISO2,4625,790.36,2.14,11.08,61.25,0.98,0.1,68.16,Inox,Filetare,109,0,Niciunul
298,Tarod,TAROD M10 ISO2,4262,586.27,1.67,7.06,61.72,1.69,4.7,70.37,Otel,Filetare,79,0,Niciunul
299,Tarod,TAROD M10 ISO2,5658,429.9,1.62,15.69,61.91,1.09,15.1,65.82,Otel,Filetare,460,0,Niciunul
300,Tarod,TAROD M10 ISO2,5600,865.03,1.61,12.77,43.33,2.0,5.8,72.53,Inox,Filetare,151,0,Niciunul
301,Tarod,TAROD M10 ISO2,2912,652.81,0.7,7.76,43.73,0.75,9.6,62.46,Inox,Filetare,391,0,Niciunul
302,Tarod,TAROD M10 ISO2,2772,847.43,2.64,9.67,68.95,11.55,30.4,73.7,Aluminiu,Filetare,438,1,Vibratii
303,Tarod,TAROD M10 ISO2,3276,762.61,2.24,13.29,54.57,10.82,43.7,65.47,Aluminiu,Filetare,182,1,Vibratii
304,Tarod,TAROD M10 ISO2,2842,997.04,1.55,17.43,76.33,3.01,42.8,62.29,Aluminiu,Filetare,331,1,Uzura excesiva
305,Tarod,TAROD M10 ISO2,5726,367.56,1.55,18.84,62.3,1.82,18.2,69.38,Inox,Filetare,254,0,Niciunul
306,Tarod,TAROD M10 ISO2,4151,234.71,1.73,6.07,70.29,3.14,21.9,68.08,Aluminiu,Filetare,146,1,Vibratii
307,Tarod,TAROD M10 ISO2,4776,502.77,1.16,13.76,67.34,8.84,25.1,63.2,Inox,Filetare,475,1,Vibratii
308,Tarod,TAROD M10 ISO2,5897,1013.88,0.25,16.92,56.29,0.51,15.2,64.27,Aluminiu,Filetare,423,0,Niciunul
309,Tarod,TAROD M10 ISO2,1812,584.86,1.61,14.05,44.67,1.08,13.5,68.25,Aluminiu,Filetare,494,0,Niciunul
310,Tarod,TAROD M10 ISO2,5853,532.27,1.66,18.84,94.84,3.22,36.7,73.31,Inox,Filetare,421,1,Supraincalzire
311,Tarod,TAROD M10 ISO2,5443,830.46,2.11,7.69,50.11,3.42,33.0,70.47,Aluminiu,Filetare,268,1,Vibratii
312,Tarod,TAROD M10 ISO2,5817,336.85,2.69,11.22,66.36,1.66,17.4,67.02,Aluminiu,Filetare,230,0,Niciunul
313,Tarod,TAROD M10 ISO2,4496,689.7,0.65,16.76,102.86,1.46,36.0,62.32,Otel,Filetare,302,1,Supraincalzire
314,Tarod,TAROD M10 ISO2,3046,1067.6,1.0,12.77,60.42,5.44,20.5,64.5,Aluminiu,Filetare,121,1,Vibratii
315,Tarod,TAROD M10 ISO2,4615,811.65,1.69,16.59,119.21,2.58,16.2,66.98,Inox,Filetare,182,1,Supraincalzire
316,Tarod,TAROD M10 ISO2,2004,1091.26,1.51,19.6,91.6,3.29,15.6,74.81,Otel,Filetare,26,1,Supraincalzire
317,Tarod,TAROD M10 ISO2,5688,850.01,1.09,8.38,63.25,1.08,6.8,65.41,Otel,Filetare,49,0,Niciunul
318,Tarod,TAROD M10 ISO2,4705,542.97,0.25,10.29,66.48,2.18,41.3,64.08,Aluminiu,Filetare,241,1,Uzura excesiva
319,Tarod,TAROD M10 ISO2,2887,629.67,1.94,12.23,88.4,2.51,24.0,68.14,Otel,Filetare,112,1,Niciunul
320,Tarod,TAROD M10 ISO2,2825,488.3,0.62,6.94,40.57,0.77,3.7,61.53,Inox,Filetare,428,0,Niciunul
321,Tarod,TAROD M10 ISO2,2308,749.58,2.84,9.33,55.97,0.69,12.0,73.53,Inox,Filetare,393,0,Niciunul
322,Tarod,TAROD M10 ISO2,4077,531.18,1.93,6.2,85.37,11.13,30.1,64.31,Inox,Filetare,306,1,Vibratii
323,Tarod,TAROD M10 ISO2,4041,832.45,1.6,13.2,59.21,0.96,15.4,61.95,Inox,Filetare,373,0,Niciunul
324,Tarod,TAROD M10 ISO2,3559,357.47,2.7,19.6,45.66,1.89,8.7,71.33,Otel,Filetare,388,0,Niciunul
325,Tarod,TAROD M10 ISO2,3887,1100.73,1.44,12.54,79.14,10.55,23.7,69.97,Otel,Filetare,39,1,Vibratii
326,Tarod,TAROD M10 ISO2,1811,248.37,1.33,8.8,82.23,5.2,40.3,64.38,Aluminiu,Filetare,236,1,Vibratii
327,Tarod,TAROD M10 ISO2,4038,523.11,2.01,5.6,104.65,0.68,37.3,63.21,Otel,Filetare,108,1,Supraincalzire
328,Tarod,TAROD M10 ISO2,4867,819.1,1.68,15.3,67.73,1.33,10.0,67.38,Otel,Filetare,411,0,Niciunul
329,Tarod,TAROD M10 ISO2,4414,942.09,1.28,13.77,37.46,1.26,1.1,62.06,Aluminiu,Filetare,209,0,Niciunul
330,Tarod,TAROD M10 ISO2,3014,1018.48,2.83,9.39,55.87,0.89,6.8,64.6,Otel,Filetare,296,0,Niciunul
331,Tarod,TAROD M10 ISO2,2332,733.14,1.19,10.34,40.59,1.04,17.6,66.88,Aluminiu,Filetare,75,0,Niciunul
332,Tarod,TAROD M10 ISO2,2044,339.13,0.58,12.29,55.21,1.34,0.2,62.52,Otel,Filetare,8,0,Niciunul
333,Tarod,TAROD M10 ISO2,5694,243.23,0.89,13.73,63.5,1.08,1.7,60.72,Aluminiu,Filetare,149,0,Niciunul
334,Tarod,TAROD M10 ISO2,5547,701.41,1.49,5.28,80.22,4.85,49.8,61.73,Inox,Filetare,270,1,Uzura excesiva
335,Tarod,TAROD M10 ISO2,4994,457.64,2.86,7.1,56.6,0.52,3.5,60.32,Inox,Filetare,332,0,Niciunul
336,Tarod,TAROD M10 ISO2,5331,406.78,1.49,11.41,62.72,1.96,9.7,72.41,Inox,Filetare,466,0,Niciunul
337,Tarod,TAROD M10 ISO2,4696,996.43,1.86,8.57,63.37,1.18,8.7,70.51,Inox,Filetare,487,0,Niciunul
338,Tarod,TAROD M10 ISO2,3433,321.46,2.19,12.04,49.74,1.18,12.9,64.04,Otel,Filetare,162,0,Niciunul
339,Tarod,TAROD M10 ISO2,2771,731.29,0.52,8.64,68.23,2.27,61.4,70.12,Otel,Filetare,91,1,Uzura excesiva
340,Tarod,TAROD M10 ISO2,4134,732.29,1.97,19.87,93.92,2.38,12.2,73.22,Aluminiu,Filetare,280,1,Supraincalzire
341,Tarod,TAROD M10 ISO2,4649,469.71,1.85,5.68,67.44,0.83,13.7,61.77,Aluminiu,Filetare,37,0,Niciunul
342,Tarod,TAROD M10 ISO2,1598,261.47,2.3,10.65,105.52,2.28,37.6,66.52,Aluminiu,Filetare,116,1,Supraincalzire
343,Tarod,TAROD M10 ISO2,3896,440.17,0.6,11.35,56.94,1.48,19.0,62.71,Aluminiu,Filetare,118,0,Niciunul
344,Tarod,TAROD M10 ISO2,4463,1151.24,1.84,16.8,67.91,1.01,12.3,71.43,Aluminiu,Filetare,223,0,Niciunul
345,Tarod,TAROD M10 ISO2,4248,846.85,2.07,18.93,103.9,3.34,27.1,61.95,Otel,Filetare,4,1,Supraincalzire
346,Tarod,TAROD M10 ISO2,5342,902.22,0.19,9.02,42.63,0.81,2.9,73.62,Aluminiu,Filetare,465,0,Niciunul
347,Tarod,TAROD M10 ISO2,3881,776.93,2.31,13.19,68.54,1.25,16.9,63.46,Otel,Filetare,340,0,Niciunul
348,Tarod,TAROD M10 ISO2,3650,1167.88,0.65,15.64,81.91,3.31,58.6,66.18,Inox,Filetare,91,1,Uzura excesiva
349,Tarod,TAROD M10 ISO2,2479,998.55,1.16,14.99,80.36,1.63,45.8,70.64,Inox,Filetare,493,1,Niciunul
350,Tarod,TAROD M10 ISO2,5021,559.41,2.97,13.66,40.18,1.86,11.2,62.83,Inox,Filetare,164,0,Niciunul
351,Tarod,TAROD M10 ISO2,2328,347.96,2.74,6.66,64.76,1.54,1.8,62.69,Aluminiu,Filetare,142,0,Niciunul
352,Tarod,TAROD M10 ISO2,1726,235.8,2.69,17.34,86.16,3.31,62.4,72.99,Aluminiu,Filetare,173,1,Uzura excesiva
353,Tarod,TAROD M10 ISO2,5274,828.62,1.16,14.6,69.26,4.69,61.2,73.97,Otel,Filetare,254,1,Uzura excesiva
354,Tarod,TAROD M10 ISO2,2485,1012.77,0.72,7.26,52.25,0.74,13.4,66.03,Otel,Filetare,79,0,Niciunul
355,Tarod,TAROD M10 ISO2,1741,1107.3,2.76,8.48,66.38,0.75,9.9,69.29,Inox,Filetare,361,0,Niciunul
356,Tarod,TAROD M10 ISO2,1523,431.5,1.91,5.62,82.75,0.97,22.3,73.59,Aluminiu,Filetare,251,1,Supraincalzire
357,Tarod,TAROD M10 ISO2,3387,1153.49,0.21,17.87,58.81,1.34,6.6,66.45,Otel,Filetare,187,0,Niciunul
358,Tarod,TAROD M10 ISO2,2633,630.76,2.74,19.88,89.32,2.75,61.7,62.74,Aluminiu,Filetare,382,1,Uzura excesiva
359,Tarod,TAROD M10 ISO2,4421,848.23,1.08,10.49,51.03,0.91,11.7,72.12,Inox,Filetare,224,0,Niciunul
360,Tarod,TAROD M10 ISO2,2852,546.49,0.84,5.83,80.16,3.47,31.8,62.67,Aluminiu,Filetare,3,1,Supraincalzire
361,Tarod,TAROD M10 ISO2,4246,970.6,1.41,12.65,42.19,1.04,11.7,74.84,Aluminiu,Filetare,157,0,Niciunul
362,Tarod,TAROD M10 ISO2,5347,965.65,2.17,11.92,44.46,0.94,1.9,74.21,Aluminiu,Filetare,373,0,Niciunul
363,Tarod,TAROD M10 ISO2,2372,854.47,2.37,19.1,55.72,0.7,6.6,73.53,Aluminiu,Filetare,211,0,Niciunul
364,Tarod,TAROD M10 ISO2,2963,1017.12,2.24,13.62,103.33,1.71,15.9,74.25,Otel,Filetare,316,1,Supraincalzire
365,Tarod,TAROD M10 ISO2,5105,885.21,2.81,17.18,57.22,1.01,9.9,68.16,Otel,Filetare,136,0,Niciunul
366,Tarod,TAROD M10 ISO2,5004,1052.94,2.62,19.84,48.1,1.32,11.9,62.13,Inox,Filetare,250,0,Niciunul
367,Tarod,TAROD M10 ISO2,3747,1189.08,0.58,13.55,38.31,0.67,17.6,62.6,Aluminiu,Filetare,497,0,Niciunul
368,Tarod,TAROD M10 ISO2,4964,662.08,1.14,6.81,50.46,3.33,74.3,73.63,Otel,Filetare,149,1,Uzura excesiva
369,Tarod,TAROD M10 ISO2,4363,1099.75,2.04,7.47,56.57,1.5,2.4,62.36,Otel,Filetare,427,0,Niciunul
370,Tarod,TAROD M10 ISO2,3952,688.51,0.86,9.3,89.11,3.3,54.0,68.12,Otel,Filetare,247,1,Uzura excesiva
371,Tarod,TAROD M10 ISO2,5447,752.56,2.11,19.26,81.33,5.82,40.3,69.66,Aluminiu,Filetare,426,1,Vibratii
372,Tarod,TAROD M10 ISO2,4920,601.03,2.53,17.2,81.8,1.59,60.6,65.51,Inox,Filetare,227,1,Uzura excesiva
373,Tarod,TAROD M10 ISO2,2882,1151.74,1.42,5.63,61.38,1.93,17.3,72.86,Otel,Filetare,245,0,Niciunul
374,Tarod,TAROD M10 ISO2,2621,400.69,0.75,8.21,73.95,3.39,37.5,69.4,Otel,Filetare,380,1,Vibratii
375,Tarod,TAROD M10 ISO2,5621,266.52,2.6,16.17,88.53,1.11,21.8,62.62,Inox,Filetare,96,1,Supraincalzire
376,Tarod,TAROD M10 ISO2,5920,723.08,2.51,5.43,61.27,1.94,0.4,63.18,Aluminiu,Filetare,73,0,Niciunul
377,Tarod,TAROD M10 ISO2,3200,982.77,2.66,19.89,63.45,1.37,1.2,61.57,Aluminiu,Filetare,99,0,Niciunul
378,Tarod,TAROD M10 ISO2,2099,1164.14,1.12,6.41,69.24,1.78,13.6,71.21,Inox,Filetare,16,0,Niciunul
379,Tarod,TAROD M10 ISO2,5214,469.44,1.41,19.62,65.07,1.34,19.7,60.03,Otel,Filetare,158,0,Niciunul
380,Tarod,TAROD M10 ISO2,5058,782.39,2.19,7.24,55.52,1.51,4.8,66.86,Inox,Filetare,448,0,Niciunul
381,Tarod,TAROD M10 ISO2,2636,985.94,0.86,6.36,67.86,1.4,19.6,68.62,Aluminiu,Filetare,169,0,Niciunul
382,Tarod,TAROD M10 ISO2,5081,592.41,0.53,15.72,41.08,1.54,3.9,72.49,Otel,Filetare,283,0,Niciunul
383,Tarod,TAROD M10 ISO2,4495,262.85,1.26,16.97,111.35,3.38,22.2,69.19,Aluminiu,Filetare,269,1,Supraincalzire
384,Tarod,TAROD M10 ISO2,2585,262.72,2.84,9.8,79.9,2.59,73.6,73.29,Aluminiu,Filetare,205,1,Uzura excesiva
385,Tarod,TAROD M10 ISO2,5171,1030.83,2.42,6.72,79.67,10.97,48.5,69.82,Otel,Filetare,158,1,Vibratii
386,Tarod,TAROD M10 ISO2,3290,654.94,0.35,7.03,44.21,0.72,3.8,60.58,Otel,Filetare,393,0,Niciunul
387,Tarod,TAROD M10 ISO2,4497,651.02,0.6,7.91,36.9,0.52,8.2,73.04,Aluminiu,Filetare,162,0,Niciunul
388,Tarod,TAROD M10 ISO2,3301,1002.97,1.78,8.78,58.22,1.77,13.4,72.86,Aluminiu,Filetare,481,0,Niciunul
389,Tarod,TAROD M10 ISO2,2348,375.83,0.77,5.83,86.29,10.26,44.3,71.03,Otel,Filetare,338,1,Vibratii
390,Tarod,TAROD M10 ISO2,5979,706.98,2.94,18.53,85.69,8.53,48.4,62.52,Otel,Filetare,483,1,Niciunul
391,Tarod,TAROD M10 ISO2,5743,911.32,2.54,13.01,39.32,0.79,12.4,65.31,Inox,Filetare,151,0,Niciunul
392,Tarod,TAROD M10 ISO2,2088,505.2,2.28,19.36,53.43,1.39,17.4,60.15,Aluminiu,Filetare,309,0,Niciunul
393,Tarod,TAROD M10 ISO2,5722,924.34,1.16,8.51,51.55,1.55,6.9,73.23,Inox,Filetare,234,0,Niciunul
394,Tarod,TAROD M10 ISO2,4083,235.57,0.94,5.62,88.98,8.56,44.0,72.18,Otel,Filetare,462,1,Vibratii
395,Tarod,TAROD M10 ISO2,1777,975.79,0.64,15.86,84.43,2.07,66.0,72.25,Aluminiu,Filetare,226,1,Niciunul
396,Tarod,TAROD M10 ISO2,4734,200.62,2.05,10.19,83.85,3.58,43.9,70.24,Inox,Filetare,424,1,Uzura excesiva
397,Tarod,TAROD M10 ISO2,2748,969.37,0.39,16.19,69.08,0.92,8.9,68.86,Aluminiu,Filetare,466,0,Niciunul
398,Tarod,TAROD M10 ISO2,2788,839.15,0.86,5.47,67.66,0.67,13.7,63.99,Otel,Filetare,228,0,Niciunul
399,Tarod,TAROD M10 ISO2,3618,771.19,1.65,5.62,52.08,4.22,46.6,62.38,Otel,Filetare,394,1,Vibratii
400,Tarod,TAROD M10 ISO2,5889,701.64,2.91,15.14,89.41,2.12,55.4,64.32,Aluminiu,Filetare,468,1,Uzura excesiva
401,Tarod,TAROD M10 ISO2,5840,362.52,2.03,8.42,104.57,3.75,24.4,64.83,Inox,Filetare,394,1,Supraincalzire
402,Tarod,TAROD M10 ISO2,4530,636.91,2.76,7.33,107.44,0.66,16.9,68.95,Inox,Filetare,246,1,Supraincalzire
403,Tarod,TAROD M10 ISO2,4641,582.44,2.08,9.48,79.32,11.68,33.2,65.59,Otel,Filetare,92,1,Vibratii
404,Tarod,TAROD M10 ISO2,4008,1089.97,1.07,11.15,45.18,0.62,6.6,64.95,Aluminiu,Filetare,392,0,Niciunul
405,Tarod,TAROD M10 ISO2,4293,867.62,1.86,11.69,54.66,1.99,15.0,67.21,Otel,Filetare,353,0,Niciunul
406,Tarod,TAROD M10 ISO2,4635,380.43,2.71,15.3,62.82,1.15,16.3,68.42,Aluminiu,Filetare,374,0,Niciunul
407,Tarod,TAROD M10 ISO2,2557,1074.41,2.13,6.25,71.35,1.93,69.6,60.69,Inox,Filetare,205,1,Uzura excesiva
408,Tarod,TAROD M10 ISO2,5631,1077.13,0.49,10.7,44.98,1.45,12.2,72.16,Inox,Filetare,341,0,Niciunul
409,Tarod,TAROD M10 ISO2,5918,449.31,1.48,18.91,94.04,2.08,23.9,74.52,Otel,Filetare,203,1,Niciunul
410,Tarod,TAROD M10 ISO2,3755,712.74,2.55,13.51,73.85,5.57,36.3,72.34,Otel,Filetare,426,1,Vibratii
411,Tarod,TAROD M10 ISO2,4977,1144.12,1.85,17.03,53.68,0.53,11.2,60.46,Inox,Filetare,250,0,Niciunul
412,Tarod,TAROD M10 ISO2,1625,467.08,0.51,17.27,66.01,0.9,11.1,69.72,Aluminiu,Filetare,483,0,Niciunul
413,Tarod,TAROD M10 ISO2,5308,677.21,2.8,7.44,38.2,1.61,13.4,73.81,Otel,Filetare,192,0,Niciunul
414,Tarod,TAROD M10 ISO2,5567,1115.79,2.65,17.41,94.29,1.14,22.5,65.64,Inox,Filetare,292,1,Supraincalzire
415,Tarod,TAROD M10 ISO2,5358,953.85,1.49,10.37,35.84,0.76,1.9,62.87,Inox,Filetare,429,0,Niciunul
416,Tarod,TAROD M10 ISO2,5829,975.2,0.41,14.35,69.48,0.99,17.5,65.33,Otel,Filetare,403,0,Niciunul
417,Tarod,TAROD M10 ISO2,4818,329.31,1.14,17.28,67.76,1.92,12.0,70.65,Otel,Filetare,229,0,Niciunul
418,Tarod,TAROD M10 ISO2,4524,691.47,0.35,10.18,49.46,1.77,14.4,61.21,Inox,Filetare,458,0,Niciunul
419,Tarod,TAROD M10 ISO2,5866,501.58,0.48,6.63,38.6,1.61,13.5,73.97,Aluminiu,Filetare,126,0,Niciunul
420,Tarod,TAROD M10 ISO2,2075,1036.57,2.91,15.12,88.92,2.27,12.2,71.88,Aluminiu,Filetare,299,1,Supraincalzire
421,Tarod,TAROD M10 ISO2,3548,211.86,2.98,12.05,73.01,4.39,63.4,67.12,Inox,Filetare,21,1,Uzura excesiva
422,Tarod,TAROD M10 ISO2,4895,795.2,2.62,17.52,46.42,1.62,5.0,65.53,Aluminiu,Filetare,147,0,Niciunul
423,Tarod,TAROD M10 ISO2,3395,440.77,1.35,10.35,57.15,0.71,8.5,63.88,Aluminiu,Filetare,308,0,Niciunul
424,Tarod,TAROD M10 ISO2,5544,1184.19,2.33,11.57,62.89,4.31,56.9,73.47,Otel,Filetare,380,1,Vibratii
425,Tarod,TAROD M10 ISO2,5043,575.91,2.9,14.06,69.39,0.58,8.7,67.15,Aluminiu,Filetare,252,0,Niciunul
426,Tarod,TAROD M10 ISO2,1636,330.11,0.84,5.56,57.04,6.98,48.1,64.73,Aluminiu,Filetare,206,1,Vibratii
427,Tarod,TAROD M10 ISO2,3143,668.69,2.09,17.84,94.5,2.6,39.2,70.52,Aluminiu,Filetare,490,1,Supraincalzire
428,Tarod,TAROD M10 ISO2,2939,887.71,2.42,18.27,55.06,1.52,16.1,67.0,Inox,Filetare,491,0,Niciunul
429,Tarod,TAROD M10 ISO2,2785,314.91,2.03,15.48,78.53,3.75,31.4,66.91,Otel,Filetare,89,1,Vibratii
430,Tarod,TAROD M10 ISO2,2615,266.08,0.92,7.09,80.93,2.8,16.6,68.5,Aluminiu,Filetare,484,1,Supraincalzire
431,Tarod,TAROD M10 ISO2,4408,548.82,0.36,19.71,35.7,0.89,0.1,65.33,Otel,Filetare,36,0,Niciunul
432,Tarod,TAROD M10 ISO2,3311,450.66,0.12,7.0,65.11,1.03,5.1,71.37,Otel,Filetare,291,0,Niciunul
433,Tarod,TAROD M10 ISO2,1735,801.06,2.52,10.12,115.11,1.11,13.2,61.56,Inox,Filetare,430,1,Supraincalzire
434,Tarod,TAROD M10 ISO2,4655,1111.34,1.36,5.42,55.05,1.17,12.1,74.47,Otel,Filetare,251,0,Niciunul
435,Tarod,TAROD M10 ISO2,4635,235.24,2.02,5.65,38.85,1.72,4.2,62.88,Aluminiu,Filetare,269,0,Niciunul
436,Tarod,TAROD M10 ISO2,1897,348.33,0.9,14.97,45.27,0.79,13.3,69.82,Otel,Filetare,190,0,Niciunul
437,Tarod,TAROD M10 ISO2,2476,776.67,1.83,11.06,35.31,0.79,0.1,72.46,Inox,Filetare,84,0,Niciunul
438,Tarod,TAROD M10 ISO2,3701,237.33,1.39,19.28,53.45,6.98,39.0,69.98,Aluminiu,Filetare,329,1,Vibratii
439,Tarod,TAROD M10 ISO2,1611,970.53,1.18,8.17,54.0,11.75,47.5,71.69,Inox,Filetare,442,1,Vibratii
440,Tarod,TAROD M10 ISO2,3224,1052.66,0.15,7.22,88.42,7.56,39.5,60.68,Aluminiu,Filetare,452,1,Vibratii
441,Tarod,TAROD M10 ISO2,5099,335.95,1.91,12.02,67.65,1.72,12.6,71.29,Inox,Filetare,476,0,Niciunul
442,Tarod,TAROD M10 ISO2,3813,620.93,1.44,17.38,81.53,8.89,58.2,71.82,Aluminiu,Filetare,199,1,Niciunul
443,Tarod,TAROD M10 ISO2,2771,740.61,1.48,12.53,49.76,0.74,16.2,67.61,Inox,Filetare,106,0,Niciunul
444,Tarod,TAROD M10 ISO2,5685,739.26,1.77,19.83,101.85,1.64,36.2,72.82,Inox,Filetare,97,1,Supraincalzire
445,Tarod,TAROD M10 ISO2,4019,602.38,2.27,7.73,69.13,1.05,18.8,68.36,Inox,Filetare,394,0,Niciunul
446,Tarod,TAROD M10 ISO2,4801,240.9,1.77,15.03,76.06,1.98,76.1,61.58,Aluminiu,Filetare,428,1,Niciunul
447,Tarod,TAROD M10 ISO2,3595,690.63,2.61,6.08,55.71,0.64,9.1,61.65,Aluminiu,Filetare,489,0,Niciunul
448,Tarod,TAROD M10 ISO2,4727,677.51,0.73,7.82,40.37,1.61,10.3,71.45,Otel,Filetare,392,0,Niciunul
449,Tarod,TAROD M10 ISO2,5460,945.71,1.46,5.54,68.35,1.71,12.4,62.05,Otel,Filetare,140,0,Niciunul
450,Tarod,TAROD M10 ISO2,5174,359.04,1.71,15.98,52.5,1.49,1.5,74.68,Inox,Filetare,90,0,Niciunul
451,Tarod,TAROD M10 ISO2,4857,794.12,0.78,18.68,35.2,1.75,14.6,74.16,Otel,Filetare,11,0,Niciunul
452,Tarod,TAROD M10 ISO2,3257,341.27,0.61,9.34,82.5,3.23,59.7,68.26,Otel,Filetare,182,1,Uzura excesiva
453,Tarod,TAROD M10 ISO2,5721,734.81,0.24,17.36,43.67,1.54,7.2,74.03,Aluminiu,Filetare,222,0,Niciunul
454,Tarod,TAROD M10 ISO2,4662,401.85,1.51,11.54,64.11,1.78,61.9,74.88,Otel,Filetare,34,1,Uzura excesiva
455,Tarod,TAROD M10 ISO2,5113,856.41,1.79,10.21,51.16,0.62,13.8,68.33,Otel,Filetare,64,0,Niciunul
456,Tarod,TAROD M10 ISO2,5493,849.39,2.92,17.18,69.47,0.92,18.8,67.27,Inox,Filetare,28,0,Niciunul
457,Tarod,TAROD M10 ISO2,2870,492.84,1.87,5.09,73.62,3.67,57.6,65.63,Otel,Filetare,70,1,Uzura excesiva
458,Tarod,TAROD M10 ISO2,3953,689.76,0.61,12.61,66.63,4.68,55.2,63.65,Inox,Filetare,361,1,Uzura excesiva
459,Tarod,TAROD M10 ISO2,3796,988.01,1.03,11.33,42.26,1.38,18.8,65.9,Inox,Filetare,333,0,Niciunul
460,Tarod,TAROD M10 ISO2,2357,435.84,2.81,7.56,52.53,1.04,16.0,68.05,Inox,Filetare,368,0,Niciunul
461,Tarod,TAROD M10 ISO2,5431,871.29,0.56,17.1,64.51,10.48,25.4,68.48,Inox,Filetare,146,1,Vibratii
462,Tarod,TAROD M10 ISO2,5989,456.84,1.51,6.05,96.47,1.27,12.3,71.69,Inox,Filetare,406,1,Supraincalzire
463,Tarod,TAROD M10 ISO2,2283,627.9,0.27,16.79,69.89,1.22,13.6,65.19,Inox,Filetare,347,0,Niciunul
464,Tarod,TAROD M10 ISO2,1587,848.15,1.7,18.78,36.68,1.56,15.1,74.69,Inox,Filetare,482,0,Niciunul
465,Tarod,TAROD M10 ISO2,4106,992.31,1.64,5.24,78.57,2.44,48.1,63.8,Otel,Filetare,353,1,Uzura excesiva
466,Tarod,TAROD M10 ISO2,3209,944.7,2.62,18.32,69.56,1.43,5.2,71.11,Inox,Filetare,482,0,Niciunul
467,Tarod,TAROD M10 ISO2,2069,803.64,2.22,8.73,85.61,3.83,18.7,63.3,Otel,Filetare,473,1,Supraincalzire
468,Tarod,TAROD M10 ISO2,3613,722.02,2.58,10.12,70.67,3.09,50.0,66.53,Inox,Filetare,238,1,Uzura excesiva
469,Tarod,TAROD M10 ISO2,5187,1029.0,1.15,14.1,52.42,1.19,1.0,62.33,Inox,Filetare,265,0,Niciunul
470,Tarod,TAROD M10 ISO2,5649,390.69,1.15,18.51,106.6,2.29,36.1,68.16,Aluminiu,Filetare,66,1,Supraincalzire
471,Tarod,TAROD M10 ISO2,4894,834.84,2.46,6.2,36.45,1.99,3.6,61.94,Aluminiu,Filetare,110,0,Niciunul
472,Tarod,TAROD M10 ISO2,4682,871.84,0.11,14.86,105.45,1.15,38.8,66.15,Otel,Filetare,391,1,Supraincalzire
473,Tarod,TAROD M10 ISO2,4347,522.54,0.69,14.85,89.41,1.69,31.4,66.54,Aluminiu,Filetare,79,1,Supraincalzire
474,Tarod,TAROD M10 ISO2,2968,668.23,1.88,13.25,62.16,1.47,4.9,68.04,Otel,Filetare,296,0,Niciunul
475,Tarod,TAROD M10 ISO2,1500,378.02,1.0,12.59,80.64,11.96,21.0,72.85,Inox,Filetare,317,1,Vibratii
476,Tarod,TAROD M10 ISO2,2850,348.67,1.17,7.27,42.55,1.65,5.3,60.43,Aluminiu,Filetare,305,0,Niciunul
477,Tarod,TAROD M10 ISO2,5208,641.4,2.07,13.82,52.24,3.23,61.1,69.09,Inox,Filetare,376,1,Uzura excesiva
478,Tarod,TAROD M10 ISO2,3813,843.67,2.66,6.16,39.0,0.52,11.6,62.08,Otel,Filetare,490,0,Niciunul
479,Tarod,TAROD M10 ISO2,2584,531.02,2.65,13.04,88.51,6.47,49.5,62.32,Otel,Filetare,493,1,Vibratii
480,Tarod,TAROD M10 ISO2,5516,804.39,1.21,15.74,59.27,9.25,35.0,74.27,Inox,Filetare,496,1,Vibratii
481,Tarod,TAROD M10 ISO2,2024,1149.62,0.65,18.16,72.23,3.73,43.5,71.53,Aluminiu,Filetare,398,1,Uzura excesiva
482,Tarod,TAROD M10 ISO2,2023,201.73,0.23,7.2,66.95,2.78,66.2,70.8,Otel,Filetare,365,1,Uzura excesiva
483,Tarod,TAROD M10 ISO2,3398,1088.39,1.06,13.85,89.49,1.47,32.6,74.14,Otel,Filetare,434,1,Supraincalzire
484,Tarod,TAROD M10 ISO2,4787,461.65,2.12,17.15,93.23,3.86,10.7,69.75,Inox,Filetare,276,1,Supraincalzire
485,Tarod,TAROD M10 ISO2,5842,730.48,0.56,11.49,46.7,1.68,14.2,69.19,Aluminiu,Filetare,122,0,Niciunul
486,Tarod,TAROD M10 ISO2,2237,475.0,1.3,19.42,45.03,1.54,9.8,61.6,Inox,Filetare,71,0,Niciunul
487,Tarod,TAROD M10 ISO2,5154,929.94,2.27,11.76,62.27,1.58,5.1,63.61,Aluminiu,Filetare,130,0,Niciunul
488,Tarod,TAROD M10 ISO2,5093,833.05,2.86,14.65,91.4,1.88,27.6,69.65,Aluminiu,Filetare,337,1,Supraincalzire
489,Tarod,TAROD M10 ISO2,2380,552.23,2.08,16.31,68.61,4.47,73.1,61.14,Inox,Filetare,470,1,Uzura excesiva
490,Tarod,TAROD M10 ISO2,4293,820.81,1.46,19.46,52.9,0.98,12.9,71.73,Inox,Filetare,164,0,Niciunul
491,Tarod,TAROD M10 ISO2,4205,431.67,0.41,7.34,56.35,1.71,5.0,72.98,Aluminiu,Filetare,124,0,Niciunul
492,Tarod,TAROD M10 ISO2,3180,889.62,0.81,5.29,68.18,1.82,6.5,73.73,Otel,Filetare,330,0,Niciunul
493,Tarod,TAROD M10 ISO2,3234,279.99,2.53,7.5,56.06,11.74,53.7,73.66,Otel,Filetare,113,1,Vibratii
494,Tarod,TAROD M10 ISO2,1845,1043.75,0.86,8.93,44.98,1.11,2.3,66.14,Aluminiu,Filetare,259,0,Niciunul
495,Tarod,TAROD M10 ISO2,4969,1109.56,1.1,19.13,112.65,2.29,19.5,70.03,Aluminiu,Filetare,166,1,Niciunul
496,Tarod,TAROD M10 ISO2,4686,333.92,1.79,18.17,35.64,1.86,16.8,69.88,Otel,Filetare,386,0,Niciunul
497,Tarod,TAROD M10 ISO2,4826,1185.91,2.88,7.2,83.86,3.63,29.0,73.82,Otel,Filetare,147,1,Supraincalzire
498,Tarod,TAROD M10 ISO2,3295,513.11,2.63,17.67,84.0,1.98,19.8,67.58,Inox,Filetare,191,1,Supraincalzire
499,Tarod,TAROD M10 ISO2,2120,371.16,0.78,18.03,64.19,1.47,9.2,62.64,Aluminiu,Filetare,349,0,Niciunul
500,Tarod,TAROD M10 ISO2,5553,225.49,1.81,8.83,58.97,0.76,11.0,64.56,Aluminiu,Filetare,311,0,Niciunul
501,Tarod,TAROD M10 ISO2,4281,573.88,2.05,17.46,66.11,1.06,47.0,67.95,Aluminiu,Filetare,67,1,Uzura excesiva
502,Tarod,TAROD M10 ISO2,2239,654.55,2.73,10.58,62.05,11.86,30.3,67.63,Inox,Filetare,364,1,Vibratii
503,Tarod,TAROD M10 ISO2,2307,848.88,2.87,12.5,47.29,1.61,19.1,68.35,Inox,Filetare,429,0,Niciunul
504,Tarod,TAROD M10 ISO2,2122,692.73,1.08,15.69,58.55,1.4,7.5,74.92,Otel,Filetare,9,0,Niciunul
505,Tarod,TAROD M10 ISO2,2306,684.1,2.67,10.51,118.6,1.86,32.0,71.06,Otel,Filetare,438,1,Supraincalzire
506,Tarod,TAROD M10 ISO2,2070,1094.86,2.04,10.02,61.24,1.36,2.0,65.42,Inox,Filetare,102,0,Niciunul
507,Tarod,TAROD M10 ISO2,5086,676.18,2.69,7.85,62.49,1.7,12.3,69.97,Inox,Filetare,243,0,Niciunul
508,Tarod,TAROD M10 ISO2,3012,516.61,2.48,19.08,62.65,0.91,0.8,67.54,Aluminiu,Filetare,21,0,Niciunul
509,Tarod,TAROD M10 ISO2,4303,717.82,1.13,7.88,63.04,1.12,17.1,61.89,Aluminiu,Filetare,354,0,Niciunul
510,Tarod,TAROD M10 ISO2,4531,486.81,1.59,11.25,58.91,3.56,63.7,60.82,Otel,Filetare,74,1,Niciunul
511,Tarod,TAROD M10 ISO2,5919,315.17,0.76,13.37,66.21,10.42,51.5,61.67,Otel,Filetare,281,1,Vibratii
512,Tarod,TAROD M10 ISO2,1984,228.47,2.45,5.01,64.08,3.27,71.5,74.93,Otel,Filetare,23,1,Uzura excesiva
513,Tarod,TAROD M10 ISO2,1648,355.36,2.6,7.87,95.53,1.05,11.3,65.31,Inox,Filetare,462,1,Supraincalzire
514,Tarod,TAROD M10 ISO2,2790,643.54,2.35,11.74,41.0,1.74,16.7,72.57,Aluminiu,Filetare,162,0,Niciunul
515,Tarod,TAROD M10 ISO2,2243,810.04,1.29,18.53,95.9,2.99,29.7,70.13,Inox,Filetare,57,1,Supraincalzire
516,Tarod,TAROD M10 ISO2,5439,382.55,2.34,11.58,67.47,0.71,19.0,64.22,Otel,Filetare,459,0,Niciunul
517,Tarod,TAROD M10 ISO2,4156,979.03,2.35,5.18,93.98,2.66,38.2,61.09,Inox,Filetare,348,1,Supraincalzire
518,Tarod,TAROD M10 ISO2,5971,206.91,2.45,13.07,99.17,1.9,24.3,67.54,Aluminiu,Filetare,292,1,Supraincalzire
519,Tarod,TAROD M10 ISO2,5507,1116.01,1.4,9.32,94.48,2.28,30.2,68.48,Inox,Filetare,143,1,Supraincalzire
520,Tarod,TAROD M10 ISO2,5358,922.66,1.67,18.17,60.57,1.28,10.7,62.87,Aluminiu,Filetare,372,0,Niciunul
521,Tarod,TAROD M10 ISO2,2137,826.76,1.3,5.77,53.93,0.72,15.6,64.32,Inox,Filetare,219,0,Niciunul
522,Tarod,TAROD M10 ISO2,5549,531.51,0.35,5.89,51.02,1.58,2.4,68.2,Inox,Filetare,156,0,Niciunul
523,Tarod,TAROD M10 ISO2,5848,336.29,0.6,18.68,60.98,4.61,30.7,60.62,Otel,Filetare,308,1,Vibratii
524,Tarod,TAROD M10 ISO2,4614,636.84,2.27,16.74,69.75,2.0,75.9,63.38,Inox,Filetare,247,1,Uzura excesiva
525,Tarod,TAROD M10 ISO2,1675,1131.29,0.65,18.3,56.62,1.7,12.9,61.78,Otel,Filetare,302,0,Niciunul
526,Tarod,TAROD M10 ISO2,3994,1078.09,2.33,7.19,87.45,1.06,32.6,71.59,Inox,Filetare,498,1,Supraincalzire
527,Tarod,TAROD M10 ISO2,3301,1045.53,0.77,13.36,86.15,4.46,54.1,72.44,Aluminiu,Filetare,114,1,Uzura excesiva
528,Tarod,TAROD M10 ISO2,5533,1142.01,0.74,5.67,80.4,2.35,34.8,61.8,Otel,Filetare,314,1,Supraincalzire
529,Tarod,TAROD M10 ISO2,3391,1070.61,2.56,18.04,93.11,2.49,13.9,72.73,Otel,Filetare,125,1,Supraincalzire
530,Tarod,TAROD M10 ISO2,5969,410.35,0.75,5.78,81.67,9.15,21.9,69.11,Otel,Filetare,100,1,Vibratii
531,Tarod,TAROD M10 ISO2,1633,324.2,0.98,11.99,67.29,0.73,14.5,73.09,Otel,Filetare,217,0,Niciunul
532,Tarod,TAROD M10 ISO2,4434,604.94,2.27,6.4,46.33,0.57,7.6,69.22,Otel,Filetare,193,0,Niciunul
533,Tarod,TAROD M10 ISO2,2022,247.2,2.68,8.12,66.19,1.24,77.8,63.47,Otel,Filetare,256,1,Uzura excesiva
534,Tarod,TAROD M10 ISO2,3760,412.29,2.69,5.02,84.25,1.09,41.4,63.59,Aluminiu,Filetare,258,1,Uzura excesiva
535,Tarod,TAROD M10 ISO2,3206,1003.12,2.63,14.83,72.51,9.17,48.5,64.91,Aluminiu,Filetare,212,1,Vibratii
536,Tarod,TAROD M10 ISO2,4634,405.68,0.14,12.68,48.21,0.85,18.2,63.77,Otel,Filetare,282,0,Niciunul
537,Tarod,TAROD M10 ISO2,5746,801.02,1.26,17.83,74.45,1.8,56.3,61.26,Aluminiu,Filetare,33,1,Uzura excesiva
538,Tarod,TAROD M10 ISO2,3681,356.66,1.63,14.74,63.12,3.28,28.5,71.27,Otel,Filetare,468,1,Vibratii
539,Tarod,TAROD M10 ISO2,5202,1018.76,1.43,18.63,69.67,1.55,0.5,68.14,Otel,Filetare,299,0,Niciunul
540,Tarod,TAROD M10 ISO2,5131,958.25,2.98,14.79,53.67,1.34,2.6,71.98,Aluminiu,Filetare,101,0,Niciunul
541,Tarod,TAROD M10 ISO2,2227,970.32,0.71,10.48,54.41,1.35,77.6,66.46,Otel,Filetare,247,1,Uzura excesiva
542,Tarod,TAROD M10 ISO2,2230,927.04,2.86,15.84,102.74,3.31,17.7,72.84,Otel,Filetare,163,1,Supraincalzire
543,Tarod,TAROD M10 ISO2,2732,258.87,2.47,6.72,65.25,2.81,65.2,62.3,Otel,Filetare,406,1,Uzura excesiva
544,Tarod,TAROD M10 ISO2,5709,992.23,1.8,18.44,64.82,3.4,43.7,66.63,Aluminiu,Filetare,306,1,Vibratii
545,Tarod,TAROD M10 ISO2,3660,795.87,2.36,5.21,68.35,0.71,10.3,70.28,Inox,Filetare,67,0,Niciunul
546,Tarod,TAROD M10 ISO2,4563,204.38,0.71,6.1,71.67,9.18,28.0,66.04,Otel,Filetare,4,1,Vibratii
547,Tarod,TAROD M10 ISO2,3085,1127.39,0.63,18.29,41.11,1.11,12.4,74.73,Aluminiu,Filetare,334,0,Niciunul
548,Tarod,TAROD M10 ISO2,2005,916.45,2.71,9.36,96.65,1.87,12.0,72.8,Aluminiu,Filetare,154,1,Supraincalzire
549,Tarod,TAROD M10 ISO2,2017,252.21,1.37,19.29,67.04,1.42,2.6,69.6,Aluminiu,Filetare,33,0,Niciunul
550,Tarod,TAROD M10 ISO2,3440,219.96,1.48,9.11,82.07,3.13,41.0,61.23,Aluminiu,Filetare,135,1,Uzura excesiva
551,Tarod,TAROD M10 ISO2,2508,217.04,2.21,17.86,67.46,0.63,0.9,72.46,Inox,Filetare,125,0,Niciunul
552,Tarod,TAROD M10 ISO2,2651,804.4,2.48,8.61,112.3,1.91,14.2,64.19,Otel,Filetare,262,1,Supraincalzire
553,Tarod,TAROD M10 ISO2,5581,330.75,1.25,6.58,47.02,1.0,9.4,63.91,Aluminiu,Filetare,4,0,Niciunul
554,Tarod,TAROD M10 ISO2,4957,275.95,1.85,10.13,101.94,2.44,33.4,64.6,Inox,Filetare,343,1,Supraincalzire
555,Tarod,TAROD M10 ISO2,1759,776.49,0.39,5.85,53.93,0.76,5.9,72.43,Inox,Filetare,57,0,Niciunul
556,Tarod,TAROD M10 ISO2,2479,524.62,2.64,5.26,55.5,7.19,50.9,64.41,Inox,Filetare,305,1,Niciunul
557,Tarod,TAROD M10 ISO2,3398,717.01,0.68,15.49,47.68,0.81,0.6,61.44,Aluminiu,Filetare,232,0,Niciunul
558,Tarod,TAROD M10 ISO2,2134,1142.76,0.52,11.96,72.16,4.71,76.3,69.71,Otel,Filetare,402,1,Uzura excesiva
559,Tarod,TAROD M10 ISO2,4167,1005.13,2.66,17.48,48.92,0.99,12.3,60.08,Aluminiu,Filetare,239,0,Niciunul
560,Tarod,TAROD M10 ISO2,4122,738.05,1.1,17.09,54.25,0.56,11.6,70.45,Otel,Filetare,338,0,Niciunul
561,Tarod,TAROD M10 ISO2,2884,408.93,0.27,13.79,53.56,0.85,15.5,67.86,Otel,Filetare,18,0,Niciunul
562,Tarod,TAROD M10 ISO2,3138,460.75,2.38,8.51,43.84,0.89,5.1,64.89,Otel,Filetare,94,0,Niciunul
563,Tarod,TAROD M10 ISO2,1568,249.55,0.35,16.57,65.06,2.55,68.8,74.44,Inox,Filetare,410,1,Uzura excesiva
564,Tarod,TAROD M10 ISO2,4146,231.41,0.46,14.52,66.83,0.78,4.4,60.24,Aluminiu,Filetare,4,0,Niciunul
565,Tarod,TAROD M10 ISO2,5892,1097.06,1.63,6.79,86.41,3.99,18.2,65.39,Inox,Filetare,15,1,Supraincalzire
566,Tarod,TAROD M10 ISO2,2858,488.1,1.72,15.77,66.76,8.27,56.7,68.66,Otel,Filetare,491,1,Vibratii
567,Tarod,TAROD M10 ISO2,2777,704.29,0.54,14.18,40.05,1.3,1.0,69.38,Otel,Filetare,209,0,Niciunul
568,Tarod,TAROD M10 ISO2,3518,290.71,0.61,6.18,69.17,1.22,45.1,61.62,Inox,Filetare,263,1,Uzura excesiva
569,Tarod,TAROD M10 ISO2,2144,1105.39,1.94,5.26,55.57,0.72,15.6,61.47,Aluminiu,Filetare,414,0,Niciunul
570,Tarod,TAROD M10 ISO2,3744,1167.04,0.7,10.49,64.02,3.26,55.6,72.06,Otel,Filetare,250,1,Uzura excesiva
571,Tarod,TAROD M10 ISO2,1825,874.83,2.78,12.71,61.01,1.29,13.4,61.83,Otel,Filetare,455,0,Niciunul
572,Tarod,TAROD M10 ISO2,3985,351.98,1.12,18.18,47.09,1.35,8.6,67.32,Otel,Filetare,298,0,Niciunul
573,Tarod,TAROD M10 ISO2,3981,890.05,0.67,5.48,37.0,1.66,14.6,67.88,Inox,Filetare,469,0,Niciunul
574,Tarod,TAROD M10 ISO2,5990,922.17,2.17,7.72,48.16,1.07,9.9,71.26,Aluminiu,Filetare,499,0,Niciunul
575,Tarod,TAROD M10 ISO2,3005,878.93,1.28,12.04,80.1,9.33,20.9,63.21,Inox,Filetare,389,1,Vibratii
576,Tarod,TAROD M10 ISO2,3581,779.84,0.89,13.66,67.58,1.07,8.6,67.41,Otel,Filetare,386,0,Niciunul
577,Tarod,TAROD M10 ISO2,5208,976.97,1.03,13.95,97.17,1.32,31.0,67.94,Inox,Filetare,73,1,Supraincalzire
578,Tarod,TAROD M10 ISO2,4527,489.51,0.89,6.37,65.12,1.06,8.5,67.52,Aluminiu,Filetare,187,0,Niciunul
579,Tarod,TAROD M10 ISO2,4688,1072.02,2.14,7.22,66.02,1.81,15.5,72.82,Inox,Filetare,22,0,Niciunul
580,Tarod,TAROD M10 ISO2,5667,446.62,1.45,15.32,57.74,1.4,9.0,74.08,Aluminiu,Filetare,160,0,Niciunul
581,Tarod,TAROD M10 ISO2,2640,1099.86,2.73,17.76,63.33,1.72,17.9,68.41,Aluminiu,Filetare,452,0,Niciunul
582,Tarod,TAROD M10 ISO2,5888,475.03,1.91,10.22,51.41,0.79,10.5,69.18,Otel,Filetare,234,0,Niciunul
583,Tarod,TAROD M10 ISO2,4251,499.31,0.34,9.87,65.88,1.5,18.5,60.8,Aluminiu,Filetare,125,0,Niciunul
584,Tarod,TAROD M10 ISO2,4032,284.17,2.32,9.52,89.49,9.42,25.8,68.62,Otel,Filetare,439,1,Vibratii
585,Tarod,TAROD M10 ISO2,2787,908.59,0.66,7.49,70.28,4.95,53.6,71.16,Inox,Filetare,213,1,Uzura excesiva
586,Tarod,TAROD M10 ISO2,3349,964.18,2.47,11.69,51.93,1.27,17.7,65.54,Aluminiu,Filetare,307,0,Niciunul
587,Tarod,TAROD M10 ISO2,2959,317.84,0.63,9.64,51.97,2.37,55.5,67.75,Inox,Filetare,73,1,Uzura excesiva
588,Tarod,TAROD M10 ISO2,4316,406.41,1.31,6.28,54.2,1.39,16.6,63.12,Inox,Filetare,130,0,Niciunul
589,Tarod,TAROD M10 ISO2,4095,955.19,0.9,13.55,59.46,1.02,70.7,69.78,Aluminiu,Filetare,63,1,Uzura excesiva
590,Tarod,TAROD M10 ISO2,4117,768.81,0.84,8.37,53.13,0.81,5.5,66.65,Inox,Filetare,232,0,Niciunul
591,Tarod,TAROD M10 ISO2,2388,1129.09,1.79,5.91,51.2,1.16,8.6,66.34,Inox,Filetare,44,0,Niciunul
592,Tarod,TAROD M10 ISO2,1752,1036.06,0.13,15.06,63.85,8.24,48.6,73.39,Inox,Filetare,212,1,Vibratii
593,Tarod,TAROD M10 ISO2,2854,569.28,1.04,12.36,59.52,7.3,21.1,61.08,Otel,Filetare,243,1,Vibratii
594,Tarod,TAROD M10 ISO2,3130,1062.62,1.2,6.46,89.42,8.72,48.7,69.61,Inox,Filetare,64,1,Vibratii
595,Tarod,TAROD M10 ISO2,5691,433.18,1.16,16.38,53.78,1.2,13.2,64.11,Otel,Filetare,70,0,Niciunul
596,Tarod,TAROD M10 ISO2,2915,1014.36,1.24,19.65,56.13,1.38,12.2,62.84,Inox,Filetare,322,0,Niciunul
597,Tarod,TAROD M10 ISO2,1735,1178.92,0.35,18.18,80.78,1.05,75.8,63.47,Aluminiu,Filetare,48,1,Uzura excesiva
598,Tarod,TAROD M10 ISO2,5886,1075.75,2.78,5.59,116.83,3.39,37.8,61.23,Otel,Filetare,289,1,Supraincalzire
599,Tarod,TAROD M10 ISO2,2823,634.58,2.03,7.37,67.63,1.31,13.4,60.46,Inox,Filetare,83,0,Niciunul
600,Tarod,TAROD M10 ISO2,2791,1199.27,0.71,7.51,56.17,1.8,5.2,68.32,Otel,Filetare,464,0,Niciunul
1,Placuta amovibila,WNMG080408,4231,484.58,1.93,19.63,98.54,2.14,26.9,70.27,Otel,Strunjire,24,1,Supraincalzire
2,Placuta amovibila,WNMG080408,3054,405.85,2.41,8.76,57.61,0.52,14.8,62.81,Inox,Strunjire,352,0,Niciunul
3,Placuta amovibila,WNMG080408,2616,1018.87,0.16,18.67,35.59,1.7,16.2,63.68,Otel,Strunjire,341,0,Niciunul
4,Placuta amovibila,WNMG080408,3381,886.95,1.87,17.96,50.79,5.1,30.6,61.02,Otel,Strunjire,85,1,Vibratii
5,Placuta amovibila,WNMG080408,2390,939.0,1.68,8.6,37.57,1.39,19.4,69.33,Aluminiu,Strunjire,379,0,Niciunul
6,Placuta amovibila,WNMG080408,1839,431.96,2.8,9.84,51.89,0.87,19.8,67.79,Aluminiu,Strunjire,485,0,Niciunul
7,Placuta amovibila,WNMG080408,3688,515.07,0.79,17.39,111.84,1.77,27.7,67.11,Inox,Strunjire,130,1,Supraincalzire
8,Placuta amovibila,WNMG080408,3280,546.66,2.73,10.73,96.63,3.96,35.3,71.01,Otel,Strunjire,371,1,Supraincalzire
9,Placuta amovibila,WNMG080408,4025,446.1,2.22,19.86,57.66,1.65,4.5,69.63,Aluminiu,Strunjire,344,0,Niciunul
10,Placuta amovibila,WNMG080408,3549,239.27,1.18,15.83,45.88,1.33,4.1,67.52,Aluminiu,Strunjire,15,0,Niciunul
11,Placuta amovibila,WNMG080408,4082,1182.78,0.73,19.36,56.3,2.27,57.9,65.9,Inox,Strunjire,118,1,Uzura excesiva
12,Placuta amovibila,WNMG080408,2664,1197.36,1.88,11.97,53.02,2.1,50.1,74.22,Aluminiu,Strunjire,173,1,Uzura excesiva
13,Placuta amovibila,WNMG080408,2815,1034.64,1.91,10.61,54.61,4.2,25.1,68.14,Aluminiu,Strunjire,335,1,Vibratii
14,Placuta amovibila,WNMG080408,1883,378.06,1.9,13.21,82.63,3.49,32.4,71.48,Inox,Strunjire,13,1,Supraincalzire
15,Placuta amovibila,WNMG080408,5851,394.5,1.05,13.4,52.79,1.72,13.9,70.81,Aluminiu,Strunjire,462,0,Niciunul
16,Placuta amovibila,WNMG080408,2281,795.44,2.1,18.64,65.96,1.86,7.2,68.83,Aluminiu,Strunjire,20,0,Niciunul
17,Placuta amovibila,WNMG080408,1681,221.68,2.0,18.03,38.4,1.59,10.0,73.17,Aluminiu,Strunjire,441,0,Niciunul
18,Placuta amovibila,WNMG080408,1530,840.14,1.99,15.85,55.06,8.98,21.6,70.35,Otel,Strunjire,299,1,Vibratii
19,Placuta amovibila,WNMG080408,3134,441.42,1.13,16.35,43.97,0.51,14.2,66.82,Inox,Strunjire,8,0,Niciunul
20,Placuta amovibila,WNMG080408,2212,334.86,2.31,10.09,59.72,6.68,38.3,74.45,Inox,Strunjire,202,1,Vibratii
21,Placuta amovibila,WNMG080408,3740,1082.55,2.35,16.52,56.15,4.58,75.1,64.1,Otel,Strunjire,20,1,Uzura excesiva
22,Placuta amovibila,WNMG080408,4720,703.81,1.77,13.55,54.18,1.85,4.3,69.85,Inox,Strunjire,2,0,Niciunul
23,Placuta amovibila,WNMG080408,5828,346.23,1.61,15.32,44.7,0.85,1.9,63.44,Inox,Strunjire,411,0,Niciunul
24,Placuta amovibila,WNMG080408,1538,727.19,1.88,15.6,63.21,0.66,8.8,72.42,Inox,Strunjire,130,0,Niciunul
25,Placuta amovibila,WNMG080408,5588,628.21,0.22,6.36,63.05,1.63,19.7,63.71,Inox,Strunjire,70,0,Niciunul
26,Placuta amovibila,WNMG080408,4773,625.96,1.44,11.6,45.66,0.54,2.5,73.4,Aluminiu,Strunjire,424,0,Niciunul
27,Placuta amovibila,WNMG080408,2552,896.14,2.7,9.58,43.72,0.91,9.8,69.41,Inox,Strunjire,377,0,Niciunul
28,Placuta amovibila,WNMG080408,1922,888.27,0.3,16.17,69.18,0.76,8.2,72.44,Inox,Strunjire,108,0,Niciunul
29,Placuta amovibila,WNMG080408,1882,409.53,1.54,19.3,54.98,1.06,19.1,68.44,Otel,Strunjire,110,0,Niciunul
30,Placuta amovibila,WNMG080408,5776,640.28,1.98,19.26,41.41,0.51,0.5,61.56,Otel,Strunjire,468,0,Niciunul
31,Placuta amovibila,WNMG080408,3411,320.11,1.67,6.49,89.87,4.27,55.8,62.66,Otel,Strunjire,157,1,Uzura excesiva
32,Placuta amovibila,WNMG080408,3906,1150.53,0.47,15.02,64.53,4.52,42.3,69.32,Aluminiu,Strunjire,163,1,Uzura excesiva
33,Placuta amovibila,WNMG080408,5218,629.62,1.96,6.23,63.88,0.9,8.8,60.27,Aluminiu,Strunjire,71,0,Niciunul
34,Placuta amovibila,WNMG080408,4351,634.75,1.1,5.75,83.43,8.61,30.4,65.81,Otel,Strunjire,481,1,Vibratii
35,Placuta amovibila,WNMG080408,2130,354.75,1.24,9.82,71.12,10.02,21.9,71.87,Otel,Strunjire,415,1,Niciunul
36,Placuta amovibila,WNMG080408,5145,804.84,2.1,9.96,57.7,2.57,59.2,60.48,Aluminiu,Strunjire,393,1,Uzura excesiva
37,Placuta amovibila,WNMG080408,5045,916.16,1.33,9.26,45.72,1.48,1.0,71.04,Inox,Strunjire,26,0,Niciunul
38,Placuta amovibila,WNMG080408,1956,213.11,2.81,19.38,50.7,0.69,0.5,67.8,Otel,Strunjire,250,0,Niciunul
39,Placuta amovibila,WNMG080408,1690,418.59,0.38,18.56,80.82,3.87,75.4,67.85,Otel,Strunjire,149,1,Uzura excesiva
40,Placuta amovibila,WNMG080408,4943,316.15,1.26,15.27,90.98,0.93,11.4,70.67,Otel,Strunjire,31,1,Supraincalzire
41,Placuta amovibila,WNMG080408,2153,366.52,1.38,10.12,47.42,1.47,19.8,69.89,Otel,Strunjire,296,0,Niciunul
42,Placuta amovibila,WNMG080408,3603,1162.72,1.66,12.16,80.85,8.24,35.4,67.75,Otel,Strunjire,207,1,Vibratii
43,Placuta amovibila,WNMG080408,1771,777.79,2.99,8.73,63.57,1.91,6.7,63.84,Otel,Strunjire,136,0,Niciunul
44,Placuta amovibila,WNMG080408,3713,564.61,0.63,9.6,43.2,1.73,16.7,65.01,Inox,Strunjire,91,0,Niciunul
45,Placuta amovibila,WNMG080408,4831,526.69,2.09,8.48,89.28,6.2,47.1,71.1,Inox,Strunjire,332,1,Vibratii
46,Placuta amovibila,WNMG080408,4821,399.85,0.87,5.32,56.57,1.79,18.4,67.23,Inox,Strunjire,439,0,Niciunul
47,Placuta amovibila,WNMG080408,4686,260.31,1.48,5.65,80.19,1.48,32.3,60.41,Inox,Strunjire,166,1,Supraincalzire
48,Placuta amovibila,WNMG080408,4631,298.09,1.76,7.03,55.38,11.47,21.4,63.54,Aluminiu,Strunjire,418,1,Vibratii
49,Placuta amovibila,WNMG080408,3387,1044.8,1.06,14.3,55.24,2.0,59.6,73.68,Inox,Strunjire,419,1,Niciunul
50,Placuta amovibila,WNMG080408,5188,1187.91,0.6,8.95,95.92,2.61,24.0,61.71,Otel,Strunjire,225,1,Supraincalzire
51,Placuta amovibila,WNMG080408,3068,634.52,0.18,19.28,57.84,5.74,40.9,73.63,Aluminiu,Strunjire,224,1,Vibratii
52,Placuta amovibila,WNMG080408,4805,625.37,2.36,13.1,81.57,3.19,33.1,69.08,Inox,Strunjire,45,1,Niciunul
53,Placuta amovibila,WNMG080408,2687,800.22,1.62,12.33,84.5,2.19,41.8,61.42,Inox,Strunjire,101,1,Uzura excesiva
54,Placuta amovibila,WNMG080408,4986,784.46,0.9,16.7,48.83,0.72,4.7,71.73,Otel,Strunjire,182,0,Niciunul
55,Placuta amovibila,WNMG080408,2451,1075.33,1.71,13.79,95.35,1.62,25.5,60.84,Inox,Strunjire,24,1,Supraincalzire
56,Placuta amovibila,WNMG080408,2878,251.37,2.68,15.9,64.85,0.69,11.4,71.06,Otel,Strunjire,485,0,Niciunul
57,Placuta amovibila,WNMG080408,2221,284.48,0.42,18.4,62.67,1.45,11.4,60.38,Aluminiu,Strunjire,148,0,Niciunul
58,Placuta amovibila,WNMG080408,1701,758.84,0.72,11.6,43.74,0.99,14.6,72.94,Otel,Strunjire,63,0,Niciunul
59,Placuta amovibila,WNMG080408,5504,309.27,0.54,17.71,119.7,3.9,37.4,74.54,Otel,Strunjire,82,1,Supraincalzire
60,Placuta amovibila,WNMG080408,3304,644.73,1.29,17.05,104.12,1.53,11.1,60.34,Inox,Strunjire,97,1,Supraincalzire
61,Placuta amovibila,WNMG080408,5635,740.17,0.15,12.85,51.56,0.59,19.7,68.41,Otel,Strunjire,91,0,Niciunul
62,Placuta amovibila,WNMG080408,3194,337.78,2.65,10.09,54.83,1.45,54.1,67.34,Inox,Strunjire,464,1,Uzura excesiva
63,Placuta amovibila,WNMG080408,5085,340.67,0.47,14.81,64.98,1.49,9.1,72.91,Otel,Strunjire,103,0,Niciunul
64,Placuta amovibila,WNMG080408,5201,1022.55,2.89,19.41,63.88,10.74,53.0,71.58,Inox,Strunjire,75,1,Vibratii
65,Placuta amovibila,WNMG080408,5012,1177.87,1.73,16.46,69.23,1.67,12.1,66.82,Otel,Strunjire,413,0,Niciunul
66,Placuta amovibila,WNMG080408,2089,769.33,1.81,7.52,66.6,1.86,6.4,72.06,Inox,Strunjire,338,0,Niciunul
67,Placuta amovibila,WNMG080408,1684,713.87,1.65,16.47,53.04,1.57,15.8,73.4,Aluminiu,Strunjire,377,0,Niciunul
68,Placuta amovibila,WNMG080408,4414,510.5,1.16,16.35,50.25,7.35,56.3,65.55,Aluminiu,Strunjire,333,1,Vibratii
69,Placuta amovibila,WNMG080408,2088,489.31,1.65,7.27,104.28,3.22,14.5,67.86,Inox,Strunjire,26,1,Supraincalzire
70,Placuta amovibila,WNMG080408,3514,1066.53,2.66,13.49,107.23,3.5,34.8,65.74,Aluminiu,Strunjire,254,1,Niciunul
71,Placuta amovibila,WNMG080408,1743,622.32,2.55,18.63,82.72,6.49,21.5,64.31,Inox,Strunjire,142,1,Vibratii
72,Placuta amovibila,WNMG080408,3067,340.87,2.15,13.81,47.56,0.81,15.4,68.96,Aluminiu,Strunjire,56,0,Niciunul
73,Placuta amovibila,WNMG080408,3740,482.67,1.85,12.54,70.68,3.75,60.1,65.13,Otel,Strunjire,467,1,Uzura excesiva
74,Placuta amovibila,WNMG080408,2214,648.96,2.1,9.87,50.29,1.72,7.4,69.08,Otel,Strunjire,14,0,Niciunul
75,Placuta amovibila,WNMG080408,2687,559.07,1.58,9.85,57.5,1.08,17.4,65.0,Otel,Strunjire,356,0,Niciunul
76,Placuta amovibila,WNMG080408,2907,394.28,2.74,6.6,75.3,11.81,31.6,62.31,Aluminiu,Strunjire,98,1,Vibratii
77,Placuta amovibila,WNMG080408,2566,248.05,0.44,17.08,83.51,8.17,47.0,63.82,Aluminiu,Strunjire,79,1,Vibratii
78,Placuta amovibila,WNMG080408,3629,717.66,1.09,18.38,35.2,1.58,8.5,66.99,Inox,Strunjire,314,0,Niciunul
79,Placuta amovibila,WNMG080408,2288,877.08,2.07,5.73,68.9,1.35,9.4,65.0,Inox,Strunjire,462,0,Niciunul
80,Placuta amovibila,WNMG080408,3355,402.18,1.39,8.97,73.89,2.22,56.6,74.1,Otel,Strunjire,9,1,Uzura excesiva
81,Placuta amovibila,WNMG080408,2089,491.13,0.32,11.93,47.35,0.89,11.7,73.25,Aluminiu,Strunjire,88,0,Niciunul
82,Placuta amovibila,WNMG080408,5390,866.12,2.12,10.23,67.16,0.8,16.6,67.96,Aluminiu,Strunjire,455,0,Niciunul
83,Placuta amovibila,WNMG080408,3530,668.06,0.45,15.67,37.16,1.69,4.8,66.04,Otel,Strunjire,272,0,Niciunul
84,Placuta amovibila,WNMG080408,5125,992.62,1.87,11.6,99.83,1.87,37.7,71.7,Otel,Strunjire,118,1,Supraincalzire
85,Placuta amovibila,WNMG080408,3560,856.15,1.38,12.13,42.36,1.99,16.1,62.95,Inox,Strunjire,334,0,Niciunul
86,Placuta amovibila,WNMG080408,3845,1089.13,1.07,6.57,81.62,1.47,32.3,60.03,Aluminiu,Strunjire,78,1,Supraincalzire
87,Placuta amovibila,WNMG080408,2338,882.0,0.76,10.12,58.5,1.41,14.6,65.72,Aluminiu,Strunjire,18,0,Niciunul
88,Placuta amovibila,WNMG080408,2940,763.81,0.23,11.28,37.78,1.55,16.1,65.63,Inox,Strunjire,261,0,Niciunul
89,Placuta amovibila,WNMG080408,5020,1047.91,1.55,13.91,83.3,2.24,18.8,67.14,Aluminiu,Strunjire,46,1,Supraincalzire
90,Placuta amovibila,WNMG080408,2668,1185.79,1.65,13.53,84.12,3.36,32.1,68.26,Otel,Strunjire,318,1,Supraincalzire
91,Placuta amovibila,WNMG080408,3495,1077.94,1.67,8.99,51.07,1.85,19.0,74.58,Aluminiu,Strunjire,354,0,Niciunul
92,Placuta amovibila,WNMG080408,1808,1000.95,0.67,8.99,82.29,2.09,32.4,64.46,Aluminiu,Strunjire,162,1,Supraincalzire
93,Placuta amovibila,WNMG080408,5713,453.55,0.11,16.44,80.82,2.32,15.8,71.14,Otel,Strunjire,384,1,Supraincalzire
94,Placuta amovibila,WNMG080408,5222,771.79,2.25,17.46,59.22,1.15,12.6,67.09,Aluminiu,Strunjire,48,0,Niciunul
95,Placuta amovibila,WNMG080408,3708,869.67,0.53,12.2,87.72,10.21,33.7,62.27,Otel,Strunjire,399,1,Vibratii
96,Placuta amovibila,WNMG080408,2995,335.39,0.89,13.38,59.97,0.68,13.0,62.14,Inox,Strunjire,130,0,Niciunul
97,Placuta amovibila,WNMG080408,1843,714.46,2.35,14.6,41.03,1.68,16.8,63.56,Aluminiu,Strunjire,385,0,Niciunul
98,Placuta amovibila,WNMG080408,4675,827.34,0.55,10.02,85.55,0.94,24.7,61.13,Otel,Strunjire,62,1,Supraincalzire
99,Placuta amovibila,WNMG080408,1952,885.37,0.72,19.63,66.96,1.05,18.9,70.41,Otel,Strunjire,495,0,Niciunul
100,Placuta amovibila,WNMG080408,3414,1149.64,2.93,12.81,118.21,3.93,10.8,61.25,Otel,Strunjire,235,1,Supraincalzire
101,Placuta amovibila,WNMG080408,3154,460.1,0.2,17.2,66.5,1.16,14.0,74.42,Aluminiu,Strunjire,216,0,Niciunul
102,Placuta amovibila,WNMG080408,5183,218.89,2.31,6.99,116.35,1.49,17.4,67.31,Inox,Strunjire,279,1,Supraincalzire
103,Placuta amovibila,WNMG080408,3089,860.09,0.54,9.25,45.38,0.96,11.3,60.06,Aluminiu,Strunjire,456,0,Niciunul
104,Placuta amovibila,WNMG080408,1871,558.9,1.39,8.1,91.0,2.22,31.6,73.38,Otel,Strunjire,121,1,Supraincalzire
105,Placuta amovibila,WNMG080408,4778,852.21,1.44,18.21,46.04,1.72,4.0,74.38,Otel,Strunjire,446,0,Niciunul
106,Placuta amovibila,WNMG080408,2830,564.3,2.01,5.51,48.78,1.17,9.0,67.03,Inox,Strunjire,283,0,Niciunul
107,Placuta amovibila,WNMG080408,2761,1123.57,0.29,14.96,111.31,2.33,26.3,61.19,Aluminiu,Strunjire,26,1,Niciunul
108,Placuta amovibila,WNMG080408,3999,1040.5,2.07,18.12,84.08,2.48,40.5,62.56,Inox,Strunjire,228,1,Uzura excesiva
109,Placuta amovibila,WNMG080408,1652,674.96,1.33,17.84,61.35,11.2,38.1,61.65,Otel,Strunjire,127,1,Vibratii
110,Placuta amovibila,WNMG080408,3287,407.52,0.46,8.31,79.41,3.92,50.9,65.66,Inox,Strunjire,143,1,Vibratii
111,Placuta amovibila,WNMG080408,2876,402.38,1.47,5.94,68.45,3.62,79.9,67.42,Aluminiu,Strunjire,392,1,Uzura excesiva
112,Placuta amovibila,WNMG080408,4333,1130.9,1.43,8.41,43.14,1.1,7.0,65.97,Otel,Strunjire,467,0,Niciunul
113,Placuta amovibila,WNMG080408,3986,1111.5,1.94,9.45,116.3,2.48,13.1,67.41,Inox,Strunjire,57,1,Supraincalzire
114,Placuta amovibila,WNMG080408,1531,291.99,0.28,18.59,72.11,11.74,39.7,60.89,Aluminiu,Strunjire,249,1,Vibratii
115,Placuta amovibila,WNMG080408,5104,887.3,1.97,17.29,55.53,6.49,30.0,66.42,Otel,Strunjire,9,1,Vibratii
116,Placuta amovibila,WNMG080408,2397,872.95,0.55,12.07,65.82,0.81,15.5,66.0,Inox,Strunjire,327,0,Niciunul
117,Placuta amovibila,WNMG080408,2248,535.04,2.89,17.76,40.77,1.21,3.6,73.39,Aluminiu,Strunjire,173,0,Niciunul
118,Placuta amovibila,WNMG080408,3357,810.28,1.33,8.26,50.4,0.75,10.4,68.04,Aluminiu,Strunjire,271,0,Niciunul
119,Placuta amovibila,WNMG080408,5459,825.36,2.24,7.23,63.46,1.69,13.3,69.82,Aluminiu,Strunjire,238,0,Niciunul
120,Placuta amovibila,WNMG080408,5027,878.36,0.99,14.07,45.64,0.72,9.3,64.28,Inox,Strunjire,414,0,Niciunul
121,Placuta amovibila,WNMG080408,4703,1090.78,2.63,10.23,50.67,1.01,15.1,71.03,Inox,Strunjire,262,0,Niciunul
122,Placuta amovibila,WNMG080408,5724,505.66,0.4,19.42,89.47,2.58,47.0,65.16,Otel,Strunjire,173,1,Uzura excesiva
123,Placuta amovibila,WNMG080408,3348,660.62,2.48,5.02,40.96,1.78,2.3,63.42,Otel,Strunjire,154,0,Niciunul
124,Placuta amovibila,WNMG080408,4368,375.53,1.03,6.87,59.49,1.34,13.8,66.16,Aluminiu,Strunjire,426,0,Niciunul
125,Placuta amovibila,WNMG080408,4508,670.2,2.86,12.02,64.28,1.97,3.6,74.65,Inox,Strunjire,118,0,Niciunul
126,Placuta amovibila,WNMG080408,2657,719.13,1.28,19.1,74.82,11.3,21.8,69.74,Otel,Strunjire,154,1,Vibratii
127,Placuta amovibila,WNMG080408,2861,1190.83,2.34,13.85,55.17,0.97,9.3,64.18,Aluminiu,Strunjire,73,0,Niciunul
128,Placuta amovibila,WNMG080408,4171,390.65,2.73,13.4,59.39,6.37,37.5,60.58,Inox,Strunjire,220,1,Niciunul
129,Placuta amovibila,WNMG080408,5006,1129.71,2.73,10.02,77.84,4.34,59.3,62.77,Otel,Strunjire,500,1,Vibratii
130,Placuta amovibila,WNMG080408,2652,846.89,2.95,13.68,49.34,1.85,3.5,62.22,Otel,Strunjire,492,0,Niciunul
131,Placuta amovibila,WNMG080408,3151,503.01,0.7,13.95,66.95,1.62,9.1,63.91,Inox,Strunjire,1,0,Niciunul
132,Placuta amovibila,WNMG080408,5617,311.53,0.46,6.85,37.6,0.71,18.7,60.43,Aluminiu,Strunjire,38,0,Niciunul
133,Placuta amovibila,WNMG080408,2770,531.9,1.77,18.0,50.25,1.74,71.0,72.15,Otel,Strunjire,20,1,Uzura excesiva
134,Placuta amovibila,WNMG080408,5006,213.2,2.02,13.29,60.79,0.55,15.2,67.96,Aluminiu,Strunjire,202,0,Niciunul
135,Placuta amovibila,WNMG080408,2380,874.8,1.98,16.03,54.46,11.62,41.6,65.33,Inox,Strunjire,255,1,Vibratii
136,Placuta amovibila,WNMG080408,4685,879.83,2.18,7.33,63.53,1.85,5.2,68.96,Inox,Strunjire,26,0,Niciunul
137,Placuta amovibila,WNMG080408,5687,553.61,2.48,11.49,69.8,3.72,68.7,69.22,Aluminiu,Strunjire,498,1,Uzura excesiva
138,Placuta amovibila,WNMG080408,3718,845.48,2.5,17.52,53.33,1.02,15.8,66.93,Aluminiu,Strunjire,313,0,Niciunul
139,Placuta amovibila,WNMG080408,5981,481.7,1.71,16.57,89.19,0.71,36.7,62.85,Otel,Strunjire,267,1,Supraincalzire
140,Placuta amovibila,WNMG080408,4857,210.93,2.52,16.62,56.54,1.17,17.5,74.84,Otel,Strunjire,440,0,Niciunul
141,Placuta amovibila,WNMG080408,4181,265.01,1.72,13.38,63.57,1.87,59.1,72.83,Aluminiu,Strunjire,134,1,Uzura excesiva
142,Placuta amovibila,WNMG080408,5267,544.39,1.18,11.96,118.9,0.56,37.8,73.41,Aluminiu,Strunjire,320,1,Supraincalzire
143,Placuta amovibila,WNMG080408,2817,910.95,1.03,7.04,115.44,2.48,18.2,68.18,Aluminiu,Strunjire,279,1,Supraincalzire
144,Placuta amovibila,WNMG080408,4733,1034.14,0.84,15.09,62.15,0.56,18.4,68.42,Inox,Strunjire,342,0,Niciunul
145,Placuta amovibila,WNMG080408,5488,371.29,1.86,16.67,82.7,0.57,22.5,69.99,Otel,Strunjire,305,1,Supraincalzire
146,Placuta amovibila,WNMG080408,2433,452.61,0.83,10.88,67.09,0.92,9.2,69.05,Inox,Strunjire,342,0,Niciunul
147,Placuta amovibila,WNMG080408,1682,569.02,2.84,17.87,88.85,11.73,53.8,69.16,Otel,Strunjire,179,1,Niciunul
148,Placuta amovibila,WNMG080408,4676,1088.12,1.05,19.23,68.78,1.43,11.8,64.2,Otel,Strunjire,113,0,Niciunul
149,Placuta amovibila,WNMG080408,5953,486.71,2.99,12.39,86.3,5.69,37.6,65.31,Aluminiu,Strunjire,496,1,Vibratii
150,Placuta amovibila,WNMG080408,3596,769.54,0.12,5.41,81.95,11.76,49.3,64.37,Aluminiu,Strunjire,474,1,Vibratii
151,Placuta amovibila,WNMG080408,3715,276.41,0.22,6.68,75.78,3.34,67.5,73.53,Aluminiu,Strunjire,476,1,Uzura excesiva
152,Placuta amovibila,WNMG080408,1574,1185.09,2.0,13.57,116.45,3.29,25.0,65.2,Aluminiu,Strunjire,43,1,Supraincalzire
153,Placuta amovibila,WNMG080408,1916,1176.83,1.17,7.17,52.39,7.41,32.5,74.52,Aluminiu,Strunjire,374,1,Niciunul
154,Placuta amovibila,WNMG080408,3851,267.69,2.34,16.29,76.09,2.16,78.8,60.0,Aluminiu,Strunjire,192,1,Uzura excesiva
155,Placuta amovibila,WNMG080408,3179,578.34,2.75,6.72,68.72,8.35,28.5,61.71,Aluminiu,Strunjire,175,1,Vibratii
156,Placuta amovibila,WNMG080408,4387,961.62,0.94,8.85,98.45,3.95,18.1,72.02,Otel,Strunjire,265,1,Supraincalzire
157,Placuta amovibila,WNMG080408,2022,452.49,1.12,18.37,79.88,4.15,41.2,72.23,Inox,Strunjire,360,1,Vibratii
158,Placuta amovibila,WNMG080408,5779,590.63,2.65,12.88,62.44,1.64,4.7,71.69,Aluminiu,Strunjire,466,0,Niciunul
159,Placuta amovibila,WNMG080408,3545,698.03,2.41,18.15,48.08,1.4,16.5,72.69,Aluminiu,Strunjire,128,0,Niciunul
160,Placuta amovibila,WNMG080408,5500,457.78,0.62,10.84,65.99,1.94,12.7,72.94,Inox,Strunjire,83,0,Niciunul
161,Placuta amovibila,WNMG080408,2542,384.53,1.91,13.39,51.8,1.95,7.2,67.22,Otel,Strunjire,332,0,Niciunul
162,Placuta amovibila,WNMG080408,5698,567.99,0.1,7.72,61.34,0.52,16.2,65.87,Aluminiu,Strunjire,450,0,Niciunul
163,Placuta amovibila,WNMG080408,3389,523.68,1.52,8.23,56.39,4.31,76.7,70.92,Otel,Strunjire,208,1,Uzura excesiva
164,Placuta amovibila,WNMG080408,5370,457.84,1.46,18.33,55.28,0.96,13.8,61.71,Aluminiu,Strunjire,185,0,Niciunul
165,Placuta amovibila,WNMG080408,3494,394.88,1.17,6.43,54.13,1.15,49.0,72.6,Aluminiu,Strunjire,257,1,Uzura excesiva
166,Placuta amovibila,WNMG080408,1886,696.74,0.29,19.63,94.9,2.7,39.0,70.62,Aluminiu,Strunjire,490,1,Supraincalzire
167,Placuta amovibila,WNMG080408,1897,760.6,1.6,7.81,50.69,0.53,17.8,73.41,Aluminiu,Strunjire,287,0,Niciunul
168,Placuta amovibila,WNMG080408,4796,386.42,0.72,17.47,54.39,2.0,10.6,62.06,Otel,Strunjire,372,0,Niciunul
169,Placuta amovibila,WNMG080408,1637,551.61,2.61,17.33,63.75,0.58,6.2,60.08,Inox,Strunjire,464,0,Niciunul
170,Placuta amovibila,WNMG080408,4261,465.57,0.21,18.04,75.54,7.33,59.9,64.96,Otel,Strunjire,293,1,Vibratii
171,Placuta amovibila,WNMG080408,1581,1137.12,2.77,13.43,41.57,1.74,1.4,69.23,Otel,Strunjire,462,0,Niciunul
172,Placuta amovibila,WNMG080408,3716,690.87,0.89,8.88,65.72,0.85,7.4,70.35,Aluminiu,Strunjire,470,0,Niciunul
173,Placuta amovibila,WNMG080408,5820,1066.81,1.06,7.64,69.23,1.64,47.7,64.83,Inox,Strunjire,80,1,Uzura excesiva
174,Placuta amovibila,WNMG080408,4413,246.06,0.97,5.95,62.82,1.95,0.1,63.62,Inox,Strunjire,170,0,Niciunul
175,Placuta amovibila,WNMG080408,2789,1043.42,1.46,19.91,38.01,1.61,11.6,72.87,Otel,Strunjire,139,0,Niciunul
176,Placuta amovibila,WNMG080408,4343,895.94,0.67,10.02,57.91,1.91,16.0,70.91,Otel,Strunjire,429,0,Niciunul
177,Placuta amovibila,WNMG080408,3895,590.4,2.67,8.53,83.69,2.57,13.4,70.47,Otel,Strunjire,281,1,Supraincalzire
178,Placuta amovibila,WNMG080408,5912,1065.67,1.06,18.41,51.99,6.74,21.5,72.39,Aluminiu,Strunjire,315,1,Vibratii
179,Placuta amovibila,WNMG080408,2730,589.78,0.21,10.64,47.22,0.68,12.9,70.32,Otel,Strunjire,490,0,Niciunul
180,Placuta amovibila,WNMG080408,3500,365.97,2.57,15.13,38.61,1.19,7.4,65.25,Aluminiu,Strunjire,63,0,Niciunul
181,Placuta amovibila,WNMG080408,5451,450.33,1.3,10.5,116.05,1.81,11.1,68.48,Otel,Strunjire,163,1,Supraincalzire
182,Placuta amovibila,WNMG080408,3185,1082.89,1.91,8.56,43.07,1.01,9.7,66.24,Inox,Strunjire,93,0,Niciunul
183,Placuta amovibila,WNMG080408,3648,698.84,0.48,5.97,51.16,0.92,17.0,62.7,Aluminiu,Strunjire,109,0,Niciunul
184,Placuta amovibila,WNMG080408,3033,1102.81,2.68,11.72,68.23,1.11,44.3,71.06,Otel,Strunjire,34,1,Uzura excesiva
185,Placuta amovibila,WNMG080408,5110,220.06,2.49,7.14,54.09,7.49,59.1,62.73,Otel,Strunjire,496,1,Niciunul
186,Placuta amovibila,WNMG080408,3389,534.82,1.55,18.27,65.2,1.71,5.4,73.83,Inox,Strunjire,308,0,Niciunul
187,Placuta amovibila,WNMG080408,5721,923.9,0.39,13.46,65.55,3.61,36.4,62.63,Otel,Strunjire,154,1,Vibratii
188,Placuta amovibila,WNMG080408,5028,584.49,1.89,5.37,58.05,1.83,18.7,72.84,Aluminiu,Strunjire,418,0,Niciunul
189,Placuta amovibila,WNMG080408,3971,785.79,2.81,17.37,59.89,7.66,27.6,63.64,Aluminiu,Strunjire,128,1,Vibratii
190,Placuta amovibila,WNMG080408,5536,733.31,2.44,8.74,81.68,3.37,72.9,71.37,Aluminiu,Strunjire,199,1,Uzura excesiva
191,Placuta amovibila,WNMG080408,4949,815.89,1.57,12.02,61.2,1.69,14.6,65.28,Otel,Strunjire,311,0,Niciunul
192,Placuta amovibila,WNMG080408,2777,886.27,1.07,17.92,46.79,0.78,2.3,63.67,Otel,Strunjire,263,0,Niciunul
193,Placuta amovibila,WNMG080408,2748,635.06,1.84,19.56,61.14,0.86,10.0,63.77,Otel,Strunjire,61,0,Niciunul
194,Placuta amovibila,WNMG080408,2339,1008.2,2.2,18.91,101.7,2.53,24.2,64.75,Otel,Strunjire,474,1,Supraincalzire
195,Placuta amovibila,WNMG080408,4211,511.48,1.42,18.7,60.25,1.2,5.9,70.14,Otel,Strunjire,342,0,Niciunul
196,Placuta amovibila,WNMG080408,2240,254.17,0.26,11.87,43.05,1.94,11.7,61.64,Aluminiu,Strunjire,104,0,Niciunul
197,Placuta amovibila,WNMG080408,3533,308.94,2.88,5.39,49.16,1.26,5.7,70.36,Otel,Strunjire,64,0,Niciunul
198,Placuta amovibila,WNMG080408,3164,1038.94,2.02,19.5,92.38,2.93,32.7,68.17,Inox,Strunjire,418,1,Supraincalzire
199,Placuta amovibila,WNMG080408,2528,1187.09,0.26,11.28,71.22,1.45,72.8,74.29,Otel,Strunjire,171,1,Uzura excesiva
200,Placuta amovibila,WNMG080408,4848,957.62,2.77,16.93,57.93,2.0,65.2,71.62,Inox,Strunjire,86,1,Uzura excesiva
201,Placuta amovibila,WNMG080408,5544,588.64,2.85,10.24,89.05,2.18,11.9,74.36,Otel,Strunjire,473,1,Supraincalzire
202,Placuta amovibila,WNMG080408,3256,1017.01,1.53,9.79,47.68,0.88,14.1,68.68,Otel,Strunjire,426,0,Niciunul
203,Placuta amovibila,WNMG080408,4300,1073.92,1.2,13.6,52.17,1.09,18.2,65.78,Aluminiu,Strunjire,50,0,Niciunul
204,Placuta amovibila,WNMG080408,5766,819.09,0.65,13.63,64.51,1.76,11.6,62.69,Otel,Strunjire,128,0,Niciunul
205,Placuta amovibila,WNMG080408,1777,963.92,0.35,5.65,54.99,1.82,1.0,74.1,Otel,Strunjire,397,0,Niciunul
206,Placuta amovibila,WNMG080408,4089,380.65,0.29,18.53,116.92,0.57,31.2,67.78,Inox,Strunjire,192,1,Supraincalzire
207,Placuta amovibila,WNMG080408,3665,626.93,0.71,17.87,57.83,1.56,13.6,66.34,Otel,Strunjire,213,0,Niciunul
208,Placuta amovibila,WNMG080408,2672,708.36,0.96,19.37,89.17,3.42,35.6,60.22,Otel,Strunjire,338,1,Supraincalzire
209,Placuta amovibila,WNMG080408,3446,643.27,2.28,8.81,66.01,1.8,4.3,70.63,Otel,Strunjire,146,0,Niciunul
210,Placuta amovibila,WNMG080408,4497,462.54,0.46,11.59,74.2,9.84,37.9,71.82,Inox,Strunjire,354,1,Niciunul
211,Placuta amovibila,WNMG080408,4963,674.27,2.66,17.61,51.38,1.73,17.3,74.43,Inox,Strunjire,424,0,Niciunul
212,Placuta amovibila,WNMG080408,2683,1186.05,2.8,11.35,50.52,1.13,18.3,67.85,Inox,Strunjire,210,0,Niciunul
213,Placuta amovibila,WNMG080408,5178,990.4,1.3,13.66,51.0,0.6,14.9,60.57,Inox,Strunjire,393,0,Niciunul
214,Placuta amovibila,WNMG080408,3010,750.03,0.57,12.73,64.55,7.11,36.2,72.36,Inox,Strunjire,323,1,Vibratii
215,Placuta amovibila,WNMG080408,3294,344.08,0.44,16.03,92.54,3.84,36.7,73.46,Inox,Strunjire,123,1,Supraincalzire
216,Placuta amovibila,WNMG080408,4396,392.1,1.9,8.98,36.59,1.53,5.1,64.69,Aluminiu,Strunjire,334,0,Niciunul
217,Placuta amovibila,WNMG080408,2869,540.17,1.48,5.23,69.4,1.61,17.5,71.02,Otel,Strunjire,370,0,Niciunul
218,Placuta amovibila,WNMG080408,4228,558.66,2.09,8.21,62.21,1.83,11.7,66.8,Inox,Strunjire,70,0,Niciunul
219,Placuta amovibila,WNMG080408,2952,1096.6,1.22,7.02,93.24,3.84,23.8,74.7,Aluminiu,Strunjire,76,1,Supraincalzire
220,Placuta amovibila,WNMG080408,5401,517.77,1.87,8.39,60.01,10.5,33.0,71.31,Inox,Strunjire,246,1,Vibratii
221,Placuta amovibila,WNMG080408,3748,756.68,0.48,10.92,84.74,1.88,12.4,67.9,Otel,Strunjire,290,1,Supraincalzire
222,Placuta amovibila,WNMG080408,4031,912.54,0.52,16.57,53.76,1.3,13.5,68.57,Inox,Strunjire,82,0,Niciunul
223,Placuta amovibila,WNMG080408,2825,218.95,1.95,16.09,69.38,0.64,14.5,74.55,Inox,Strunjire,332,0,Niciunul
224,Placuta amovibila,WNMG080408,5881,283.23,0.91,12.17,107.36,1.78,16.3,68.19,Otel,Strunjire,401,1,Supraincalzire
225,Placuta amovibila,WNMG080408,5857,236.75,0.65,11.26,110.3,0.8,26.7,71.29,Aluminiu,Strunjire,129,1,Supraincalzire
226,Placuta amovibila,WNMG080408,4437,548.47,2.51,16.45,62.9,1.82,7.0,62.38,Aluminiu,Strunjire,168,0,Niciunul
227,Placuta amovibila,WNMG080408,1886,776.21,2.38,7.05,90.56,1.56,21.2,73.75,Aluminiu,Strunjire,497,1,Niciunul
228,Placuta amovibila,WNMG080408,2862,721.12,1.06,10.35,79.75,4.47,22.9,67.91,Aluminiu,Strunjire,348,1,Vibratii
229,Placuta amovibila,WNMG080408,4965,1072.84,2.39,13.36,81.32,10.56,27.0,69.79,Otel,Strunjire,392,1,Vibratii
230,Placuta amovibila,WNMG080408,4713,834.49,2.56,11.28,73.98,11.21,45.9,66.45,Aluminiu,Strunjire,247,1,Vibratii
231,Placuta amovibila,WNMG080408,1553,337.6,1.38,13.3,89.36,8.14,28.6,61.95,Otel,Strunjire,486,1,Vibratii
232,Placuta amovibila,WNMG080408,5984,1016.28,2.74,17.81,51.63,1.75,3.5,70.35,Otel,Strunjire,303,0,Niciunul
233,Placuta amovibila,WNMG080408,2354,730.24,0.37,8.92,65.0,1.5,9.1,67.88,Otel,Strunjire,138,0,Niciunul
234,Placuta amovibila,WNMG080408,1595,644.7,2.18,18.79,42.2,1.06,4.1,71.91,Aluminiu,Strunjire,57,0,Niciunul
235,Placuta amovibila,WNMG080408,5616,964.03,1.69,5.74,102.91,3.87,23.6,63.99,Aluminiu,Strunjire,307,1,Supraincalzire
236,Placuta amovibila,WNMG080408,4813,556.55,0.48,9.44,103.48,2.46,20.7,66.61,Inox,Strunjire,315,1,Supraincalzire
237,Placuta amovibila,WNMG080408,5553,780.35,1.48,10.12,51.45,3.78,40.8,73.77,Inox,Strunjire,35,1,Uzura excesiva
238,Placuta amovibila,WNMG080408,4114,461.88,0.53,6.82,51.34,0.95,17.7,60.96,Otel,Strunjire,321,0,Niciunul
239,Placuta amovibila,WNMG080408,5739,304.05,2.08,6.39,54.19,1.55,5.2,61.57,Aluminiu,Strunjire,215,0,Niciunul
240,Placuta amovibila,WNMG080408,1970,402.33,2.85,14.1,44.24,1.11,0.6,74.52,Aluminiu,Strunjire,285,0,Niciunul
241,Placuta amovibila,WNMG080408,2254,616.52,0.85,10.9,75.55,3.75,45.4,62.85,Otel,Strunjire,241,1,Uzura excesiva
242,Placuta amovibila,WNMG080408,2495,502.55,1.37,12.43,80.15,2.15,24.9,69.66,Inox,Strunjire,39,1,Supraincalzire
243,Placuta amovibila,WNMG080408,1892,879.44,0.5,15.31,57.92,1.92,10.7,72.37,Inox,Strunjire,255,0,Niciunul
244,Placuta amovibila,WNMG080408,4140,457.22,0.3,7.26,38.06,1.36,6.2,65.72,Inox,Strunjire,307,0,Niciunul
245,Placuta amovibila,WNMG080408,5316,536.58,2.83,11.42,66.29,1.98,10.7,60.1,Inox,Strunjire,189,0,Niciunul
246,Placuta amovibila,WNMG080408,3086,890.86,1.46,15.47,51.24,1.11,14.5,62.76,Aluminiu,Strunjire,203,0,Niciunul
247,Placuta amovibila,WNMG080408,2710,375.88,1.13,10.11,55.43,1.19,1.8,67.76,Inox,Strunjire,218,0,Niciunul
248,Placuta amovibila,WNMG080408,3922,421.22,1.58,9.34,53.48,4.57,61.0,71.55,Inox,Strunjire,367,1,Uzura excesiva
249,Placuta amovibila,WNMG080408,5459,575.19,1.12,15.3,60.69,0.67,6.7,69.33,Otel,Strunjire,46,0,Niciunul
250,Placuta amovibila,WNMG080408,5870,803.62,2.13,14.53,40.8,1.17,18.8,61.72,Aluminiu,Strunjire,382,0,Niciunul
251,Placuta amovibila,WNMG080408,2278,797.5,1.78,11.98,89.14,10.12,54.0,70.56,Inox,Strunjire,41,1,Vibratii
252,Placuta amovibila,WNMG080408,3795,949.52,2.27,16.69,60.76,4.24,50.4,64.37,Inox,Strunjire,151,1,Uzura excesiva
253,Placuta amovibila,WNMG080408,4510,717.67,2.63,5.37,73.21,8.37,33.1,70.16,Otel,Strunjire,327,1,Vibratii
254,Placuta amovibila,WNMG080408,4654,389.13,0.51,14.46,58.25,0.99,0.9,70.31,Aluminiu,Strunjire,137,0,Niciunul
255,Placuta amovibila,WNMG080408,5976,608.29,1.24,19.56,82.89,3.52,36.0,68.37,Aluminiu,Strunjire,326,1,Vibratii
256,Placuta amovibila,WNMG080408,3825,1004.52,0.21,19.44,60.96,3.22,63.9,70.3,Otel,Strunjire,74,1,Uzura excesiva
257,Placuta amovibila,WNMG080408,2382,334.66,2.64,15.74,45.7,0.81,15.4,65.28,Inox,Strunjire,306,0,Niciunul
258,Placuta amovibila,WNMG080408,3041,333.07,2.43,9.57,46.34,1.15,6.8,70.61,Otel,Strunjire,449,0,Niciunul
259,Placuta amovibila,WNMG080408,2709,266.12,0.25,17.95,42.96,1.24,2.6,71.83,Aluminiu,Strunjire,355,0,Niciunul
260,Placuta amovibila,WNMG080408,3595,919.37,0.8,13.96,56.36,5.12,44.4,72.58,Inox,Strunjire,407,1,Vibratii
261,Placuta amovibila,WNMG080408,1807,721.06,2.44,10.96,39.91,1.97,13.6,67.2,Aluminiu,Strunjire,104,0,Niciunul
262,Placuta amovibila,WNMG080408,3472,1195.8,0.65,12.83,73.09,4.23,48.5,72.98,Inox,Strunjire,174,1,Vibratii
263,Placuta amovibila,WNMG080408,3758,371.46,2.67,10.98,80.43,1.08,10.3,74.76,Aluminiu,Strunjire,103,1,Supraincalzire
264,Placuta amovibila,WNMG080408,2591,273.66,0.77,19.0,81.55,1.91,13.0,63.98,Aluminiu,Strunjire,371,1,Supraincalzire
265,Placuta amovibila,WNMG080408,1528,1110.53,2.62,16.34,43.41,0.79,4.3,73.63,Inox,Strunjire,459,0,Niciunul
266,Placuta amovibila,WNMG080408,2145,736.29,2.8,11.69,43.3,0.97,3.4,74.6,Aluminiu,Strunjire,397,0,Niciunul
267,Placuta amovibila,WNMG080408,4911,1128.65,0.66,7.67,64.43,0.55,19.8,71.07,Inox,Strunjire,138,0,Niciunul
268,Placuta amovibila,WNMG080408,4473,737.52,0.17,12.17,69.89,11.79,21.3,66.15,Inox,Strunjire,134,1,Vibratii
269,Placuta amovibila,WNMG080408,1848,783.77,0.19,16.83,58.12,0.6,10.1,69.49,Inox,Strunjire,178,0,Niciunul
270,Placuta amovibila,WNMG080408,5462,1004.12,1.2,8.19,55.18,1.2,18.4,72.06,Aluminiu,Strunjire,237,0,Niciunul
271,Placuta amovibila,WNMG080408,2037,464.41,0.35,9.36,58.67,4.91,43.9,70.22,Otel,Strunjire,54,1,Uzura excesiva
272,Placuta amovibila,WNMG080408,5039,682.27,2.36,16.35,57.21,1.35,15.8,66.28,Otel,Strunjire,499,0,Niciunul
273,Placuta amovibila,WNMG080408,4683,442.48,0.86,9.09,86.61,9.07,58.6,73.72,Inox,Strunjire,187,1,Vibratii
274,Placuta amovibila,WNMG080408,4733,690.7,1.46,9.04,46.36,1.52,8.6,68.24,Aluminiu,Strunjire,239,0,Niciunul
275,Placuta amovibila,WNMG080408,4026,419.36,0.76,6.1,74.43,4.13,21.5,70.89,Otel,Strunjire,142,1,Vibratii
276,Placuta amovibila,WNMG080408,5728,693.57,0.57,15.73,57.61,1.97,4.9,72.52,Otel,Strunjire,24,0,Niciunul
277,Placuta amovibila,WNMG080408,2320,1116.53,1.73,17.57,51.83,1.96,19.2,73.9,Otel,Strunjire,261,0,Niciunul
278,Placuta amovibila,WNMG080408,5444,916.55,0.89,18.21,51.33,4.34,59.8,63.01,Otel,Strunjire,203,1,Niciunul
279,Placuta amovibila,WNMG080408,5701,943.7,2.94,9.18,59.39,1.37,13.2,68.01,Otel,Strunjire,405,0,Niciunul
280,Placuta amovibila,WNMG080408,4588,712.42,1.67,11.31,39.44,1.54,5.9,65.92,Aluminiu,Strunjire,377,0,Niciunul
281,Placuta amovibila,WNMG080408,3965,942.37,0.85,5.15,55.17,1.5,7.6,61.68,Aluminiu,Strunjire,108,0,Niciunul
282,Placuta amovibila,WNMG080408,1520,626.98,2.22,18.17,59.79,1.55,6.0,63.61,Otel,Strunjire,99,0,Niciunul
283,Placuta amovibila,WNMG080408,5082,789.55,1.2,15.2,45.26,0.85,7.2,66.63,Otel,Strunjire,156,0,Niciunul
284,Placuta amovibila,WNMG080408,5522,1027.64,0.11,8.7,43.59,1.41,3.6,62.17,Otel,Strunjire,366,0,Niciunul
285,Placuta amovibila,WNMG080408,5799,1085.39,2.7,7.74,50.24,1.58,10.1,72.84,Aluminiu,Strunjire,422,0,Niciunul
286,Placuta amovibila,WNMG080408,2495,430.57,1.05,10.14,85.97,10.43,58.1,67.83,Inox,Strunjire,80,1,Vibratii
287,Placuta amovibila,WNMG080408,1564,359.32,0.27,8.1,66.41,3.52,44.0,62.9,Otel,Strunjire,410,1,Niciunul
288,Placuta amovibila,WNMG080408,2240,229.0,2.16,7.74,86.5,5.16,24.0,64.73,Otel,Strunjire,138,1,Vibratii
289,Placuta amovibila,WNMG080408,1917,285.25,2.27,12.78,117.07,2.22,27.6,64.25,Aluminiu,Strunjire,497,1,Supraincalzire
290,Placuta amovibila,WNMG080408,1907,208.34,0.67,19.44,42.93,1.26,10.2,67.08,Inox,Strunjire,323,0,Niciunul
291,Placuta amovibila,WNMG080408,5994,545.14,2.26,13.36,64.58,1.89,1.0,62.95,Otel,Strunjire,264,0,Niciunul
292,Placuta amovibila,WNMG080408,2850,600.32,2.56,17.15,70.89,7.5,30.0,63.64,Inox,Strunjire,424,1,Vibratii
293,Placuta amovibila,WNMG080408,1572,645.49,1.43,17.58,75.09,6.03,27.1,67.17,Inox,Strunjire,256,1,Vibratii
294,Placuta amovibila,WNMG080408,2243,866.43,0.13,11.0,83.14,4.23,37.5,66.52,Aluminiu,Strunjire,36,1,Vibratii
295,Placuta amovibila,WNMG080408,2516,645.45,1.54,19.2,67.77,3.57,33.3,71.71,Aluminiu,Strunjire,248,1,Vibratii
296,Placuta amovibila,WNMG080408,4801,282.62,2.01,6.99,65.84,2.16,64.9,67.24,Inox,Strunjire,371,1,Niciunul
297,Placuta amovibila,WNMG080408,1821,503.38,1.74,7.83,84.93,4.72,42.4,61.27,Aluminiu,Strunjire,327,1,Uzura excesiva
298,Placuta amovibila,WNMG080408,4623,1098.02,1.26,14.67,49.59,0.69,15.7,68.82,Aluminiu,Strunjire,453,0,Niciunul
299,Placuta amovibila,WNMG080408,5607,1170.93,2.93,17.86,75.6,1.23,75.1,67.21,Otel,Strunjire,366,1,Uzura excesiva
300,Placuta amovibila,WNMG080408,3920,873.32,1.55,17.89,118.59,1.81,30.4,73.88,Otel,Strunjire,165,1,Supraincalzire
301,Placuta amovibila,WNMG080408,5596,426.11,1.54,6.89,68.31,1.51,15.0,68.71,Inox,Strunjire,104,0,Niciunul
302,Placuta amovibila,WNMG080408,4120,442.79,2.6,18.76,49.11,1.2,17.4,70.82,Inox,Strunjire,398,0,Niciunul
303,Placuta amovibila,WNMG080408,4651,1005.38,2.96,18.57,67.33,4.69,43.1,61.65,Aluminiu,Strunjire,382,1,Uzura excesiva
304,Placuta amovibila,WNMG080408,1676,682.63,0.56,11.17,57.39,1.55,2.6,71.34,Aluminiu,Strunjire,80,0,Niciunul
305,Placuta amovibila,WNMG080408,3162,1133.29,1.59,18.32,52.81,2.9,62.1,71.31,Otel,Strunjire,224,1,Niciunul
306,Placuta amovibila,WNMG080408,3591,1112.01,1.21,9.54,112.89,1.56,32.1,63.0,Inox,Strunjire,254,1,Supraincalzire
307,Placuta amovibila,WNMG080408,4584,606.84,1.55,8.01,80.07,3.85,74.1,60.2,Otel,Strunjire,41,1,Uzura excesiva
308,Placuta amovibila,WNMG080408,2774,399.29,1.08,16.67,82.0,3.39,41.6,63.78,Aluminiu,Strunjire,272,1,Uzura excesiva
309,Placuta amovibila,WNMG080408,4972,420.22,0.71,13.44,74.01,5.63,32.5,72.32,Aluminiu,Strunjire,345,1,Vibratii
310,Placuta amovibila,WNMG080408,4693,1077.21,0.31,11.01,62.68,1.16,2.2,71.98,Aluminiu,Strunjire,289,0,Niciunul
311,Placuta amovibila,WNMG080408,1733,657.53,0.16,18.23,68.52,4.19,72.9,74.26,Otel,Strunjire,269,1,Uzura excesiva
312,Placuta amovibila,WNMG080408,2081,393.92,0.82,19.98,80.33,1.5,54.1,69.04,Aluminiu,Strunjire,94,1,Uzura excesiva
313,Placuta amovibila,WNMG080408,5122,427.57,1.29,8.99,63.71,4.33,33.4,65.33,Otel,Strunjire,470,1,Vibratii
314,Placuta amovibila,WNMG080408,1672,838.32,0.91,19.11,71.68,4.92,47.6,69.97,Aluminiu,Strunjire,121,1,Niciunul
315,Placuta amovibila,WNMG080408,5795,1112.74,0.4,12.23,44.59,0.92,19.2,61.73,Otel,Strunjire,108,0,Niciunul
316,Placuta amovibila,WNMG080408,3329,334.96,2.77,5.08,44.67,1.81,10.7,67.73,Otel,Strunjire,38,0,Niciunul
317,Placuta amovibila,WNMG080408,5888,950.61,0.98,10.43,41.68,1.58,10.7,73.4,Inox,Strunjire,76,0,Niciunul
318,Placuta amovibila,WNMG080408,2434,260.61,1.92,10.67,84.65,3.01,24.0,63.1,Aluminiu,Strunjire,40,1,Supraincalzire
319,Placuta amovibila,WNMG080408,2914,862.36,1.61,17.13,97.89,2.75,18.8,67.93,Otel,Strunjire,125,1,Supraincalzire
320,Placuta amovibila,WNMG080408,5196,1000.34,1.02,14.59,57.84,0.65,9.9,61.99,Aluminiu,Strunjire,270,0,Niciunul
321,Placuta amovibila,WNMG080408,5451,390.53,1.75,11.94,51.22,1.97,12.8,70.03,Otel,Strunjire,361,0,Niciunul
322,Placuta amovibila,WNMG080408,1579,1028.5,0.88,11.66,40.63,1.93,17.6,62.08,Aluminiu,Strunjire,232,0,Niciunul
323,Placuta amovibila,WNMG080408,1917,665.84,0.28,13.84,62.63,0.97,9.1,62.57,Otel,Strunjire,419,0,Niciunul
324,Placuta amovibila,WNMG080408,3581,1166.02,2.22,17.4,36.9,1.07,19.0,62.08,Otel,Strunjire,302,0,Niciunul
325,Placuta amovibila,WNMG080408,3654,772.22,2.25,12.5,50.8,1.52,14.5,63.56,Aluminiu,Strunjire,353,0,Niciunul
326,Placuta amovibila,WNMG080408,5822,909.01,1.02,6.81,53.07,8.11,49.0,69.84,Inox,Strunjire,25,1,Niciunul
327,Placuta amovibila,WNMG080408,2643,482.16,1.08,10.47,62.79,3.49,52.7,64.69,Aluminiu,Strunjire,172,1,Uzura excesiva
328,Placuta amovibila,WNMG080408,4472,674.79,0.71,9.69,61.56,0.64,0.1,67.61,Otel,Strunjire,355,0,Niciunul
329,Placuta amovibila,WNMG080408,5718,895.04,1.18,14.68,51.24,1.31,6.9,66.3,Inox,Strunjire,69,0,Niciunul
330,Placuta amovibila,WNMG080408,2462,390.01,3.0,7.9,73.26,2.82,58.2,72.79,Aluminiu,Strunjire,74,1,Uzura excesiva
331,Placuta amovibila,WNMG080408,3603,730.93,0.36,16.8,80.18,11.31,46.1,60.84,Otel,Strunjire,121,1,Vibratii
332,Placuta amovibila,WNMG080408,4578,874.68,1.12,13.54,59.15,3.05,53.2,68.17,Otel,Strunjire,467,1,Uzura excesiva
333,Placuta amovibila,WNMG080408,3554,1037.24,1.82,5.03,77.48,11.99,53.9,68.9,Aluminiu,Strunjire,402,1,Vibratii
334,Placuta amovibila,WNMG080408,3694,1189.6,1.98,17.7,35.9,0.61,8.8,62.27,Aluminiu,Strunjire,79,0,Niciunul
335,Placuta amovibila,WNMG080408,5609,420.24,1.81,6.26,83.28,3.57,63.5,74.54,Otel,Strunjire,89,1,Uzura excesiva
336,Placuta amovibila,WNMG080408,5124,690.32,1.38,14.22,69.78,0.73,2.2,62.35,Aluminiu,Strunjire,314,0,Niciunul
337,Placuta amovibila,WNMG080408,4704,1199.7,1.5,15.83,92.86,3.53,12.1,66.49,Inox,Strunjire,227,1,Supraincalzire
338,Placuta amovibila,WNMG080408,5215,948.66,2.41,14.31,49.25,1.29,4.7,64.47,Otel,Strunjire,326,0,Niciunul
339,Placuta amovibila,WNMG080408,3356,1089.31,1.49,6.8,119.13,0.71,10.9,72.41,Inox,Strunjire,179,1,Supraincalzire
340,Placuta amovibila,WNMG080408,3175,765.55,1.01,6.23,67.17,4.46,45.1,74.81,Aluminiu,Strunjire,334,1,Uzura excesiva
341,Placuta amovibila,WNMG080408,5353,775.94,0.13,13.29,64.18,1.92,13.2,72.33,Aluminiu,Strunjire,1,0,Niciunul
342,Placuta amovibila,WNMG080408,4295,1115.07,0.15,17.91,86.2,3.67,41.2,64.92,Otel,Strunjire,155,1,Vibratii
343,Placuta amovibila,WNMG080408,5727,282.0,2.71,18.34,93.85,3.07,31.4,62.95,Inox,Strunjire,317,1,Supraincalzire
344,Placuta amovibila,WNMG080408,3909,1103.84,2.61,8.15,60.25,0.55,17.2,68.27,Aluminiu,Strunjire,86,0,Niciunul
345,Placuta amovibila,WNMG080408,4962,938.26,2.71,17.79,88.81,10.38,45.0,73.91,Otel,Strunjire,16,1,Vibratii
346,Placuta amovibila,WNMG080408,4615,964.96,2.66,17.64,61.76,1.79,13.0,63.05,Inox,Strunjire,66,0,Niciunul
347,Placuta amovibila,WNMG080408,4321,499.33,2.22,19.35,43.24,1.1,6.6,61.04,Aluminiu,Strunjire,477,0,Niciunul
348,Placuta amovibila,WNMG080408,1752,1068.03,1.55,11.14,40.54,1.73,15.8,74.29,Inox,Strunjire,254,0,Niciunul
349,Placuta amovibila,WNMG080408,1996,849.57,2.38,16.5,107.33,1.05,17.7,67.58,Aluminiu,Strunjire,119,1,Supraincalzire
350,Placuta amovibila,WNMG080408,3176,814.35,0.99,10.97,41.06,0.88,5.0,65.54,Aluminiu,Strunjire,311,0,Niciunul
351,Placuta amovibila,WNMG080408,4220,1129.55,1.42,7.3,64.93,0.55,17.7,61.9,Inox,Strunjire,31,0,Niciunul
352,Placuta amovibila,WNMG080408,4878,1159.22,1.21,15.05,69.94,1.1,14.6,67.15,Otel,Strunjire,218,0,Niciunul
353,Placuta amovibila,WNMG080408,5592,427.22,1.27,12.1,40.92,1.21,1.0,64.69,Inox,Strunjire,106,0,Niciunul
354,Placuta amovibila,WNMG080408,2105,1082.84,0.33,5.69,60.21,8.09,30.7,60.37,Inox,Strunjire,50,1,Vibratii
355,Placuta amovibila,WNMG080408,3349,831.7,1.51,15.08,50.52,0.85,14.1,63.29,Inox,Strunjire,435,0,Niciunul
356,Placuta amovibila,WNMG080408,4075,450.31,2.68,5.41,61.98,0.57,6.4,67.13,Inox,Strunjire,89,0,Niciunul
357,Placuta amovibila,WNMG080408,2125,837.66,2.48,7.61,54.92,2.31,45.8,73.01,Aluminiu,Strunjire,288,1,Uzura excesiva
358,Placuta amovibila,WNMG080408,5794,211.72,0.7,14.16,112.43,1.39,13.2,64.79,Inox,Strunjire,358,1,Supraincalzire
359,Placuta amovibila,WNMG080408,3237,860.86,0.23,14.13,82.6,6.37,28.1,73.46,Inox,Strunjire,347,1,Vibratii
360,Placuta amovibila,WNMG080408,5269,813.16,2.55,5.77,64.91,2.41,67.0,62.76,Aluminiu,Strunjire,68,1,Uzura excesiva
361,Placuta amovibila,WNMG080408,5550,714.92,2.48,13.74,48.53,1.61,4.1,72.47,Otel,Strunjire,371,0,Niciunul
362,Placuta amovibila,WNMG080408,4816,541.92,2.93,12.81,62.67,0.58,2.0,65.25,Aluminiu,Strunjire,425,0,Niciunul
363,Placuta amovibila,WNMG080408,3191,827.68,1.99,12.75,88.17,6.38,38.0,66.68,Inox,Strunjire,496,1,Vibratii
364,Placuta amovibila,WNMG080408,5111,249.14,0.73,8.56,55.83,1.26,14.0,67.13,Aluminiu,Strunjire,40,0,Niciunul
365,Placuta amovibila,WNMG080408,3891,231.54,1.92,8.84,51.2,7.62,36.2,71.92,Otel,Strunjire,169,1,Vibratii
366,Placuta amovibila,WNMG080408,1893,525.06,0.56,10.48,41.35,1.74,13.0,64.91,Inox,Strunjire,402,0,Niciunul
367,Placuta amovibila,WNMG080408,3739,217.05,0.98,12.33,36.8,0.73,19.1,63.22,Otel,Strunjire,61,0,Niciunul
368,Placuta amovibila,WNMG080408,1533,202.43,2.41,16.51,37.39,0.96,4.5,62.35,Otel,Strunjire,364,0,Niciunul
369,Placuta amovibila,WNMG080408,3916,892.06,0.37,13.1,49.01,1.68,3.0,68.77,Aluminiu,Strunjire,346,0,Niciunul
370,Placuta amovibila,WNMG080408,5952,928.26,2.48,11.83,58.39,11.48,25.7,62.4,Otel,Strunjire,139,1,Vibratii
371,Placuta amovibila,WNMG080408,2530,564.06,2.22,16.87,51.62,1.3,1.1,66.91,Inox,Strunjire,58,0,Niciunul
372,Placuta amovibila,WNMG080408,2497,631.06,1.04,19.8,98.99,2.26,23.1,60.69,Aluminiu,Strunjire,233,1,Supraincalzire
373,Placuta amovibila,WNMG080408,5776,606.06,2.38,8.49,89.09,7.92,38.4,69.78,Aluminiu,Strunjire,29,1,Vibratii
374,Placuta amovibila,WNMG080408,5862,1175.26,1.76,8.78,61.25,1.05,2.6,60.81,Inox,Strunjire,105,0,Niciunul
375,Placuta amovibila,WNMG080408,5265,1074.21,2.41,17.01,86.13,2.14,59.7,61.23,Aluminiu,Strunjire,65,1,Uzura excesiva
376,Placuta amovibila,WNMG080408,2520,784.4,2.31,18.95,84.54,0.52,20.7,66.9,Otel,Strunjire,260,1,Niciunul
377,Placuta amovibila,WNMG080408,2884,791.59,2.95,18.3,40.46,1.52,11.3,68.62,Aluminiu,Strunjire,83,0,Niciunul
378,Placuta amovibila,WNMG080408,5618,768.5,0.35,12.86,78.46,3.47,56.9,69.01,Otel,Strunjire,46,1,Uzura excesiva
379,Placuta amovibila,WNMG080408,5290,874.36,2.55,15.79,50.33,1.16,14.0,69.86,Inox,Strunjire,437,0,Niciunul
380,Placuta amovibila,WNMG080408,2241,1171.0,1.2,12.5,60.0,1.13,5.9,62.32,Inox,Strunjire,291,0,Niciunul
381,Placuta amovibila,WNMG080408,2991,363.72,1.22,12.29,55.19,1.4,6.4,62.9,Inox,Strunjire,127,0,Niciunul
382,Placuta amovibila,WNMG080408,5267,352.47,0.77,19.01,65.12,4.62,75.4,74.35,Inox,Strunjire,379,1,Uzura excesiva
383,Placuta amovibila,WNMG080408,3397,961.41,0.57,6.98,80.51,2.67,22.3,65.84,Inox,Strunjire,402,1,Niciunul
384,Placuta amovibila,WNMG080408,2764,1167.65,0.42,11.39,55.97,5.62,59.2,72.8,Inox,Strunjire,496,1,Vibratii
385,Placuta amovibila,WNMG080408,4275,481.26,2.76,16.99,86.48,2.09,27.2,74.5,Aluminiu,Strunjire,148,1,Supraincalzire
386,Placuta amovibila,WNMG080408,5441,471.58,1.34,5.44,111.83,1.96,38.3,69.74,Aluminiu,Strunjire,228,1,Supraincalzire
387,Placuta amovibila,WNMG080408,5346,620.89,0.63,12.35,81.99,3.47,68.3,70.29,Aluminiu,Strunjire,490,1,Uzura excesiva
388,Placuta amovibila,WNMG080408,3503,223.3,1.52,6.85,115.9,1.56,11.7,73.79,Inox,Strunjire,451,1,Supraincalzire
389,Placuta amovibila,WNMG080408,2655,1185.13,1.8,15.81,52.79,1.5,0.8,68.91,Otel,Strunjire,478,0,Niciunul
390,Placuta amovibila,WNMG080408,4492,817.48,1.5,14.18,36.42,1.71,5.5,73.59,Aluminiu,Strunjire,141,0,Niciunul
391,Placuta amovibila,WNMG080408,1862,750.93,2.98,14.44,102.23,0.75,27.3,62.83,Otel,Strunjire,185,1,Supraincalzire
392,Placuta amovibila,WNMG080408,3061,773.21,0.67,9.12,51.88,8.82,42.9,63.8,Aluminiu,Strunjire,50,1,Vibratii
393,Placuta amovibila,WNMG080408,5178,299.29,1.98,12.63,37.07,1.57,16.9,66.6,Aluminiu,Strunjire,192,0,Niciunul
394,Placuta amovibila,WNMG080408,4617,616.74,0.94,11.91,87.38,7.07,24.4,74.12,Aluminiu,Strunjire,397,1,Vibratii
395,Placuta amovibila,WNMG080408,3431,791.68,0.13,16.04,84.78,5.37,30.9,66.34,Otel,Strunjire,206,1,Vibratii
396,Placuta amovibila,WNMG080408,5826,487.65,1.38,13.36,62.23,1.19,0.5,61.07,Aluminiu,Strunjire,306,0,Niciunul
397,Placuta amovibila,WNMG080408,5607,778.74,2.77,13.08,48.76,1.88,13.1,70.19,Inox,Strunjire,55,0,Niciunul
398,Placuta amovibila,WNMG080408,5399,422.51,1.92,14.66,52.17,0.91,11.5,70.72,Otel,Strunjire,32,0,Niciunul
399,Placuta amovibila,WNMG080408,3549,798.04,2.57,7.91,36.37,0.62,7.0,60.23,Aluminiu,Strunjire,291,0,Niciunul
400,Placuta amovibila,WNMG080408,2375,1131.8,2.52,16.53,111.27,3.61,30.0,61.2,Aluminiu,Strunjire,151,1,Supraincalzire
401,Placuta amovibila,WNMG080408,1692,672.16,1.09,18.96,73.6,5.67,47.7,66.7,Inox,Strunjire,172,1,Vibratii
402,Placuta amovibila,WNMG080408,4658,921.62,2.09,7.63,47.67,1.86,2.1,63.47,Inox,Strunjire,239,0,Niciunul
403,Placuta amovibila,WNMG080408,4267,1197.5,0.85,12.62,60.23,4.99,68.1,73.11,Aluminiu,Strunjire,354,1,Uzura excesiva
404,Placuta amovibila,WNMG080408,5707,460.54,1.24,12.05,89.5,7.9,26.0,62.08,Aluminiu,Strunjire,154,1,Vibratii
405,Placuta amovibila,WNMG080408,5258,236.36,0.22,9.22,36.98,1.74,3.9,61.17,Otel,Strunjire,9,0,Niciunul
406,Placuta amovibila,WNMG080408,1828,201.51,2.25,5.2,69.57,1.13,14.8,62.25,Inox,Strunjire,115,0,Niciunul
407,Placuta amovibila,WNMG080408,5620,381.5,1.37,8.33,38.24,1.64,11.0,61.25,Aluminiu,Strunjire,241,0,Niciunul
408,Placuta amovibila,WNMG080408,5520,1011.56,0.44,6.29,49.57,1.87,19.2,70.38,Otel,Strunjire,4,0,Niciunul
409,Placuta amovibila,WNMG080408,5785,586.72,1.75,10.99,86.88,0.99,33.9,68.59,Otel,Strunjire,358,1,Supraincalzire
410,Placuta amovibila,WNMG080408,5222,443.6,1.29,14.3,60.12,0.72,2.3,67.26,Otel,Strunjire,421,0,Niciunul
411,Placuta amovibila,WNMG080408,4639,902.99,2.68,19.79,70.18,5.68,27.1,65.55,Otel,Strunjire,100,1,Niciunul
412,Placuta amovibila,WNMG080408,2351,785.5,1.9,5.19,89.67,3.76,41.9,66.8,Otel,Strunjire,285,1,Uzura excesiva
413,Placuta amovibila,WNMG080408,5073,240.85,1.0,17.51,86.71,11.3,32.9,74.7,Inox,Strunjire,82,1,Vibratii
414,Placuta amovibila,WNMG080408,3674,422.05,2.0,8.92,67.51,1.1,12.9,66.8,Aluminiu,Strunjire,412,0,Niciunul
415,Placuta amovibila,WNMG080408,5371,620.47,2.0,17.8,59.37,11.78,56.7,74.57,Otel,Strunjire,82,1,Vibratii
416,Placuta amovibila,WNMG080408,4008,201.2,2.15,19.63,63.17,0.64,7.2,63.98,Otel,Strunjire,192,0,Niciunul
417,Placuta amovibila,WNMG080408,3199,1035.13,2.74,16.94,54.53,0.97,14.8,66.48,Inox,Strunjire,167,0,Niciunul
418,Placuta amovibila,WNMG080408,2264,471.32,2.59,15.08,103.03,3.24,39.2,73.28,Otel,Strunjire,9,1,Supraincalzire
419,Placuta amovibila,WNMG080408,1906,309.73,0.98,16.08,50.11,1.42,12.8,67.16,Otel,Strunjire,19,0,Niciunul
420,Placuta amovibila,WNMG080408,5970,696.85,2.63,15.6,42.46,1.72,16.2,65.25,Otel,Strunjire,316,0,Niciunul
421,Placuta amovibila,WNMG080408,3826,412.77,0.93,14.11,93.44,0.94,32.1,63.44,Aluminiu,Strunjire,11,1,Supraincalzire
422,Placuta amovibila,WNMG080408,2127,859.69,1.33,7.95,37.51,1.82,13.7,72.64,Inox,Strunjire,207,0,Niciunul
423,Placuta amovibila,WNMG080408,4406,311.86,2.25,19.05,89.01,3.1,29.8,68.38,Otel,Strunjire,212,1,Supraincalzire
424,Placuta amovibila,WNMG080408,2145,804.48,1.56,6.25,94.28,1.24,38.5,67.53,Otel,Strunjire,246,1,Supraincalzire
425,Placuta amovibila,WNMG080408,5225,1035.31,0.27,15.97,71.58,1.19,55.8,71.86,Inox,Strunjire,140,1,Uzura excesiva
426,Placuta amovibila,WNMG080408,3579,1027.12,2.84,9.85,54.99,0.62,1.5,63.87,Inox,Strunjire,187,0,Niciunul
427,Placuta amovibila,WNMG080408,3746,297.11,1.12,10.01,59.33,5.45,51.4,66.14,Aluminiu,Strunjire,223,1,Vibratii
428,Placuta amovibila,WNMG080408,4849,972.07,1.55,18.26,70.85,9.18,36.4,68.14,Otel,Strunjire,461,1,Vibratii
429,Placuta amovibila,WNMG080408,2103,766.46,0.94,6.96,43.42,1.64,5.7,61.78,Otel,Strunjire,467,0,Niciunul
430,Placuta amovibila,WNMG080408,3071,736.56,0.75,16.08,53.14,0.81,2.3,67.34,Inox,Strunjire,153,0,Niciunul
431,Placuta amovibila,WNMG080408,5948,573.8,1.22,14.87,58.26,2.55,72.1,72.51,Inox,Strunjire,171,1,Uzura excesiva
432,Placuta amovibila,WNMG080408,5445,1103.37,0.37,5.65,93.92,0.69,29.8,65.44,Inox,Strunjire,453,1,Supraincalzire
433,Placuta amovibila,WNMG080408,4541,764.38,1.65,15.3,62.81,4.66,43.3,71.59,Otel,Strunjire,266,1,Uzura excesiva
434,Placuta amovibila,WNMG080408,3474,243.65,2.86,13.81,108.12,2.77,11.9,68.7,Inox,Strunjire,321,1,Niciunul
435,Placuta amovibila,WNMG080408,5009,209.96,0.51,17.55,62.17,0.76,18.5,74.32,Otel,Strunjire,148,0,Niciunul
436,Placuta amovibila,WNMG080408,5297,947.74,2.38,7.84,106.38,0.94,31.4,63.3,Inox,Strunjire,479,1,Niciunul
437,Placuta amovibila,WNMG080408,4603,803.45,1.02,14.45,53.23,5.56,48.0,67.43,Inox,Strunjire,402,1,Vibratii
438,Placuta amovibila,WNMG080408,2874,394.77,0.85,6.17,56.33,1.3,7.5,72.52,Inox,Strunjire,107,0,Niciunul
439,Placuta amovibila,WNMG080408,2370,452.36,0.34,17.46,50.59,0.74,7.7,66.72,Otel,Strunjire,378,0,Niciunul
440,Placuta amovibila,WNMG080408,5799,828.69,0.43,9.86,47.46,0.88,12.2,67.53,Aluminiu,Strunjire,107,0,Niciunul
441,Placuta amovibila,WNMG080408,2888,368.17,2.69,7.36,63.3,4.57,75.2,70.27,Inox,Strunjire,272,1,Uzura excesiva
442,Placuta amovibila,WNMG080408,2012,384.59,2.83,18.03,45.36,1.41,0.9,74.89,Inox,Strunjire,196,0,Niciunul
443,Placuta amovibila,WNMG080408,2041,650.44,2.62,19.98,48.8,1.24,13.0,66.04,Otel,Strunjire,347,0,Niciunul
444,Placuta amovibila,WNMG080408,2410,918.4,2.74,14.29,66.17,1.84,4.2,67.36,Inox,Strunjire,132,0,Niciunul
445,Placuta amovibila,WNMG080408,3813,623.6,0.92,7.68,72.1,4.0,70.8,61.12,Aluminiu,Strunjire,500,1,Uzura excesiva
446,Placuta amovibila,WNMG080408,2399,758.55,2.21,18.0,83.99,1.8,75.6,71.46,Aluminiu,Strunjire,493,1,Niciunul
447,Placuta amovibila,WNMG080408,2896,922.9,0.98,17.94,79.61,7.56,48.1,65.81,Aluminiu,Strunjire,266,1,Niciunul
448,Placuta amovibila,WNMG080408,3234,474.46,2.72,16.28,81.58,1.39,34.3,72.77,Otel,Strunjire,322,1,Supraincalzire
449,Placuta amovibila,WNMG080408,5562,383.47,0.75,19.02,63.56,0.92,18.0,63.08,Otel,Strunjire,441,0,Niciunul
450,Placuta amovibila,WNMG080408,4208,904.17,0.43,19.09,84.65,3.19,68.2,73.35,Inox,Strunjire,144,1,Uzura excesiva
451,Placuta amovibila,WNMG080408,2534,993.06,0.48,11.14,89.34,7.47,48.4,63.65,Aluminiu,Strunjire,407,1,Vibratii
452,Placuta amovibila,WNMG080408,4967,1068.5,2.88,16.86,82.55,1.0,77.8,74.44,Inox,Strunjire,49,1,Uzura excesiva
453,Placuta amovibila,WNMG080408,5042,337.66,2.18,19.09,114.1,2.47,10.8,68.28,Otel,Strunjire,274,1,Supraincalzire
454,Placuta amovibila,WNMG080408,3859,262.27,0.34,12.4,66.95,0.81,13.1,73.32,Inox,Strunjire,120,0,Niciunul
455,Placuta amovibila,WNMG080408,4334,787.76,1.42,6.78,82.4,6.43,31.1,67.78,Aluminiu,Strunjire,107,1,Vibratii
456,Placuta amovibila,WNMG080408,5959,489.73,0.48,12.72,60.01,1.24,59.7,61.14,Aluminiu,Strunjire,47,1,Uzura excesiva
457,Placuta amovibila,WNMG080408,3740,642.4,0.79,9.87,61.12,1.84,11.4,69.68,Aluminiu,Strunjire,261,0,Niciunul
458,Placuta amovibila,WNMG080408,4004,438.34,0.8,17.31,66.57,1.41,10.2,60.74,Otel,Strunjire,141,0,Niciunul
459,Placuta amovibila,WNMG080408,2619,289.07,0.28,8.44,88.5,11.08,45.3,70.53,Otel,Strunjire,390,1,Vibratii
460,Placuta amovibila,WNMG080408,4928,420.94,1.57,5.89,35.74,1.8,8.9,67.87,Inox,Strunjire,433,0,Niciunul
461,Placuta amovibila,WNMG080408,4643,949.3,2.19,5.41,74.48,3.51,61.1,62.06,Otel,Strunjire,469,1,Niciunul
462,Placuta amovibila,WNMG080408,3081,905.75,1.29,10.45,92.7,3.05,27.7,68.27,Inox,Strunjire,487,1,Supraincalzire
463,Placuta amovibila,WNMG080408,3690,881.08,0.39,16.66,64.7,1.91,19.6,60.53,Inox,Strunjire,302,0,Niciunul
464,Placuta amovibila,WNMG080408,1894,650.56,1.71,8.98,58.97,1.46,2.0,65.87,Aluminiu,Strunjire,70,0,Niciunul
465,Placuta amovibila,WNMG080408,4598,354.19,0.55,8.85,73.74,2.48,44.0,73.46,Otel,Strunjire,281,1,Uzura excesiva
466,Placuta amovibila,WNMG080408,3962,560.28,2.97,17.61,50.68,0.78,9.4,70.85,Inox,Strunjire,162,0,Niciunul
467,Placuta amovibila,WNMG080408,5401,276.55,0.83,11.26,67.96,1.56,6.5,63.49,Aluminiu,Strunjire,367,0,Niciunul
468,Placuta amovibila,WNMG080408,3593,817.72,0.65,9.0,106.55,3.74,28.6,74.07,Aluminiu,Strunjire,476,1,Niciunul
469,Placuta amovibila,WNMG080408,5692,933.77,2.71,7.85,41.54,1.75,9.5,73.81,Otel,Strunjire,292,0,Niciunul
470,Placuta amovibila,WNMG080408,5978,358.66,0.48,18.57,74.17,2.65,78.2,71.45,Inox,Strunjire,282,1,Uzura excesiva
471,Placuta amovibila,WNMG080408,1612,873.32,1.86,17.27,80.47,4.26,51.7,63.98,Aluminiu,Strunjire,43,1,Uzura excesiva
472,Placuta amovibila,WNMG080408,1663,804.27,0.33,18.42,65.79,8.74,22.9,63.73,Inox,Strunjire,40,1,Vibratii
473,Placuta amovibila,WNMG080408,3850,703.62,1.62,14.35,108.96,2.63,35.0,61.86,Inox,Strunjire,479,1,Supraincalzire
474,Placuta amovibila,WNMG080408,5822,409.1,1.34,18.34,67.25,1.75,4.7,73.21,Inox,Strunjire,133,0,Niciunul
475,Placuta amovibila,WNMG080408,2046,1139.28,2.15,14.04,82.56,1.59,79.9,62.63,Inox,Strunjire,122,1,Uzura excesiva
476,Placuta amovibila,WNMG080408,3449,1063.44,0.8,15.15,69.02,1.74,1.2,66.6,Inox,Strunjire,452,0,Niciunul
477,Placuta amovibila,WNMG080408,1985,1063.21,0.15,7.27,98.67,3.66,35.0,72.46,Otel,Strunjire,392,1,Supraincalzire
478,Placuta amovibila,WNMG080408,1594,275.91,0.62,15.68,50.07,1.43,10.7,69.18,Otel,Strunjire,5,0,Niciunul
479,Placuta amovibila,WNMG080408,3136,747.61,0.19,11.78,53.49,11.39,57.6,70.31,Inox,Strunjire,169,1,Niciunul
480,Placuta amovibila,WNMG080408,2844,461.56,2.26,17.88,51.34,1.62,17.4,63.69,Otel,Strunjire,255,0,Niciunul
481,Placuta amovibila,WNMG080408,2570,292.63,0.3,18.42,86.65,4.3,41.9,74.51,Otel,Strunjire,268,1,Vibratii
482,Placuta amovibila,WNMG080408,2062,1060.09,2.17,9.37,76.17,1.51,40.8,65.56,Aluminiu,Strunjire,489,1,Uzura excesiva
483,Placuta amovibila,WNMG080408,1678,961.05,2.18,17.75,69.97,1.85,4.7,73.44,Otel,Strunjire,352,0,Niciunul
484,Placuta amovibila,WNMG080408,2340,1166.04,2.31,18.38,61.74,0.72,10.0,64.02,Inox,Strunjire,293,0,Niciunul
485,Placuta amovibila,WNMG080408,4908,883.12,0.82,13.91,60.13,0.79,5.2,63.18,Otel,Strunjire,401,0,Niciunul
486,Placuta amovibila,WNMG080408,4364,827.13,0.84,17.32,57.25,0.54,6.6,65.78,Aluminiu,Strunjire,313,0,Niciunul
487,Placuta amovibila,WNMG080408,3017,206.19,2.43,5.87,61.87,8.81,57.9,64.42,Inox,Strunjire,476,1,Niciunul
488,Placuta amovibila,WNMG080408,4959,862.23,2.45,6.88,63.59,1.62,10.6,70.46,Aluminiu,Strunjire,46,0,Niciunul
489,Placuta amovibila,WNMG080408,4496,215.28,2.33,14.61,58.41,1.58,9.2,72.31,Aluminiu,Strunjire,459,0,Niciunul
490,Placuta amovibila,WNMG080408,2358,1022.58,2.99,13.43,54.51,4.95,72.1,68.62,Aluminiu,Strunjire,204,1,Uzura excesiva
491,Placuta amovibila,WNMG080408,4424,427.97,2.9,17.18,53.45,1.14,43.0,70.73,Aluminiu,Strunjire,179,1,Uzura excesiva
492,Placuta amovibila,WNMG080408,4679,1054.2,1.86,18.14,56.54,1.02,10.1,67.93,Aluminiu,Strunjire,196,0,Niciunul
493,Placuta amovibila,WNMG080408,2821,287.92,1.74,9.21,39.11,1.79,15.8,68.11,Otel,Strunjire,471,0,Niciunul
494,Placuta amovibila,WNMG080408,1780,546.94,0.43,9.6,51.54,1.15,16.8,63.14,Otel,Strunjire,372,0,Niciunul
495,Placuta amovibila,WNMG080408,5913,728.75,2.09,13.06,109.09,2.25,12.6,69.52,Otel,Strunjire,342,1,Supraincalzire
496,Placuta amovibila,WNMG080408,1657,1096.46,1.72,5.06,51.21,3.95,41.1,73.47,Aluminiu,Strunjire,446,1,Uzura excesiva
497,Placuta amovibila,WNMG080408,5991,275.76,2.68,17.11,49.18,0.58,1.8,61.92,Aluminiu,Strunjire,27,0,Niciunul
498,Placuta amovibila,WNMG080408,2549,1122.75,2.99,10.96,61.84,4.12,55.2,67.4,Otel,Strunjire,374,1,Uzura excesiva
499,Placuta amovibila,WNMG080408,1583,929.11,1.76,7.6,69.41,1.49,6.3,64.48,Otel,Strunjire,328,0,Niciunul
500,Placuta amovibila,WNMG080408,3847,1073.1,0.63,19.86,59.49,3.18,48.3,69.04,Aluminiu,Strunjire,52,1,Uzura excesiva
501,Placuta amovibila,WNMG080408,2325,572.17,2.34,9.79,57.65,10.39,44.4,62.24,Inox,Strunjire,422,1,Vibratii
502,Placuta amovibila,WNMG080408,3358,946.05,0.88,8.34,61.97,1.42,6.0,71.39,Inox,Strunjire,370,0,Niciunul
503,Placuta amovibila,WNMG080408,3808,966.39,0.34,5.35,39.26,1.46,6.2,71.5,Otel,Strunjire,298,0,Niciunul
504,Placuta amovibila,WNMG080408,2744,1155.91,2.96,12.62,63.34,1.79,8.3,73.13,Otel,Strunjire,37,0,Niciunul
505,Placuta amovibila,WNMG080408,4425,1015.93,2.57,18.18,63.91,1.6,18.5,72.47,Aluminiu,Strunjire,385,0,Niciunul
506,Placuta amovibila,WNMG080408,2110,492.35,1.37,6.1,53.71,1.23,5.6,67.12,Aluminiu,Strunjire,325,0,Niciunul
507,Placuta amovibila,WNMG080408,3131,380.27,0.98,13.38,78.27,4.75,69.7,66.66,Inox,Strunjire,68,1,Uzura excesiva
508,Placuta amovibila,WNMG080408,2209,440.67,1.97,14.62,43.53,1.97,19.7,62.8,Otel,Strunjire,323,0,Niciunul
509,Placuta amovibila,WNMG080408,5703,957.21,2.98,8.94,90.36,1.66,31.4,64.61,Otel,Strunjire,208,1,Supraincalzire
510,Placuta amovibila,WNMG080408,2058,655.47,2.55,18.75,67.69,0.85,16.3,74.29,Inox,Strunjire,134,0,Niciunul
511,Placuta amovibila,WNMG080408,3098,792.4,1.44,18.24,37.13,1.28,16.1,61.82,Aluminiu,Strunjire,57,0,Niciunul
512,Placuta amovibila,WNMG080408,3901,813.46,2.01,13.11,86.25,10.67,54.7,65.32,Aluminiu,Strunjire,373,1,Vibratii
513,Placuta amovibila,WNMG080408,5822,335.28,0.89,8.4,43.28,1.45,11.9,68.12,Inox,Strunjire,312,0,Niciunul
514,Placuta amovibila,WNMG080408,4441,427.92,1.5,16.06,46.67,1.39,5.5,69.97,Inox,Strunjire,243,0,Niciunul
515,Placuta amovibila,WNMG080408,5073,652.75,0.54,5.88,49.43,1.67,7.7,65.29,Otel,Strunjire,51,0,Niciunul
516,Placuta amovibila,WNMG080408,2479,440.25,1.8,19.41,63.33,0.66,3.1,72.13,Aluminiu,Strunjire,292,0,Niciunul
517,Placuta amovibila,WNMG080408,2100,452.17,0.11,14.13,55.22,1.03,2.2,62.3,Otel,Strunjire,219,0,Niciunul
518,Placuta amovibila,WNMG080408,3495,840.95,2.85,10.03,50.15,1.28,15.8,68.92,Inox,Strunjire,363,0,Niciunul
519,Placuta amovibila,WNMG080408,4591,907.0,1.08,8.13,37.16,1.88,0.3,66.43,Otel,Strunjire,447,0,Niciunul
520,Placuta amovibila,WNMG080408,1524,570.67,0.68,6.14,74.62,8.91,56.6,67.73,Inox,Strunjire,249,1,Vibratii
521,Placuta amovibila,WNMG080408,5838,319.01,0.64,12.29,67.27,1.68,18.5,70.99,Otel,Strunjire,314,0,Niciunul
522,Placuta amovibila,WNMG080408,3445,941.27,0.88,14.26,37.7,1.47,9.0,73.18,Otel,Strunjire,447,0,Niciunul
523,Placuta amovibila,WNMG080408,4250,370.95,2.01,12.0,62.99,0.87,13.8,68.4,Inox,Strunjire,463,0,Niciunul
524,Placuta amovibila,WNMG080408,3598,1094.69,1.94,8.63,52.99,0.71,5.1,66.98,Inox,Strunjire,9,0,Niciunul
525,Placuta amovibila,WNMG080408,3333,541.08,1.73,17.41,81.39,3.88,19.9,71.82,Otel,Strunjire,384,1,Supraincalzire
526,Placuta amovibila,WNMG080408,2420,964.31,0.81,5.7,36.84,1.87,3.0,66.31,Otel,Strunjire,491,0,Niciunul
527,Placuta amovibila,WNMG080408,2443,217.33,1.2,9.7,39.72,1.93,12.0,64.99,Otel,Strunjire,136,0,Niciunul
528,Placuta amovibila,WNMG080408,2095,1198.58,2.26,10.01,60.63,3.69,27.3,63.48,Inox,Strunjire,268,1,Vibratii
529,Placuta amovibila,WNMG080408,4391,837.31,2.76,11.82,55.04,0.99,11.1,60.73,Aluminiu,Strunjire,315,0,Niciunul
530,Placuta amovibila,WNMG080408,5408,815.02,0.4,5.66,89.28,7.65,42.2,63.26,Aluminiu,Strunjire,191,1,Vibratii
531,Placuta amovibila,WNMG080408,4783,1018.82,2.84,8.02,58.09,1.75,66.0,61.75,Inox,Strunjire,480,1,Uzura excesiva
532,Placuta amovibila,WNMG080408,3394,219.18,1.15,15.64,39.94,1.26,0.1,68.4,Aluminiu,Strunjire,488,0,Niciunul
533,Placuta amovibila,WNMG080408,2061,752.56,1.88,8.84,49.89,1.71,8.0,60.17,Aluminiu,Strunjire,368,0,Niciunul
534,Placuta amovibila,WNMG080408,3960,796.14,2.27,17.93,110.48,1.42,13.9,68.81,Inox,Strunjire,296,1,Supraincalzire
535,Placuta amovibila,WNMG080408,4812,294.8,1.94,10.52,88.74,1.18,10.9,73.27,Otel,Strunjire,482,1,Niciunul
536,Placuta amovibila,WNMG080408,3506,964.83,2.56,17.38,86.95,4.19,46.2,71.32,Aluminiu,Strunjire,31,1,Niciunul
537,Placuta amovibila,WNMG080408,1768,274.76,2.39,7.94,64.64,10.01,57.5,71.54,Aluminiu,Strunjire,249,1,Vibratii
538,Placuta amovibila,WNMG080408,3559,1033.4,0.84,17.73,113.56,3.37,19.0,66.47,Aluminiu,Strunjire,315,1,Niciunul
539,Placuta amovibila,WNMG080408,2594,1035.32,2.19,6.65,78.75,11.79,31.8,60.37,Aluminiu,Strunjire,268,1,Niciunul
540,Placuta amovibila,WNMG080408,2283,571.92,2.32,7.47,85.31,3.93,71.3,69.65,Otel,Strunjire,329,1,Uzura excesiva
541,Placuta amovibila,WNMG080408,5083,483.69,2.71,5.48,48.45,1.17,2.7,65.01,Otel,Strunjire,25,0,Niciunul
542,Placuta amovibila,WNMG080408,5981,298.09,0.37,14.66,51.1,1.95,8.1,73.8,Aluminiu,Strunjire,21,0,Niciunul
543,Placuta amovibila,WNMG080408,4080,266.37,1.28,15.45,59.55,8.38,43.6,60.58,Inox,Strunjire,119,1,Vibratii
544,Placuta amovibila,WNMG080408,2285,1136.1,0.23,12.0,104.9,3.27,33.7,65.9,Aluminiu,Strunjire,284,1,Niciunul
545,Placuta amovibila,WNMG080408,2380,959.8,0.99,14.52,43.54,1.3,7.6,73.78,Otel,Strunjire,477,0,Niciunul
546,Placuta amovibila,WNMG080408,2473,1024.92,3.0,18.73,54.9,1.85,12.5,74.54,Aluminiu,Strunjire,192,0,Niciunul
547,Placuta amovibila,WNMG080408,5343,442.3,1.62,19.11,58.01,1.8,0.6,73.04,Inox,Strunjire,237,0,Niciunul
548,Placuta amovibila,WNMG080408,3028,261.03,2.8,10.74,56.0,1.5,7.7,72.15,Aluminiu,Strunjire,40,0,Niciunul
549,Placuta amovibila,WNMG080408,4145,1185.79,0.69,9.23,50.67,1.82,63.1,69.95,Aluminiu,Strunjire,296,1,Niciunul
550,Placuta amovibila,WNMG080408,5438,543.58,0.69,7.05,35.13,1.86,17.3,65.23,Otel,Strunjire,473,0,Niciunul
551,Placuta amovibila,WNMG080408,1990,681.96,2.95,6.81,50.53,1.62,16.4,70.29,Otel,Strunjire,314,0,Niciunul
552,Placuta amovibila,WNMG080408,5913,955.48,1.91,13.84,47.55,1.5,2.7,68.56,Aluminiu,Strunjire,345,0,Niciunul
553,Placuta amovibila,WNMG080408,3121,811.4,2.88,19.05,67.48,0.72,8.6,68.82,Otel,Strunjire,195,0,Niciunul
554,Placuta amovibila,WNMG080408,1902,225.69,2.18,15.8,53.2,1.76,70.7,71.22,Otel,Strunjire,142,1,Uzura excesiva
555,Placuta amovibila,WNMG080408,4728,759.26,1.8,7.36,56.04,1.36,68.1,60.77,Aluminiu,Strunjire,35,1,Uzura excesiva
556,Placuta amovibila,WNMG080408,2483,499.31,0.72,19.86,35.4,1.74,11.8,69.55,Inox,Strunjire,342,0,Niciunul
557,Placuta amovibila,WNMG080408,4479,1074.78,2.09,7.14,60.36,1.14,5.8,60.86,Otel,Strunjire,487,0,Niciunul
558,Placuta amovibila,WNMG080408,5474,949.39,1.36,18.15,107.41,0.97,13.6,72.58,Otel,Strunjire,331,1,Supraincalzire
559,Placuta amovibila,WNMG080408,2532,322.65,2.89,13.65,67.75,7.04,26.2,73.77,Otel,Strunjire,394,1,Vibratii
560,Placuta amovibila,WNMG080408,3933,1137.73,1.02,5.07,46.63,0.74,4.2,74.52,Aluminiu,Strunjire,57,0,Niciunul
561,Placuta amovibila,WNMG080408,3999,205.56,0.23,14.88,53.0,0.73,15.7,67.89,Otel,Strunjire,473,0,Niciunul
562,Placuta amovibila,WNMG080408,5838,410.95,2.19,18.77,84.55,3.21,36.7,72.72,Inox,Strunjire,297,1,Niciunul
563,Placuta amovibila,WNMG080408,5311,782.6,1.75,7.18,66.4,1.18,4.4,63.76,Inox,Strunjire,374,0,Niciunul
564,Placuta amovibila,WNMG080408,4490,1031.75,0.79,8.66,51.52,1.81,11.5,70.51,Inox,Strunjire,158,0,Niciunul
565,Placuta amovibila,WNMG080408,4735,373.75,1.17,19.24,73.02,5.46,37.2,63.66,Aluminiu,Strunjire,498,1,Vibratii
566,Placuta amovibila,WNMG080408,2852,767.69,1.03,13.58,47.11,1.74,9.2,67.5,Otel,Strunjire,437,0,Niciunul
567,Placuta amovibila,WNMG080408,1685,398.78,0.41,10.68,56.28,1.49,11.4,64.03,Inox,Strunjire,476,0,Niciunul
568,Placuta amovibila,WNMG080408,3730,222.33,0.75,19.92,58.12,5.62,49.2,70.21,Otel,Strunjire,122,1,Vibratii
569,Placuta amovibila,WNMG080408,4562,1016.14,2.83,6.11,89.96,3.0,45.8,74.58,Otel,Strunjire,112,1,Uzura excesiva
570,Placuta amovibila,WNMG080408,4606,443.95,2.96,6.24,116.87,1.95,12.0,60.58,Otel,Strunjire,5,1,Supraincalzire
571,Placuta amovibila,WNMG080408,3730,356.56,2.93,15.44,94.79,2.25,17.4,73.45,Inox,Strunjire,407,1,Supraincalzire
572,Placuta amovibila,WNMG080408,2673,435.7,1.83,5.03,64.91,5.14,47.3,60.28,Otel,Strunjire,373,1,Vibratii
573,Placuta amovibila,WNMG080408,5783,499.15,2.13,13.62,50.6,0.97,14.2,70.33,Aluminiu,Strunjire,353,0,Niciunul
574,Placuta amovibila,WNMG080408,4814,667.43,0.29,13.71,61.77,1.37,16.3,73.51,Inox,Strunjire,36,0,Niciunul
575,Placuta amovibila,WNMG080408,3621,706.77,0.97,10.96,36.06,0.51,19.1,63.31,Otel,Strunjire,469,0,Niciunul
576,Placuta amovibila,WNMG080408,3454,418.34,1.79,8.54,69.28,0.62,7.9,65.1,Inox,Strunjire,9,0,Niciunul
577,Placuta amovibila,WNMG080408,1755,620.19,2.21,8.07,106.14,3.09,19.1,67.63,Inox,Strunjire,34,1,Supraincalzire
578,Placuta amovibila,WNMG080408,4100,1088.99,0.7,10.96,58.76,9.61,54.0,68.75,Aluminiu,Strunjire,121,1,Vibratii
579,Placuta amovibila,WNMG080408,1610,1104.53,2.54,9.62,71.59,3.06,50.3,61.1,Otel,Strunjire,289,1,Uzura excesiva
580,Placuta amovibila,WNMG080408,4065,1165.99,1.28,17.42,82.4,3.76,37.6,66.49,Inox,Strunjire,412,1,Supraincalzire
581,Placuta amovibila,WNMG080408,2675,944.84,2.58,8.23,79.35,6.17,41.2,74.45,Inox,Strunjire,333,1,Niciunul
582,Placuta amovibila,WNMG080408,5593,1091.54,1.75,14.51,83.79,2.73,68.3,61.56,Otel,Strunjire,75,1,Uzura excesiva
583,Placuta amovibila,WNMG080408,5969,436.45,0.52,13.69,114.32,1.14,26.5,73.56,Aluminiu,Strunjire,437,1,Supraincalzire
584,Placuta amovibila,WNMG080408,3808,796.12,0.38,19.69,61.78,11.55,21.4,72.99,Aluminiu,Strunjire,376,1,Vibratii
585,Placuta amovibila,WNMG080408,5508,1163.24,2.01,6.69,39.83,1.51,1.8,72.11,Inox,Strunjire,414,0,Niciunul
586,Placuta amovibila,WNMG080408,4024,261.26,2.91,12.45,67.02,0.61,8.2,65.63,Aluminiu,Strunjire,17,0,Niciunul
587,Placuta amovibila,WNMG080408,3050,1191.54,1.09,10.03,40.38,1.13,9.0,71.28,Otel,Strunjire,112,0,Niciunul
588,Placuta amovibila,WNMG080408,3617,733.19,1.01,14.98,67.97,1.85,19.8,74.1,Inox,Strunjire,412,0,Niciunul
589,Placuta amovibila,WNMG080408,3692,777.2,1.91,12.86,35.79,1.49,16.2,65.13,Otel,Strunjire,120,0,Niciunul
590,Placuta amovibila,WNMG080408,4489,961.48,2.58,8.08,57.96,0.87,1.3,65.86,Inox,Strunjire,464,0,Niciunul
591,Placuta amovibila,WNMG080408,4974,533.36,0.19,9.06,56.52,0.74,2.6,70.82,Otel,Strunjire,55,0,Niciunul
592,Placuta amovibila,WNMG080408,5196,1045.04,0.16,6.82,51.56,0.99,0.2,70.72,Inox,Strunjire,14,0,Niciunul
593,Placuta amovibila,WNMG080408,2588,646.65,0.29,18.84,46.31,1.9,7.1,64.95,Aluminiu,Strunjire,52,0,Niciunul
594,Placuta amovibila,WNMG080408,3688,830.89,0.77,15.58,49.88,1.89,12.8,68.43,Aluminiu,Strunjire,209,0,Niciunul
595,Placuta amovibila,WNMG080408,4512,1192.28,2.42,16.22,61.94,2.18,70.3,70.57,Otel,Strunjire,484,1,Uzura excesiva
596,Placuta amovibila,WNMG080408,3238,1111.75,2.85,10.79,60.7,11.86,27.9,64.77,Aluminiu,Strunjire,257,1,Vibratii
597,Placuta amovibila,WNMG080408,1586,386.37,1.63,5.18,103.39,3.87,33.1,72.47,Otel,Strunjire,255,1,Supraincalzire
598,Placuta amovibila,WNMG080408,1549,441.96,2.39,8.85,80.68,6.6,56.8,61.09,Inox,Strunjire,164,1,Vibratii
599,Placuta amovibila,WNMG080408,4524,398.54,1.08,13.38,51.85,1.2,8.1,69.88,Aluminiu,Strunjire,298,0,Niciunul
600,Placuta amovibila,WNMG080408,2974,938.86,1.05,5.15,50.07,0.87,10.2,71.56,Aluminiu,Strunjire,23,0,Niciunul
1,Placuta amovibila,CNMG120408,5209,352.49,2.06,11.91,51.18,0.71,11.0,70.25,Otel,Strunjire,34,0,Niciunul
2,Placuta amovibila,CNMG120408,2840,584.66,2.87,11.8,83.58,1.3,66.6,73.42,Aluminiu,Strunjire,479,1,Uzura excesiva
3,Placuta amovibila,CNMG120408,1997,470.73,0.91,19.85,57.79,2.73,68.7,70.58,Aluminiu,Strunjire,322,1,Uzura excesiva
4,Placuta amovibila,CNMG120408,1891,365.61,0.84,13.83,69.59,1.54,7.8,73.11,Otel,Strunjire,238,0,Niciunul
5,Placuta amovibila,CNMG120408,3369,1098.62,2.29,17.01,55.66,3.08,61.0,70.06,Aluminiu,Strunjire,147,1,Uzura excesiva
6,Placuta amovibila,CNMG120408,2760,345.69,1.1,19.68,44.15,1.23,4.1,63.9,Otel,Strunjire,376,0,Niciunul
7,Placuta amovibila,CNMG120408,4704,954.1,1.57,16.54,88.99,9.8,59.8,62.66,Aluminiu,Strunjire,416,1,Niciunul
8,Placuta amovibila,CNMG120408,4623,500.15,1.89,12.59,95.81,1.67,17.0,66.09,Inox,Strunjire,185,1,Supraincalzire
9,Placuta amovibila,CNMG120408,5669,898.37,0.17,11.26,57.31,1.59,6.0,65.16,Inox,Strunjire,429,0,Niciunul
10,Placuta amovibila,CNMG120408,4719,1143.5,2.38,12.07,59.7,0.59,17.7,66.97,Aluminiu,Strunjire,424,0,Niciunul
11,Placuta amovibila,CNMG120408,4308,828.27,0.9,15.35,43.22,1.43,16.6,64.61,Inox,Strunjire,102,0,Niciunul
12,Placuta amovibila,CNMG120408,3830,951.98,1.39,7.94,35.09,1.58,7.9,68.85,Otel,Strunjire,226,0,Niciunul
13,Placuta amovibila,CNMG120408,4379,711.31,2.13,16.87,77.12,2.25,66.3,72.8,Otel,Strunjire,114,1,Uzura excesiva
14,Placuta amovibila,CNMG120408,4044,236.12,1.72,17.42,119.82,3.74,33.8,65.43,Inox,Strunjire,97,1,Niciunul
15,Placuta amovibila,CNMG120408,5373,385.57,1.18,10.27,68.09,1.47,10.9,68.02,Aluminiu,Strunjire,59,0,Niciunul
16,Placuta amovibila,CNMG120408,5461,934.56,2.95,12.77,45.13,1.14,4.9,66.05,Otel,Strunjire,382,0,Niciunul
17,Placuta amovibila,CNMG120408,4915,601.9,2.84,14.48,65.32,8.17,37.7,66.5,Inox,Strunjire,159,1,Vibratii
18,Placuta amovibila,CNMG120408,5664,333.43,2.98,6.1,66.01,1.76,19.6,73.42,Aluminiu,Strunjire,476,0,Niciunul
19,Placuta amovibila,CNMG120408,4101,734.77,2.15,13.45,63.84,1.18,10.5,64.28,Otel,Strunjire,12,0,Niciunul
20,Placuta amovibila,CNMG120408,4594,558.99,2.78,17.6,69.43,1.6,16.3,65.45,Aluminiu,Strunjire,480,0,Niciunul
21,Placuta amovibila,CNMG120408,5413,423.01,2.53,15.81,88.79,1.57,59.5,68.81,Inox,Strunjire,228,1,Uzura excesiva
22,Placuta amovibila,CNMG120408,4810,893.16,1.73,15.81,59.23,11.4,22.4,69.49,Otel,Strunjire,275,1,Vibratii
23,Placuta amovibila,CNMG120408,4638,1120.92,0.49,7.79,90.47,3.47,14.5,61.99,Inox,Strunjire,226,1,Supraincalzire
24,Placuta amovibila,CNMG120408,4682,734.76,0.34,11.56,65.52,1.03,12.6,72.3,Aluminiu,Strunjire,464,0,Niciunul
25,Placuta amovibila,CNMG120408,5689,1196.13,2.56,18.03,55.01,1.4,11.5,73.08,Otel,Strunjire,11,0,Niciunul
26,Placuta amovibila,CNMG120408,1728,1101.97,2.94,11.33,78.82,4.72,57.7,67.73,Otel,Strunjire,286,1,Vibratii
27,Placuta amovibila,CNMG120408,3674,581.69,0.64,19.91,104.77,2.94,34.4,62.0,Inox,Strunjire,68,1,Supraincalzire
28,Placuta amovibila,CNMG120408,2838,1058.1,1.97,15.46,54.71,1.84,11.1,60.01,Inox,Strunjire,367,0,Niciunul
29,Placuta amovibila,CNMG120408,4964,971.22,0.74,14.62,80.41,6.68,49.1,70.66,Aluminiu,Strunjire,213,1,Vibratii
30,Placuta amovibila,CNMG120408,5187,638.17,2.65,18.3,69.7,0.87,6.0,61.73,Otel,Strunjire,295,0,Niciunul
31,Placuta amovibila,CNMG120408,4670,578.03,1.0,16.93,52.73,1.69,16.6,70.2,Inox,Strunjire,408,0,Niciunul
32,Placuta amovibila,CNMG120408,2308,617.26,1.04,12.25,64.63,1.12,17.9,66.23,Otel,Strunjire,200,0,Niciunul
33,Placuta amovibila,CNMG120408,4859,273.3,0.68,17.1,67.57,1.4,19.3,60.32,Inox,Strunjire,35,0,Niciunul
34,Placuta amovibila,CNMG120408,3293,896.75,2.72,11.96,45.56,0.5,3.5,61.5,Aluminiu,Strunjire,71,0,Niciunul
35,Placuta amovibila,CNMG120408,5868,505.39,1.41,5.78,67.6,10.99,59.4,68.33,Aluminiu,Strunjire,145,1,Niciunul
36,Placuta amovibila,CNMG120408,4949,1029.69,0.67,11.53,115.38,2.12,15.0,73.41,Inox,Strunjire,449,1,Niciunul
37,Placuta amovibila,CNMG120408,5226,1004.13,1.29,19.32,58.73,0.98,14.5,63.43,Aluminiu,Strunjire,207,0,Niciunul
38,Placuta amovibila,CNMG120408,4417,802.99,2.9,7.0,99.99,2.64,26.3,62.47,Inox,Strunjire,62,1,Supraincalzire
39,Placuta amovibila,CNMG120408,4382,722.92,2.71,5.98,51.94,1.91,9.3,67.52,Aluminiu,Strunjire,366,0,Niciunul
40,Placuta amovibila,CNMG120408,5347,1089.44,2.57,12.11,58.83,1.35,18.0,60.94,Aluminiu,Strunjire,203,0,Niciunul
41,Placuta amovibila,CNMG120408,3984,303.22,0.92,10.17,53.3,4.58,73.6,67.54,Otel,Strunjire,266,1,Uzura excesiva
42,Placuta amovibila,CNMG120408,4072,301.6,0.22,17.05,46.22,1.62,14.8,73.49,Otel,Strunjire,250,0,Niciunul
43,Placuta amovibila,CNMG120408,3700,360.5,0.47,5.05,48.64,1.65,13.6,72.66,Otel,Strunjire,149,0,Niciunul
44,Placuta amovibila,CNMG120408,2535,548.96,0.48,14.39,44.65,1.38,9.4,71.8,Inox,Strunjire,45,0,Niciunul
45,Placuta amovibila,CNMG120408,2784,208.55,0.84,13.41,55.48,1.32,18.3,67.92,Inox,Strunjire,377,0,Niciunul
46,Placuta amovibila,CNMG120408,1569,601.1,0.26,9.1,54.76,1.6,13.9,69.25,Otel,Strunjire,203,0,Niciunul
47,Placuta amovibila,CNMG120408,5377,551.39,2.84,18.21,82.13,2.44,77.3,67.13,Otel,Strunjire,302,1,Uzura excesiva
48,Placuta amovibila,CNMG120408,5034,392.76,1.41,13.06,67.49,4.57,75.9,69.65,Aluminiu,Strunjire,35,1,Uzura excesiva
49,Placuta amovibila,CNMG120408,4217,973.03,2.85,19.1,65.33,3.05,59.5,62.11,Aluminiu,Strunjire,159,1,Vibratii
50,Placuta amovibila,CNMG120408,5453,676.22,0.64,6.12,108.15,3.89,29.9,71.58,Otel,Strunjire,69,1,Supraincalzire
51,Placuta amovibila,CNMG120408,5444,1009.74,2.17,12.21,57.3,1.09,9.3,64.49,Otel,Strunjire,81,0,Niciunul
52,Placuta amovibila,CNMG120408,2884,397.86,0.64,15.39,55.57,1.79,17.6,74.79,Otel,Strunjire,417,0,Niciunul
53,Placuta amovibila,CNMG120408,1859,598.83,1.87,8.59,40.35,1.87,3.2,74.1,Inox,Strunjire,139,0,Niciunul
54,Placuta amovibila,CNMG120408,4881,1135.3,1.06,17.34,58.72,1.7,16.1,61.5,Otel,Strunjire,157,0,Niciunul
55,Placuta amovibila,CNMG120408,2400,549.68,1.75,5.87,89.0,7.16,29.2,64.18,Inox,Strunjire,167,1,Vibratii
56,Placuta amovibila,CNMG120408,5541,612.21,0.53,20.0,83.49,9.3,38.8,62.97,Inox,Strunjire,117,1,Vibratii
57,Placuta amovibila,CNMG120408,2148,835.97,2.01,12.84,51.05,1.11,15.8,70.73,Inox,Strunjire,438,0,Niciunul
58,Placuta amovibila,CNMG120408,4903,626.18,1.03,8.11,53.71,3.88,63.2,70.21,Otel,Strunjire,65,1,Uzura excesiva
59,Placuta amovibila,CNMG120408,5142,905.15,2.88,8.83,69.27,10.56,41.2,69.54,Aluminiu,Strunjire,298,1,Vibratii
60,Placuta amovibila,CNMG120408,4578,384.7,0.38,10.44,83.47,4.89,50.9,73.84,Aluminiu,Strunjire,496,1,Uzura excesiva
61,Placuta amovibila,CNMG120408,3670,1157.29,2.45,9.36,57.37,1.4,6.6,65.09,Otel,Strunjire,81,0,Niciunul
62,Placuta amovibila,CNMG120408,1880,1020.56,0.47,19.74,59.17,1.19,7.6,63.02,Aluminiu,Strunjire,74,0,Niciunul
63,Placuta amovibila,CNMG120408,5132,1145.18,2.32,17.05,75.79,2.12,78.3,72.32,Aluminiu,Strunjire,142,1,Uzura excesiva
64,Placuta amovibila,CNMG120408,2033,663.88,2.53,7.36,82.28,3.6,22.6,74.93,Otel,Strunjire,93,1,Supraincalzire
65,Placuta amovibila,CNMG120408,2034,329.18,0.36,6.1,86.97,1.45,34.5,67.6,Otel,Strunjire,93,1,Supraincalzire
66,Placuta amovibila,CNMG120408,2155,468.36,0.87,16.09,49.49,0.81,14.6,73.78,Aluminiu,Strunjire,337,0,Niciunul
67,Placuta amovibila,CNMG120408,3124,537.38,1.38,6.71,112.2,0.98,25.4,62.23,Aluminiu,Strunjire,57,1,Supraincalzire
68,Placuta amovibila,CNMG120408,2013,559.88,2.6,5.9,89.45,7.42,54.2,69.0,Aluminiu,Strunjire,275,1,Vibratii
69,Placuta amovibila,CNMG120408,2005,1138.82,0.85,15.15,63.22,1.7,15.9,69.28,Aluminiu,Strunjire,412,0,Niciunul
70,Placuta amovibila,CNMG120408,5295,216.1,1.66,5.88,54.26,4.79,60.8,67.66,Otel,Strunjire,454,1,Niciunul
71,Placuta amovibila,CNMG120408,3736,1157.98,1.93,16.29,113.57,1.06,19.1,69.58,Inox,Strunjire,317,1,Supraincalzire
72,Placuta amovibila,CNMG120408,3711,680.13,1.42,15.95,39.08,0.54,5.6,72.89,Otel,Strunjire,374,0,Niciunul
73,Placuta amovibila,CNMG120408,1919,1054.53,1.01,11.47,51.89,0.77,6.5,73.27,Otel,Strunjire,473,0,Niciunul
74,Placuta amovibila,CNMG120408,4134,242.92,0.41,12.57,63.61,1.08,44.3,68.06,Aluminiu,Strunjire,276,1,Uzura excesiva
75,Placuta amovibila,CNMG120408,3831,794.59,2.45,15.37,85.48,8.8,35.5,67.21,Otel,Strunjire,170,1,Niciunul
76,Placuta amovibila,CNMG120408,2157,586.48,2.12,15.38,51.09,0.94,18.7,60.62,Otel,Strunjire,293,0,Niciunul
77,Placuta amovibila,CNMG120408,1697,1080.26,1.78,15.18,60.62,2.39,56.1,70.08,Aluminiu,Strunjire,8,1,Uzura excesiva
78,Placuta amovibila,CNMG120408,4796,340.9,2.32,17.59,88.93,1.42,34.1,67.6,Aluminiu,Strunjire,70,1,Supraincalzire
79,Placuta amovibila,CNMG120408,2565,963.67,1.07,7.82,63.06,7.81,46.5,64.31,Otel,Strunjire,123,1,Vibratii
80,Placuta amovibila,CNMG120408,2453,883.4,2.05,7.85,42.03,1.7,2.3,61.98,Aluminiu,Strunjire,85,0,Niciunul
81,Placuta amovibila,CNMG120408,3806,713.22,0.75,17.82,62.35,4.82,49.7,71.07,Inox,Strunjire,471,1,Uzura excesiva
82,Placuta amovibila,CNMG120408,3210,981.85,1.72,8.95,63.89,0.72,15.4,71.56,Inox,Strunjire,330,0,Niciunul
83,Placuta amovibila,CNMG120408,1745,390.89,2.5,14.95,59.92,1.04,6.0,72.2,Aluminiu,Strunjire,304,0,Niciunul
84,Placuta amovibila,CNMG120408,5540,416.86,2.01,5.61,113.06,2.01,24.7,69.98,Inox,Strunjire,56,1,Supraincalzire
85,Placuta amovibila,CNMG120408,4860,749.2,2.01,14.57,53.14,6.94,46.3,70.72,Aluminiu,Strunjire,256,1,Vibratii
86,Placuta amovibila,CNMG120408,5870,584.44,1.01,14.85,98.66,3.11,32.6,68.19,Otel,Strunjire,169,1,Supraincalzire
87,Placuta amovibila,CNMG120408,5604,891.1,2.75,6.13,61.69,1.78,62.7,74.88,Inox,Strunjire,447,1,Uzura excesiva
88,Placuta amovibila,CNMG120408,4315,1001.16,1.03,6.56,39.1,0.76,18.5,70.89,Inox,Strunjire,457,0,Niciunul
89,Placuta amovibila,CNMG120408,3312,1057.42,0.13,5.86,69.1,1.79,0.3,60.95,Aluminiu,Strunjire,444,0,Niciunul
90,Placuta amovibila,CNMG120408,4861,335.67,1.78,12.27,88.19,0.78,33.4,60.56,Inox,Strunjire,161,1,Supraincalzire
91,Placuta amovibila,CNMG120408,3502,1068.81,1.91,13.0,53.04,1.76,17.5,68.88,Inox,Strunjire,64,0,Niciunul
92,Placuta amovibila,CNMG120408,4121,879.52,0.9,6.4,43.31,1.75,3.2,66.52,Aluminiu,Strunjire,422,0,Niciunul
93,Placuta amovibila,CNMG120408,2558,812.38,2.39,17.53,88.49,1.81,73.9,73.12,Inox,Strunjire,435,1,Uzura excesiva
94,Placuta amovibila,CNMG120408,2483,262.78,2.35,15.62,60.23,2.94,57.9,70.75,Inox,Strunjire,174,1,Uzura excesiva
95,Placuta amovibila,CNMG120408,3229,1120.27,0.3,12.57,85.32,1.49,14.8,66.84,Aluminiu,Strunjire,329,1,Supraincalzire
96,Placuta amovibila,CNMG120408,3531,372.73,1.22,9.89,42.75,1.58,14.4,65.03,Otel,Strunjire,18,0,Niciunul
97,Placuta amovibila,CNMG120408,5511,671.46,0.16,16.0,55.73,1.09,9.6,64.7,Inox,Strunjire,284,0,Niciunul
98,Placuta amovibila,CNMG120408,5532,1144.49,0.3,18.85,62.02,2.61,52.8,73.94,Otel,Strunjire,354,1,Uzura excesiva
99,Placuta amovibila,CNMG120408,4809,693.59,1.45,17.2,62.98,0.78,4.6,63.43,Aluminiu,Strunjire,370,0,Niciunul
100,Placuta amovibila,CNMG120408,3635,890.27,1.75,7.72,74.35,4.83,78.4,72.52,Inox,Strunjire,352,1,Uzura excesiva
101,Placuta amovibila,CNMG120408,4801,566.33,1.53,6.92,35.32,0.68,9.1,66.68,Otel,Strunjire,226,0,Niciunul
102,Placuta amovibila,CNMG120408,5889,611.56,1.81,9.61,38.13,0.79,10.7,66.24,Inox,Strunjire,494,0,Niciunul
103,Placuta amovibila,CNMG120408,5698,704.84,2.67,17.53,46.46,1.99,5.4,71.31,Inox,Strunjire,129,0,Niciunul
104,Placuta amovibila,CNMG120408,4274,277.65,1.39,11.68,107.86,1.87,28.6,64.67,Inox,Strunjire,463,1,Supraincalzire
105,Placuta amovibila,CNMG120408,3671,205.16,2.57,18.15,85.24,4.58,22.3,71.53,Inox,Strunjire,305,1,Vibratii
106,Placuta amovibila,CNMG120408,3776,324.73,2.23,12.63,54.3,0.6,11.1,70.19,Inox,Strunjire,41,0,Niciunul
107,Placuta amovibila,CNMG120408,4351,1164.38,1.77,10.24,60.51,0.91,11.7,69.58,Inox,Strunjire,71,0,Niciunul
108,Placuta amovibila,CNMG120408,4534,1037.48,2.54,19.2,58.07,3.12,64.4,61.17,Aluminiu,Strunjire,217,1,Uzura excesiva
109,Placuta amovibila,CNMG120408,4389,459.58,2.13,8.43,58.69,10.72,41.8,62.81,Inox,Strunjire,94,1,Vibratii
110,Placuta amovibila,CNMG120408,1652,287.08,1.23,15.54,36.36,1.52,3.0,72.04,Aluminiu,Strunjire,438,0,Niciunul
111,Placuta amovibila,CNMG120408,5938,468.17,0.44,12.43,37.22,1.37,9.3,72.91,Otel,Strunjire,427,0,Niciunul
112,Placuta amovibila,CNMG120408,5899,962.37,0.9,18.54,49.44,1.68,14.1,69.61,Aluminiu,Strunjire,112,0,Niciunul
113,Placuta amovibila,CNMG120408,3942,713.66,0.22,18.25,53.03,1.13,7.4,62.97,Aluminiu,Strunjire,87,0,Niciunul
114,Placuta amovibila,CNMG120408,2078,838.17,0.32,17.84,111.41,3.43,39.9,69.86,Otel,Strunjire,38,1,Supraincalzire
115,Placuta amovibila,CNMG120408,3105,579.87,1.1,16.43,66.82,4.61,52.6,62.39,Otel,Strunjire,85,1,Uzura excesiva
116,Placuta amovibila,CNMG120408,1649,745.13,0.47,6.22,59.86,0.52,8.6,73.5,Otel,Strunjire,445,0,Niciunul
117,Placuta amovibila,CNMG120408,3152,978.25,0.98,5.89,64.22,0.78,15.2,63.9,Aluminiu,Strunjire,489,0,Niciunul
118,Placuta amovibila,CNMG120408,3005,531.47,2.24,18.76,115.38,2.3,32.1,61.41,Otel,Strunjire,457,1,Supraincalzire
119,Placuta amovibila,CNMG120408,5734,1056.18,2.75,14.98,89.91,2.96,25.2,71.42,Aluminiu,Strunjire,473,1,Supraincalzire
120,Placuta amovibila,CNMG120408,2755,971.62,1.19,9.42,55.83,4.64,60.7,63.52,Otel,Strunjire,2,1,Uzura excesiva
121,Placuta amovibila,CNMG120408,2717,1065.99,1.91,7.94,86.81,2.03,32.5,66.42,Inox,Strunjire,13,1,Supraincalzire
122,Placuta amovibila,CNMG120408,4403,766.16,2.42,13.3,82.4,6.49,32.3,66.8,Inox,Strunjire,324,1,Vibratii
123,Placuta amovibila,CNMG120408,1583,734.28,2.84,17.96,38.72,1.31,19.5,68.1,Aluminiu,Strunjire,243,0,Niciunul
124,Placuta amovibila,CNMG120408,4654,796.57,0.93,17.65,44.95,1.1,12.8,65.76,Inox,Strunjire,465,0,Niciunul
125,Placuta amovibila,CNMG120408,2998,603.75,1.93,8.89,68.69,0.62,13.9,65.58,Aluminiu,Strunjire,286,0,Niciunul
126,Placuta amovibila,CNMG120408,3885,583.94,0.94,9.22,54.67,0.99,8.9,61.67,Otel,Strunjire,131,0,Niciunul
127,Placuta amovibila,CNMG120408,2552,1184.65,1.87,6.72,79.22,4.34,48.4,71.56,Inox,Strunjire,108,1,Uzura excesiva
128,Placuta amovibila,CNMG120408,2167,484.99,1.35,9.08,36.66,1.29,5.3,61.17,Inox,Strunjire,61,0,Niciunul
129,Placuta amovibila,CNMG120408,3812,1168.95,2.65,16.81,53.09,3.67,47.5,70.32,Aluminiu,Strunjire,388,1,Uzura excesiva
130,Placuta amovibila,CNMG120408,4489,534.33,0.48,15.32,62.45,1.09,67.2,62.31,Inox,Strunjire,333,1,Uzura excesiva
131,Placuta amovibila,CNMG120408,4095,760.22,0.78,8.05,57.05,0.9,16.9,61.18,Inox,Strunjire,54,0,Niciunul
132,Placuta amovibila,CNMG120408,1939,562.01,0.4,5.46,102.4,1.77,30.2,63.7,Inox,Strunjire,489,1,Supraincalzire
133,Placuta amovibila,CNMG120408,2646,211.71,0.7,15.87,39.19,1.46,15.5,72.11,Otel,Strunjire,417,0,Niciunul
134,Placuta amovibila,CNMG120408,1913,581.9,1.0,17.82,58.64,1.63,1.3,66.88,Inox,Strunjire,45,0,Niciunul
135,Placuta amovibila,CNMG120408,4005,808.15,1.97,7.27,50.69,4.52,77.3,69.32,Otel,Strunjire,474,1,Niciunul
136,Placuta amovibila,CNMG120408,4057,1092.29,2.21,10.06,69.06,1.82,14.4,61.93,Aluminiu,Strunjire,39,0,Niciunul
137,Placuta amovibila,CNMG120408,4679,769.57,1.9,19.74,97.06,3.31,37.5,60.72,Inox,Strunjire,382,1,Supraincalzire
138,Placuta amovibila,CNMG120408,4617,479.07,1.24,8.84,55.39,9.53,45.2,74.24,Inox,Strunjire,485,1,Niciunul
139,Placuta amovibila,CNMG120408,1714,276.95,1.63,10.8,63.18,1.1,3.2,71.87,Inox,Strunjire,216,0,Niciunul
140,Placuta amovibila,CNMG120408,2268,447.06,1.07,18.49,47.67,1.38,12.9,73.03,Inox,Strunjire,246,0,Niciunul
141,Placuta amovibila,CNMG120408,2312,645.24,0.21,16.25,61.66,4.76,43.3,72.56,Aluminiu,Strunjire,371,1,Vibratii
142,Placuta amovibila,CNMG120408,2636,942.61,0.76,10.06,52.09,1.28,12.7,60.6,Otel,Strunjire,126,0,Niciunul
143,Placuta amovibila,CNMG120408,2041,1151.77,2.05,11.9,98.3,1.93,25.4,67.3,Otel,Strunjire,364,1,Supraincalzire
144,Placuta amovibila,CNMG120408,3340,908.65,0.43,11.38,57.23,1.78,13.5,74.39,Inox,Strunjire,409,0,Niciunul
145,Placuta amovibila,CNMG120408,5048,759.34,0.9,19.68,40.1,1.83,3.7,62.57,Otel,Strunjire,174,0,Niciunul
146,Placuta amovibila,CNMG120408,1701,218.81,2.16,10.6,50.66,2.08,60.0,65.76,Inox,Strunjire,422,1,Uzura excesiva
147,Placuta amovibila,CNMG120408,4794,494.19,1.92,9.56,55.13,0.78,19.7,70.82,Aluminiu,Strunjire,377,0,Niciunul
148,Placuta amovibila,CNMG120408,1645,404.91,1.54,10.36,55.2,0.81,3.7,72.26,Inox,Strunjire,462,0,Niciunul
149,Placuta amovibila,CNMG120408,4590,454.64,1.48,9.59,57.54,0.71,9.2,70.07,Aluminiu,Strunjire,39,0,Niciunul
150,Placuta amovibila,CNMG120408,3076,314.05,2.17,14.54,106.13,2.75,35.3,70.2,Aluminiu,Strunjire,139,1,Supraincalzire
151,Placuta amovibila,CNMG120408,4992,722.23,2.93,7.25,54.99,2.92,48.9,64.65,Inox,Strunjire,443,1,Uzura excesiva
152,Placuta amovibila,CNMG120408,5097,861.68,2.07,18.25,64.82,0.99,14.1,66.68,Inox,Strunjire,18,0,Niciunul
153,Placuta amovibila,CNMG120408,4374,561.5,0.28,5.66,71.95,2.74,66.0,70.33,Otel,Strunjire,80,1,Uzura excesiva
154,Placuta amovibila,CNMG120408,1598,695.74,2.48,7.0,69.03,1.28,8.8,70.11,Aluminiu,Strunjire,88,0,Niciunul
155,Placuta amovibila,CNMG120408,5219,991.07,1.12,19.33,59.8,0.82,9.8,68.66,Inox,Strunjire,423,0,Niciunul
156,Placuta amovibila,CNMG120408,2478,520.66,3.0,15.84,52.7,0.79,8.1,62.08,Inox,Strunjire,279,0,Niciunul
157,Placuta amovibila,CNMG120408,2499,670.55,0.28,17.61,82.38,3.46,18.1,72.64,Inox,Strunjire,217,1,Supraincalzire
158,Placuta amovibila,CNMG120408,2675,516.78,0.79,13.71,53.03,1.0,4.8,71.77,Inox,Strunjire,230,0,Niciunul
159,Placuta amovibila,CNMG120408,5953,574.97,0.8,11.52,47.72,0.88,2.1,69.72,Aluminiu,Strunjire,408,0,Niciunul
160,Placuta amovibila,CNMG120408,2082,888.02,1.35,13.59,80.86,1.2,21.4,60.73,Aluminiu,Strunjire,30,1,Niciunul
161,Placuta amovibila,CNMG120408,2495,433.27,0.69,14.67,68.55,0.75,2.0,72.64,Otel,Strunjire,366,0,Niciunul
162,Placuta amovibila,CNMG120408,3697,704.05,0.9,15.44,73.03,1.83,77.4,73.12,Otel,Strunjire,404,1,Uzura excesiva
163,Placuta amovibila,CNMG120408,5594,1099.64,1.13,18.71,68.13,3.44,65.6,65.83,Inox,Strunjire,256,1,Uzura excesiva
164,Placuta amovibila,CNMG120408,3988,471.79,0.4,15.26,60.81,1.47,13.1,63.16,Aluminiu,Strunjire,456,0,Niciunul
165,Placuta amovibila,CNMG120408,2360,1165.6,0.59,14.66,63.37,1.72,43.6,71.52,Inox,Strunjire,430,1,Uzura excesiva
166,Placuta amovibila,CNMG120408,4341,534.31,1.05,15.58,68.5,1.53,16.2,64.09,Aluminiu,Strunjire,420,0,Niciunul
167,Placuta amovibila,CNMG120408,3733,670.42,1.14,17.3,64.26,1.13,11.9,63.55,Aluminiu,Strunjire,133,0,Niciunul
168,Placuta amovibila,CNMG120408,4365,1066.86,0.56,16.19,75.52,1.38,76.4,66.05,Otel,Strunjire,276,1,Uzura excesiva
169,Placuta amovibila,CNMG120408,4705,265.7,2.62,6.88,58.3,1.71,8.2,73.36,Aluminiu,Strunjire,439,0,Niciunul
170,Placuta amovibila,CNMG120408,4511,1186.52,1.89,18.48,51.96,1.42,17.1,71.27,Otel,Strunjire,474,0,Niciunul
171,Placuta amovibila,CNMG120408,3758,1101.28,0.3,8.51,60.92,1.75,6.9,69.39,Inox,Strunjire,234,0,Niciunul
172,Placuta amovibila,CNMG120408,3320,375.28,2.1,13.35,57.75,1.37,17.5,71.68,Inox,Strunjire,418,0,Niciunul
173,Placuta amovibila,CNMG120408,2614,253.91,0.18,18.08,62.36,1.41,19.5,64.01,Otel,Strunjire,212,0,Niciunul
174,Placuta amovibila,CNMG120408,4968,232.33,1.48,16.6,36.16,0.78,5.4,63.28,Otel,Strunjire,357,0,Niciunul
175,Placuta amovibila,CNMG120408,3281,726.73,2.52,18.63,51.0,2.71,77.7,62.26,Otel,Strunjire,25,1,Uzura excesiva
176,Placuta amovibila,CNMG120408,5183,1113.46,0.19,19.67,67.17,4.64,68.6,74.91,Aluminiu,Strunjire,383,1,Uzura excesiva
177,Placuta amovibila,CNMG120408,5502,564.88,2.77,16.08,55.87,4.15,59.5,63.22,Aluminiu,Strunjire,227,1,Uzura excesiva
178,Placuta amovibila,CNMG120408,4740,446.58,1.8,5.37,67.48,3.97,41.1,70.67,Aluminiu,Strunjire,143,1,Uzura excesiva
179,Placuta amovibila,CNMG120408,4755,613.72,1.42,13.22,50.64,3.89,55.8,61.04,Inox,Strunjire,192,1,Uzura excesiva
180,Placuta amovibila,CNMG120408,2169,984.94,2.36,6.13,102.16,3.47,31.2,64.07,Inox,Strunjire,469,1,Supraincalzire
181,Placuta amovibila,CNMG120408,3506,456.33,2.82,13.89,60.77,0.88,7.5,72.28,Aluminiu,Strunjire,75,0,Niciunul
182,Placuta amovibila,CNMG120408,4936,499.35,1.35,12.91,83.62,4.93,60.5,62.12,Inox,Strunjire,265,1,Niciunul
183,Placuta amovibila,CNMG120408,1510,249.37,2.05,15.61,67.05,0.86,10.2,73.54,Inox,Strunjire,135,0,Niciunul
184,Placuta amovibila,CNMG120408,3175,893.19,1.61,12.61,107.59,1.42,25.4,60.31,Aluminiu,Strunjire,271,1,Supraincalzire
185,Placuta amovibila,CNMG120408,4071,1106.49,0.69,5.79,56.45,4.75,61.3,72.41,Inox,Strunjire,13,1,Uzura excesiva
186,Placuta amovibila,CNMG120408,4139,555.65,1.91,17.96,58.65,0.51,0.3,71.59,Aluminiu,Strunjire,121,0,Niciunul
187,Placuta amovibila,CNMG120408,4941,251.64,2.26,13.81,43.4,1.49,11.2,68.29,Aluminiu,Strunjire,472,0,Niciunul
188,Placuta amovibila,CNMG120408,3141,567.15,1.56,14.95,43.74,0.74,0.8,70.73,Otel,Strunjire,362,0,Niciunul
189,Placuta amovibila,CNMG120408,1850,1181.65,1.24,5.65,49.33,1.31,2.4,60.24,Otel,Strunjire,37,0,Niciunul
190,Placuta amovibila,CNMG120408,5719,747.26,1.46,16.62,51.24,2.27,41.1,69.03,Inox,Strunjire,297,1,Uzura excesiva
191,Placuta amovibila,CNMG120408,1750,222.76,1.9,9.6,51.72,3.16,65.8,71.57,Inox,Strunjire,222,1,Niciunul
192,Placuta amovibila,CNMG120408,4273,541.87,2.23,15.6,50.72,0.99,11.9,70.05,Inox,Strunjire,40,0,Niciunul
193,Placuta amovibila,CNMG120408,1647,289.27,0.19,14.75,50.44,3.46,42.5,72.94,Otel,Strunjire,379,1,Uzura excesiva
194,Placuta amovibila,CNMG120408,3466,993.8,0.17,18.94,55.03,1.66,16.7,64.12,Aluminiu,Strunjire,144,0,Niciunul
195,Placuta amovibila,CNMG120408,1531,724.76,2.08,12.7,39.82,1.15,11.7,60.94,Otel,Strunjire,353,0,Niciunul
196,Placuta amovibila,CNMG120408,3845,256.52,1.93,10.22,115.29,2.71,19.8,69.54,Inox,Strunjire,444,1,Supraincalzire
197,Placuta amovibila,CNMG120408,3744,550.84,0.95,17.29,64.9,1.57,0.6,61.61,Aluminiu,Strunjire,468,0,Niciunul
198,Placuta amovibila,CNMG120408,5391,282.35,2.53,13.9,63.1,0.86,17.4,74.7,Inox,Strunjire,209,0,Niciunul
199,Placuta amovibila,CNMG120408,2126,934.79,2.32,12.61,53.24,1.94,19.7,63.92,Aluminiu,Strunjire,438,0,Niciunul
200,Placuta amovibila,CNMG120408,2455,770.04,1.49,7.27,88.39,11.54,51.1,61.26,Inox,Strunjire,432,1,Vibratii
201,Placuta amovibila,CNMG120408,2978,980.77,2.65,19.46,95.68,0.84,22.5,72.03,Aluminiu,Strunjire,470,1,Supraincalzire
202,Placuta amovibila,CNMG120408,3807,969.3,1.84,10.09,86.62,1.71,25.9,61.33,Aluminiu,Strunjire,304,1,Supraincalzire
203,Placuta amovibila,CNMG120408,4072,999.2,0.94,7.56,100.29,0.65,23.7,74.09,Aluminiu,Strunjire,111,1,Supraincalzire
204,Placuta amovibila,CNMG120408,1977,520.29,2.75,9.46,62.78,0.61,13.1,64.05,Aluminiu,Strunjire,406,0,Niciunul
205,Placuta amovibila,CNMG120408,2940,756.03,1.55,10.97,87.35,6.49,39.0,72.99,Aluminiu,Strunjire,382,1,Vibratii
206,Placuta amovibila,CNMG120408,5578,752.18,2.87,8.57,60.65,4.64,44.7,60.07,Inox,Strunjire,92,1,Vibratii
207,Placuta amovibila,CNMG120408,5990,1133.08,0.44,15.79,44.26,1.18,3.3,74.29,Aluminiu,Strunjire,164,0,Niciunul
208,Placuta amovibila,CNMG120408,3703,841.81,1.0,10.84,54.46,8.39,57.8,68.18,Aluminiu,Strunjire,304,1,Vibratii
209,Placuta amovibila,CNMG120408,1690,419.37,2.09,12.5,68.16,6.93,29.4,66.38,Inox,Strunjire,120,1,Vibratii
210,Placuta amovibila,CNMG120408,5139,350.67,2.07,9.62,76.69,9.99,36.1,61.03,Otel,Strunjire,420,1,Vibratii
211,Placuta amovibila,CNMG120408,4706,1113.93,1.26,10.84,51.44,2.67,57.3,61.5,Inox,Strunjire,320,1,Uzura excesiva
212,Placuta amovibila,CNMG120408,5655,216.46,0.44,8.09,68.42,7.21,50.8,70.39,Aluminiu,Strunjire,438,1,Vibratii
213,Placuta amovibila,CNMG120408,2894,933.99,2.83,5.61,69.25,4.05,28.5,67.21,Aluminiu,Strunjire,373,1,Vibratii
214,Placuta amovibila,CNMG120408,5287,785.11,2.37,12.18,53.47,4.57,44.9,74.41,Otel,Strunjire,369,1,Uzura excesiva
215,Placuta amovibila,CNMG120408,2635,487.96,0.43,17.06,118.71,0.89,18.2,74.85,Aluminiu,Strunjire,480,1,Niciunul
216,Placuta amovibila,CNMG120408,4833,878.79,0.53,18.02,68.84,1.71,1.4,61.81,Inox,Strunjire,435,0,Niciunul
217,Placuta amovibila,CNMG120408,1688,835.36,1.26,7.08,40.87,1.11,1.9,68.32,Aluminiu,Strunjire,161,0,Niciunul
218,Placuta amovibila,CNMG120408,4704,437.12,2.98,14.06,101.07,2.23,14.7,69.49,Aluminiu,Strunjire,210,1,Supraincalzire
219,Placuta amovibila,CNMG120408,2812,1049.57,1.9,12.84,64.7,8.03,51.1,69.65,Otel,Strunjire,66,1,Vibratii
220,Placuta amovibila,CNMG120408,5579,940.93,0.74,19.8,50.08,1.83,11.0,60.9,Inox,Strunjire,39,0,Niciunul
221,Placuta amovibila,CNMG120408,5645,867.32,1.84,5.09,89.05,2.8,48.7,73.33,Inox,Strunjire,262,1,Uzura excesiva
222,Placuta amovibila,CNMG120408,5965,1068.37,1.45,14.14,60.76,1.98,78.3,74.28,Aluminiu,Strunjire,108,1,Uzura excesiva
223,Placuta amovibila,CNMG120408,4817,1021.61,0.25,19.15,61.72,1.68,62.1,71.12,Aluminiu,Strunjire,203,1,Uzura excesiva
224,Placuta amovibila,CNMG120408,2579,239.18,0.15,12.78,60.25,1.54,8.5,73.13,Aluminiu,Strunjire,378,0,Niciunul
225,Placuta amovibila,CNMG120408,5399,539.28,1.13,5.76,69.92,0.58,11.0,68.39,Aluminiu,Strunjire,154,0,Niciunul
226,Placuta amovibila,CNMG120408,2610,361.76,2.56,9.82,80.61,3.24,72.8,73.75,Inox,Strunjire,434,1,Uzura excesiva
227,Placuta amovibila,CNMG120408,4233,264.31,0.51,18.87,40.8,1.97,14.1,65.78,Inox,Strunjire,217,0,Niciunul
228,Placuta amovibila,CNMG120408,4692,779.55,1.45,15.64,63.42,3.83,48.6,61.33,Otel,Strunjire,467,1,Uzura excesiva
229,Placuta amovibila,CNMG120408,4876,1021.1,1.51,8.1,60.19,6.2,29.8,71.88,Inox,Strunjire,110,1,Niciunul
230,Placuta amovibila,CNMG120408,2909,708.11,1.07,14.34,59.54,0.55,12.4,72.78,Otel,Strunjire,214,0,Niciunul
231,Placuta amovibila,CNMG120408,4790,816.83,1.95,14.44,104.96,2.59,18.7,70.05,Aluminiu,Strunjire,103,1,Supraincalzire
232,Placuta amovibila,CNMG120408,4899,676.6,2.88,19.25,63.79,1.83,11.6,64.16,Inox,Strunjire,244,0,Niciunul
233,Placuta amovibila,CNMG120408,3057,1161.46,0.96,15.66,75.27,9.71,24.5,65.95,Otel,Strunjire,175,1,Vibratii
234,Placuta amovibila,CNMG120408,2204,228.59,1.65,10.44,50.53,1.12,8.3,71.08,Inox,Strunjire,260,0,Niciunul
235,Placuta amovibila,CNMG120408,2345,310.38,0.47,15.51,51.37,1.8,8.9,70.36,Inox,Strunjire,200,0,Niciunul
236,Placuta amovibila,CNMG120408,4434,546.18,0.9,17.16,94.64,0.93,18.1,60.45,Otel,Strunjire,316,1,Niciunul
237,Placuta amovibila,CNMG120408,3966,1019.87,1.87,10.96,42.59,0.82,14.9,63.04,Aluminiu,Strunjire,146,0,Niciunul
238,Placuta amovibila,CNMG120408,1949,371.41,2.41,10.94,35.19,0.82,7.3,66.07,Inox,Strunjire,137,0,Niciunul
239,Placuta amovibila,CNMG120408,5160,931.03,0.86,14.37,58.0,2.54,66.0,70.73,Inox,Strunjire,418,1,Uzura excesiva
240,Placuta amovibila,CNMG120408,2029,531.64,1.03,6.96,56.58,0.72,3.9,73.96,Inox,Strunjire,62,0,Niciunul
241,Placuta amovibila,CNMG120408,5840,981.3,1.55,12.89,39.8,0.74,8.5,66.48,Aluminiu,Strunjire,12,0,Niciunul
242,Placuta amovibila,CNMG120408,3433,451.8,0.99,18.35,110.91,1.82,24.5,61.95,Aluminiu,Strunjire,18,1,Supraincalzire
243,Placuta amovibila,CNMG120408,1882,675.05,2.05,9.3,79.16,7.09,24.7,64.04,Otel,Strunjire,33,1,Vibratii
244,Placuta amovibila,CNMG120408,3089,779.18,1.57,8.58,105.95,1.42,37.2,71.15,Otel,Strunjire,271,1,Supraincalzire
245,Placuta amovibila,CNMG120408,2026,581.81,0.56,12.91,61.34,0.84,6.5,70.32,Otel,Strunjire,213,0,Niciunul
246,Placuta amovibila,CNMG120408,5367,1173.3,2.3,18.59,57.19,7.3,57.8,66.98,Otel,Strunjire,91,1,Vibratii
247,Placuta amovibila,CNMG120408,5204,828.96,2.14,17.23,57.67,2.91,56.6,71.11,Otel,Strunjire,36,1,Uzura excesiva
248,Placuta amovibila,CNMG120408,4153,312.87,2.03,17.16,37.75,1.92,14.2,74.24,Otel,Strunjire,455,0,Niciunul
249,Placuta amovibila,CNMG120408,4440,929.0,0.61,9.26,57.92,1.91,63.7,68.9,Otel,Strunjire,492,1,Uzura excesiva
250,Placuta amovibila,CNMG120408,2133,615.72,2.36,12.21,47.66,1.87,5.7,65.1,Inox,Strunjire,178,0,Niciunul
251,Placuta amovibila,CNMG120408,2566,207.39,1.68,16.53,55.35,1.06,2.0,73.84,Aluminiu,Strunjire,358,0,Niciunul
252,Placuta amovibila,CNMG120408,4714,517.37,0.26,18.65,38.57,1.55,12.5,73.43,Otel,Strunjire,24,0,Niciunul
253,Placuta amovibila,CNMG120408,2162,863.7,2.07,13.11,67.59,8.25,57.6,65.98,Otel,Strunjire,26,1,Vibratii
254,Placuta amovibila,CNMG120408,1707,615.5,2.43,11.65,57.31,1.93,12.4,66.64,Otel,Strunjire,126,0,Niciunul
255,Placuta amovibila,CNMG120408,3231,658.83,2.63,14.84,41.54,1.7,5.8,61.17,Inox,Strunjire,425,0,Niciunul
256,Placuta amovibila,CNMG120408,4561,312.05,0.75,10.6,43.87,1.79,18.1,64.87,Aluminiu,Strunjire,481,0,Niciunul
257,Placuta amovibila,CNMG120408,3203,1195.27,2.17,7.22,73.35,4.01,56.6,73.52,Inox,Strunjire,233,1,Uzura excesiva
258,Placuta amovibila,CNMG120408,5013,855.61,1.16,12.49,65.3,4.23,67.0,62.5,Otel,Strunjire,324,1,Uzura excesiva
259,Placuta amovibila,CNMG120408,1757,492.4,2.42,7.02,54.28,1.28,18.3,60.42,Inox,Strunjire,292,0,Niciunul
260,Placuta amovibila,CNMG120408,1912,595.89,2.04,5.79,63.98,1.5,1.4,72.77,Inox,Strunjire,7,0,Niciunul
261,Placuta amovibila,CNMG120408,3055,228.76,1.17,9.28,56.55,1.97,8.8,73.26,Aluminiu,Strunjire,113,0,Niciunul
262,Placuta amovibila,CNMG120408,5801,1188.91,1.44,9.65,44.9,1.14,17.7,69.0,Otel,Strunjire,322,0,Niciunul
263,Placuta amovibila,CNMG120408,5530,498.84,2.5,18.67,103.82,0.99,20.5,61.63,Aluminiu,Strunjire,294,1,Supraincalzire
264,Placuta amovibila,CNMG120408,5377,220.4,1.81,14.71,65.18,4.12,77.6,60.31,Inox,Strunjire,245,1,Uzura excesiva
265,Placuta amovibila,CNMG120408,5560,581.94,2.92,7.88,59.66,4.18,41.8,61.08,Aluminiu,Strunjire,246,1,Vibratii
266,Placuta amovibila,CNMG120408,3210,478.52,2.89,5.51,62.93,1.4,8.8,73.06,Otel,Strunjire,489,0,Niciunul
267,Placuta amovibila,CNMG120408,4561,1066.91,1.5,6.68,37.19,0.64,9.4,74.62,Otel,Strunjire,291,0,Niciunul
268,Placuta amovibila,CNMG120408,1607,1003.8,0.28,18.57,62.69,4.3,74.0,71.68,Otel,Strunjire,476,1,Uzura excesiva
269,Placuta amovibila,CNMG120408,2619,1013.21,0.64,8.74,96.77,2.93,37.6,62.83,Otel,Strunjire,488,1,Supraincalzire
270,Placuta amovibila,CNMG120408,5679,440.63,2.59,7.13,67.94,9.79,51.6,72.9,Aluminiu,Strunjire,411,1,Vibratii
271,Placuta amovibila,CNMG120408,2693,300.72,1.69,19.0,50.28,8.1,33.6,71.87,Aluminiu,Strunjire,249,1,Vibratii
272,Placuta amovibila,CNMG120408,2579,839.23,0.76,14.35,66.92,1.1,4.7,67.93,Otel,Strunjire,484,0,Niciunul
273,Placuta amovibila,CNMG120408,5414,1188.67,0.23,13.79,58.95,1.33,13.3,60.69,Otel,Strunjire,202,0,Niciunul
274,Placuta amovibila,CNMG120408,4136,497.09,2.6,8.56,44.16,1.66,15.7,65.0,Inox,Strunjire,317,0,Niciunul
275,Placuta amovibila,CNMG120408,5048,317.54,1.55,7.8,58.12,1.67,17.1,67.61,Aluminiu,Strunjire,93,0,Niciunul
276,Placuta amovibila,CNMG120408,2366,824.28,1.19,13.48,64.12,1.99,10.8,66.37,Otel,Strunjire,498,0,Niciunul
277,Placuta amovibila,CNMG120408,3885,1143.21,0.63,5.9,69.31,0.96,15.1,60.52,Aluminiu,Strunjire,398,0,Niciunul
278,Placuta amovibila,CNMG120408,3113,1110.05,1.4,15.52,88.47,0.55,29.6,71.68,Otel,Strunjire,11,1,Supraincalzire
279,Placuta amovibila,CNMG120408,2779,303.1,0.47,5.37,90.15,3.92,26.1,73.52,Inox,Strunjire,484,1,Supraincalzire
280,Placuta amovibila,CNMG120408,3225,989.56,0.63,14.07,82.37,4.97,53.5,64.75,Otel,Strunjire,292,1,Uzura excesiva
281,Placuta amovibila,CNMG120408,3776,907.25,0.32,9.61,115.4,3.09,13.3,74.53,Otel,Strunjire,364,1,Supraincalzire
282,Placuta amovibila,CNMG120408,3424,892.3,0.7,17.68,61.98,7.99,28.8,69.43,Aluminiu,Strunjire,443,1,Vibratii
283,Placuta amovibila,CNMG120408,3598,1019.36,1.58,19.64,60.33,1.71,9.0,65.15,Inox,Strunjire,219,0,Niciunul
284,Placuta amovibila,CNMG120408,4105,984.99,1.93,14.07,46.63,1.95,9.6,73.6,Otel,Strunjire,66,0,Niciunul
285,Placuta amovibila,CNMG120408,6000,1191.37,1.41,14.23,53.54,7.63,24.7,66.8,Inox,Strunjire,140,1,Vibratii
286,Placuta amovibila,CNMG120408,5030,454.35,1.72,11.81,89.03,2.74,10.7,74.88,Aluminiu,Strunjire,61,1,Supraincalzire
287,Placuta amovibila,CNMG120408,2155,1029.66,2.89,9.22,82.52,1.09,37.3,71.78,Otel,Strunjire,335,1,Supraincalzire
288,Placuta amovibila,CNMG120408,1960,739.71,0.49,15.19,70.04,3.11,65.0,74.94,Otel,Strunjire,16,1,Uzura excesiva
289,Placuta amovibila,CNMG120408,2705,435.67,2.71,17.42,76.71,4.76,60.7,70.14,Otel,Strunjire,252,1,Uzura excesiva
290,Placuta amovibila,CNMG120408,2709,1005.55,0.17,17.46,69.63,1.98,3.6,63.01,Otel,Strunjire,399,0,Niciunul
291,Placuta amovibila,CNMG120408,4337,1144.54,1.79,15.54,46.81,1.33,0.8,71.3,Inox,Strunjire,161,0,Niciunul
292,Placuta amovibila,CNMG120408,2512,1094.96,2.49,7.73,35.4,1.37,5.8,65.7,Inox,Strunjire,442,0,Niciunul
293,Placuta amovibila,CNMG120408,3742,1003.91,2.23,5.4,111.46,2.81,10.8,62.98,Aluminiu,Strunjire,475,1,Supraincalzire
294,Placuta amovibila,CNMG120408,2318,771.79,0.95,15.03,89.65,1.97,23.2,67.47,Otel,Strunjire,417,1,Supraincalzire
295,Placuta amovibila,CNMG120408,1540,722.13,1.84,13.48,69.65,0.69,6.9,72.36,Aluminiu,Strunjire,437,0,Niciunul
296,Placuta amovibila,CNMG120408,5383,739.44,1.2,9.7,84.56,3.12,57.4,71.2,Inox,Strunjire,469,1,Uzura excesiva
297,Placuta amovibila,CNMG120408,3437,438.73,1.24,5.39,108.07,3.46,12.1,73.76,Otel,Strunjire,10,1,Supraincalzire
298,Placuta amovibila,CNMG120408,3824,943.57,0.58,9.56,84.89,8.38,48.6,62.64,Aluminiu,Strunjire,444,1,Vibratii
299,Placuta amovibila,CNMG120408,2456,997.02,1.68,13.8,54.32,1.96,20.0,61.09,Aluminiu,Strunjire,15,0,Niciunul
300,Placuta amovibila,CNMG120408,5885,201.25,0.73,11.97,101.27,3.51,19.9,70.62,Otel,Strunjire,306,1,Supraincalzire
301,Placuta amovibila,CNMG120408,2845,462.67,2.82,19.35,72.44,4.46,44.3,63.97,Inox,Strunjire,127,1,Vibratii
302,Placuta amovibila,CNMG120408,3297,517.26,0.56,6.75,38.84,1.18,2.8,62.67,Aluminiu,Strunjire,13,0,Niciunul
303,Placuta amovibila,CNMG120408,5679,289.59,2.64,11.36,55.47,9.28,40.6,73.67,Inox,Strunjire,152,1,Vibratii
304,Placuta amovibila,CNMG120408,2671,215.05,2.42,9.71,84.18,5.5,29.0,65.84,Aluminiu,Strunjire,318,1,Vibratii
305,Placuta amovibila,CNMG120408,3179,1184.15,0.32,14.71,62.84,3.19,45.6,65.32,Inox,Strunjire,116,1,Uzura excesiva
306,Placuta amovibila,CNMG120408,3584,241.87,1.98,12.98,56.95,0.61,16.1,65.55,Aluminiu,Strunjire,444,0,Niciunul
307,Placuta amovibila,CNMG120408,2719,380.55,2.33,10.05,51.14,1.51,4.8,63.43,Inox,Strunjire,326,0,Niciunul
308,Placuta amovibila,CNMG120408,3961,1189.43,0.87,6.18,62.96,0.8,6.7,65.17,Otel,Strunjire,311,0,Niciunul
309,Placuta amovibila,CNMG120408,4976,1041.73,2.09,9.98,93.37,1.77,14.2,68.94,Aluminiu,Strunjire,273,1,Supraincalzire
310,Placuta amovibila,CNMG120408,4325,816.55,0.4,9.97,82.83,3.38,29.3,64.9,Inox,Strunjire,337,1,Supraincalzire
311,Placuta amovibila,CNMG120408,1708,428.91,1.98,12.48,61.08,1.39,19.4,73.09,Inox,Strunjire,17,0,Niciunul
312,Placuta amovibila,CNMG120408,2275,1167.14,2.82,14.11,106.16,1.53,37.0,70.27,Otel,Strunjire,313,1,Supraincalzire
313,Placuta amovibila,CNMG120408,1675,1124.43,0.96,12.27,90.73,3.04,13.4,70.67,Aluminiu,Strunjire,348,1,Supraincalzire
314,Placuta amovibila,CNMG120408,4382,748.73,1.54,19.28,53.6,2.54,65.7,74.44,Inox,Strunjire,54,1,Uzura excesiva
315,Placuta amovibila,CNMG120408,4997,990.74,0.8,14.86,80.9,2.94,24.9,74.99,Inox,Strunjire,401,1,Supraincalzire
316,Placuta amovibila,CNMG120408,4164,838.99,2.9,11.41,41.58,1.23,19.0,63.71,Otel,Strunjire,19,0,Niciunul
317,Placuta amovibila,CNMG120408,5693,224.89,1.78,11.83,102.29,1.05,34.0,63.76,Otel,Strunjire,107,1,Supraincalzire
318,Placuta amovibila,CNMG120408,2773,749.83,2.15,18.61,42.78,0.97,13.7,64.2,Aluminiu,Strunjire,182,0,Niciunul
319,Placuta amovibila,CNMG120408,5815,416.92,2.11,5.5,94.23,1.07,19.7,70.9,Inox,Strunjire,368,1,Supraincalzire
320,Placuta amovibila,CNMG120408,3683,346.62,0.29,11.06,93.74,3.56,38.7,70.42,Otel,Strunjire,417,1,Niciunul
321,Placuta amovibila,CNMG120408,2410,940.44,1.77,19.57,49.34,0.66,4.3,68.85,Aluminiu,Strunjire,190,0,Niciunul
322,Placuta amovibila,CNMG120408,5451,1073.29,1.56,11.09,38.53,0.87,5.4,60.93,Inox,Strunjire,3,0,Niciunul
323,Placuta amovibila,CNMG120408,5421,828.9,0.18,6.6,43.46,1.03,8.5,67.49,Aluminiu,Strunjire,57,0,Niciunul
324,Placuta amovibila,CNMG120408,2153,612.08,0.46,13.27,62.57,3.02,49.8,67.41,Inox,Strunjire,37,1,Uzura excesiva
325,Placuta amovibila,CNMG120408,4737,468.58,0.72,16.38,110.89,2.33,38.2,69.56,Inox,Strunjire,156,1,Supraincalzire
326,Placuta amovibila,CNMG120408,2010,398.49,2.68,18.38,57.32,4.64,64.3,64.87,Aluminiu,Strunjire,168,1,Uzura excesiva
327,Placuta amovibila,CNMG120408,2565,246.0,1.04,10.68,42.52,0.85,19.7,65.88,Otel,Strunjire,197,0,Niciunul
328,Placuta amovibila,CNMG120408,4267,428.48,2.99,9.01,49.32,1.1,13.9,74.63,Otel,Strunjire,220,0,Niciunul
329,Placuta amovibila,CNMG120408,2042,1186.94,1.63,8.04,73.3,3.84,64.7,66.21,Aluminiu,Strunjire,341,1,Niciunul
330,Placuta amovibila,CNMG120408,3778,250.92,1.66,19.32,62.05,0.97,5.6,74.98,Aluminiu,Strunjire,97,0,Niciunul
331,Placuta amovibila,CNMG120408,2860,474.57,0.74,10.12,43.47,0.65,8.2,65.27,Otel,Strunjire,159,0,Niciunul
332,Placuta amovibila,CNMG120408,2120,1082.36,1.15,7.91,45.83,1.41,10.5,62.53,Aluminiu,Strunjire,241,0,Niciunul
333,Placuta amovibila,CNMG120408,4784,1052.27,0.19,6.4,45.43,1.48,4.6,73.06,Inox,Strunjire,254,0,Niciunul
334,Placuta amovibila,CNMG120408,5189,1111.94,1.61,12.82,78.8,10.87,41.2,63.44,Aluminiu,Strunjire,24,1,Vibratii
335,Placuta amovibila,CNMG120408,4392,524.75,1.96,9.84,43.75,1.19,9.9,67.73,Inox,Strunjire,127,0,Niciunul
336,Placuta amovibila,CNMG120408,5563,821.68,0.1,6.8,37.57,1.79,13.1,73.72,Otel,Strunjire,154,0,Niciunul
337,Placuta amovibila,CNMG120408,5100,455.7,1.27,11.09,58.04,8.78,36.1,73.54,Inox,Strunjire,96,1,Vibratii
338,Placuta amovibila,CNMG120408,5010,483.32,1.78,18.87,103.61,3.37,29.2,74.83,Aluminiu,Strunjire,320,1,Supraincalzire
339,Placuta amovibila,CNMG120408,2851,418.65,2.8,9.17,76.8,1.06,46.2,71.98,Inox,Strunjire,2,1,Uzura excesiva
340,Placuta amovibila,CNMG120408,5514,272.37,0.83,16.7,110.94,2.45,11.5,63.54,Inox,Strunjire,449,1,Supraincalzire
341,Placuta amovibila,CNMG120408,3836,420.0,1.05,17.12,79.94,10.08,49.1,62.15,Otel,Strunjire,231,1,Vibratii
342,Placuta amovibila,CNMG120408,1709,271.76,2.69,16.22,56.59,3.6,56.5,67.2,Otel,Strunjire,131,1,Uzura excesiva
343,Placuta amovibila,CNMG120408,5472,971.19,2.91,19.41,44.29,0.92,3.9,70.17,Inox,Strunjire,40,0,Niciunul
344,Placuta amovibila,CNMG120408,3723,863.33,1.25,12.84,38.67,0.91,1.2,60.37,Inox,Strunjire,181,0,Niciunul
345,Placuta amovibila,CNMG120408,5244,353.81,0.78,6.47,115.44,2.57,28.4,62.84,Otel,Strunjire,227,1,Supraincalzire
346,Placuta amovibila,CNMG120408,1655,898.5,1.57,8.79,40.59,1.84,18.9,65.47,Inox,Strunjire,267,0,Niciunul
347,Placuta amovibila,CNMG120408,3390,711.73,2.54,15.5,46.85,1.28,14.5,63.54,Inox,Strunjire,363,0,Niciunul
348,Placuta amovibila,CNMG120408,3132,754.12,2.29,13.49,56.46,1.37,46.5,65.77,Inox,Strunjire,400,1,Uzura excesiva
349,Placuta amovibila,CNMG120408,2199,820.23,1.86,18.19,72.99,1.34,67.3,60.13,Inox,Strunjire,306,1,Uzura excesiva
350,Placuta amovibila,CNMG120408,4591,955.97,0.36,17.12,73.18,6.22,24.0,62.7,Inox,Strunjire,21,1,Vibratii
351,Placuta amovibila,CNMG120408,2094,1164.54,1.79,10.65,40.54,1.17,4.0,60.29,Otel,Strunjire,70,0,Niciunul
352,Placuta amovibila,CNMG120408,1870,297.19,0.67,9.38,49.21,0.56,8.8,60.05,Inox,Strunjire,401,0,Niciunul
353,Placuta amovibila,CNMG120408,4856,1105.26,1.51,13.99,41.11,0.78,4.9,74.18,Inox,Strunjire,98,0,Niciunul
354,Placuta amovibila,CNMG120408,4347,346.01,2.29,9.74,71.56,3.13,73.0,62.95,Otel,Strunjire,106,1,Uzura excesiva
355,Placuta amovibila,CNMG120408,3976,947.89,0.14,13.79,83.79,2.74,18.1,72.93,Inox,Strunjire,473,1,Supraincalzire
356,Placuta amovibila,CNMG120408,5329,297.68,2.87,9.45,74.41,1.49,71.3,60.53,Aluminiu,Strunjire,472,1,Uzura excesiva
357,Placuta amovibila,CNMG120408,2483,841.02,1.22,12.06,39.03,1.02,18.0,73.69,Otel,Strunjire,158,0,Niciunul
358,Placuta amovibila,CNMG120408,3994,1188.58,2.2,5.8,61.17,1.08,16.2,73.86,Aluminiu,Strunjire,277,0,Niciunul
359,Placuta amovibila,CNMG120408,2679,244.32,0.74,6.13,65.11,1.75,15.5,67.05,Otel,Strunjire,238,0,Niciunul
360,Placuta amovibila,CNMG120408,1522,801.94,0.4,12.52,63.48,0.81,11.7,69.09,Aluminiu,Strunjire,186,0,Niciunul
361,Placuta amovibila,CNMG120408,4445,488.92,1.52,5.57,100.95,1.45,23.7,62.51,Otel,Strunjire,82,1,Supraincalzire
362,Placuta amovibila,CNMG120408,3493,945.61,0.41,12.59,61.9,1.7,9.2,74.9,Aluminiu,Strunjire,306,0,Niciunul
363,Placuta amovibila,CNMG120408,5645,861.0,2.36,12.89,64.7,3.09,52.5,73.35,Aluminiu,Strunjire,226,1,Uzura excesiva
364,Placuta amovibila,CNMG120408,3468,804.13,0.92,15.3,65.75,6.6,46.8,67.4,Aluminiu,Strunjire,428,1,Vibratii
365,Placuta amovibila,CNMG120408,4137,821.13,0.95,7.41,67.24,1.66,0.2,64.42,Inox,Strunjire,148,0,Niciunul
366,Placuta amovibila,CNMG120408,3455,928.69,1.28,15.01,93.86,2.45,37.2,63.22,Otel,Strunjire,213,1,Supraincalzire
367,Placuta amovibila,CNMG120408,2070,542.2,0.91,15.36,66.11,1.93,8.9,64.69,Inox,Strunjire,350,0,Niciunul
368,Placuta amovibila,CNMG120408,2783,615.02,0.94,19.29,47.42,1.94,13.3,73.87,Otel,Strunjire,55,0,Niciunul
369,Placuta amovibila,CNMG120408,2687,990.52,2.04,17.53,50.3,0.79,3.6,64.64,Aluminiu,Strunjire,317,0,Niciunul
370,Placuta amovibila,CNMG120408,4302,311.38,1.29,11.79,52.91,1.23,17.6,73.56,Inox,Strunjire,363,0,Niciunul
371,Placuta amovibila,CNMG120408,3964,1097.76,0.72,9.04,69.45,1.03,14.3,64.83,Aluminiu,Strunjire,347,0,Niciunul
372,Placuta amovibila,CNMG120408,5991,445.33,1.73,7.35,64.56,11.74,25.6,63.84,Otel,Strunjire,224,1,Vibratii
373,Placuta amovibila,CNMG120408,3895,361.92,1.78,15.19,66.86,0.53,11.7,65.95,Otel,Strunjire,187,0,Niciunul
374,Placuta amovibila,CNMG120408,5217,733.53,2.04,10.89,60.82,1.05,6.1,60.23,Inox,Strunjire,189,0,Niciunul
375,Placuta amovibila,CNMG120408,3407,871.79,2.56,15.71,35.35,1.31,2.6,73.08,Inox,Strunjire,326,0,Niciunul
376,Placuta amovibila,CNMG120408,3258,942.56,1.43,8.91,54.27,1.91,6.7,69.63,Otel,Strunjire,413,0,Niciunul
377,Placuta amovibila,CNMG120408,4717,410.43,1.71,9.3,92.92,3.98,12.1,61.05,Inox,Strunjire,464,1,Supraincalzire
378,Placuta amovibila,CNMG120408,5559,646.0,0.42,14.93,65.0,1.34,50.5,71.55,Aluminiu,Strunjire,67,1,Uzura excesiva
379,Placuta amovibila,CNMG120408,3076,1147.99,1.35,10.51,61.91,1.87,9.4,74.83,Aluminiu,Strunjire,269,0,Niciunul
380,Placuta amovibila,CNMG120408,4416,212.37,1.3,13.18,99.94,1.38,10.9,64.05,Otel,Strunjire,201,1,Supraincalzire
381,Placuta amovibila,CNMG120408,3615,269.91,2.58,18.08,87.32,2.86,18.0,71.35,Otel,Strunjire,366,1,Supraincalzire
382,Placuta amovibila,CNMG120408,5028,1158.12,2.84,12.33,105.29,2.21,28.7,64.2,Aluminiu,Strunjire,405,1,Supraincalzire
383,Placuta amovibila,CNMG120408,4789,317.66,2.11,8.59,79.84,3.16,64.7,73.59,Inox,Strunjire,154,1,Uzura excesiva
384,Placuta amovibila,CNMG120408,2087,697.52,2.88,13.42,66.54,1.5,16.4,63.58,Otel,Strunjire,421,0,Niciunul
385,Placuta amovibila,CNMG120408,5565,634.17,0.41,18.76,62.19,3.01,69.7,65.06,Aluminiu,Strunjire,253,1,Uzura excesiva
386,Placuta amovibila,CNMG120408,3110,1170.66,2.06,16.22,45.52,1.73,18.3,67.39,Otel,Strunjire,281,0,Niciunul
387,Placuta amovibila,CNMG120408,3504,550.84,0.68,13.37,41.53,1.97,6.5,73.91,Otel,Strunjire,361,0,Niciunul
388,Placuta amovibila,CNMG120408,4011,965.63,1.99,8.29,73.04,4.46,32.4,72.95,Inox,Strunjire,270,1,Vibratii
389,Placuta amovibila,CNMG120408,1891,338.25,1.77,16.39,93.23,1.98,16.1,70.7,Inox,Strunjire,243,1,Supraincalzire
390,Placuta amovibila,CNMG120408,3904,519.68,0.27,17.98,39.35,1.15,3.1,73.9,Aluminiu,Strunjire,362,0,Niciunul
391,Placuta amovibila,CNMG120408,2305,505.07,0.96,16.88,50.53,1.03,2.4,60.89,Otel,Strunjire,299,0,Niciunul
392,Placuta amovibila,CNMG120408,3518,611.6,0.83,17.68,63.51,0.82,6.2,60.82,Otel,Strunjire,3,0,Niciunul
393,Placuta amovibila,CNMG120408,4448,1159.78,0.4,13.13,103.75,1.03,27.6,62.33,Otel,Strunjire,369,1,Supraincalzire
394,Placuta amovibila,CNMG120408,1585,305.18,0.34,5.03,80.1,9.19,22.9,60.13,Otel,Strunjire,101,1,Vibratii
395,Placuta amovibila,CNMG120408,4228,398.47,1.97,19.79,51.28,0.66,16.4,65.85,Inox,Strunjire,64,0,Niciunul
396,Placuta amovibila,CNMG120408,2933,1184.46,1.66,19.51,50.68,1.26,13.0,63.29,Otel,Strunjire,462,0,Niciunul
397,Placuta amovibila,CNMG120408,5319,1134.28,0.76,11.11,115.54,2.49,21.9,74.63,Inox,Strunjire,477,1,Supraincalzire
398,Placuta amovibila,CNMG120408,3112,542.77,1.56,5.16,61.84,1.54,10.3,62.23,Aluminiu,Strunjire,61,0,Niciunul
399,Placuta amovibila,CNMG120408,5112,964.94,0.59,13.92,108.28,3.85,19.4,73.54,Otel,Strunjire,7,1,Supraincalzire
400,Placuta amovibila,CNMG120408,4122,1133.78,1.11,7.52,89.61,3.55,48.6,60.19,Aluminiu,Strunjire,106,1,Niciunul
401,Placuta amovibila,CNMG120408,4848,643.13,1.59,19.85,57.98,0.81,14.8,60.08,Otel,Strunjire,303,0,Niciunul
402,Placuta amovibila,CNMG120408,5839,933.17,1.25,16.55,109.22,1.97,35.2,66.69,Aluminiu,Strunjire,300,1,Supraincalzire
403,Placuta amovibila,CNMG120408,5810,976.63,2.42,13.52,74.12,4.36,70.8,68.89,Aluminiu,Strunjire,346,1,Uzura excesiva
404,Placuta amovibila,CNMG120408,5046,1168.87,0.15,18.33,35.96,0.69,18.2,67.73,Inox,Strunjire,261,0,Niciunul
405,Placuta amovibila,CNMG120408,1832,280.83,1.48,12.79,50.89,3.81,48.5,72.93,Aluminiu,Strunjire,275,1,Uzura excesiva
406,Placuta amovibila,CNMG120408,1942,1119.69,2.73,5.46,71.05,4.63,52.1,63.5,Inox,Strunjire,463,1,Uzura excesiva
407,Placuta amovibila,CNMG120408,3728,1182.63,2.63,18.7,74.93,3.05,42.5,68.26,Otel,Strunjire,349,1,Uzura excesiva
408,Placuta amovibila,CNMG120408,1914,745.22,0.29,6.88,77.0,2.4,69.8,65.83,Inox,Strunjire,500,1,Uzura excesiva
409,Placuta amovibila,CNMG120408,3069,287.87,1.03,12.7,94.06,2.66,33.1,62.33,Inox,Strunjire,36,1,Supraincalzire
410,Placuta amovibila,CNMG120408,4039,795.31,2.29,15.12,78.29,1.37,74.0,71.47,Aluminiu,Strunjire,43,1,Uzura excesiva
411,Placuta amovibila,CNMG120408,3167,340.59,1.86,15.41,42.82,1.8,2.7,71.97,Inox,Strunjire,221,0,Niciunul
412,Placuta amovibila,CNMG120408,2603,280.3,0.11,12.79,65.02,10.35,31.2,68.62,Inox,Strunjire,337,1,Vibratii
413,Placuta amovibila,CNMG120408,5129,330.67,1.07,17.47,78.9,11.39,21.2,66.17,Aluminiu,Strunjire,270,1,Niciunul
414,Placuta amovibila,CNMG120408,4823,231.72,1.04,7.59,42.05,0.57,11.2,61.89,Aluminiu,Strunjire,395,0,Niciunul
415,Placuta amovibila,CNMG120408,4768,293.48,1.68,11.95,42.1,1.33,9.1,67.76,Inox,Strunjire,298,0,Niciunul
416,Placuta amovibila,CNMG120408,4405,535.12,0.34,7.97,82.94,4.2,69.1,69.05,Inox,Strunjire,26,1,Uzura excesiva
417,Placuta amovibila,CNMG120408,5546,230.09,0.36,7.84,51.57,0.97,5.6,62.47,Inox,Strunjire,157,0,Niciunul
418,Placuta amovibila,CNMG120408,1997,655.95,0.31,17.14,62.81,1.72,14.4,63.78,Aluminiu,Strunjire,18,0,Niciunul
419,Placuta amovibila,CNMG120408,3978,977.43,2.77,16.42,112.33,0.64,22.3,62.12,Aluminiu,Strunjire,428,1,Supraincalzire
420,Placuta amovibila,CNMG120408,1855,1060.84,0.36,6.04,57.29,9.39,27.3,60.25,Aluminiu,Strunjire,89,1,Vibratii
421,Placuta amovibila,CNMG120408,2765,1074.96,2.54,14.99,117.89,3.67,18.6,60.07,Aluminiu,Strunjire,21,1,Supraincalzire
422,Placuta amovibila,CNMG120408,5598,568.23,2.66,9.44,62.46,0.84,6.5,64.19,Inox,Strunjire,199,0,Niciunul
423,Placuta amovibila,CNMG120408,3214,343.14,0.33,16.71,70.11,9.47,46.2,66.21,Otel,Strunjire,159,1,Vibratii
424,Placuta amovibila,CNMG120408,4163,1045.3,2.75,5.79,115.32,2.83,21.2,69.23,Inox,Strunjire,249,1,Supraincalzire
425,Placuta amovibila,CNMG120408,5074,983.57,0.23,19.41,68.83,1.79,4.4,65.61,Aluminiu,Strunjire,195,0,Niciunul
426,Placuta amovibila,CNMG120408,1729,760.74,0.45,19.61,80.24,1.84,28.8,68.9,Aluminiu,Strunjire,36,1,Supraincalzire
427,Placuta amovibila,CNMG120408,5223,884.51,2.07,9.0,116.92,3.77,13.2,65.83,Otel,Strunjire,41,1,Supraincalzire
428,Placuta amovibila,CNMG120408,4046,898.24,2.64,11.87,55.6,1.97,14.2,60.39,Aluminiu,Strunjire,124,0,Niciunul
429,Placuta amovibila,CNMG120408,3653,929.44,1.09,17.43,110.67,0.94,23.4,73.05,Otel,Strunjire,163,1,Supraincalzire
430,Placuta amovibila,CNMG120408,4761,796.26,0.49,17.22,66.89,8.46,42.5,66.49,Inox,Strunjire,291,1,Vibratii
431,Placuta amovibila,CNMG120408,1812,686.59,2.46,18.96,64.57,1.47,8.6,63.11,Inox,Strunjire,360,0,Niciunul
432,Placuta amovibila,CNMG120408,5713,304.55,1.43,8.81,63.93,1.0,14.7,71.74,Inox,Strunjire,429,0,Niciunul
433,Placuta amovibila,CNMG120408,2878,734.11,1.51,13.24,76.63,2.37,62.7,65.68,Aluminiu,Strunjire,208,1,Uzura excesiva
434,Placuta amovibila,CNMG120408,2526,227.3,0.76,9.18,70.08,4.5,71.4,68.42,Otel,Strunjire,70,1,Uzura excesiva
435,Placuta amovibila,CNMG120408,4759,359.86,1.17,6.29,86.15,4.39,64.0,74.38,Inox,Strunjire,94,1,Niciunul
436,Placuta amovibila,CNMG120408,1580,681.24,0.67,7.32,72.87,4.04,69.1,64.58,Aluminiu,Strunjire,300,1,Uzura excesiva
437,Placuta amovibila,CNMG120408,3115,1134.19,1.59,10.87,87.98,1.83,28.2,64.52,Inox,Strunjire,190,1,Supraincalzire
438,Placuta amovibila,CNMG120408,5746,730.43,0.3,11.27,62.0,2.36,77.0,68.49,Aluminiu,Strunjire,209,1,Uzura excesiva
439,Placuta amovibila,CNMG120408,3401,1161.5,0.56,8.73,79.66,10.75,38.0,74.62,Otel,Strunjire,174,1,Vibratii
440,Placuta amovibila,CNMG120408,5190,1020.7,0.88,18.73,46.58,1.18,14.4,74.64,Otel,Strunjire,42,0,Niciunul
441,Placuta amovibila,CNMG120408,3253,830.78,2.41,11.81,71.13,10.41,50.7,65.65,Aluminiu,Strunjire,23,1,Vibratii
442,Placuta amovibila,CNMG120408,5970,1000.67,1.02,11.42,69.99,7.8,32.1,63.84,Aluminiu,Strunjire,292,1,Vibratii
443,Placuta amovibila,CNMG120408,5540,1129.05,2.3,11.32,83.64,0.73,24.3,72.15,Aluminiu,Strunjire,411,1,Supraincalzire
444,Placuta amovibila,CNMG120408,5579,750.38,2.78,16.09,64.56,4.97,74.0,71.65,Inox,Strunjire,365,1,Uzura excesiva
445,Placuta amovibila,CNMG120408,3454,425.37,1.07,8.63,74.45,6.55,34.4,72.45,Aluminiu,Strunjire,481,1,Vibratii
446,Placuta amovibila,CNMG120408,4972,309.48,2.69,13.92,52.04,4.38,55.1,66.63,Otel,Strunjire,225,1,Vibratii
447,Placuta amovibila,CNMG120408,3410,1029.24,0.57,13.74,73.55,3.83,23.1,67.97,Aluminiu,Strunjire,423,1,Vibratii
448,Placuta amovibila,CNMG120408,5790,708.14,2.75,9.41,46.97,0.53,5.9,74.62,Aluminiu,Strunjire,128,0,Niciunul
449,Placuta amovibila,CNMG120408,3275,787.96,0.23,5.97,99.78,1.35,33.6,69.39,Otel,Strunjire,35,1,Supraincalzire
450,Placuta amovibila,CNMG120408,3796,735.13,2.47,12.23,38.06,1.77,18.5,67.2,Aluminiu,Strunjire,350,0,Niciunul
451,Placuta amovibila,CNMG120408,5330,254.18,2.9,7.24,84.52,2.87,24.0,74.55,Otel,Strunjire,325,1,Niciunul
452,Placuta amovibila,CNMG120408,3790,602.66,2.24,14.59,75.1,9.03,43.5,68.8,Otel,Strunjire,259,1,Niciunul
453,Placuta amovibila,CNMG120408,3511,539.2,2.65,7.06,38.23,0.51,19.7,64.27,Aluminiu,Strunjire,136,0,Niciunul
454,Placuta amovibila,CNMG120408,2235,239.48,0.85,15.39,40.38,1.0,6.7,65.38,Aluminiu,Strunjire,352,0,Niciunul
455,Placuta amovibila,CNMG120408,5614,1132.3,0.36,8.11,73.03,8.08,21.0,61.42,Inox,Strunjire,494,1,Vibratii
456,Placuta amovibila,CNMG120408,1619,348.07,0.67,15.95,42.97,0.51,11.2,74.68,Aluminiu,Strunjire,46,0,Niciunul
457,Placuta amovibila,CNMG120408,4958,408.6,1.74,15.26,81.81,6.59,52.4,64.9,Aluminiu,Strunjire,252,1,Vibratii
458,Placuta amovibila,CNMG120408,5781,525.54,0.2,17.66,115.76,3.07,11.3,69.93,Aluminiu,Strunjire,133,1,Supraincalzire
459,Placuta amovibila,CNMG120408,5842,327.91,0.15,9.51,82.47,2.93,27.4,63.68,Otel,Strunjire,318,1,Supraincalzire
460,Placuta amovibila,CNMG120408,5701,218.6,0.29,19.14,59.77,0.91,17.3,60.5,Aluminiu,Strunjire,161,0,Niciunul
461,Placuta amovibila,CNMG120408,2309,310.0,2.55,18.48,80.33,11.78,32.4,63.31,Inox,Strunjire,169,1,Vibratii
462,Placuta amovibila,CNMG120408,5582,531.73,2.8,9.43,54.55,1.21,12.9,72.6,Aluminiu,Strunjire,381,0,Niciunul
463,Placuta amovibila,CNMG120408,1586,430.46,0.38,17.73,57.06,0.91,4.9,62.52,Inox,Strunjire,316,0,Niciunul
464,Placuta amovibila,CNMG120408,5062,947.58,2.19,16.83,61.57,1.69,12.2,74.94,Aluminiu,Strunjire,466,0,Niciunul
465,Placuta amovibila,CNMG120408,5495,1196.8,2.26,10.31,65.91,8.54,47.5,72.66,Aluminiu,Strunjire,109,1,Vibratii
466,Placuta amovibila,CNMG120408,5752,858.06,0.92,18.14,55.0,1.37,7.5,73.81,Otel,Strunjire,147,0,Niciunul
467,Placuta amovibila,CNMG120408,2000,509.26,1.47,13.4,63.91,1.97,11.0,70.54,Inox,Strunjire,337,0,Niciunul
468,Placuta amovibila,CNMG120408,4537,607.71,2.87,19.83,58.32,1.96,10.3,66.99,Aluminiu,Strunjire,84,0,Niciunul
469,Placuta amovibila,CNMG120408,3908,324.26,2.42,10.98,72.96,7.0,54.0,69.47,Aluminiu,Strunjire,33,1,Vibratii
470,Placuta amovibila,CNMG120408,5971,982.92,0.46,8.27,63.32,1.65,19.5,72.97,Aluminiu,Strunjire,29,0,Niciunul
471,Placuta amovibila,CNMG120408,4690,902.05,0.46,17.85,44.54,1.23,3.6,70.95,Aluminiu,Strunjire,278,0,Niciunul
472,Placuta amovibila,CNMG120408,3558,234.11,2.37,13.13,80.39,5.81,51.2,65.42,Otel,Strunjire,220,1,Vibratii
473,Placuta amovibila,CNMG120408,5807,696.59,1.36,12.63,67.55,1.2,1.5,72.69,Inox,Strunjire,179,0,Niciunul
474,Placuta amovibila,CNMG120408,1620,1188.74,1.64,12.34,55.43,0.53,0.2,61.37,Inox,Strunjire,242,0,Niciunul
475,Placuta amovibila,CNMG120408,3406,1168.03,1.31,14.79,66.03,0.95,6.1,71.79,Inox,Strunjire,339,0,Niciunul
476,Placuta amovibila,CNMG120408,3544,575.38,0.21,13.0,40.37,1.14,19.2,69.44,Inox,Strunjire,348,0,Niciunul
477,Placuta amovibila,CNMG120408,3504,400.53,1.64,6.14,65.22,0.67,12.5,69.27,Inox,Strunjire,151,0,Niciunul
478,Placuta amovibila,CNMG120408,3937,491.83,0.86,13.69,85.56,6.24,59.5,61.91,Aluminiu,Strunjire,338,1,Vibratii
479,Placuta amovibila,CNMG120408,4306,542.3,1.39,8.73,71.65,1.8,58.9,65.81,Inox,Strunjire,463,1,Uzura excesiva
480,Placuta amovibila,CNMG120408,2385,1196.96,2.35,9.6,54.42,0.84,10.4,68.05,Aluminiu,Strunjire,400,0,Niciunul
481,Placuta amovibila,CNMG120408,3184,1089.39,1.01,13.64,51.2,1.15,15.9,65.72,Aluminiu,Strunjire,497,0,Niciunul
482,Placuta amovibila,CNMG120408,2852,732.69,0.1,6.22,51.76,11.36,43.3,60.6,Aluminiu,Strunjire,356,1,Vibratii
483,Placuta amovibila,CNMG120408,1805,902.3,2.02,18.23,118.22,1.12,21.7,64.17,Aluminiu,Strunjire,122,1,Supraincalzire
484,Placuta amovibila,CNMG120408,4317,1098.39,2.65,5.8,117.33,0.84,26.2,69.89,Otel,Strunjire,3,1,Supraincalzire
485,Placuta amovibila,CNMG120408,1765,719.89,1.95,7.97,52.27,0.81,9.8,71.12,Inox,Strunjire,207,0,Niciunul
486,Placuta amovibila,CNMG120408,1623,1020.34,2.54,5.86,56.9,0.54,0.7,67.99,Inox,Strunjire,195,0,Niciunul
487,Placuta amovibila,CNMG120408,4973,496.12,1.12,9.15,44.91,1.89,1.1,69.24,Inox,Strunjire,486,0,Niciunul
488,Placuta amovibila,CNMG120408,5243,579.62,1.78,8.06,55.73,3.42,66.3,73.1,Otel,Strunjire,218,1,Niciunul
489,Placuta amovibila,CNMG120408,4168,766.81,1.78,14.71,97.37,1.6,29.9,69.51,Aluminiu,Strunjire,378,1,Supraincalzire
490,Placuta amovibila,CNMG120408,4125,850.32,1.61,18.92,67.24,1.49,9.7,68.87,Otel,Strunjire,491,0,Niciunul
491,Placuta amovibila,CNMG120408,5716,504.91,1.53,12.26,63.35,0.94,16.8,64.21,Otel,Strunjire,174,0,Niciunul
492,Placuta amovibila,CNMG120408,4744,949.12,0.95,12.48,57.74,3.5,43.5,65.06,Otel,Strunjire,393,1,Uzura excesiva
493,Placuta amovibila,CNMG120408,2667,800.22,1.49,19.67,55.78,1.75,9.3,65.86,Otel,Strunjire,309,0,Niciunul
494,Placuta amovibila,CNMG120408,2840,1067.4,2.85,12.53,73.24,1.79,43.2,61.84,Aluminiu,Strunjire,422,1,Uzura excesiva
495,Placuta amovibila,CNMG120408,4733,292.96,1.58,17.32,47.07,1.48,0.7,60.69,Aluminiu,Strunjire,227,0,Niciunul
496,Placuta amovibila,CNMG120408,5829,553.67,1.76,14.23,89.32,3.15,28.3,72.01,Aluminiu,Strunjire,111,1,Supraincalzire
497,Placuta amovibila,CNMG120408,1650,737.41,0.88,11.2,89.25,2.54,74.8,72.29,Otel,Strunjire,240,1,Uzura excesiva
498,Placuta amovibila,CNMG120408,3229,903.0,2.19,18.22,35.15,1.78,10.5,63.59,Aluminiu,Strunjire,353,0,Niciunul
499,Placuta amovibila,CNMG120408,5842,480.94,1.43,17.62,72.84,6.99,30.9,60.69,Otel,Strunjire,323,1,Vibratii
500,Placuta amovibila,CNMG120408,2801,983.1,1.46,13.06,60.4,1.96,17.7,61.08,Inox,Strunjire,264,0,Niciunul
501,Placuta amovibila,CNMG120408,4644,747.56,2.29,17.28,84.67,1.96,50.1,60.83,Inox,Strunjire,137,1,Uzura excesiva
502,Placuta amovibila,CNMG120408,3235,975.75,2.04,10.85,44.56,1.07,17.5,65.84,Otel,Strunjire,451,0,Niciunul
503,Placuta amovibila,CNMG120408,1914,371.94,1.12,18.99,66.1,1.12,10.8,67.0,Aluminiu,Strunjire,262,0,Niciunul
504,Placuta amovibila,CNMG120408,5879,739.68,1.87,19.34,60.02,1.42,20.0,67.07,Aluminiu,Strunjire,358,0,Niciunul
505,Placuta amovibila,CNMG120408,5834,492.54,2.05,10.54,95.0,3.16,32.3,64.07,Otel,Strunjire,335,1,Supraincalzire
506,Placuta amovibila,CNMG120408,4657,290.23,0.55,17.49,59.57,1.32,48.6,68.16,Aluminiu,Strunjire,429,1,Uzura excesiva
507,Placuta amovibila,CNMG120408,5079,1118.44,1.68,11.76,73.64,10.77,21.6,72.1,Inox,Strunjire,382,1,Vibratii
508,Placuta amovibila,CNMG120408,2986,799.77,0.58,16.62,47.0,1.85,13.9,73.33,Aluminiu,Strunjire,391,0,Niciunul
509,Placuta amovibila,CNMG120408,5254,565.94,0.83,12.3,91.76,0.61,23.1,65.03,Aluminiu,Strunjire,355,1,Supraincalzire
510,Placuta amovibila,CNMG120408,5733,482.29,1.4,7.65,45.91,1.56,6.5,71.23,Otel,Strunjire,304,0,Niciunul
511,Placuta amovibila,CNMG120408,4677,692.12,0.28,12.16,113.59,0.79,30.3,64.33,Otel,Strunjire,322,1,Supraincalzire
512,Placuta amovibila,CNMG120408,1699,204.7,0.86,8.43,45.09,1.06,17.5,72.73,Otel,Strunjire,307,0,Niciunul
513,Placuta amovibila,CNMG120408,3290,1013.22,2.46,15.9,54.56,1.22,0.1,72.07,Aluminiu,Strunjire,205,0,Niciunul
514,Placuta amovibila,CNMG120408,2679,797.46,0.73,16.68,53.04,4.98,66.2,74.18,Aluminiu,Strunjire,479,1,Uzura excesiva
515,Placuta amovibila,CNMG120408,5742,548.55,2.27,14.29,40.67,0.75,17.5,66.13,Otel,Strunjire,218,0,Niciunul
516,Placuta amovibila,CNMG120408,3118,978.07,2.71,17.44,68.42,0.57,10.1,60.79,Aluminiu,Strunjire,352,0,Niciunul
517,Placuta amovibila,CNMG120408,4010,700.36,1.0,8.69,114.43,1.64,14.6,72.23,Otel,Strunjire,486,1,Supraincalzire
518,Placuta amovibila,CNMG120408,1659,898.19,1.39,6.14,50.33,1.16,8.8,61.86,Aluminiu,Strunjire,91,0,Niciunul
519,Placuta amovibila,CNMG120408,3671,1190.4,2.19,19.28,74.51,3.56,47.3,61.23,Aluminiu,Strunjire,456,1,Uzura excesiva
520,Placuta amovibila,CNMG120408,2177,433.45,1.22,16.04,54.27,10.07,26.8,62.21,Otel,Strunjire,410,1,Vibratii
521,Placuta amovibila,CNMG120408,5978,1011.49,1.96,19.57,35.25,1.3,9.5,61.04,Inox,Strunjire,213,0,Niciunul
522,Placuta amovibila,CNMG120408,4712,1140.14,0.49,15.02,56.85,2.26,71.2,71.54,Otel,Strunjire,116,1,Uzura excesiva
523,Placuta amovibila,CNMG120408,3679,568.94,1.0,16.85,55.72,1.96,12.2,74.54,Otel,Strunjire,88,0,Niciunul
524,Placuta amovibila,CNMG120408,2633,890.54,2.8,19.29,92.82,1.17,29.0,74.63,Inox,Strunjire,409,1,Supraincalzire
525,Placuta amovibila,CNMG120408,4730,1087.28,1.7,17.05,71.07,3.19,55.4,66.17,Otel,Strunjire,394,1,Uzura excesiva
526,Placuta amovibila,CNMG120408,3628,765.66,2.98,9.01,52.13,3.73,42.2,66.02,Aluminiu,Strunjire,346,1,Uzura excesiva
527,Placuta amovibila,CNMG120408,2875,624.2,0.67,17.08,61.51,1.15,18.3,61.97,Inox,Strunjire,67,0,Niciunul
528,Placuta amovibila,CNMG120408,3196,545.13,1.84,11.78,70.35,5.67,25.5,74.15,Otel,Strunjire,293,1,Vibratii
529,Placuta amovibila,CNMG120408,2775,205.82,0.42,7.28,49.57,1.21,10.9,70.07,Otel,Strunjire,150,0,Niciunul
530,Placuta amovibila,CNMG120408,5556,779.27,2.93,13.89,68.28,1.24,6.3,71.33,Otel,Strunjire,112,0,Niciunul
531,Placuta amovibila,CNMG120408,2567,515.02,1.01,18.38,75.93,7.79,55.0,62.78,Aluminiu,Strunjire,344,1,Niciunul
532,Placuta amovibila,CNMG120408,1959,1140.32,1.72,6.39,53.39,0.92,8.6,70.87,Inox,Strunjire,196,0,Niciunul
533,Placuta amovibila,CNMG120408,1616,999.37,2.92,13.45,101.39,2.32,10.2,68.41,Inox,Strunjire,374,1,Supraincalzire
534,Placuta amovibila,CNMG120408,2596,1005.16,1.52,12.02,81.23,4.34,55.1,72.37,Aluminiu,Strunjire,255,1,Uzura excesiva
535,Placuta amovibila,CNMG120408,2487,544.23,0.33,9.87,51.99,1.39,52.5,66.52,Aluminiu,Strunjire,362,1,Uzura excesiva
536,Placuta amovibila,CNMG120408,3317,353.12,2.92,14.1,44.59,0.73,17.1,60.49,Inox,Strunjire,52,0,Niciunul
537,Placuta amovibila,CNMG120408,1727,462.26,1.53,11.05,80.21,4.29,65.2,61.6,Aluminiu,Strunjire,337,1,Uzura excesiva
538,Placuta amovibila,CNMG120408,5729,237.53,1.13,14.32,61.97,4.76,52.4,62.91,Inox,Strunjire,176,1,Uzura excesiva
539,Placuta amovibila,CNMG120408,2733,757.89,0.71,19.28,37.77,0.89,0.3,66.57,Aluminiu,Strunjire,290,0,Niciunul
540,Placuta amovibila,CNMG120408,3846,771.82,2.6,16.56,81.86,0.98,15.0,74.54,Aluminiu,Strunjire,347,1,Niciunul
541,Placuta amovibila,CNMG120408,2042,690.22,1.19,18.42,49.18,1.96,9.8,66.8,Inox,Strunjire,298,0,Niciunul
542,Placuta amovibila,CNMG120408,3161,598.82,0.92,13.46,87.92,4.73,52.6,74.81,Otel,Strunjire,220,1,Uzura excesiva
543,Placuta amovibila,CNMG120408,1520,1014.18,1.96,18.91,58.89,4.24,72.4,60.88,Inox,Strunjire,70,1,Uzura excesiva
544,Placuta amovibila,CNMG120408,4817,367.9,2.08,8.57,57.51,1.55,63.0,67.33,Otel,Strunjire,382,1,Uzura excesiva
545,Placuta amovibila,CNMG120408,5823,959.63,1.88,10.02,83.43,1.84,38.1,62.62,Otel,Strunjire,425,1,Supraincalzire
546,Placuta amovibila,CNMG120408,5761,663.17,1.71,19.88,79.5,4.82,53.6,63.47,Otel,Strunjire,437,1,Uzura excesiva
547,Placuta amovibila,CNMG120408,3329,1015.16,2.78,19.92,79.4,4.32,54.5,66.99,Otel,Strunjire,160,1,Uzura excesiva
548,Placuta amovibila,CNMG120408,2358,697.97,1.96,15.16,69.83,4.73,56.5,71.14,Otel,Strunjire,488,1,Uzura excesiva
549,Placuta amovibila,CNMG120408,5028,453.21,1.06,8.56,46.71,0.79,19.5,69.36,Aluminiu,Strunjire,92,0,Niciunul
550,Placuta amovibila,CNMG120408,5140,262.17,1.83,9.4,40.11,0.63,13.0,66.27,Otel,Strunjire,63,0,Niciunul
551,Placuta amovibila,CNMG120408,1836,463.22,1.09,7.09,42.46,1.1,4.5,63.15,Otel,Strunjire,191,0,Niciunul
552,Placuta amovibila,CNMG120408,5131,566.72,2.81,9.87,50.98,0.85,13.0,66.8,Aluminiu,Strunjire,242,0,Niciunul
553,Placuta amovibila,CNMG120408,5503,485.86,2.89,9.81,92.09,2.33,23.8,64.31,Otel,Strunjire,221,1,Supraincalzire
554,Placuta amovibila,CNMG120408,4887,270.52,1.72,10.35,70.91,9.59,55.2,73.24,Inox,Strunjire,171,1,Vibratii
555,Placuta amovibila,CNMG120408,1668,1079.39,2.72,10.77,81.16,3.2,34.6,60.57,Aluminiu,Strunjire,133,1,Supraincalzire
556,Placuta amovibila,CNMG120408,2981,344.68,0.67,18.0,36.91,1.71,16.0,69.09,Inox,Strunjire,341,0,Niciunul
557,Placuta amovibila,CNMG120408,4213,358.82,0.94,16.51,44.93,1.52,11.1,63.56,Inox,Strunjire,225,0,Niciunul
558,Placuta amovibila,CNMG120408,2407,456.44,2.98,6.78,82.88,4.24,72.2,62.74,Aluminiu,Strunjire,181,1,Uzura excesiva
559,Placuta amovibila,CNMG120408,4951,736.22,1.54,16.83,66.43,7.55,33.4,69.42,Aluminiu,Strunjire,373,1,Niciunul
560,Placuta amovibila,CNMG120408,3029,1171.31,1.63,17.16,35.24,0.78,1.7,73.11,Inox,Strunjire,44,0,Niciunul
561,Placuta amovibila,CNMG120408,4328,424.73,2.65,8.01,77.64,8.22,48.6,60.98,Aluminiu,Strunjire,310,1,Vibratii
562,Placuta amovibila,CNMG120408,4831,1118.39,2.06,19.65,96.16,1.84,18.2,72.55,Otel,Strunjire,356,1,Supraincalzire
563,Placuta amovibila,CNMG120408,4866,553.58,2.67,17.25,67.63,6.51,23.4,65.12,Inox,Strunjire,93,1,Vibratii
564,Placuta amovibila,CNMG120408,2627,570.16,2.92,7.39,63.94,1.34,1.8,70.89,Aluminiu,Strunjire,235,0,Niciunul
565,Placuta amovibila,CNMG120408,3378,488.47,2.74,14.56,57.68,8.19,41.7,65.4,Otel,Strunjire,17,1,Vibratii
566,Placuta amovibila,CNMG120408,1665,904.4,0.33,17.77,43.75,1.67,15.3,70.11,Inox,Strunjire,455,0,Niciunul
567,Placuta amovibila,CNMG120408,2205,262.96,2.95,7.55,55.31,1.6,7.7,74.07,Otel,Strunjire,98,0,Niciunul
568,Placuta amovibila,CNMG120408,5722,741.74,0.41,16.31,83.81,3.22,26.8,65.93,Otel,Strunjire,252,1,Supraincalzire
569,Placuta amovibila,CNMG120408,4301,642.78,2.87,11.48,59.71,0.81,4.8,72.85,Aluminiu,Strunjire,423,0,Niciunul
570,Placuta amovibila,CNMG120408,4050,200.7,1.63,19.23,52.58,0.71,1.5,61.42,Otel,Strunjire,497,0,Niciunul
571,Placuta amovibila,CNMG120408,5002,452.72,0.65,5.59,71.84,4.13,74.1,66.15,Aluminiu,Strunjire,163,1,Uzura excesiva
572,Placuta amovibila,CNMG120408,5474,587.86,0.48,19.04,53.49,1.72,12.5,73.99,Otel,Strunjire,483,0,Niciunul
573,Placuta amovibila,CNMG120408,4753,751.18,1.06,5.74,61.28,4.57,71.8,73.17,Inox,Strunjire,277,1,Uzura excesiva
574,Placuta amovibila,CNMG120408,4099,998.25,2.37,12.05,74.4,9.53,23.4,66.1,Otel,Strunjire,32,1,Vibratii
575,Placuta amovibila,CNMG120408,3249,263.83,1.05,12.53,66.72,3.94,53.9,71.44,Aluminiu,Strunjire,184,1,Vibratii
576,Placuta amovibila,CNMG120408,3377,1001.06,0.65,6.7,73.36,3.14,69.7,65.14,Aluminiu,Strunjire,112,1,Uzura excesiva
577,Placuta amovibila,CNMG120408,5553,688.86,0.97,13.02,105.98,2.44,37.6,74.91,Aluminiu,Strunjire,204,1,Niciunul
578,Placuta amovibila,CNMG120408,3195,972.54,1.52,17.88,88.83,3.16,10.2,70.48,Otel,Strunjire,54,1,Niciunul
579,Placuta amovibila,CNMG120408,4340,601.03,0.34,8.8,68.7,1.98,6.0,68.47,Inox,Strunjire,220,0,Niciunul
580,Placuta amovibila,CNMG120408,2637,306.21,0.98,5.39,85.51,9.31,58.7,65.74,Inox,Strunjire,334,1,Niciunul
581,Placuta amovibila,CNMG120408,4952,317.95,0.79,14.25,65.89,1.04,2.9,62.96,Inox,Strunjire,203,0,Niciunul
582,Placuta amovibila,CNMG120408,2580,264.4,0.2,7.02,48.06,1.64,17.9,61.61,Aluminiu,Strunjire,130,0,Niciunul
583,Placuta amovibila,CNMG120408,3458,695.91,1.03,6.26,51.18,1.61,45.3,67.35,Aluminiu,Strunjire,224,1,Uzura excesiva
584,Placuta amovibila,CNMG120408,3785,1008.43,1.65,7.5,80.21,4.93,43.2,70.82,Inox,Strunjire,94,1,Uzura excesiva
585,Placuta amovibila,CNMG120408,5858,979.63,0.78,16.79,62.6,1.06,18.2,74.9,Aluminiu,Strunjire,210,0,Niciunul
586,Placuta amovibila,CNMG120408,3660,200.44,1.12,19.3,105.4,0.64,28.7,66.61,Inox,Strunjire,390,1,Supraincalzire
587,Placuta amovibila,CNMG120408,2444,1026.36,2.86,10.77,50.94,9.35,25.2,70.35,Otel,Strunjire,277,1,Vibratii
588,Placuta amovibila,CNMG120408,5897,989.29,0.71,10.52,49.93,0.71,4.9,69.88,Otel,Strunjire,358,0,Niciunul
589,Placuta amovibila,CNMG120408,4383,619.7,0.79,8.48,59.21,4.2,72.4,63.44,Aluminiu,Strunjire,56,1,Uzura excesiva
590,Placuta amovibila,CNMG120408,3416,732.73,2.46,15.2,62.21,1.71,15.8,71.43,Otel,Strunjire,113,0,Niciunul
591,Placuta amovibila,CNMG120408,2282,929.65,1.11,19.96,57.37,0.85,9.7,70.96,Otel,Strunjire,136,0,Niciunul
592,Placuta amovibila,CNMG120408,5671,1114.71,1.7,14.83,42.11,1.11,1.6,63.97,Inox,Strunjire,360,0,Niciunul
593,Placuta amovibila,CNMG120408,2713,259.31,2.49,17.13,72.61,1.94,73.6,71.15,Inox,Strunjire,316,1,Uzura excesiva
594,Placuta amovibila,CNMG120408,5724,1190.93,0.94,9.8,60.11,0.59,15.1,63.27,Aluminiu,Strunjire,5,0,Niciunul
595,Placuta amovibila,CNMG120408,5116,758.56,1.93,6.69,42.12,1.46,14.6,73.99,Otel,Strunjire,12,0,Niciunul
596,Placuta amovibila,CNMG120408,2231,1067.01,1.6,13.15,35.13,1.25,11.7,71.05,Inox,Strunjire,232,0,Niciunul
597,Placuta amovibila,CNMG120408,1788,974.46,0.65,11.92,35.37,0.54,13.5,60.64,Inox,Strunjire,136,0,Niciunul
598,Placuta amovibila,CNMG120408,3016,723.11,1.37,17.43,47.39,1.72,6.3,74.62,Otel,Strunjire,224,0,Niciunul
599,Placuta amovibila,CNMG120408,3899,449.97,2.27,11.8,48.35,1.35,1.9,61.29,Aluminiu,Strunjire,246,0,Niciunul
600,Placuta amovibila,CNMG120408,2231,456.36,1.43,12.29,60.97,3.68,63.6,69.63,Inox,Strunjire,26,1,Uzura excesiva
